ISO-10303-21;
HEADER;
FILE_DESCRIPTION((''),'2;1');
FILE_NAME('Cable clamp-1', '2026-08-13T16:37:23', (''), (''), 'ImageToStl.com STEP Converter','', '');
FILE_SCHEMA(('AUTOMOTIVE_DESIGN_CC2'));
ENDSEC;
DATA;
#1=PRODUCT_DEFINITION_CONTEXT('',#4,'design');
#2=APPLICATION_PROTOCOL_DEFINITION('INTERNATIONAL STANDARD','automotive_design',1994,#4);
#3=(GEOMETRIC_REPRESENTATION_CONTEXT(3)GLOBAL_UNCERTAINTY_ASSIGNED_CONTEXT((#5))GLOBAL_UNIT_ASSIGNED_CONTEXT((#6,#7,#8))REPRESENTATION_CONTEXT('NONE','WORKSPACE'));
#4=APPLICATION_CONTEXT(' ');
#5=UNCERTAINTY_MEASURE_WITH_UNIT(LENGTH_MEASURE(1.0E-006),#6,'','');
#6=(CONVERSION_BASED_UNIT('METRE',#10)LENGTH_UNIT()NAMED_UNIT(#11));
#7=(NAMED_UNIT(#12)PLANE_ANGLE_UNIT()SI_UNIT($,.RADIAN.));
#8=(NAMED_UNIT(#12)SOLID_ANGLE_UNIT()SI_UNIT($,.STERADIAN.));
#9=AXIS2_PLACEMENT_3D('',#14,#15,#16);
#10=LENGTH_MEASURE_WITH_UNIT(LENGTH_MEASURE(1.0),#17);
#11=DIMENSIONAL_EXPONENTS(1.0,0.0,0.0,0.0,0.0,0.0,0.0);
#12=DIMENSIONAL_EXPONENTS(0.0,0.0,0.0,0.0,0.0,0.0,0.0);
#13=PRODUCT_CONTEXT('',#4,'mechanical');
#14=CARTESIAN_POINT('',(0.0,0.0,0.0));
#15=DIRECTION('',(0.0,0.0,1.0));
#16=DIRECTION('',(1.0,0.0,0.0));
#17=(NAMED_UNIT(#11)LENGTH_UNIT()SI_UNIT(.MILLI.,.METRE.));
#18=PRESENTATION_STYLE_ASSIGNMENT((#19));
#19=SURFACE_STYLE_USAGE(.BOTH.,#20);
#20=SURFACE_SIDE_STYLE('',(#21));
#21=SURFACE_STYLE_FILL_AREA(#22);
#22=FILL_AREA_STYLE('',(#23));
#23=FILL_AREA_STYLE_COLOUR('',#24);
#24=COLOUR_RGB('',0.9,0.9,0.9);
#25=SHAPE_DEFINITION_REPRESENTATION(#26,#27);
#26=PRODUCT_DEFINITION_SHAPE('productshape0','',#30);
#27=MANIFOLD_SURFACE_SHAPE_REPRESENTATION('',(#28,#9),#3);
#28=SHELL_BASED_SURFACE_MODEL('shell0',(#33));
#29=PRODUCT('product0','','',(#13));
#30=PRODUCT_DEFINITION('mesh0','',#31,#2);
#31=PRODUCT_DEFINITION_FORMATION_WITH_SPECIFIED_SOURCE('prodsource0','',#29,.NOT_KNOWN.);
#32=STYLED_ITEM('',(#18),#33);
#33=CLOSED_SHELL('',(#720,#742,#764,#786,#808,#830,#852,#874,#896,#918,#940,#962,#984,#1006,#1028,#1050,#1072,#1094,#1116,#1138,#1160,#1182,#1204,#1226,#1248,#1270,#1292,#1314,#1336,#1358,#1380,#1402,#1424,#1446,#1468,#1490,#1512,#1534,#1556,#1578,#1600,#1622,#1644,#1666,#1688,#1710,#1732,#1754,#1776,#1798,#1820,#1842,#1864,#1886,#1908,#1930,#1952,#1974,#1996,#2018,#2040,#2062,#2084,#2106,#2128,#2150,#2172,#2194,#2216,#2238,#2260,#2282,#2304,#2326,#2348,#2370,#2392,#2414,#2436,#2458,#2480,#2502,#2524,#2546,#2568,#2590,#2612,#2634,#2656,#2678,#2700,#2722,#2744,#2766,#2788,#2810,#2832,#2854,#2876,#2898,#2920,#2942,#2964,#2986,#3008,#3030,#3052,#3074,#3096,#3118,#3140,#3162,#3184,#3206,#3228,#3250,#3272,#3294,#3316,#3338,#3360,#3382,#3404,#3426,#3448,#3470,#3492,#3514,#3536,#3558,#3580,#3602,#3624,#3646,#3668,#3690,#3712,#3734,#3756,#3778,#3800,#3822,#3844,#3866,#3888,#3910,#3932,#3954,#3976,#3998,#4020,#4042,#4064,#4086,#4108,#4130,#4152,#4174,#4196,#4218,#4240,#4262,#4284,#4306,#4328,#4350,#4372,#4394,#4416,#4438,#4460,#4482,#4504,#4526,#4548,#4570,#4592,#4614,#4636,#4658,#4680,#4702,#4724,#4746,#4768,#4790,#4812,#4834,#4856,#4878,#4900,#4922,#4944,#4966,#4988,#5010,#5032,#5054,#5076,#5098,#5120,#5142,#5164,#5186,#5208,#5230,#5252,#5274,#5296,#5318,#5340,#5362,#5384,#5406,#5428,#5450,#5472,#5494,#5516,#5538,#5560,#5582,#5604,#5626,#5648,#5670,#5692,#5714,#5736,#5758,#5780,#5802,#5824,#5846,#5868,#5890,#5912,#5934,#5956,#5978,#6000,#6022,#6044,#6066,#6088,#6110,#6132,#6154,#6176,#6198,#6220,#6242,#6264,#6286,#6308,#6330,#6352,#6374,#6396,#6418,#6440,#6462,#6484,#6506,#6528,#6550,#6572,#6594,#6616,#6638,#6660,#6682,#6704,#6726,#6748,#6770,#6792,#6814,#6836,#6858,#6880,#6902,#6924,#6946,#6968,#6990,#7012,#7034,#7056,#7078,#7100,#7122,#7144,#7166,#7188,#7210,#7232,#7254,#7276,#7298,#7320,#7342,#7364,#7386,#7408,#7430,#7452,#7474,#7496,#7518,#7540,#7562,#7584,#7606,#7628,#7650,#7672,#7694,#7716,#7738,#7760,#7782,#7804,#7826,#7848,#7870,#7892,#7914,#7936,#7958,#7980,#8002,#8024,#8046,#8068,#8090,#8112,#8134,#8156,#8178,#8200,#8222,#8244,#8266,#8288,#8310,#8332,#8354,#8376,#8398,#8420,#8442,#8464,#8486,#8508,#8530,#8552,#8574,#8596,#8618,#8640,#8662,#8684,#8706,#8728,#8750,#8772,#8794,#8816,#8838,#8860,#8882,#8904,#8926,#8948,#8970,#8992,#9014,#9036,#9058,#9080,#9102,#9124,#9146,#9168,#9190,#9212,#9234,#9256,#9278,#9300,#9322,#9344,#9366,#9388,#9410,#9432,#9454,#9476,#9498,#9520,#9542,#9564,#9586,#9608,#9630,#9652,#9674,#9696,#9718,#9740,#9762,#9784,#9806,#9828,#9850,#9872,#9894,#9916,#9938,#9960,#9982,#10004,#10026,#10048,#10070,#10092,#10114,#10136,#10158,#10180,#10202,#10224,#10246,#10268,#10290,#10312,#10334,#10356,#10378,#10400,#10422,#10444,#10466,#10488,#10510,#10532,#10554,#10576,#10598,#10620,#10642,#10664,#10686,#10708,#10730,#10752,#10774,#10796,#10818,#10840,#10862,#10884,#10906,#10928,#10950,#10972,#10994,#11016,#11038,#11060,#11082,#11104,#11126,#11148,#11170,#11192,#11214,#11236,#11258,#11280,#11302,#11324,#11346,#11368,#11390,#11412,#11434,#11456,#11478,#11500,#11522,#11544,#11566,#11588,#11610,#11632,#11654,#11676,#11698,#11720,#11742,#11764,#11786,#11808,#11830,#11852,#11874,#11896,#11918,#11940,#11962,#11984,#12006,#12028,#12050,#12072,#12094,#12116,#12138,#12160,#12182,#12204,#12226,#12248,#12270,#12292,#12314,#12336,#12358,#12380,#12402,#12424,#12446,#12468,#12490,#12512,#12534,#12556,#12578,#12600,#12622,#12644,#12666,#12688,#12710,#12732,#12754,#12776,#12798,#12820,#12842,#12864,#12886,#12908,#12930,#12952,#12974,#12996,#13018,#13040,#13062,#13084,#13106,#13128,#13150,#13172,#13194,#13216,#13238,#13260,#13282,#13304,#13326,#13348,#13370,#13392,#13414,#13436,#13458,#13480,#13502,#13524,#13546,#13568,#13590,#13612,#13634,#13656,#13678,#13700,#13722,#13744,#13766,#13788,#13810,#13832,#13854,#13876,#13898,#13920,#13942,#13964,#13986,#14008,#14030,#14052,#14074,#14096,#14118,#14140,#14162,#14184,#14206,#14228,#14250,#14272,#14294,#14316,#14338,#14360,#14382,#14404,#14426,#14448,#14470,#14492,#14514,#14536,#14558,#14580,#14602,#14624,#14646,#14668,#14690,#14712,#14734,#14756,#14778,#14800,#14822,#14844,#14866,#14888,#14910,#14932,#14954,#14976,#14998,#15020,#15042,#15064,#15086,#15108,#15130,#15152,#15174,#15196,#15218,#15240,#15262,#15284,#15306,#15328,#15350,#15372,#15394,#15416,#15438,#15460,#15482,#15504,#15526,#15548,#15570,#15592,#15614,#15636,#15658,#15680,#15702,#15724,#15746,#15768,#15790));
#34=CARTESIAN_POINT('',(150.3815155029297,56.651161193847656,52.87460708618164));
#35=VERTEX_POINT('',#34);
#36=CARTESIAN_POINT('',(150.3815155029297,79.65116119384766,52.87460708618164));
#37=VERTEX_POINT('',#36);
#38=CARTESIAN_POINT('',(149.67042541503906,79.65116119384766,69.85973358154297));
#39=VERTEX_POINT('',#38);
#40=CARTESIAN_POINT('',(149.67042541503906,56.651161193847656,69.85973358154297));
#41=VERTEX_POINT('',#40);
#42=CARTESIAN_POINT('',(147.6721649169922,79.65116119384766,69.77606964111328));
#43=VERTEX_POINT('',#42);
#44=CARTESIAN_POINT('',(146.23622131347656,79.65116119384766,68.21463775634766));
#45=VERTEX_POINT('',#44);
#46=CARTESIAN_POINT('',(146.80091857910156,79.65116119384766,54.72645568847656));
#47=VERTEX_POINT('',#46);
#48=CARTESIAN_POINT('',(150.3699951171875,79.65116119384766,52.56098175048828));
#49=VERTEX_POINT('',#48);
#50=CARTESIAN_POINT('',(150.3699951171875,56.651161193847656,52.56098175048828));
#51=VERTEX_POINT('',#50);
#52=CARTESIAN_POINT('',(150.3095703125,79.65116119384766,52.253021240234375));
#53=VERTEX_POINT('',#52);
#54=CARTESIAN_POINT('',(150.3095703125,56.651161193847656,52.253021240234375));
#55=VERTEX_POINT('',#54);
#56=CARTESIAN_POINT('',(150.2017059326172,79.65116119384766,51.95830535888672));
#57=VERTEX_POINT('',#56);
#58=CARTESIAN_POINT('',(150.2017059326172,56.651161193847656,51.95830535888672));
#59=VERTEX_POINT('',#58);
#60=CARTESIAN_POINT('',(150.04905700683594,79.65116119384766,51.68408966064453));
#61=VERTEX_POINT('',#60);
#62=CARTESIAN_POINT('',(150.04905700683594,56.651161193847656,51.68408966064453));
#63=VERTEX_POINT('',#62);
#64=CARTESIAN_POINT('',(149.8553924560547,79.65116119384766,51.437129974365234));
#65=VERTEX_POINT('',#64);
#66=CARTESIAN_POINT('',(129.39990234375,79.65116119384766,51.996192932128906));
#67=VERTEX_POINT('',#66);
#68=CARTESIAN_POINT('',(149.8553924560547,56.651161193847656,51.437129974365234));
#69=VERTEX_POINT('',#68);
#70=CARTESIAN_POINT('',(149.62548828125,79.65116119384766,51.223506927490234));
#71=VERTEX_POINT('',#70);
#72=CARTESIAN_POINT('',(149.62548828125,56.651161193847656,51.223506927490234));
#73=VERTEX_POINT('',#72);
#74=CARTESIAN_POINT('',(149.364990234375,79.65116119384766,51.04847717285156));
#75=VERTEX_POINT('',#74);
#76=CARTESIAN_POINT('',(149.364990234375,56.651161193847656,51.04847717285156));
#77=VERTEX_POINT('',#76);
#78=CARTESIAN_POINT('',(149.080322265625,79.65116119384766,50.91635513305664));
#79=VERTEX_POINT('',#78);
#80=CARTESIAN_POINT('',(149.080322265625,56.651161193847656,50.91635513305664));
#81=VERTEX_POINT('',#80);
#82=CARTESIAN_POINT('',(148.7784881591797,79.65116119384766,50.830387115478516));
#83=VERTEX_POINT('',#82);
#84=CARTESIAN_POINT('',(148.7784881591797,56.651161193847656,50.830387115478516));
#85=VERTEX_POINT('',#84);
#86=CARTESIAN_POINT('',(148.4669189453125,79.65116119384766,50.792701721191406));
#87=VERTEX_POINT('',#86);
#88=CARTESIAN_POINT('',(148.4669189453125,56.651161193847656,50.792701721191406));
#89=VERTEX_POINT('',#88);
#90=CARTESIAN_POINT('',(147.6721649169922,56.651161193847656,69.77606964111328));
#91=VERTEX_POINT('',#90);
#92=CARTESIAN_POINT('',(133.51441955566406,75.45116424560547,50.16669845581055));
#93=VERTEX_POINT('',#92);
#94=CARTESIAN_POINT('',(128.85638427734375,79.65116119384766,49.97168731689453));
#95=VERTEX_POINT('',#94);
#96=CARTESIAN_POINT('',(133.51441955566406,60.85116195678711,50.16669845581055));
#97=VERTEX_POINT('',#96);
#98=CARTESIAN_POINT('',(129.06246948242188,79.65116119384766,50.343963623046875));
#99=VERTEX_POINT('',#98);
#100=CARTESIAN_POINT('',(129.2218475341797,79.65116119384766,50.738494873046875));
#101=VERTEX_POINT('',#100);
#102=CARTESIAN_POINT('',(129.33218383789062,79.65116119384766,51.149452209472656));
#103=VERTEX_POINT('',#102);
#104=CARTESIAN_POINT('',(129.39181518554688,79.65116119384766,51.57075881958008));
#105=VERTEX_POINT('',#104);
#106=CARTESIAN_POINT('',(146.27493286132812,70.44635772705078,67.28997802734375));
#107=VERTEX_POINT('',#106);
#108=CARTESIAN_POINT('',(146.26722717285156,70.01924133300781,67.47406005859375));
#109=VERTEX_POINT('',#108);
#110=CARTESIAN_POINT('',(146.26165771484375,69.57362365722656,67.60735321044922));
#111=VERTEX_POINT('',#110);
#112=CARTESIAN_POINT('',(146.25827026367188,69.11553192138672,67.68805694580078));
#113=VERTEX_POINT('',#112);
#114=CARTESIAN_POINT('',(146.25714111328125,68.65116119384766,67.71508026123047));
#115=VERTEX_POINT('',#114);
#116=CARTESIAN_POINT('',(146.23622131347656,56.651161193847656,68.21463775634766));
#117=VERTEX_POINT('',#116);
#118=CARTESIAN_POINT('',(146.41473388671875,72.64439392089844,63.95095443725586));
#119=VERTEX_POINT('',#118);
#120=CARTESIAN_POINT('',(146.39540100097656,72.59039306640625,64.41256713867188));
#121=VERTEX_POINT('',#120);
#122=CARTESIAN_POINT('',(146.37646484375,72.48312377929688,64.86478424072266));
#123=VERTEX_POINT('',#122);
#124=CARTESIAN_POINT('',(146.35818481445312,72.32402801513672,65.301513671875));
#125=VERTEX_POINT('',#124);
#126=CARTESIAN_POINT('',(146.34080505371094,72.11526489257812,65.71682739257812));
#127=VERTEX_POINT('',#126);
#128=CARTESIAN_POINT('',(146.3245391845703,71.85965728759766,66.10511779785156));
#129=VERTEX_POINT('',#128);
#130=CARTESIAN_POINT('',(146.30963134765625,71.56065368652344,66.46114349365234));
#131=VERTEX_POINT('',#130);
#132=CARTESIAN_POINT('',(146.45350646972656,72.59039306640625,63.024593353271484));
#133=VERTEX_POINT('',#132);
#134=CARTESIAN_POINT('',(146.43418884277344,72.64439392089844,63.486202239990234));
#135=VERTEX_POINT('',#134);
#136=CARTESIAN_POINT('',(146.29627990722656,71.2223129272461,66.78007507324219));
#137=VERTEX_POINT('',#136);
#138=CARTESIAN_POINT('',(146.28466796875,70.84919738769531,67.05760192871094));
#139=VERTEX_POINT('',#138);
#140=CARTESIAN_POINT('',(146.59063720703125,69.11553192138672,59.74910354614258));
#141=VERTEX_POINT('',#140);
#142=CARTESIAN_POINT('',(146.58726501464844,69.57362365722656,59.829803466796875));
#143=VERTEX_POINT('',#142);
#144=CARTESIAN_POINT('',(146.58168029785156,70.01924133300781,59.963096618652344));
#145=VERTEX_POINT('',#144);
#146=CARTESIAN_POINT('',(146.573974609375,70.44635772705078,60.14717483520508));
#147=VERTEX_POINT('',#146);
#148=CARTESIAN_POINT('',(146.5642547607422,70.84919738769531,60.37955093383789));
#149=VERTEX_POINT('',#148);
#150=CARTESIAN_POINT('',(146.55262756347656,71.2223129272461,60.657081604003906));
#151=VERTEX_POINT('',#150);
#152=CARTESIAN_POINT('',(146.53927612304688,71.56065368652344,60.97601318359375));
#153=VERTEX_POINT('',#152);
#154=CARTESIAN_POINT('',(146.5243682861328,71.85965728759766,61.332035064697266));
#155=VERTEX_POINT('',#154);
#156=CARTESIAN_POINT('',(146.50811767578125,72.11526489257812,61.72032928466797));
#157=VERTEX_POINT('',#156);
#158=CARTESIAN_POINT('',(146.49072265625,72.32402801513672,62.13564682006836));
#159=VERTEX_POINT('',#158);
#160=CARTESIAN_POINT('',(146.80091857910156,56.651161193847656,54.72645568847656));
#161=VERTEX_POINT('',#160);
#162=CARTESIAN_POINT('',(146.59063720703125,68.1867904663086,59.74910354614258));
#163=VERTEX_POINT('',#162);
#164=CARTESIAN_POINT('',(146.59178161621094,68.65116119384766,59.72208023071289));
#165=VERTEX_POINT('',#164);
#166=CARTESIAN_POINT('',(146.47244262695312,72.48312377929688,62.57236862182617));
#167=VERTEX_POINT('',#166);
#168=CARTESIAN_POINT('',(128.68907165527344,79.65116119384766,53.96818542480469));
#169=VERTEX_POINT('',#168);
#170=CARTESIAN_POINT('',(128.68907165527344,75.45116424560547,53.96818542480469));
#171=VERTEX_POINT('',#170);
#172=CARTESIAN_POINT('',(128.68907165527344,60.85116195678711,53.96818542480469));
#173=VERTEX_POINT('',#172);
#174=CARTESIAN_POINT('',(129.2616424560547,79.65116119384766,52.834312438964844));
#175=VERTEX_POINT('',#174);
#176=CARTESIAN_POINT('',(129.11734008789062,79.65116119384766,53.2346076965332));
#177=VERTEX_POINT('',#176);
#178=CARTESIAN_POINT('',(128.92555236816406,79.65116119384766,53.614437103271484));
#179=VERTEX_POINT('',#178);
#180=CARTESIAN_POINT('',(129.35629272460938,79.65116119384766,52.41946029663086));
#181=VERTEX_POINT('',#180);
#182=CARTESIAN_POINT('',(129.39990234375,75.45116424560547,51.996192932128906));
#183=VERTEX_POINT('',#182);
#184=CARTESIAN_POINT('',(129.39181518554688,75.45116424560547,51.57075881958008));
#185=VERTEX_POINT('',#184);
#186=CARTESIAN_POINT('',(129.35629272460938,75.45116424560547,52.41946029663086));
#187=VERTEX_POINT('',#186);
#188=CARTESIAN_POINT('',(129.33218383789062,75.45116424560547,51.149452209472656));
#189=VERTEX_POINT('',#188);
#190=CARTESIAN_POINT('',(129.2616424560547,75.45116424560547,52.834312438964844));
#191=VERTEX_POINT('',#190);
#192=CARTESIAN_POINT('',(129.2218475341797,75.45116424560547,50.738494873046875));
#193=VERTEX_POINT('',#192);
#194=CARTESIAN_POINT('',(129.11734008789062,75.45116424560547,53.2346076965332));
#195=VERTEX_POINT('',#194);
#196=CARTESIAN_POINT('',(129.06246948242188,75.45116424560547,50.343963623046875));
#197=VERTEX_POINT('',#196);
#198=CARTESIAN_POINT('',(128.92555236816406,75.45116424560547,53.614437103271484));
#199=VERTEX_POINT('',#198);
#200=CARTESIAN_POINT('',(128.85638427734375,75.45116424560547,49.97168731689453));
#201=VERTEX_POINT('',#200);
#202=CARTESIAN_POINT('',(133.0645294189453,75.45116424560547,50.1274528503418));
#203=VERTEX_POINT('',#202);
#204=CARTESIAN_POINT('',(132.62001037597656,75.45116424560547,50.04777145385742));
#205=VERTEX_POINT('',#204);
#206=CARTESIAN_POINT('',(133.0645294189453,60.85116195678711,50.1274528503418));
#207=VERTEX_POINT('',#206);
#208=CARTESIAN_POINT('',(132.1844940185547,75.45116424560547,49.928306579589844));
#209=VERTEX_POINT('',#208);
#210=CARTESIAN_POINT('',(132.62001037597656,60.85116195678711,50.04777145385742));
#211=VERTEX_POINT('',#210);
#212=CARTESIAN_POINT('',(131.76153564453125,75.45116424560547,49.77003479003906));
#213=VERTEX_POINT('',#212);
#214=CARTESIAN_POINT('',(132.1844940185547,60.85116195678711,49.928306579589844));
#215=VERTEX_POINT('',#214);
#216=CARTESIAN_POINT('',(131.35458374023438,75.45116424560547,49.57424545288086));
#217=VERTEX_POINT('',#216);
#218=CARTESIAN_POINT('',(131.76153564453125,60.85116195678711,49.77003479003906));
#219=VERTEX_POINT('',#218);
#220=CARTESIAN_POINT('',(130.96694946289062,75.45116424560547,49.342533111572266));
#221=VERTEX_POINT('',#220);
#222=CARTESIAN_POINT('',(131.35458374023438,60.85116195678711,49.57424545288086));
#223=VERTEX_POINT('',#222);
#224=CARTESIAN_POINT('',(130.601806640625,75.45116424560547,49.0767936706543));
#225=VERTEX_POINT('',#224);
#226=CARTESIAN_POINT('',(130.96694946289062,60.85116195678711,49.342533111572266));
#227=VERTEX_POINT('',#226);
#228=CARTESIAN_POINT('',(127.6475830078125,75.45116424560547,46.715545654296875));
#229=VERTEX_POINT('',#228);
#230=CARTESIAN_POINT('',(127.61322784423828,75.45116424560547,49.385040283203125));
#231=VERTEX_POINT('',#230);
#232=CARTESIAN_POINT('',(130.601806640625,60.85116195678711,49.0767936706543));
#233=VERTEX_POINT('',#232);
#234=CARTESIAN_POINT('',(127.6475830078125,60.85116195678711,46.715545654296875));
#235=VERTEX_POINT('',#234);
#236=CARTESIAN_POINT('',(127.3017349243164,75.45116424560547,51.90835189819336));
#237=VERTEX_POINT('',#236);
#238=CARTESIAN_POINT('',(127.29065704345703,75.45116424560547,51.66456604003906));
#239=VERTEX_POINT('',#238);
#240=CARTESIAN_POINT('',(127.23741149902344,75.45116424560547,51.42641067504883));
#241=VERTEX_POINT('',#240);
#242=CARTESIAN_POINT('',(127.14361572265625,75.45116424560547,51.20111846923828));
#243=VERTEX_POINT('',#242);
#244=CARTESIAN_POINT('',(127.01212310791016,75.45116424560547,50.99553680419922));
#245=VERTEX_POINT('',#244);
#246=CARTESIAN_POINT('',(128.05340576171875,75.45116424560547,53.94157409667969));
#247=VERTEX_POINT('',#246);
#248=CARTESIAN_POINT('',(128.05340576171875,60.85116195678711,53.94157409667969));
#249=VERTEX_POINT('',#248);
#250=CARTESIAN_POINT('',(126.84693908691406,75.45116424560547,50.81591033935547));
#251=VERTEX_POINT('',#250);
#252=CARTESIAN_POINT('',(127.7552719116211,75.45116424560547,54.209651947021484));
#253=VERTEX_POINT('',#252);
#254=CARTESIAN_POINT('',(127.27031707763672,75.45116424560547,52.15035629272461));
#255=VERTEX_POINT('',#254);
#256=CARTESIAN_POINT('',(127.19734954833984,75.45116424560547,52.38322830200195));
#257=VERTEX_POINT('',#256);
#258=CARTESIAN_POINT('',(127.08505249023438,75.45116424560547,52.599891662597656));
#259=VERTEX_POINT('',#258);
#260=CARTESIAN_POINT('',(126.93684387207031,75.45116424560547,52.793766021728516));
#261=VERTEX_POINT('',#260);
#262=CARTESIAN_POINT('',(127.7552719116211,60.85116195678711,54.209651947021484));
#263=VERTEX_POINT('',#262);
#264=CARTESIAN_POINT('',(127.42404174804688,75.45116424560547,54.43558120727539));
#265=VERTEX_POINT('',#264);
#266=CARTESIAN_POINT('',(126.75721740722656,75.45116424560547,52.95895767211914));
#267=VERTEX_POINT('',#266);
#268=CARTESIAN_POINT('',(127.42404174804688,60.85116195678711,54.43558120727539));
#269=VERTEX_POINT('',#268);
#270=CARTESIAN_POINT('',(127.06564331054688,75.45116424560547,54.615325927734375));
#271=VERTEX_POINT('',#270);
#272=CARTESIAN_POINT('',(126.5516357421875,75.45116424560547,53.09044647216797));
#273=VERTEX_POINT('',#272);
#274=CARTESIAN_POINT('',(127.26927947998047,60.85116195678711,49.17898941040039));
#275=VERTEX_POINT('',#274);
#276=CARTESIAN_POINT('',(127.26927947998047,75.45116424560547,49.17898941040039));
#277=VERTEX_POINT('',#276);
#278=CARTESIAN_POINT('',(127.61322784423828,60.85116195678711,49.385040283203125));
#279=VERTEX_POINT('',#278);
#280=CARTESIAN_POINT('',(126.65306091308594,75.45116424560547,50.66769790649414));
#281=VERTEX_POINT('',#280);
#282=CARTESIAN_POINT('',(127.29065704345703,60.85116195678711,51.66456604003906));
#283=VERTEX_POINT('',#282);
#284=CARTESIAN_POINT('',(127.3017349243164,60.85116195678711,51.90835189819336));
#285=VERTEX_POINT('',#284);
#286=CARTESIAN_POINT('',(127.27031707763672,60.85116195678711,52.15035629272461));
#287=VERTEX_POINT('',#286);
#288=CARTESIAN_POINT('',(127.23741149902344,60.85116195678711,51.42641067504883));
#289=VERTEX_POINT('',#288);
#290=CARTESIAN_POINT('',(127.19734954833984,60.85116195678711,52.38322830200195));
#291=VERTEX_POINT('',#290);
#292=CARTESIAN_POINT('',(127.14361572265625,60.85116195678711,51.20111846923828));
#293=VERTEX_POINT('',#292);
#294=CARTESIAN_POINT('',(127.06564331054688,60.85116195678711,54.615325927734375));
#295=VERTEX_POINT('',#294);
#296=CARTESIAN_POINT('',(126.68647003173828,75.45116424560547,54.74566650390625));
#297=VERTEX_POINT('',#296);
#298=CARTESIAN_POINT('',(126.32633972167969,75.45116424560547,53.18423843383789));
#299=VERTEX_POINT('',#298);
#300=CARTESIAN_POINT('',(126.90092468261719,60.85116195678711,49.02064514160156));
#301=VERTEX_POINT('',#300);
#302=CARTESIAN_POINT('',(126.90092468261719,75.45116424560547,49.02064514160156));
#303=VERTEX_POINT('',#302);
#304=CARTESIAN_POINT('',(126.4364013671875,75.45116424560547,50.55540084838867));
#305=VERTEX_POINT('',#304);
#306=CARTESIAN_POINT('',(127.08505249023438,60.85116195678711,52.599891662597656));
#307=VERTEX_POINT('',#306);
#308=CARTESIAN_POINT('',(127.01212310791016,60.85116195678711,50.99553680419922));
#309=VERTEX_POINT('',#308);
#310=CARTESIAN_POINT('',(126.93684387207031,60.85116195678711,52.793766021728516));
#311=VERTEX_POINT('',#310);
#312=CARTESIAN_POINT('',(126.84693908691406,60.85116195678711,50.81591033935547));
#313=VERTEX_POINT('',#312);
#314=CARTESIAN_POINT('',(126.68647003173828,60.85116195678711,54.74566650390625));
#315=VERTEX_POINT('',#314);
#316=CARTESIAN_POINT('',(126.2933120727539,75.45116424560547,54.82428741455078));
#317=VERTEX_POINT('',#316);
#318=CARTESIAN_POINT('',(126.75721740722656,60.85116195678711,52.95895767211914));
#319=VERTEX_POINT('',#318);
#320=CARTESIAN_POINT('',(126.65306091308594,60.85116195678711,50.66769790649414));
#321=VERTEX_POINT('',#320);
#322=CARTESIAN_POINT('',(126.5147476196289,60.85116195678711,48.91283416748047));
#323=VERTEX_POINT('',#322);
#324=CARTESIAN_POINT('',(126.5147476196289,75.45116424560547,48.91283416748047));
#325=VERTEX_POINT('',#324);
#326=CARTESIAN_POINT('',(126.20352935791016,75.45116424560547,50.4824333190918));
#327=VERTEX_POINT('',#326);
#328=CARTESIAN_POINT('',(126.5516357421875,60.85116195678711,53.09044647216797));
#329=VERTEX_POINT('',#328);
#330=CARTESIAN_POINT('',(126.4364013671875,60.85116195678711,50.55540084838867));
#331=VERTEX_POINT('',#330);
#332=CARTESIAN_POINT('',(126.2933120727539,60.85116195678711,54.82428741455078));
#333=VERTEX_POINT('',#332);
#334=CARTESIAN_POINT('',(125.89317321777344,75.45116424560547,54.84977340698242));
#335=VERTEX_POINT('',#334);
#336=CARTESIAN_POINT('',(126.08818054199219,75.45116424560547,53.237483978271484));
#337=VERTEX_POINT('',#336);
#338=CARTESIAN_POINT('',(126.11763763427734,60.85116195678711,48.85748291015625));
#339=VERTEX_POINT('',#338);
#340=CARTESIAN_POINT('',(126.11763763427734,75.45116424560547,48.85748291015625));
#341=VERTEX_POINT('',#340);
#342=CARTESIAN_POINT('',(125.9615249633789,75.45116424560547,50.45101547241211));
#343=VERTEX_POINT('',#342);
#344=CARTESIAN_POINT('',(126.32633972167969,60.85116195678711,53.18423843383789));
#345=VERTEX_POINT('',#344);
#346=CARTESIAN_POINT('',(126.20352935791016,60.85116195678711,50.4824333190918));
#347=VERTEX_POINT('',#346);
#348=CARTESIAN_POINT('',(126.08818054199219,60.85116195678711,53.237483978271484));
#349=VERTEX_POINT('',#348);
#350=CARTESIAN_POINT('',(125.84439849853516,75.45116424560547,53.248565673828125));
#351=VERTEX_POINT('',#350);
#352=CARTESIAN_POINT('',(125.9615249633789,60.85116195678711,50.45101547241211));
#353=VERTEX_POINT('',#352);
#354=CARTESIAN_POINT('',(125.89317321777344,60.85116195678711,54.84977340698242));
#355=VERTEX_POINT('',#354);
#356=CARTESIAN_POINT('',(125.49321746826172,75.45116424560547,54.821678161621094));
#357=VERTEX_POINT('',#356);
#358=CARTESIAN_POINT('',(125.7166976928711,60.85116195678711,48.8555793762207));
#359=VERTEX_POINT('',#358);
#360=CARTESIAN_POINT('',(125.7166976928711,75.45116424560547,48.8555793762207));
#361=VERTEX_POINT('',#360);
#362=CARTESIAN_POINT('',(125.84439849853516,60.85116195678711,53.248565673828125));
#363=VERTEX_POINT('',#362);
#364=CARTESIAN_POINT('',(125.6023941040039,75.45116424560547,53.21714401245117));
#365=VERTEX_POINT('',#364);
#366=CARTESIAN_POINT('',(125.71773529052734,60.85116195678711,50.46209716796875));
#367=VERTEX_POINT('',#366);
#368=CARTESIAN_POINT('',(125.71773529052734,75.45116424560547,50.46209716796875));
#369=VERTEX_POINT('',#368);
#370=CARTESIAN_POINT('',(125.6023941040039,60.85116195678711,53.21714401245117));
#371=VERTEX_POINT('',#370);
#372=CARTESIAN_POINT('',(125.36952209472656,75.45116424560547,53.14418029785156));
#373=VERTEX_POINT('',#372);
#374=CARTESIAN_POINT('',(124.7222671508789,75.45116424560547,54.60768127441406));
#375=VERTEX_POINT('',#374);
#376=CARTESIAN_POINT('',(125.10057830810547,75.45116424560547,54.74049758911133));
#377=VERTEX_POINT('',#376);
#378=CARTESIAN_POINT('',(125.47958374023438,60.85116195678711,50.515342712402344));
#379=VERTEX_POINT('',#378);
#380=CARTESIAN_POINT('',(125.47958374023438,75.45116424560547,50.515342712402344));
#381=VERTEX_POINT('',#380);
#382=CARTESIAN_POINT('',(125.31908416748047,75.45116424560547,48.90715789794922));
#383=VERTEX_POINT('',#382);
#384=CARTESIAN_POINT('',(125.49321746826172,60.85116195678711,54.821678161621094));
#385=VERTEX_POINT('',#384);
#386=CARTESIAN_POINT('',(125.31908416748047,60.85116195678711,48.90715789794922));
#387=VERTEX_POINT('',#386);
#388=CARTESIAN_POINT('',(125.36952209472656,60.85116195678711,53.14418029785156));
#389=VERTEX_POINT('',#388);
#390=CARTESIAN_POINT('',(125.1528549194336,75.45116424560547,53.031883239746094));
#391=VERTEX_POINT('',#390);
#392=CARTESIAN_POINT('',(124.36505126953125,75.45116424560547,54.42560577392578));
#393=VERTEX_POINT('',#392);
#394=CARTESIAN_POINT('',(125.25428771972656,60.85116195678711,50.609134674072266));
#395=VERTEX_POINT('',#394);
#396=CARTESIAN_POINT('',(125.25428771972656,75.45116424560547,50.609134674072266));
#397=VERTEX_POINT('',#396);
#398=CARTESIAN_POINT('',(124.93190002441406,75.45116424560547,49.011295318603516));
#399=VERTEX_POINT('',#398);
#400=CARTESIAN_POINT('',(125.10057830810547,60.85116195678711,54.74049758911133));
#401=VERTEX_POINT('',#400);
#402=CARTESIAN_POINT('',(125.1528549194336,60.85116195678711,53.031883239746094));
#403=VERTEX_POINT('',#402);
#404=CARTESIAN_POINT('',(124.958984375,75.45116424560547,52.883670806884766));
#405=VERTEX_POINT('',#404);
#406=CARTESIAN_POINT('',(124.0353012084961,75.45116424560547,54.1975212097168));
#407=VERTEX_POINT('',#406);
#408=CARTESIAN_POINT('',(125.0487060546875,60.85116195678711,50.740623474121094));
#409=VERTEX_POINT('',#408);
#410=CARTESIAN_POINT('',(125.0487060546875,75.45116424560547,50.740623474121094));
#411=VERTEX_POINT('',#410);
#412=CARTESIAN_POINT('',(124.56206512451172,75.45116424560547,49.1661376953125));
#413=VERTEX_POINT('',#412);
#414=CARTESIAN_POINT('',(124.93190002441406,60.85116195678711,49.011295318603516));
#415=VERTEX_POINT('',#414);
#416=CARTESIAN_POINT('',(124.958984375,60.85116195678711,52.883670806884766));
#417=VERTEX_POINT('',#416);
#418=CARTESIAN_POINT('',(124.79379272460938,75.45116424560547,52.704044342041016));
#419=VERTEX_POINT('',#418);
#420=CARTESIAN_POINT('',(123.4811782836914,75.45116424560547,53.6203727722168));
#421=VERTEX_POINT('',#420);
#422=CARTESIAN_POINT('',(123.7389144897461,75.45116424560547,53.9275016784668));
#423=VERTEX_POINT('',#422);
#424=CARTESIAN_POINT('',(124.86907958984375,60.85116195678711,50.90581512451172));
#425=VERTEX_POINT('',#424);
#426=CARTESIAN_POINT('',(124.86907958984375,75.45116424560547,50.90581512451172));
#427=VERTEX_POINT('',#426);
#428=CARTESIAN_POINT('',(123.9004135131836,75.45116424560547,49.61600112915039));
#429=VERTEX_POINT('',#428);
#430=CARTESIAN_POINT('',(124.21617126464844,75.45116424560547,49.36891174316406));
#431=VERTEX_POINT('',#430);
#432=CARTESIAN_POINT('',(124.7222671508789,60.85116195678711,54.60768127441406));
#433=VERTEX_POINT('',#432);
#434=CARTESIAN_POINT('',(124.79379272460938,60.85116195678711,52.704044342041016));
#435=VERTEX_POINT('',#434);
#436=CARTESIAN_POINT('',(124.66230773925781,75.45116424560547,52.49846267700195));
#437=VERTEX_POINT('',#436);
#438=CARTESIAN_POINT('',(123.2667007446289,75.45116424560547,53.2816162109375));
#439=VERTEX_POINT('',#438);
#440=CARTESIAN_POINT('',(124.72086334228516,60.85116195678711,51.09968948364258));
#441=VERTEX_POINT('',#440);
#442=CARTESIAN_POINT('',(124.72086334228516,75.45116424560547,51.09968948364258));
#443=VERTEX_POINT('',#442);
#444=CARTESIAN_POINT('',(123.62042236328125,75.45116424560547,49.902992248535156));
#445=VERTEX_POINT('',#444);
#446=CARTESIAN_POINT('',(124.56206512451172,60.85116195678711,49.1661376953125));
#447=VERTEX_POINT('',#446);
#448=CARTESIAN_POINT('',(124.66230773925781,60.85116195678711,52.49846267700195));
#449=VERTEX_POINT('',#448);
#450=CARTESIAN_POINT('',(124.56851196289062,75.45116424560547,52.273170471191406));
#451=VERTEX_POINT('',#450);
#452=CARTESIAN_POINT('',(123.09931182861328,75.45116424560547,52.91728210449219));
#453=VERTEX_POINT('',#452);
#454=CARTESIAN_POINT('',(124.60857391357422,60.85116195678711,51.31635284423828));
#455=VERTEX_POINT('',#454);
#456=CARTESIAN_POINT('',(124.60857391357422,75.45116424560547,51.31635284423828));
#457=VERTEX_POINT('',#456);
#458=CARTESIAN_POINT('',(123.3812026977539,75.45116424560547,50.224754333496094));
#459=VERTEX_POINT('',#458);
#460=CARTESIAN_POINT('',(124.56851196289062,60.85116195678711,52.273170471191406));
#461=VERTEX_POINT('',#460);
#462=CARTESIAN_POINT('',(124.51526641845703,75.45116424560547,52.03501510620117));
#463=VERTEX_POINT('',#462);
#464=CARTESIAN_POINT('',(122.98199462890625,75.45116424560547,52.53388214111328));
#465=VERTEX_POINT('',#464);
#466=CARTESIAN_POINT('',(124.53560638427734,60.85116195678711,51.549224853515625));
#467=VERTEX_POINT('',#466);
#468=CARTESIAN_POINT('',(124.53560638427734,75.45116424560547,51.549224853515625));
#469=VERTEX_POINT('',#468);
#470=CARTESIAN_POINT('',(123.18702697753906,75.45116424560547,50.57554244995117));
#471=VERTEX_POINT('',#470);
#472=CARTESIAN_POINT('',(123.0413589477539,75.45116424560547,50.94908905029297));
#473=VERTEX_POINT('',#472);
#474=CARTESIAN_POINT('',(124.51526641845703,60.85116195678711,52.03501510620117));
#475=VERTEX_POINT('',#474);
#476=CARTESIAN_POINT('',(124.50418853759766,75.45116424560547,51.791229248046875));
#477=VERTEX_POINT('',#476);
#478=CARTESIAN_POINT('',(122.90505981445312,75.45116424560547,51.737491607666016));
#479=VERTEX_POINT('',#478);
#480=CARTESIAN_POINT('',(122.91686248779297,75.45116424560547,52.13826370239258));
#481=VERTEX_POINT('',#480);
#482=CARTESIAN_POINT('',(124.50418853759766,60.85116195678711,51.791229248046875));
#483=VERTEX_POINT('',#482);
#484=CARTESIAN_POINT('',(122.94681549072266,75.45116424560547,51.33872604370117));
#485=VERTEX_POINT('',#484);
#486=CARTESIAN_POINT('',(124.36505126953125,60.85116195678711,54.42560577392578));
#487=VERTEX_POINT('',#486);
#488=CARTESIAN_POINT('',(124.21617126464844,60.85116195678711,49.36891174316406));
#489=VERTEX_POINT('',#488);
#490=CARTESIAN_POINT('',(124.0353012084961,60.85116195678711,54.1975212097168));
#491=VERTEX_POINT('',#490);
#492=CARTESIAN_POINT('',(123.9004135131836,60.85116195678711,49.61600112915039));
#493=VERTEX_POINT('',#492);
#494=CARTESIAN_POINT('',(123.7389144897461,60.85116195678711,53.9275016784668));
#495=VERTEX_POINT('',#494);
#496=CARTESIAN_POINT('',(123.62042236328125,60.85116195678711,49.902992248535156));
#497=VERTEX_POINT('',#496);
#498=CARTESIAN_POINT('',(123.4811782836914,60.85116195678711,53.6203727722168));
#499=VERTEX_POINT('',#498);
#500=CARTESIAN_POINT('',(123.3812026977539,60.85116195678711,50.224754333496094));
#501=VERTEX_POINT('',#500);
#502=CARTESIAN_POINT('',(123.2667007446289,60.85116195678711,53.2816162109375));
#503=VERTEX_POINT('',#502);
#504=CARTESIAN_POINT('',(123.18702697753906,60.85116195678711,50.57554244995117));
#505=VERTEX_POINT('',#504);
#506=CARTESIAN_POINT('',(123.09931182861328,60.85116195678711,52.91728210449219));
#507=VERTEX_POINT('',#506);
#508=CARTESIAN_POINT('',(123.0413589477539,60.85116195678711,50.94908905029297));
#509=VERTEX_POINT('',#508);
#510=CARTESIAN_POINT('',(122.98199462890625,60.85116195678711,52.53388214111328));
#511=VERTEX_POINT('',#510);
#512=CARTESIAN_POINT('',(122.94681549072266,60.85116195678711,51.33872604370117));
#513=VERTEX_POINT('',#512);
#514=CARTESIAN_POINT('',(122.91686248779297,60.85116195678711,52.13826370239258));
#515=VERTEX_POINT('',#514);
#516=CARTESIAN_POINT('',(122.90505981445312,60.85116195678711,51.737491607666016));
#517=VERTEX_POINT('',#516);
#518=CARTESIAN_POINT('',(149.3927764892578,72.59039306640625,64.53804779052734));
#519=VERTEX_POINT('',#518);
#520=CARTESIAN_POINT('',(149.412109375,72.64439392089844,64.0764389038086));
#521=VERTEX_POINT('',#520);
#522=CARTESIAN_POINT('',(149.4315643310547,72.64439392089844,63.611690521240234));
#523=VERTEX_POINT('',#522);
#524=CARTESIAN_POINT('',(149.4218292236328,68.65116119384766,63.84406661987305));
#525=VERTEX_POINT('',#524);
#526=CARTESIAN_POINT('',(149.4508819580078,72.59039306640625,63.150081634521484));
#527=VERTEX_POINT('',#526);
#528=CARTESIAN_POINT('',(149.37384033203125,72.48312377929688,64.99027252197266));
#529=VERTEX_POINT('',#528);
#530=CARTESIAN_POINT('',(149.46981811523438,72.48312377929688,62.69785690307617));
#531=VERTEX_POINT('',#530);
#532=CARTESIAN_POINT('',(149.35556030273438,72.32402801513672,65.427001953125));
#533=VERTEX_POINT('',#532);
#534=CARTESIAN_POINT('',(149.48809814453125,72.32402801513672,62.26113510131836));
#535=VERTEX_POINT('',#534);
#536=CARTESIAN_POINT('',(149.3381805419922,72.11526489257812,65.84231567382812));
#537=VERTEX_POINT('',#536);
#538=CARTESIAN_POINT('',(149.5054931640625,72.11526489257812,61.84581756591797));
#539=VERTEX_POINT('',#538);
#540=CARTESIAN_POINT('',(149.32191467285156,71.85965728759766,66.23060607910156));
#541=VERTEX_POINT('',#540);
#542=CARTESIAN_POINT('',(149.52174377441406,71.85965728759766,61.457523345947266));
#543=VERTEX_POINT('',#542);
#544=CARTESIAN_POINT('',(149.3070068359375,71.56065368652344,66.58663177490234));
#545=VERTEX_POINT('',#544);
#546=CARTESIAN_POINT('',(149.53665161132812,71.56065368652344,61.10150146484375));
#547=VERTEX_POINT('',#546);
#548=CARTESIAN_POINT('',(149.2936553955078,71.2223129272461,66.90556335449219));
#549=VERTEX_POINT('',#548);
#550=CARTESIAN_POINT('',(149.5500030517578,71.2223129272461,60.782569885253906));
#551=VERTEX_POINT('',#550);
#552=CARTESIAN_POINT('',(149.28204345703125,70.84919738769531,67.18309020996094));
#553=VERTEX_POINT('',#552);
#554=CARTESIAN_POINT('',(149.56163024902344,70.84919738769531,60.50503921508789));
#555=VERTEX_POINT('',#554);
#556=CARTESIAN_POINT('',(149.27230834960938,70.44635772705078,67.41546630859375));
#557=VERTEX_POINT('',#556);
#558=CARTESIAN_POINT('',(149.57135009765625,70.44635772705078,60.27266311645508));
#559=VERTEX_POINT('',#558);
#560=CARTESIAN_POINT('',(149.2646026611328,70.01924133300781,67.59954833984375));
#561=VERTEX_POINT('',#560);
#562=CARTESIAN_POINT('',(149.5790557861328,70.01924133300781,60.088584899902344));
#563=VERTEX_POINT('',#562);
#564=CARTESIAN_POINT('',(149.259033203125,69.57362365722656,67.73284149169922));
#565=VERTEX_POINT('',#564);
#566=CARTESIAN_POINT('',(149.5846405029297,69.57362365722656,59.955291748046875));
#567=VERTEX_POINT('',#566);
#568=CARTESIAN_POINT('',(149.25564575195312,69.11553192138672,67.81354522705078));
#569=VERTEX_POINT('',#568);
#570=CARTESIAN_POINT('',(149.5880126953125,69.11553192138672,59.87459182739258));
#571=VERTEX_POINT('',#570);
#572=CARTESIAN_POINT('',(149.2545166015625,68.65116119384766,67.84056854248047));
#573=VERTEX_POINT('',#572);
#574=CARTESIAN_POINT('',(149.5891571044922,68.65116119384766,59.84756851196289));
#575=VERTEX_POINT('',#574);
#576=CARTESIAN_POINT('',(149.25564575195312,68.1867904663086,67.81354522705078));
#577=VERTEX_POINT('',#576);
#578=CARTESIAN_POINT('',(146.25827026367188,68.1867904663086,67.68805694580078));
#579=VERTEX_POINT('',#578);
#580=CARTESIAN_POINT('',(149.5880126953125,68.1867904663086,59.87459182739258));
#581=VERTEX_POINT('',#580);
#582=CARTESIAN_POINT('',(149.259033203125,67.72869873046875,67.73284149169922));
#583=VERTEX_POINT('',#582);
#584=CARTESIAN_POINT('',(149.28204345703125,66.453125,67.18309020996094));
#585=VERTEX_POINT('',#584);
#586=CARTESIAN_POINT('',(149.27230834960938,66.85596466064453,67.41546630859375));
#587=VERTEX_POINT('',#586);
#588=CARTESIAN_POINT('',(149.2646026611328,67.2830810546875,67.59954833984375));
#589=VERTEX_POINT('',#588);
#590=CARTESIAN_POINT('',(149.32191467285156,65.44267272949219,66.23060607910156));
#591=VERTEX_POINT('',#590);
#592=CARTESIAN_POINT('',(149.3070068359375,65.74166870117188,66.58663177490234));
#593=VERTEX_POINT('',#592);
#594=CARTESIAN_POINT('',(149.2936553955078,66.08000946044922,66.90556335449219));
#595=VERTEX_POINT('',#594);
#596=CARTESIAN_POINT('',(149.37384033203125,64.81920623779297,64.99027252197266));
#597=VERTEX_POINT('',#596);
#598=CARTESIAN_POINT('',(149.35556030273438,64.97830200195312,65.427001953125));
#599=VERTEX_POINT('',#598);
#600=CARTESIAN_POINT('',(149.3381805419922,65.18705749511719,65.84231567382812));
#601=VERTEX_POINT('',#600);
#602=CARTESIAN_POINT('',(149.4315643310547,64.65792846679688,63.611690521240234));
#603=VERTEX_POINT('',#602);
#604=CARTESIAN_POINT('',(149.412109375,64.65792846679688,64.0764389038086));
#605=VERTEX_POINT('',#604);
#606=CARTESIAN_POINT('',(149.3927764892578,64.71192932128906,64.53804779052734));
#607=VERTEX_POINT('',#606);
#608=CARTESIAN_POINT('',(149.48809814453125,64.97830200195312,62.26113510131836));
#609=VERTEX_POINT('',#608);
#610=CARTESIAN_POINT('',(149.46981811523438,64.81920623779297,62.69785690307617));
#611=VERTEX_POINT('',#610);
#612=CARTESIAN_POINT('',(149.4508819580078,64.71192932128906,63.150081634521484));
#613=VERTEX_POINT('',#612);
#614=CARTESIAN_POINT('',(149.53665161132812,65.74166870117188,61.10150146484375));
#615=VERTEX_POINT('',#614);
#616=CARTESIAN_POINT('',(149.52174377441406,65.44267272949219,61.457523345947266));
#617=VERTEX_POINT('',#616);
#618=CARTESIAN_POINT('',(149.5054931640625,65.18705749511719,61.84581756591797));
#619=VERTEX_POINT('',#618);
#620=CARTESIAN_POINT('',(149.57135009765625,66.85596466064453,60.27266311645508));
#621=VERTEX_POINT('',#620);
#622=CARTESIAN_POINT('',(149.56163024902344,66.453125,60.50503921508789));
#623=VERTEX_POINT('',#622);
#624=CARTESIAN_POINT('',(149.5500030517578,66.08000946044922,60.782569885253906));
#625=VERTEX_POINT('',#624);
#626=CARTESIAN_POINT('',(149.5846405029297,67.72869873046875,59.955291748046875));
#627=VERTEX_POINT('',#626);
#628=CARTESIAN_POINT('',(149.5790557861328,67.2830810546875,60.088584899902344));
#629=VERTEX_POINT('',#628);
#630=CARTESIAN_POINT('',(146.26165771484375,67.72869873046875,67.60735321044922));
#631=VERTEX_POINT('',#630);
#632=CARTESIAN_POINT('',(146.58726501464844,67.72869873046875,59.829803466796875));
#633=VERTEX_POINT('',#632);
#634=CARTESIAN_POINT('',(146.26722717285156,67.2830810546875,67.47406005859375));
#635=VERTEX_POINT('',#634);
#636=CARTESIAN_POINT('',(146.58168029785156,67.2830810546875,59.963096618652344));
#637=VERTEX_POINT('',#636);
#638=CARTESIAN_POINT('',(146.27493286132812,66.85596466064453,67.28997802734375));
#639=VERTEX_POINT('',#638);
#640=CARTESIAN_POINT('',(146.573974609375,66.85596466064453,60.14717483520508));
#641=VERTEX_POINT('',#640);
#642=CARTESIAN_POINT('',(146.28466796875,66.453125,67.05760192871094));
#643=VERTEX_POINT('',#642);
#644=CARTESIAN_POINT('',(146.5642547607422,66.453125,60.37955093383789));
#645=VERTEX_POINT('',#644);
#646=CARTESIAN_POINT('',(146.29627990722656,66.08000946044922,66.78007507324219));
#647=VERTEX_POINT('',#646);
#648=CARTESIAN_POINT('',(146.55262756347656,66.08000946044922,60.657081604003906));
#649=VERTEX_POINT('',#648);
#650=CARTESIAN_POINT('',(146.30963134765625,65.74166870117188,66.46114349365234));
#651=VERTEX_POINT('',#650);
#652=CARTESIAN_POINT('',(146.53927612304688,65.74166870117188,60.97601318359375));
#653=VERTEX_POINT('',#652);
#654=CARTESIAN_POINT('',(146.3245391845703,65.44267272949219,66.10511779785156));
#655=VERTEX_POINT('',#654);
#656=CARTESIAN_POINT('',(146.5243682861328,65.44267272949219,61.332035064697266));
#657=VERTEX_POINT('',#656);
#658=CARTESIAN_POINT('',(146.34080505371094,65.18705749511719,65.71682739257812));
#659=VERTEX_POINT('',#658);
#660=CARTESIAN_POINT('',(146.50811767578125,65.18705749511719,61.72032928466797));
#661=VERTEX_POINT('',#660);
#662=CARTESIAN_POINT('',(146.35818481445312,64.97830200195312,65.301513671875));
#663=VERTEX_POINT('',#662);
#664=CARTESIAN_POINT('',(146.49072265625,64.97830200195312,62.13564682006836));
#665=VERTEX_POINT('',#664);
#666=CARTESIAN_POINT('',(146.37646484375,64.81920623779297,64.86478424072266));
#667=VERTEX_POINT('',#666);
#668=CARTESIAN_POINT('',(146.47244262695312,64.81920623779297,62.57236862182617));
#669=VERTEX_POINT('',#668);
#670=CARTESIAN_POINT('',(146.39540100097656,64.71192932128906,64.41256713867188));
#671=VERTEX_POINT('',#670);
#672=CARTESIAN_POINT('',(146.45350646972656,64.71192932128906,63.024593353271484));
#673=VERTEX_POINT('',#672);
#674=CARTESIAN_POINT('',(146.41473388671875,64.65792846679688,63.95095443725586));
#675=VERTEX_POINT('',#674);
#676=CARTESIAN_POINT('',(146.43418884277344,64.65792846679688,63.486202239990234));
#677=VERTEX_POINT('',#676);
#678=CARTESIAN_POINT('',(128.85638427734375,56.651161193847656,49.97168731689453));
#679=VERTEX_POINT('',#678);
#680=CARTESIAN_POINT('',(128.85638427734375,60.85116195678711,49.97168731689453));
#681=VERTEX_POINT('',#680);
#682=CARTESIAN_POINT('',(129.35629272460938,60.85116195678711,52.41946029663086));
#683=VERTEX_POINT('',#682);
#684=CARTESIAN_POINT('',(129.39990234375,60.85116195678711,51.996192932128906));
#685=VERTEX_POINT('',#684);
#686=CARTESIAN_POINT('',(129.39181518554688,60.85116195678711,51.57075881958008));
#687=VERTEX_POINT('',#686);
#688=CARTESIAN_POINT('',(129.39181518554688,56.651161193847656,51.57075881958008));
#689=VERTEX_POINT('',#688);
#690=CARTESIAN_POINT('',(129.39990234375,56.651161193847656,51.996192932128906));
#691=VERTEX_POINT('',#690);
#692=CARTESIAN_POINT('',(129.2616424560547,60.85116195678711,52.834312438964844));
#693=VERTEX_POINT('',#692);
#694=CARTESIAN_POINT('',(129.35629272460938,56.651161193847656,52.41946029663086));
#695=VERTEX_POINT('',#694);
#696=CARTESIAN_POINT('',(129.33218383789062,60.85116195678711,51.149452209472656));
#697=VERTEX_POINT('',#696);
#698=CARTESIAN_POINT('',(129.33218383789062,56.651161193847656,51.149452209472656));
#699=VERTEX_POINT('',#698);
#700=CARTESIAN_POINT('',(129.11734008789062,60.85116195678711,53.2346076965332));
#701=VERTEX_POINT('',#700);
#702=CARTESIAN_POINT('',(129.2616424560547,56.651161193847656,52.834312438964844));
#703=VERTEX_POINT('',#702);
#704=CARTESIAN_POINT('',(129.2218475341797,60.85116195678711,50.738494873046875));
#705=VERTEX_POINT('',#704);
#706=CARTESIAN_POINT('',(129.2218475341797,56.651161193847656,50.738494873046875));
#707=VERTEX_POINT('',#706);
#708=CARTESIAN_POINT('',(128.92555236816406,60.85116195678711,53.614437103271484));
#709=VERTEX_POINT('',#708);
#710=CARTESIAN_POINT('',(129.11734008789062,56.651161193847656,53.2346076965332));
#711=VERTEX_POINT('',#710);
#712=CARTESIAN_POINT('',(129.06246948242188,60.85116195678711,50.343963623046875));
#713=VERTEX_POINT('',#712);
#714=CARTESIAN_POINT('',(129.06246948242188,56.651161193847656,50.343963623046875));
#715=VERTEX_POINT('',#714);
#716=CARTESIAN_POINT('',(128.92555236816406,56.651161193847656,53.614437103271484));
#717=VERTEX_POINT('',#716);
#718=CARTESIAN_POINT('',(128.68907165527344,56.651161193847656,53.96818542480469));
#719=VERTEX_POINT('',#718);
#720=FACE_SURFACE('',(#725),#721,.T.);
#721=PLANE('',#722);
#722=AXIS2_PLACEMENT_3D('',#34,#723,#724);
#723=DIRECTION('',(0.9991247920685188,-0,0.04182881631171458));
#724=DIRECTION('',(0,1,0));
#725=FACE_BOUND('',#726,.T.);
#726=EDGE_LOOP('',(#727,#728,#729));
#727=ORIENTED_EDGE('',*,*,#730,.T.);
#728=ORIENTED_EDGE('',*,*,#731,.T.);
#729=ORIENTED_EDGE('',*,*,#732,.T.);
#730=EDGE_CURVE('',#35,#37,#733,.F.);
#731=EDGE_CURVE('',#37,#39,#734,.T.);
#732=EDGE_CURVE('',#39,#35,#735,.T.);
#733=LINE('',#34,#736);
#734=LINE('',#36,#737);
#735=LINE('',#38,#738);
#736=VECTOR('',#739,1.0);
#737=VECTOR('',#740,1.0);
#738=VECTOR('',#741,1.0);
#739=DIRECTION('',(0,1,0));
#740=DIRECTION('',(-0.04182881631171458,0,0.9991247920685188));
#741=DIRECTION('',(0.024862679273147975,-0.8041760573244837,-0.5938709590520564));
#742=FACE_SURFACE('',(#747),#743,.T.);
#743=PLANE('',#744);
#744=AXIS2_PLACEMENT_3D('',#40,#745,#746);
#745=DIRECTION('',(0.9991247920685188,-0,0.04182881631171458));
#746=DIRECTION('',(0.04182881631171458,0,-0.9991247920685188));
#747=FACE_BOUND('',#748,.T.);
#748=EDGE_LOOP('',(#749,#750,#751));
#749=ORIENTED_EDGE('',*,*,#752,.T.);
#750=ORIENTED_EDGE('',*,*,#753,.T.);
#751=ORIENTED_EDGE('',*,*,#754,.T.);
#752=EDGE_CURVE('',#41,#35,#755,.F.);
#753=EDGE_CURVE('',#35,#39,#756,.T.);
#754=EDGE_CURVE('',#39,#41,#757,.T.);
#755=LINE('',#40,#758);
#756=LINE('',#34,#759);
#757=LINE('',#38,#760);
#758=VECTOR('',#761,1.0);
#759=VECTOR('',#762,1.0);
#760=VECTOR('',#763,1.0);
#761=DIRECTION('',(0.04182881631171458,0,-0.9991247920685188));
#762=DIRECTION('',(-0.024862679273147975,0.8041760573244837,0.5938709590520564));
#763=DIRECTION('',(0,-1,0));
#764=FACE_SURFACE('',(#769),#765,.T.);
#765=PLANE('',#766);
#766=AXIS2_PLACEMENT_3D('',#42,#767,#768);
#767=DIRECTION('',(-0.0418317366219398,0,0.9991246698041204));
#768=DIRECTION('',(0.08655426654417006,-0.9962405464461183,0.003623887379630755));
#769=FACE_BOUND('',#770,.T.);
#770=EDGE_LOOP('',(#771,#772,#773));
#771=ORIENTED_EDGE('',*,*,#774,.T.);
#772=ORIENTED_EDGE('',*,*,#775,.T.);
#773=ORIENTED_EDGE('',*,*,#776,.T.);
#774=EDGE_CURVE('',#43,#41,#777,.F.);
#775=EDGE_CURVE('',#41,#39,#778,.T.);
#776=EDGE_CURVE('',#39,#43,#779,.T.);
#777=LINE('',#42,#780);
#778=LINE('',#40,#781);
#779=LINE('',#38,#782);
#780=VECTOR('',#783,1.0);
#781=VECTOR('',#784,1.0);
#782=VECTOR('',#785,1.0);
#783=DIRECTION('',(0.08655426654417006,-0.9962405464461183,0.003623887379630755));
#784=DIRECTION('',(0,1,0));
#785=DIRECTION('',(-0.9991246698041204,0,-0.0418317366219398));
#786=FACE_SURFACE('',(#791),#787,.T.);
#787=PLANE('',#788);
#788=AXIS2_PLACEMENT_3D('',#36,#789,#790);
#789=DIRECTION('',(0,1,0));
#790=DIRECTION('',(-0.15828194666220657,0,0.9873939565142287));
#791=FACE_BOUND('',#792,.T.);
#792=EDGE_LOOP('',(#793,#794,#795));
#793=ORIENTED_EDGE('',*,*,#796,.T.);
#794=ORIENTED_EDGE('',*,*,#797,.T.);
#795=ORIENTED_EDGE('',*,*,#798,.T.);
#796=EDGE_CURVE('',#37,#43,#799,.F.);
#797=EDGE_CURVE('',#43,#39,#800,.T.);
#798=EDGE_CURVE('',#39,#37,#801,.T.);
#799=LINE('',#36,#802);
#800=LINE('',#42,#803);
#801=LINE('',#38,#804);
#802=VECTOR('',#805,1.0);
#803=VECTOR('',#806,1.0);
#804=VECTOR('',#807,1.0);
#805=DIRECTION('',(-0.15828194666220657,0,0.9873939565142287));
#806=DIRECTION('',(0.9991246698041204,0,0.0418317366219398));
#807=DIRECTION('',(0.04182881631171458,0,-0.9991247920685188));
#808=FACE_SURFACE('',(#813),#809,.T.);
#809=PLANE('',#810);
#810=AXIS2_PLACEMENT_3D('',#44,#811,#812);
#811=DIRECTION('',(-0,1,0));
#812=DIRECTION('',(0.6769100382990567,0,0.7360657579659371));
#813=FACE_BOUND('',#814,.T.);
#814=EDGE_LOOP('',(#815,#816,#817));
#815=ORIENTED_EDGE('',*,*,#818,.T.);
#816=ORIENTED_EDGE('',*,*,#819,.T.);
#817=ORIENTED_EDGE('',*,*,#820,.T.);
#818=EDGE_CURVE('',#45,#43,#821,.F.);
#819=EDGE_CURVE('',#43,#37,#822,.T.);
#820=EDGE_CURVE('',#37,#45,#823,.T.);
#821=LINE('',#44,#824);
#822=LINE('',#42,#825);
#823=LINE('',#36,#826);
#824=VECTOR('',#827,1.0);
#825=VECTOR('',#828,1.0);
#826=VECTOR('',#829,1.0);
#827=DIRECTION('',(0.6769100382990567,0,0.7360657579659371));
#828=DIRECTION('',(0.15828194666220657,0,-0.9873939565142287));
#829=DIRECTION('',(-0.26087031477173545,0,0.9653738544578964));
#830=FACE_SURFACE('',(#835),#831,.T.);
#831=PLANE('',#832);
#832=AXIS2_PLACEMENT_3D('',#46,#833,#834);
#833=DIRECTION('',(-0,1,-0));
#834=DIRECTION('',(-0.04182943414122253,0,0.9991247662026125));
#835=FACE_BOUND('',#836,.T.);
#836=EDGE_LOOP('',(#837,#838,#839));
#837=ORIENTED_EDGE('',*,*,#840,.T.);
#838=ORIENTED_EDGE('',*,*,#841,.T.);
#839=ORIENTED_EDGE('',*,*,#842,.T.);
#840=EDGE_CURVE('',#47,#45,#843,.F.);
#841=EDGE_CURVE('',#45,#37,#844,.T.);
#842=EDGE_CURVE('',#37,#47,#845,.T.);
#843=LINE('',#46,#846);
#844=LINE('',#44,#847);
#845=LINE('',#36,#848);
#846=VECTOR('',#849,1.0);
#847=VECTOR('',#850,1.0);
#848=VECTOR('',#851,1.0);
#849=DIRECTION('',(-0.04182943414122253,0,0.9991247662026125));
#850=DIRECTION('',(0.26087031477173545,0,-0.9653738544578964));
#851=DIRECTION('',(-0.8882362978573827,0,0.4593868513231642));
#852=FACE_SURFACE('',(#857),#853,.T.);
#853=PLANE('',#854);
#854=AXIS2_PLACEMENT_3D('',#48,#855,#856);
#855=DIRECTION('',(0,1,-0));
#856=DIRECTION('',(-0.8549431956948187,0,0.5187216326076354));
#857=FACE_BOUND('',#858,.T.);
#858=EDGE_LOOP('',(#859,#860,#861));
#859=ORIENTED_EDGE('',*,*,#862,.T.);
#860=ORIENTED_EDGE('',*,*,#863,.T.);
#861=ORIENTED_EDGE('',*,*,#864,.T.);
#862=EDGE_CURVE('',#49,#47,#865,.F.);
#863=EDGE_CURVE('',#47,#37,#866,.T.);
#864=EDGE_CURVE('',#37,#49,#867,.T.);
#865=LINE('',#48,#868);
#866=LINE('',#46,#869);
#867=LINE('',#36,#870);
#868=VECTOR('',#871,1.0);
#869=VECTOR('',#872,1.0);
#870=VECTOR('',#873,1.0);
#871=DIRECTION('',(-0.8549431956948187,0,0.5187216326076354));
#872=DIRECTION('',(0.8882362978573827,0,-0.4593868513231642));
#873=DIRECTION('',(-0.0367081992500258,0,-0.9993260269340634));
#874=FACE_SURFACE('',(#879),#875,.T.);
#875=PLANE('',#876);
#876=AXIS2_PLACEMENT_3D('',#50,#877,#878);
#877=DIRECTION('',(0.9993260269340634,0,-0.0367081992500258));
#878=DIRECTION('',(0,1,0));
#879=FACE_BOUND('',#880,.T.);
#880=EDGE_LOOP('',(#881,#882,#883));
#881=ORIENTED_EDGE('',*,*,#884,.T.);
#882=ORIENTED_EDGE('',*,*,#885,.T.);
#883=ORIENTED_EDGE('',*,*,#886,.T.);
#884=EDGE_CURVE('',#51,#49,#887,.F.);
#885=EDGE_CURVE('',#49,#37,#888,.T.);
#886=EDGE_CURVE('',#37,#51,#889,.T.);
#887=LINE('',#50,#890);
#888=LINE('',#48,#891);
#889=LINE('',#36,#892);
#890=VECTOR('',#893,1.0);
#891=VECTOR('',#894,1.0);
#892=VECTOR('',#895,1.0);
#893=DIRECTION('',(0,1,0));
#894=DIRECTION('',(0.0367081992500258,0,0.9993260269340634));
#895=DIRECTION('',(-0.0005008397135585342,-0.9999069188857724,-0.013634614917289697));
#896=FACE_SURFACE('',(#901),#897,.T.);
#897=PLANE('',#898);
#898=AXIS2_PLACEMENT_3D('',#34,#899,#900);
#899=DIRECTION('',(0.9993260269340634,0,-0.0367081992500258));
#900=DIRECTION('',(-0.0367081992500258,0,-0.9993260269340634));
#901=FACE_BOUND('',#902,.T.);
#902=EDGE_LOOP('',(#903,#904,#905));
#903=ORIENTED_EDGE('',*,*,#906,.T.);
#904=ORIENTED_EDGE('',*,*,#907,.T.);
#905=ORIENTED_EDGE('',*,*,#908,.T.);
#906=EDGE_CURVE('',#35,#51,#909,.F.);
#907=EDGE_CURVE('',#51,#37,#910,.T.);
#908=EDGE_CURVE('',#37,#35,#911,.T.);
#909=LINE('',#34,#912);
#910=LINE('',#50,#913);
#911=LINE('',#36,#914);
#912=VECTOR('',#915,1.0);
#913=VECTOR('',#916,1.0);
#914=VECTOR('',#917,1.0);
#915=DIRECTION('',(-0.0367081992500258,0,-0.9993260269340634));
#916=DIRECTION('',(0.0005008397135585342,0.9999069188857724,0.013634614917289697));
#917=DIRECTION('',(0,-1,0));
#918=FACE_SURFACE('',(#923),#919,.T.);
#919=PLANE('',#920);
#920=AXIS2_PLACEMENT_3D('',#52,#921,#922);
#921=DIRECTION('',(0,1,-0));
#922=DIRECTION('',(-0.8173255828345474,0,0.5761760943011847));
#923=FACE_BOUND('',#924,.T.);
#924=EDGE_LOOP('',(#925,#926,#927));
#925=ORIENTED_EDGE('',*,*,#928,.T.);
#926=ORIENTED_EDGE('',*,*,#929,.T.);
#927=ORIENTED_EDGE('',*,*,#930,.T.);
#928=EDGE_CURVE('',#53,#47,#931,.F.);
#929=EDGE_CURVE('',#47,#49,#932,.T.);
#930=EDGE_CURVE('',#49,#53,#933,.T.);
#931=LINE('',#52,#934);
#932=LINE('',#46,#935);
#933=LINE('',#48,#936);
#934=VECTOR('',#937,1.0);
#935=VECTOR('',#938,1.0);
#936=VECTOR('',#939,1.0);
#937=DIRECTION('',(-0.8173255828345474,0,0.5761760943011847));
#938=DIRECTION('',(0.8549431956948187,0,-0.5187216326076354));
#939=DIRECTION('',(-0.19253839634201225,0,-0.981289440447642));
#940=FACE_SURFACE('',(#945),#941,.T.);
#941=PLANE('',#942);
#942=AXIS2_PLACEMENT_3D('',#54,#943,#944);
#943=DIRECTION('',(0.981289440447642,0,-0.19253839634201225));
#944=DIRECTION('',(0,1,0));
#945=FACE_BOUND('',#946,.T.);
#946=EDGE_LOOP('',(#947,#948,#949));
#947=ORIENTED_EDGE('',*,*,#950,.T.);
#948=ORIENTED_EDGE('',*,*,#951,.T.);
#949=ORIENTED_EDGE('',*,*,#952,.T.);
#950=EDGE_CURVE('',#55,#53,#953,.F.);
#951=EDGE_CURVE('',#53,#49,#954,.T.);
#952=EDGE_CURVE('',#49,#55,#955,.T.);
#953=LINE('',#54,#956);
#954=LINE('',#52,#957);
#955=LINE('',#48,#958);
#956=VECTOR('',#959,1.0);
#957=VECTOR('',#960,1.0);
#958=VECTOR('',#961,1.0);
#959=DIRECTION('',(0,1,0));
#960=DIRECTION('',(0.19253839634201225,0,0.981289440447642));
#961=DIRECTION('',(-0.0026269208885068896,-0.9999069214725538,-0.013388341119265228));
#962=FACE_SURFACE('',(#967),#963,.T.);
#963=PLANE('',#964);
#964=AXIS2_PLACEMENT_3D('',#50,#965,#966);
#965=DIRECTION('',(0.981289440447642,0,-0.19253839634201225));
#966=DIRECTION('',(-0.19253839634201225,0,-0.981289440447642));
#967=FACE_BOUND('',#968,.T.);
#968=EDGE_LOOP('',(#969,#970,#971));
#969=ORIENTED_EDGE('',*,*,#972,.T.);
#970=ORIENTED_EDGE('',*,*,#973,.T.);
#971=ORIENTED_EDGE('',*,*,#974,.T.);
#972=EDGE_CURVE('',#51,#55,#975,.F.);
#973=EDGE_CURVE('',#55,#49,#976,.T.);
#974=EDGE_CURVE('',#49,#51,#977,.T.);
#975=LINE('',#50,#978);
#976=LINE('',#54,#979);
#977=LINE('',#48,#980);
#978=VECTOR('',#981,1.0);
#979=VECTOR('',#982,1.0);
#980=VECTOR('',#983,1.0);
#981=DIRECTION('',(-0.19253839634201225,0,-0.981289440447642));
#982=DIRECTION('',(0.0026269208885068896,0.9999069214725538,0.013388341119265228));
#983=DIRECTION('',(0,-1,0));
#984=FACE_SURFACE('',(#989),#985,.T.);
#985=PLANE('',#986);
#986=AXIS2_PLACEMENT_3D('',#56,#987,#988);
#987=DIRECTION('',(0,1,-0));
#988=DIRECTION('',(-0.7755544560005755,0,0.6312806711579655));
#989=FACE_BOUND('',#990,.T.);
#990=EDGE_LOOP('',(#991,#992,#993));
#991=ORIENTED_EDGE('',*,*,#994,.T.);
#992=ORIENTED_EDGE('',*,*,#995,.T.);
#993=ORIENTED_EDGE('',*,*,#996,.T.);
#994=EDGE_CURVE('',#57,#47,#997,.F.);
#995=EDGE_CURVE('',#47,#53,#998,.T.);
#996=EDGE_CURVE('',#53,#57,#999,.T.);
#997=LINE('',#56,#1000);
#998=LINE('',#46,#1001);
#999=LINE('',#52,#1002);
#1000=VECTOR('',#1003,1.0);
#1001=VECTOR('',#1004,1.0);
#1002=VECTOR('',#1005,1.0);
#1003=DIRECTION('',(-0.7755544560005755,0,0.6312806711579655));
#1004=DIRECTION('',(0.8173255828345474,0,-0.5761760943011847));
#1005=DIRECTION('',(-0.34369814378008423,0,-0.9390801807950824));
#1006=FACE_SURFACE('',(#1011),#1007,.T.);
#1007=PLANE('',#1008);
#1008=AXIS2_PLACEMENT_3D('',#58,#1009,#1010);
#1009=DIRECTION('',(0.9390801807950824,0,-0.34369814378008423));
#1010=DIRECTION('',(0,1,0));
#1011=FACE_BOUND('',#1012,.T.);
#1012=EDGE_LOOP('',(#1013,#1014,#1015));
#1013=ORIENTED_EDGE('',*,*,#1016,.T.);
#1014=ORIENTED_EDGE('',*,*,#1017,.T.);
#1015=ORIENTED_EDGE('',*,*,#1018,.T.);
#1016=EDGE_CURVE('',#59,#57,#1019,.F.);
#1017=EDGE_CURVE('',#57,#53,#1020,.T.);
#1018=EDGE_CURVE('',#53,#59,#1021,.T.);
#1019=LINE('',#58,#1022);
#1020=LINE('',#56,#1023);
#1021=LINE('',#52,#1024);
#1022=VECTOR('',#1025,1.0);
#1023=VECTOR('',#1026,1.0);
#1024=VECTOR('',#1027,1.0);
#1025=DIRECTION('',(0,1,0));
#1026=DIRECTION('',(0.34369814378008423,0,0.9390801807950824));
#1027=DIRECTION('',(-0.00468931912558093,-0.999906920204223,-0.012812541271896008));
#1028=FACE_SURFACE('',(#1033),#1029,.T.);
#1029=PLANE('',#1030);
#1030=AXIS2_PLACEMENT_3D('',#54,#1031,#1032);
#1031=DIRECTION('',(0.9390801807950824,0,-0.34369814378008423));
#1032=DIRECTION('',(-0.34369814378008423,0,-0.9390801807950824));
#1033=FACE_BOUND('',#1034,.T.);
#1034=EDGE_LOOP('',(#1035,#1036,#1037));
#1035=ORIENTED_EDGE('',*,*,#1038,.T.);
#1036=ORIENTED_EDGE('',*,*,#1039,.T.);
#1037=ORIENTED_EDGE('',*,*,#1040,.T.);
#1038=EDGE_CURVE('',#55,#59,#1041,.F.);
#1039=EDGE_CURVE('',#59,#53,#1042,.T.);
#1040=EDGE_CURVE('',#53,#55,#1043,.T.);
#1041=LINE('',#54,#1044);
#1042=LINE('',#58,#1045);
#1043=LINE('',#52,#1046);
#1044=VECTOR('',#1047,1.0);
#1045=VECTOR('',#1048,1.0);
#1046=VECTOR('',#1049,1.0);
#1047=DIRECTION('',(-0.34369814378008423,0,-0.9390801807950824));
#1048=DIRECTION('',(0.00468931912558093,0.999906920204223,0.012812541271896008));
#1049=DIRECTION('',(0,-1,0));
#1050=FACE_SURFACE('',(#1055),#1051,.T.);
#1051=PLANE('',#1052);
#1052=AXIS2_PLACEMENT_3D('',#60,#1053,#1054);
#1053=DIRECTION('',(0,1,-0));
#1054=DIRECTION('',(-0.7298469867068369,0,0.6836105440928704));
#1055=FACE_BOUND('',#1056,.T.);
#1056=EDGE_LOOP('',(#1057,#1058,#1059));
#1057=ORIENTED_EDGE('',*,*,#1060,.T.);
#1058=ORIENTED_EDGE('',*,*,#1061,.T.);
#1059=ORIENTED_EDGE('',*,*,#1062,.T.);
#1060=EDGE_CURVE('',#61,#47,#1063,.F.);
#1061=EDGE_CURVE('',#47,#57,#1064,.T.);
#1062=EDGE_CURVE('',#57,#61,#1065,.T.);
#1063=LINE('',#60,#1066);
#1064=LINE('',#46,#1067);
#1065=LINE('',#56,#1068);
#1066=VECTOR('',#1069,1.0);
#1067=VECTOR('',#1070,1.0);
#1068=VECTOR('',#1071,1.0);
#1069=DIRECTION('',(-0.7298469867068369,0,0.6836105440928704));
#1070=DIRECTION('',(0.7755544560005755,0,-0.6312806711579655));
#1071=DIRECTION('',(-0.48638993528500385,0,-0.8737418559582971));
#1072=FACE_SURFACE('',(#1077),#1073,.T.);
#1073=PLANE('',#1074);
#1074=AXIS2_PLACEMENT_3D('',#62,#1075,#1076);
#1075=DIRECTION('',(0.8737418559582971,0,-0.4863899352850039));
#1076=DIRECTION('',(0,1,0));
#1077=FACE_BOUND('',#1078,.T.);
#1078=EDGE_LOOP('',(#1079,#1080,#1081));
#1079=ORIENTED_EDGE('',*,*,#1082,.T.);
#1080=ORIENTED_EDGE('',*,*,#1083,.T.);
#1081=ORIENTED_EDGE('',*,*,#1084,.T.);
#1082=EDGE_CURVE('',#63,#61,#1085,.F.);
#1083=EDGE_CURVE('',#61,#57,#1086,.T.);
#1084=EDGE_CURVE('',#57,#63,#1087,.T.);
#1085=LINE('',#62,#1088);
#1086=LINE('',#60,#1089);
#1087=LINE('',#56,#1090);
#1088=VECTOR('',#1091,1.0);
#1089=VECTOR('',#1092,1.0);
#1090=VECTOR('',#1093,1.0);
#1091=DIRECTION('',(0,1,0));
#1092=DIRECTION('',(0.48638993528500385,0,0.8737418559582971));
#1093=DIRECTION('',(-0.006636292030732059,-0.9999069166432719,-0.011921311883675113));
#1094=FACE_SURFACE('',(#1099),#1095,.T.);
#1095=PLANE('',#1096);
#1096=AXIS2_PLACEMENT_3D('',#58,#1097,#1098);
#1097=DIRECTION('',(0.8737418559582971,0,-0.4863899352850039));
#1098=DIRECTION('',(-0.48638993528500385,0,-0.8737418559582971));
#1099=FACE_BOUND('',#1100,.T.);
#1100=EDGE_LOOP('',(#1101,#1102,#1103));
#1101=ORIENTED_EDGE('',*,*,#1104,.T.);
#1102=ORIENTED_EDGE('',*,*,#1105,.T.);
#1103=ORIENTED_EDGE('',*,*,#1106,.T.);
#1104=EDGE_CURVE('',#59,#63,#1107,.F.);
#1105=EDGE_CURVE('',#63,#57,#1108,.T.);
#1106=EDGE_CURVE('',#57,#59,#1109,.T.);
#1107=LINE('',#58,#1110);
#1108=LINE('',#62,#1111);
#1109=LINE('',#56,#1112);
#1110=VECTOR('',#1113,1.0);
#1111=VECTOR('',#1114,1.0);
#1112=VECTOR('',#1115,1.0);
#1113=DIRECTION('',(-0.48638993528500385,0,-0.8737418559582971));
#1114=DIRECTION('',(0.006636292030732059,0.9999069166432719,0.011921311883675113));
#1115=DIRECTION('',(0,-1,0));
#1116=FACE_SURFACE('',(#1121),#1117,.T.);
#1117=PLANE('',#1118);
#1118=AXIS2_PLACEMENT_3D('',#64,#1119,#1120);
#1119=DIRECTION('',(0,1,-0));
#1120=DIRECTION('',(-0.9996267253979199,0,0.027320502744855018));
#1121=FACE_BOUND('',#1122,.T.);
#1122=EDGE_LOOP('',(#1123,#1124,#1125));
#1123=ORIENTED_EDGE('',*,*,#1126,.T.);
#1124=ORIENTED_EDGE('',*,*,#1127,.T.);
#1125=ORIENTED_EDGE('',*,*,#1128,.T.);
#1126=EDGE_CURVE('',#65,#67,#1129,.F.);
#1127=EDGE_CURVE('',#67,#61,#1130,.T.);
#1128=EDGE_CURVE('',#61,#65,#1131,.T.);
#1129=LINE('',#64,#1132);
#1130=LINE('',#66,#1133);
#1131=LINE('',#60,#1134);
#1132=VECTOR('',#1135,1.0);
#1133=VECTOR('',#1136,1.0);
#1134=VECTOR('',#1137,1.0);
#1135=DIRECTION('',(-0.9996267253979199,0,0.027320502744855018));
#1136=DIRECTION('',(0.9998857943240327,0,-0.015112852444132269));
#1137=DIRECTION('',(-0.6170820897624871,0,-0.786898782877672));
#1138=FACE_SURFACE('',(#1143),#1139,.T.);
#1139=PLANE('',#1140);
#1140=AXIS2_PLACEMENT_3D('',#66,#1141,#1142);
#1141=DIRECTION('',(-0,1,0));
#1142=DIRECTION('',(0.987913514585125,0,0.15500608923544226));
#1143=FACE_BOUND('',#1144,.T.);
#1144=EDGE_LOOP('',(#1145,#1146,#1147));
#1145=ORIENTED_EDGE('',*,*,#1148,.T.);
#1146=ORIENTED_EDGE('',*,*,#1149,.T.);
#1147=ORIENTED_EDGE('',*,*,#1150,.T.);
#1148=EDGE_CURVE('',#67,#47,#1151,.F.);
#1149=EDGE_CURVE('',#47,#61,#1152,.T.);
#1150=EDGE_CURVE('',#61,#67,#1153,.T.);
#1151=LINE('',#66,#1154);
#1152=LINE('',#46,#1155);
#1153=LINE('',#60,#1156);
#1154=VECTOR('',#1157,1.0);
#1155=VECTOR('',#1158,1.0);
#1156=VECTOR('',#1159,1.0);
#1157=DIRECTION('',(0.987913514585125,0,0.15500608923544226));
#1158=DIRECTION('',(0.7298469867068369,0,-0.6836105440928704));
#1159=DIRECTION('',(-0.9998857943240327,0,0.015112852444132269));
#1160=FACE_SURFACE('',(#1165),#1161,.T.);
#1161=PLANE('',#1162);
#1162=AXIS2_PLACEMENT_3D('',#68,#1163,#1164);
#1163=DIRECTION('',(0.7868987828776721,0,-0.6170820897624871));
#1164=DIRECTION('',(0,1,0));
#1165=FACE_BOUND('',#1166,.T.);
#1166=EDGE_LOOP('',(#1167,#1168,#1169));
#1167=ORIENTED_EDGE('',*,*,#1170,.T.);
#1168=ORIENTED_EDGE('',*,*,#1171,.T.);
#1169=ORIENTED_EDGE('',*,*,#1172,.T.);
#1170=EDGE_CURVE('',#69,#65,#1173,.F.);
#1171=EDGE_CURVE('',#65,#61,#1174,.T.);
#1172=EDGE_CURVE('',#61,#69,#1175,.T.);
#1173=LINE('',#68,#1176);
#1174=LINE('',#64,#1177);
#1175=LINE('',#60,#1178);
#1176=VECTOR('',#1179,1.0);
#1177=VECTOR('',#1180,1.0);
#1178=VECTOR('',#1181,1.0);
#1179=DIRECTION('',(0,1,0));
#1180=DIRECTION('',(0.6170820897624871,0,0.786898782877672));
#1181=DIRECTION('',(-0.008419414086924634,-0.9999069174925886,-0.010736378202281238));
#1182=FACE_SURFACE('',(#1187),#1183,.T.);
#1183=PLANE('',#1184);
#1184=AXIS2_PLACEMENT_3D('',#62,#1185,#1186);
#1185=DIRECTION('',(0.7868987828776721,0,-0.6170820897624871));
#1186=DIRECTION('',(-0.6170820897624871,0,-0.786898782877672));
#1187=FACE_BOUND('',#1188,.T.);
#1188=EDGE_LOOP('',(#1189,#1190,#1191));
#1189=ORIENTED_EDGE('',*,*,#1192,.T.);
#1190=ORIENTED_EDGE('',*,*,#1193,.T.);
#1191=ORIENTED_EDGE('',*,*,#1194,.T.);
#1192=EDGE_CURVE('',#63,#69,#1195,.F.);
#1193=EDGE_CURVE('',#69,#61,#1196,.T.);
#1194=EDGE_CURVE('',#61,#63,#1197,.T.);
#1195=LINE('',#62,#1198);
#1196=LINE('',#68,#1199);
#1197=LINE('',#60,#1200);
#1198=VECTOR('',#1201,1.0);
#1199=VECTOR('',#1202,1.0);
#1200=VECTOR('',#1203,1.0);
#1201=DIRECTION('',(-0.6170820897624871,0,-0.786898782877672));
#1202=DIRECTION('',(0.008419414086924634,0.9999069174925886,0.010736378202281238));
#1203=DIRECTION('',(0,-1,0));
#1204=FACE_SURFACE('',(#1209),#1205,.T.);
#1205=PLANE('',#1206);
#1206=AXIS2_PLACEMENT_3D('',#70,#1207,#1208);
#1207=DIRECTION('',(0,1,-0));
#1208=DIRECTION('',(-0.9992710482198595,0,0.03817554439144914));
#1209=FACE_BOUND('',#1210,.T.);
#1210=EDGE_LOOP('',(#1211,#1212,#1213));
#1211=ORIENTED_EDGE('',*,*,#1214,.T.);
#1212=ORIENTED_EDGE('',*,*,#1215,.T.);
#1213=ORIENTED_EDGE('',*,*,#1216,.T.);
#1214=EDGE_CURVE('',#71,#67,#1217,.F.);
#1215=EDGE_CURVE('',#67,#65,#1218,.T.);
#1216=EDGE_CURVE('',#65,#71,#1219,.T.);
#1217=LINE('',#70,#1220);
#1218=LINE('',#66,#1221);
#1219=LINE('',#64,#1222);
#1220=VECTOR('',#1223,1.0);
#1221=VECTOR('',#1224,1.0);
#1222=VECTOR('',#1225,1.0);
#1223=DIRECTION('',(-0.9992710482198595,0,0.03817554439144914));
#1224=DIRECTION('',(0.9996267253979199,0,-0.027320502744855018));
#1225=DIRECTION('',(-0.7325700627289677,0,-0.6806916359066536));
#1226=FACE_SURFACE('',(#1231),#1227,.T.);
#1227=PLANE('',#1228);
#1228=AXIS2_PLACEMENT_3D('',#72,#1229,#1230);
#1229=DIRECTION('',(0.6806916359066536,0,-0.7325700627289679));
#1230=DIRECTION('',(0,1,0));
#1231=FACE_BOUND('',#1232,.T.);
#1232=EDGE_LOOP('',(#1233,#1234,#1235));
#1233=ORIENTED_EDGE('',*,*,#1236,.T.);
#1234=ORIENTED_EDGE('',*,*,#1237,.T.);
#1235=ORIENTED_EDGE('',*,*,#1238,.T.);
#1236=EDGE_CURVE('',#73,#71,#1239,.F.);
#1237=EDGE_CURVE('',#71,#65,#1240,.T.);
#1238=EDGE_CURVE('',#65,#73,#1241,.T.);
#1239=LINE('',#72,#1242);
#1240=LINE('',#70,#1243);
#1241=LINE('',#64,#1244);
#1242=VECTOR('',#1245,1.0);
#1243=VECTOR('',#1246,1.0);
#1244=VECTOR('',#1247,1.0);
#1245=DIRECTION('',(0,1,0));
#1246=DIRECTION('',(0.7325700627289677,0,0.6806916359066536));
#1247=DIRECTION('',(-0.009994903290597717,-0.999906921564351,-0.00928709405112949));
#1248=FACE_SURFACE('',(#1253),#1249,.T.);
#1249=PLANE('',#1250);
#1250=AXIS2_PLACEMENT_3D('',#68,#1251,#1252);
#1251=DIRECTION('',(0.6806916359066536,0,-0.7325700627289679));
#1252=DIRECTION('',(-0.7325700627289677,0,-0.6806916359066536));
#1253=FACE_BOUND('',#1254,.T.);
#1254=EDGE_LOOP('',(#1255,#1256,#1257));
#1255=ORIENTED_EDGE('',*,*,#1258,.T.);
#1256=ORIENTED_EDGE('',*,*,#1259,.T.);
#1257=ORIENTED_EDGE('',*,*,#1260,.T.);
#1258=EDGE_CURVE('',#69,#73,#1261,.F.);
#1259=EDGE_CURVE('',#73,#65,#1262,.T.);
#1260=EDGE_CURVE('',#65,#69,#1263,.T.);
#1261=LINE('',#68,#1264);
#1262=LINE('',#72,#1265);
#1263=LINE('',#64,#1266);
#1264=VECTOR('',#1267,1.0);
#1265=VECTOR('',#1268,1.0);
#1266=VECTOR('',#1269,1.0);
#1267=DIRECTION('',(-0.7325700627289677,0,-0.6806916359066536));
#1268=DIRECTION('',(0.009994903290597717,0.999906921564351,0.00928709405112949));
#1269=DIRECTION('',(0,-1,0));
#1270=FACE_SURFACE('',(#1275),#1271,.T.);
#1271=PLANE('',#1272);
#1272=AXIS2_PLACEMENT_3D('',#74,#1273,#1274);
#1273=DIRECTION('',(0,1,-0));
#1274=DIRECTION('',(-0.9988752640534986,0,0.047415259801602806));
#1275=FACE_BOUND('',#1276,.T.);
#1276=EDGE_LOOP('',(#1277,#1278,#1279));
#1277=ORIENTED_EDGE('',*,*,#1280,.T.);
#1278=ORIENTED_EDGE('',*,*,#1281,.T.);
#1279=ORIENTED_EDGE('',*,*,#1282,.T.);
#1280=EDGE_CURVE('',#75,#67,#1283,.F.);
#1281=EDGE_CURVE('',#67,#71,#1284,.T.);
#1282=EDGE_CURVE('',#71,#75,#1285,.T.);
#1283=LINE('',#74,#1286);
#1284=LINE('',#66,#1287);
#1285=LINE('',#70,#1288);
#1286=VECTOR('',#1289,1.0);
#1287=VECTOR('',#1290,1.0);
#1288=VECTOR('',#1291,1.0);
#1289=DIRECTION('',(-0.9988752640534986,0,0.047415259801602806));
#1290=DIRECTION('',(0.9992710482198595,0,-0.03817554439144914));
#1291=DIRECTION('',(-0.8300383463024001,0,-0.5577063238547479));
#1292=FACE_SURFACE('',(#1297),#1293,.T.);
#1293=PLANE('',#1294);
#1294=AXIS2_PLACEMENT_3D('',#76,#1295,#1296);
#1295=DIRECTION('',(0.5577063238547479,0,-0.8300383463024001));
#1296=DIRECTION('',(0,1,0));
#1297=FACE_BOUND('',#1298,.T.);
#1298=EDGE_LOOP('',(#1299,#1300,#1301));
#1299=ORIENTED_EDGE('',*,*,#1302,.T.);
#1300=ORIENTED_EDGE('',*,*,#1303,.T.);
#1301=ORIENTED_EDGE('',*,*,#1304,.T.);
#1302=EDGE_CURVE('',#77,#75,#1305,.F.);
#1303=EDGE_CURVE('',#75,#71,#1306,.T.);
#1304=EDGE_CURVE('',#71,#77,#1307,.T.);
#1305=LINE('',#76,#1308);
#1306=LINE('',#74,#1309);
#1307=LINE('',#70,#1310);
#1308=VECTOR('',#1311,1.0);
#1309=VECTOR('',#1312,1.0);
#1310=VECTOR('',#1313,1.0);
#1311=DIRECTION('',(0,1,0));
#1312=DIRECTION('',(0.8300383463024001,0,0.5577063238547479));
#1313=DIRECTION('',(-0.0113249477896283,-0.9999069178681377,-0.007609280978085686));
#1314=FACE_SURFACE('',(#1319),#1315,.T.);
#1315=PLANE('',#1316);
#1316=AXIS2_PLACEMENT_3D('',#72,#1317,#1318);
#1317=DIRECTION('',(0.5577063238547479,0,-0.8300383463024001));
#1318=DIRECTION('',(-0.8300383463024001,0,-0.5577063238547479));
#1319=FACE_BOUND('',#1320,.T.);
#1320=EDGE_LOOP('',(#1321,#1322,#1323));
#1321=ORIENTED_EDGE('',*,*,#1324,.T.);
#1322=ORIENTED_EDGE('',*,*,#1325,.T.);
#1323=ORIENTED_EDGE('',*,*,#1326,.T.);
#1324=EDGE_CURVE('',#73,#77,#1327,.F.);
#1325=EDGE_CURVE('',#77,#71,#1328,.T.);
#1326=EDGE_CURVE('',#71,#73,#1329,.T.);
#1327=LINE('',#72,#1330);
#1328=LINE('',#76,#1331);
#1329=LINE('',#70,#1332);
#1330=VECTOR('',#1333,1.0);
#1331=VECTOR('',#1334,1.0);
#1332=VECTOR('',#1335,1.0);
#1333=DIRECTION('',(-0.8300383463024001,0,-0.5577063238547479));
#1334=DIRECTION('',(0.0113249477896283,0.9999069178681377,0.007609280978085686));
#1335=DIRECTION('',(0,-1,0));
#1336=FACE_SURFACE('',(#1341),#1337,.T.);
#1337=PLANE('',#1338);
#1338=AXIS2_PLACEMENT_3D('',#78,#1339,#1340);
#1339=DIRECTION('',(0,1,-0));
#1340=DIRECTION('',(-0.9984981066995933,0,0.05478622926728633));
#1341=FACE_BOUND('',#1342,.T.);
#1342=EDGE_LOOP('',(#1343,#1344,#1345));
#1343=ORIENTED_EDGE('',*,*,#1346,.T.);
#1344=ORIENTED_EDGE('',*,*,#1347,.T.);
#1345=ORIENTED_EDGE('',*,*,#1348,.T.);
#1346=EDGE_CURVE('',#79,#67,#1349,.F.);
#1347=EDGE_CURVE('',#67,#75,#1350,.T.);
#1348=EDGE_CURVE('',#75,#79,#1351,.T.);
#1349=LINE('',#78,#1352);
#1350=LINE('',#66,#1353);
#1351=LINE('',#74,#1354);
#1352=VECTOR('',#1355,1.0);
#1353=VECTOR('',#1356,1.0);
#1354=VECTOR('',#1357,1.0);
#1355=DIRECTION('',(-0.9984981066995933,0,0.05478622926728633));
#1356=DIRECTION('',(0.9988752640534986,0,-0.047415259801602806));
#1357=DIRECTION('',(-0.9070640088101211,0,-0.420992736185926));
#1358=FACE_SURFACE('',(#1363),#1359,.T.);
#1359=PLANE('',#1360);
#1360=AXIS2_PLACEMENT_3D('',#80,#1361,#1362);
#1361=DIRECTION('',(0.42099273618592603,0,-0.9070640088101211));
#1362=DIRECTION('',(0,1,0));
#1363=FACE_BOUND('',#1364,.T.);
#1364=EDGE_LOOP('',(#1365,#1366,#1367));
#1365=ORIENTED_EDGE('',*,*,#1368,.T.);
#1366=ORIENTED_EDGE('',*,*,#1369,.T.);
#1367=ORIENTED_EDGE('',*,*,#1370,.T.);
#1368=EDGE_CURVE('',#81,#79,#1371,.F.);
#1369=EDGE_CURVE('',#79,#75,#1372,.T.);
#1370=EDGE_CURVE('',#75,#81,#1373,.T.);
#1371=LINE('',#80,#1374);
#1372=LINE('',#78,#1375);
#1373=LINE('',#74,#1376);
#1374=VECTOR('',#1377,1.0);
#1375=VECTOR('',#1378,1.0);
#1376=VECTOR('',#1379,1.0);
#1377=DIRECTION('',(0,1,0));
#1378=DIRECTION('',(0.9070640088101211,0,0.420992736185926));
#1379=DIRECTION('',(-0.01237571617120149,-0.9999069202886364,-0.005743901822330129));
#1380=FACE_SURFACE('',(#1385),#1381,.T.);
#1381=PLANE('',#1382);
#1382=AXIS2_PLACEMENT_3D('',#76,#1383,#1384);
#1383=DIRECTION('',(0.42099273618592603,0,-0.9070640088101211));
#1384=DIRECTION('',(-0.9070640088101211,0,-0.420992736185926));
#1385=FACE_BOUND('',#1386,.T.);
#1386=EDGE_LOOP('',(#1387,#1388,#1389));
#1387=ORIENTED_EDGE('',*,*,#1390,.T.);
#1388=ORIENTED_EDGE('',*,*,#1391,.T.);
#1389=ORIENTED_EDGE('',*,*,#1392,.T.);
#1390=EDGE_CURVE('',#77,#81,#1393,.F.);
#1391=EDGE_CURVE('',#81,#75,#1394,.T.);
#1392=EDGE_CURVE('',#75,#77,#1395,.T.);
#1393=LINE('',#76,#1396);
#1394=LINE('',#80,#1397);
#1395=LINE('',#74,#1398);
#1396=VECTOR('',#1399,1.0);
#1397=VECTOR('',#1400,1.0);
#1398=VECTOR('',#1401,1.0);
#1399=DIRECTION('',(-0.9070640088101211,0,-0.420992736185926));
#1400=DIRECTION('',(0.01237571617120149,0.9999069202886364,0.005743901822330129));
#1401=DIRECTION('',(0,-1,0));
#1402=FACE_SURFACE('',(#1407),#1403,.T.);
#1403=PLANE('',#1404);
#1404=AXIS2_PLACEMENT_3D('',#82,#1405,#1406);
#1405=DIRECTION('',(0,1,-0));
#1406=DIRECTION('',(-0.9981953150660997,0,0.06005091989378613));
#1407=FACE_BOUND('',#1408,.T.);
#1408=EDGE_LOOP('',(#1409,#1410,#1411));
#1409=ORIENTED_EDGE('',*,*,#1412,.T.);
#1410=ORIENTED_EDGE('',*,*,#1413,.T.);
#1411=ORIENTED_EDGE('',*,*,#1414,.T.);
#1412=EDGE_CURVE('',#83,#67,#1415,.F.);
#1413=EDGE_CURVE('',#67,#79,#1416,.T.);
#1414=EDGE_CURVE('',#79,#83,#1417,.T.);
#1415=LINE('',#82,#1418);
#1416=LINE('',#66,#1419);
#1417=LINE('',#78,#1420);
#1418=VECTOR('',#1421,1.0);
#1419=VECTOR('',#1422,1.0);
#1420=VECTOR('',#1423,1.0);
#1421=DIRECTION('',(-0.9981953150660997,0,0.06005091989378613));
#1422=DIRECTION('',(0.9984981066995933,0,-0.05478622926728633));
#1423=DIRECTION('',(-0.9617511225810745,0,-0.27392476743449645));
#1424=FACE_SURFACE('',(#1429),#1425,.T.);
#1425=PLANE('',#1426);
#1426=AXIS2_PLACEMENT_3D('',#84,#1427,#1428);
#1427=DIRECTION('',(0.2739247674344964,0,-0.9617511225810744));
#1428=DIRECTION('',(0,1,0));
#1429=FACE_BOUND('',#1430,.T.);
#1430=EDGE_LOOP('',(#1431,#1432,#1433));
#1431=ORIENTED_EDGE('',*,*,#1434,.T.);
#1432=ORIENTED_EDGE('',*,*,#1435,.T.);
#1433=ORIENTED_EDGE('',*,*,#1436,.T.);
#1434=EDGE_CURVE('',#85,#83,#1437,.F.);
#1435=EDGE_CURVE('',#83,#79,#1438,.T.);
#1436=EDGE_CURVE('',#79,#85,#1439,.T.);
#1437=LINE('',#84,#1440);
#1438=LINE('',#82,#1441);
#1439=LINE('',#78,#1442);
#1440=VECTOR('',#1443,1.0);
#1441=VECTOR('',#1444,1.0);
#1442=VECTOR('',#1445,1.0);
#1443=DIRECTION('',(0,1,0));
#1444=DIRECTION('',(0.9617511225810745,0,0.27392476743449645));
#1445=DIRECTION('',(-0.013122000485841782,-0.9999069181701088,-0.003737391979032031));
#1446=FACE_SURFACE('',(#1451),#1447,.T.);
#1447=PLANE('',#1448);
#1448=AXIS2_PLACEMENT_3D('',#80,#1449,#1450);
#1449=DIRECTION('',(0.2739247674344964,0,-0.9617511225810744));
#1450=DIRECTION('',(-0.9617511225810745,0,-0.27392476743449645));
#1451=FACE_BOUND('',#1452,.T.);
#1452=EDGE_LOOP('',(#1453,#1454,#1455));
#1453=ORIENTED_EDGE('',*,*,#1456,.T.);
#1454=ORIENTED_EDGE('',*,*,#1457,.T.);
#1455=ORIENTED_EDGE('',*,*,#1458,.T.);
#1456=EDGE_CURVE('',#81,#85,#1459,.F.);
#1457=EDGE_CURVE('',#85,#79,#1460,.T.);
#1458=EDGE_CURVE('',#79,#81,#1461,.T.);
#1459=LINE('',#80,#1462);
#1460=LINE('',#84,#1463);
#1461=LINE('',#78,#1464);
#1462=VECTOR('',#1465,1.0);
#1463=VECTOR('',#1466,1.0);
#1464=VECTOR('',#1467,1.0);
#1465=DIRECTION('',(-0.9617511225810745,0,-0.27392476743449645));
#1466=DIRECTION('',(0.013122000485841782,0.9999069181701088,0.003737391979032031));
#1467=DIRECTION('',(0,-1,0));
#1468=FACE_SURFACE('',(#1473),#1469,.T.);
#1469=PLANE('',#1470);
#1470=AXIS2_PLACEMENT_3D('',#86,#1471,#1472);
#1471=DIRECTION('',(0,1,-0));
#1472=DIRECTION('',(-0.9980139277220057,0,0.06299365105226896));
#1473=FACE_BOUND('',#1474,.T.);
#1474=EDGE_LOOP('',(#1475,#1476,#1477));
#1475=ORIENTED_EDGE('',*,*,#1478,.T.);
#1476=ORIENTED_EDGE('',*,*,#1479,.T.);
#1477=ORIENTED_EDGE('',*,*,#1480,.T.);
#1478=EDGE_CURVE('',#87,#67,#1481,.F.);
#1479=EDGE_CURVE('',#67,#83,#1482,.T.);
#1480=EDGE_CURVE('',#83,#87,#1483,.T.);
#1481=LINE('',#86,#1484);
#1482=LINE('',#66,#1485);
#1483=LINE('',#82,#1486);
#1484=VECTOR('',#1487,1.0);
#1485=VECTOR('',#1488,1.0);
#1486=VECTOR('',#1489,1.0);
#1487=DIRECTION('',(-0.9980139277220057,0,0.06299365105226896));
#1488=DIRECTION('',(0.9981953150660997,0,-0.06005091989378613));
#1489=DIRECTION('',(-0.9927644175651936,0,-0.12007835448756732));
#1490=FACE_SURFACE('',(#1495),#1491,.T.);
#1491=PLANE('',#1492);
#1492=AXIS2_PLACEMENT_3D('',#88,#1493,#1494);
#1493=DIRECTION('',(0.1200783544875673,0,-0.9927644175651936));
#1494=DIRECTION('',(0,1,0));
#1495=FACE_BOUND('',#1496,.T.);
#1496=EDGE_LOOP('',(#1497,#1498,#1499));
#1497=ORIENTED_EDGE('',*,*,#1500,.T.);
#1498=ORIENTED_EDGE('',*,*,#1501,.T.);
#1499=ORIENTED_EDGE('',*,*,#1502,.T.);
#1500=EDGE_CURVE('',#89,#87,#1503,.F.);
#1501=EDGE_CURVE('',#87,#83,#1504,.T.);
#1502=EDGE_CURVE('',#83,#89,#1505,.T.);
#1503=LINE('',#88,#1506);
#1504=LINE('',#86,#1507);
#1505=LINE('',#82,#1508);
#1506=VECTOR('',#1509,1.0);
#1507=VECTOR('',#1510,1.0);
#1508=VECTOR('',#1511,1.0);
#1509=DIRECTION('',(0,1,0));
#1510=DIRECTION('',(0.9927644175651936,0,0.12007835448756732));
#1511=DIRECTION('',(-0.013545226611769708,-0.9999069170020868,-0.0016383428877231126));
#1512=FACE_SURFACE('',(#1517),#1513,.T.);
#1513=PLANE('',#1514);
#1514=AXIS2_PLACEMENT_3D('',#84,#1515,#1516);
#1515=DIRECTION('',(0.1200783544875673,0,-0.9927644175651936));
#1516=DIRECTION('',(-0.9927644175651936,0,-0.12007835448756732));
#1517=FACE_BOUND('',#1518,.T.);
#1518=EDGE_LOOP('',(#1519,#1520,#1521));
#1519=ORIENTED_EDGE('',*,*,#1522,.T.);
#1520=ORIENTED_EDGE('',*,*,#1523,.T.);
#1521=ORIENTED_EDGE('',*,*,#1524,.T.);
#1522=EDGE_CURVE('',#85,#89,#1525,.F.);
#1523=EDGE_CURVE('',#89,#83,#1526,.T.);
#1524=EDGE_CURVE('',#83,#85,#1527,.T.);
#1525=LINE('',#84,#1528);
#1526=LINE('',#88,#1529);
#1527=LINE('',#82,#1530);
#1528=VECTOR('',#1531,1.0);
#1529=VECTOR('',#1532,1.0);
#1530=VECTOR('',#1533,1.0);
#1531=DIRECTION('',(-0.9927644175651936,0,-0.12007835448756732));
#1532=DIRECTION('',(0.013545226611769708,0.9999069170020868,0.0016383428877231126));
#1533=DIRECTION('',(0,-1,0));
#1534=FACE_SURFACE('',(#1539),#1535,.T.);
#1535=PLANE('',#1536);
#1536=AXIS2_PLACEMENT_3D('',#90,#1537,#1538);
#1537=DIRECTION('',(-0.0418317366219398,0,0.9991246698041204));
#1538=DIRECTION('',(0.9991246698041204,0,0.0418317366219398));
#1539=FACE_BOUND('',#1540,.T.);
#1540=EDGE_LOOP('',(#1541,#1542,#1543));
#1541=ORIENTED_EDGE('',*,*,#1544,.T.);
#1542=ORIENTED_EDGE('',*,*,#1545,.T.);
#1543=ORIENTED_EDGE('',*,*,#1546,.T.);
#1544=EDGE_CURVE('',#91,#41,#1547,.F.);
#1545=EDGE_CURVE('',#41,#43,#1548,.T.);
#1546=EDGE_CURVE('',#43,#91,#1549,.T.);
#1547=LINE('',#90,#1550);
#1548=LINE('',#40,#1551);
#1549=LINE('',#42,#1552);
#1550=VECTOR('',#1553,1.0);
#1551=VECTOR('',#1554,1.0);
#1552=VECTOR('',#1555,1.0);
#1553=DIRECTION('',(0.9991246698041204,0,0.0418317366219398));
#1554=DIRECTION('',(-0.08655426654417006,0.9962405464461183,-0.003623887379630755));
#1555=DIRECTION('',(0,-1,0));
#1556=FACE_SURFACE('',(#1561),#1557,.T.);
#1557=PLANE('',#1558);
#1558=AXIS2_PLACEMENT_3D('',#44,#1559,#1560);
#1559=DIRECTION('',(-0.7360657579659371,0,0.6769100382990567));
#1560=DIRECTION('',(0.06216846868021399,-0.9957736335495035,0.06760142180143984));
#1561=FACE_BOUND('',#1562,.T.);
#1562=EDGE_LOOP('',(#1563,#1564,#1565));
#1563=ORIENTED_EDGE('',*,*,#1566,.T.);
#1564=ORIENTED_EDGE('',*,*,#1567,.T.);
#1565=ORIENTED_EDGE('',*,*,#1568,.T.);
#1566=EDGE_CURVE('',#45,#91,#1569,.F.);
#1567=EDGE_CURVE('',#91,#43,#1570,.T.);
#1568=EDGE_CURVE('',#43,#45,#1571,.T.);
#1569=LINE('',#44,#1572);
#1570=LINE('',#90,#1573);
#1571=LINE('',#42,#1574);
#1572=VECTOR('',#1575,1.0);
#1573=VECTOR('',#1576,1.0);
#1574=VECTOR('',#1577,1.0);
#1575=DIRECTION('',(0.06216846868021399,-0.9957736335495035,0.06760142180143984));
#1576=DIRECTION('',(0,1,0));
#1577=DIRECTION('',(-0.6769100382990567,0,-0.7360657579659371));
#1578=FACE_SURFACE('',(#1583),#1579,.T.);
#1579=PLANE('',#1580);
#1580=AXIS2_PLACEMENT_3D('',#92,#1581,#1582);
#1581=DIRECTION('',(0.04182934538407312,5.017068095355886E-07,-0.9991247699183964));
#1582=DIRECTION('',(-0.7423194767906974,0.6693250159895576,-0.03107760202724257));
#1583=FACE_BOUND('',#1584,.T.);
#1584=EDGE_LOOP('',(#1585,#1586,#1587));
#1585=ORIENTED_EDGE('',*,*,#1588,.T.);
#1586=ORIENTED_EDGE('',*,*,#1589,.T.);
#1587=ORIENTED_EDGE('',*,*,#1590,.T.);
#1588=EDGE_CURVE('',#93,#95,#1591,.F.);
#1589=EDGE_CURVE('',#95,#87,#1592,.T.);
#1590=EDGE_CURVE('',#87,#93,#1593,.T.);
#1591=LINE('',#92,#1594);
#1592=LINE('',#94,#1595);
#1593=LINE('',#86,#1596);
#1594=VECTOR('',#1597,1.0);
#1595=VECTOR('',#1598,1.0);
#1596=VECTOR('',#1599,1.0);
#1597=DIRECTION('',(-0.7423194767906974,0.6693250159895576,-0.03107760202724257));
#1598=DIRECTION('',(0.999124769918522,0,0.04182934538407838));
#1599=DIRECTION('',(-0.9619603160087417,-0.2702043508768736,-0.0402735544938507));
#1600=FACE_SURFACE('',(#1605),#1601,.T.);
#1601=PLANE('',#1602);
#1602=AXIS2_PLACEMENT_3D('',#96,#1603,#1604);
#1603=DIRECTION('',(0.041829486061573,0,-0.9991247640289098));
#1604=DIRECTION('',(0,1,0));
#1605=FACE_BOUND('',#1606,.T.);
#1606=EDGE_LOOP('',(#1607,#1608,#1609));
#1607=ORIENTED_EDGE('',*,*,#1610,.T.);
#1608=ORIENTED_EDGE('',*,*,#1611,.T.);
#1609=ORIENTED_EDGE('',*,*,#1612,.T.);
#1610=EDGE_CURVE('',#97,#93,#1613,.F.);
#1611=EDGE_CURVE('',#93,#87,#1614,.T.);
#1612=EDGE_CURVE('',#87,#97,#1615,.T.);
#1613=LINE('',#96,#1616);
#1614=LINE('',#92,#1617);
#1615=LINE('',#86,#1618);
#1616=VECTOR('',#1619,1.0);
#1617=VECTOR('',#1620,1.0);
#1618=VECTOR('',#1621,1.0);
#1619=DIRECTION('',(0,1,0));
#1620=DIRECTION('',(0.9619603160087417,0.2702043508768736,0.0402735544938507));
#1621=DIRECTION('',(-0.6222601442053879,-0.7823769077973213,-0.02605162334656989));
#1622=FACE_SURFACE('',(#1627),#1623,.T.);
#1623=PLANE('',#1624);
#1624=AXIS2_PLACEMENT_3D('',#88,#1625,#1626);
#1625=DIRECTION('',(0.041829486061573,0,-0.9991247640289098));
#1626=DIRECTION('',(-0.9619602522186702,0.2702045783752302,-0.04027355182320735));
#1627=FACE_BOUND('',#1628,.T.);
#1628=EDGE_LOOP('',(#1629,#1630,#1631));
#1629=ORIENTED_EDGE('',*,*,#1632,.T.);
#1630=ORIENTED_EDGE('',*,*,#1633,.T.);
#1631=ORIENTED_EDGE('',*,*,#1634,.T.);
#1632=EDGE_CURVE('',#89,#97,#1635,.F.);
#1633=EDGE_CURVE('',#97,#87,#1636,.T.);
#1634=EDGE_CURVE('',#87,#89,#1637,.T.);
#1635=LINE('',#88,#1638);
#1636=LINE('',#96,#1639);
#1637=LINE('',#86,#1640);
#1638=VECTOR('',#1641,1.0);
#1639=VECTOR('',#1642,1.0);
#1640=VECTOR('',#1643,1.0);
#1641=DIRECTION('',(-0.9619602522186702,0.2702045783752302,-0.04027355182320735));
#1642=DIRECTION('',(0.6222601442053879,0.7823769077973213,0.02605162334656989));
#1643=DIRECTION('',(0,-1,0));
#1644=FACE_SURFACE('',(#1649),#1645,.T.);
#1645=PLANE('',#1646);
#1646=AXIS2_PLACEMENT_3D('',#94,#1647,#1648);
#1647=DIRECTION('',(0,1,0));
#1648=DIRECTION('',(0.48432250004252103,0,0.8748895450012888));
#1649=FACE_BOUND('',#1650,.T.);
#1650=EDGE_LOOP('',(#1651,#1652,#1653));
#1651=ORIENTED_EDGE('',*,*,#1654,.T.);
#1652=ORIENTED_EDGE('',*,*,#1655,.T.);
#1653=ORIENTED_EDGE('',*,*,#1656,.T.);
#1654=EDGE_CURVE('',#95,#99,#1657,.F.);
#1655=EDGE_CURVE('',#99,#87,#1658,.T.);
#1656=EDGE_CURVE('',#87,#95,#1659,.T.);
#1657=LINE('',#94,#1660);
#1658=LINE('',#98,#1661);
#1659=LINE('',#86,#1662);
#1660=VECTOR('',#1663,1.0);
#1661=VECTOR('',#1664,1.0);
#1662=VECTOR('',#1665,1.0);
#1663=DIRECTION('',(0.48432250004252103,0,0.8748895450012888));
#1664=DIRECTION('',(0.9997327122288353,0,0.023119344704748565));
#1665=DIRECTION('',(-0.999124769918522,0,-0.04182934538407838));
#1666=FACE_SURFACE('',(#1671),#1667,.T.);
#1667=PLANE('',#1668);
#1668=AXIS2_PLACEMENT_3D('',#98,#1669,#1670);
#1669=DIRECTION('',(0,1,0));
#1670=DIRECTION('',(0.3745602863948952,0,0.9272025624726099));
#1671=FACE_BOUND('',#1672,.T.);
#1672=EDGE_LOOP('',(#1673,#1674,#1675));
#1673=ORIENTED_EDGE('',*,*,#1676,.T.);
#1674=ORIENTED_EDGE('',*,*,#1677,.T.);
#1675=ORIENTED_EDGE('',*,*,#1678,.T.);
#1676=EDGE_CURVE('',#99,#101,#1679,.F.);
#1677=EDGE_CURVE('',#101,#87,#1680,.T.);
#1678=EDGE_CURVE('',#87,#99,#1681,.T.);
#1679=LINE('',#98,#1682);
#1680=LINE('',#100,#1683);
#1681=LINE('',#86,#1684);
#1682=VECTOR('',#1685,1.0);
#1683=VECTOR('',#1686,1.0);
#1684=VECTOR('',#1687,1.0);
#1685=DIRECTION('',(0.3745602863948952,0,0.9272025624726099));
#1686=DIRECTION('',(0.9999960332331218,0,0.002816650141773141));
#1687=DIRECTION('',(-0.9997327122288353,0,-0.023119344704748565));
#1688=FACE_SURFACE('',(#1693),#1689,.T.);
#1689=PLANE('',#1690);
#1690=AXIS2_PLACEMENT_3D('',#100,#1691,#1692);
#1691=DIRECTION('',(0,1,0));
#1692=DIRECTION('',(0.25930275688770854,0,0.9657960862782754));
#1693=FACE_BOUND('',#1694,.T.);
#1694=EDGE_LOOP('',(#1695,#1696,#1697));
#1695=ORIENTED_EDGE('',*,*,#1698,.T.);
#1696=ORIENTED_EDGE('',*,*,#1699,.T.);
#1697=ORIENTED_EDGE('',*,*,#1700,.T.);
#1698=EDGE_CURVE('',#101,#103,#1701,.F.);
#1699=EDGE_CURVE('',#103,#87,#1702,.T.);
#1700=EDGE_CURVE('',#87,#101,#1703,.T.);
#1701=LINE('',#100,#1704);
#1702=LINE('',#102,#1705);
#1703=LINE('',#86,#1706);
#1704=VECTOR('',#1707,1.0);
#1705=VECTOR('',#1708,1.0);
#1706=VECTOR('',#1709,1.0);
#1707=DIRECTION('',(0.25930275688770854,0,0.9657960862782754));
#1708=DIRECTION('',(0.9998262435063068,0,-0.018640890431189328));
#1709=DIRECTION('',(-0.9999960332331218,0,-0.002816650141773141));
#1710=FACE_SURFACE('',(#1715),#1711,.T.);
#1711=PLANE('',#1712);
#1712=AXIS2_PLACEMENT_3D('',#104,#1713,#1714);
#1713=DIRECTION('',(-0,1,0));
#1714=DIRECTION('',(0.019005757215700775,0,0.9998193742835041));
#1715=FACE_BOUND('',#1716,.T.);
#1716=EDGE_LOOP('',(#1717,#1718,#1719));
#1717=ORIENTED_EDGE('',*,*,#1720,.T.);
#1718=ORIENTED_EDGE('',*,*,#1721,.T.);
#1719=ORIENTED_EDGE('',*,*,#1722,.T.);
#1720=EDGE_CURVE('',#105,#67,#1723,.F.);
#1721=EDGE_CURVE('',#67,#87,#1724,.T.);
#1722=EDGE_CURVE('',#87,#105,#1725,.T.);
#1723=LINE('',#104,#1726);
#1724=LINE('',#66,#1727);
#1725=LINE('',#86,#1728);
#1726=VECTOR('',#1729,1.0);
#1727=VECTOR('',#1730,1.0);
#1728=VECTOR('',#1731,1.0);
#1729=DIRECTION('',(0.019005757215700775,0,0.9998193742835041));
#1730=DIRECTION('',(0.9980139277220057,0,-0.06299365105226896));
#1731=DIRECTION('',(-0.9991691595769006,0,0.04075525181360288));
#1732=FACE_SURFACE('',(#1737),#1733,.T.);
#1733=PLANE('',#1734);
#1734=AXIS2_PLACEMENT_3D('',#102,#1735,#1736);
#1735=DIRECTION('',(-0,1,0));
#1736=DIRECTION('',(0.14014227854926484,0,0.9901313760117999));
#1737=FACE_BOUND('',#1738,.T.);
#1738=EDGE_LOOP('',(#1739,#1740,#1741));
#1739=ORIENTED_EDGE('',*,*,#1742,.T.);
#1740=ORIENTED_EDGE('',*,*,#1743,.T.);
#1741=ORIENTED_EDGE('',*,*,#1744,.T.);
#1742=EDGE_CURVE('',#103,#105,#1745,.F.);
#1743=EDGE_CURVE('',#105,#87,#1746,.T.);
#1744=EDGE_CURVE('',#87,#103,#1747,.T.);
#1745=LINE('',#102,#1748);
#1746=LINE('',#104,#1749);
#1747=LINE('',#86,#1750);
#1748=VECTOR('',#1751,1.0);
#1749=VECTOR('',#1752,1.0);
#1750=VECTOR('',#1753,1.0);
#1751=DIRECTION('',(0.14014227854926484,0,0.9901313760117999));
#1752=DIRECTION('',(0.9991691595769006,0,-0.04075525181360288));
#1753=DIRECTION('',(-0.9998262435063068,0,0.018640890431189328));
#1754=FACE_SURFACE('',(#1759),#1755,.T.);
#1755=PLANE('',#1756);
#1756=AXIS2_PLACEMENT_3D('',#106,#1757,#1758);
#1757=DIRECTION('',(-0.9991249720691581,-4.593247957342665E-07,-0.0418245165852905));
#1758=DIRECTION('',(-0.016565666914097606,-0.9182135949028973,0.3957390210924228));
#1759=FACE_BOUND('',#1760,.T.);
#1760=EDGE_LOOP('',(#1761,#1762,#1763));
#1761=ORIENTED_EDGE('',*,*,#1764,.T.);
#1762=ORIENTED_EDGE('',*,*,#1765,.T.);
#1763=ORIENTED_EDGE('',*,*,#1766,.T.);
#1764=EDGE_CURVE('',#107,#109,#1767,.F.);
#1765=EDGE_CURVE('',#109,#45,#1768,.T.);
#1766=EDGE_CURVE('',#45,#107,#1769,.T.);
#1767=LINE('',#106,#1770);
#1768=LINE('',#108,#1771);
#1769=LINE('',#44,#1772);
#1770=VECTOR('',#1773,1.0);
#1771=VECTOR('',#1774,1.0);
#1772=VECTOR('',#1775,1.0);
#1773=DIRECTION('',(-0.016565666914097606,-0.9182135949028973,0.3957390210924228));
#1774=DIRECTION('',(-0.003209583927032182,0.9970520345177052,0.07666119641070052));
#1775=DIRECTION('',(0.0041844844674810994,-0.9949836488254251,-0.09995013086427017));
#1776=FACE_SURFACE('',(#1781),#1777,.T.);
#1777=PLANE('',#1778);
#1778=AXIS2_PLACEMENT_3D('',#108,#1779,#1780);
#1779=DIRECTION('',(-0.9991274972255434,-5.108877371228924E-06,-0.04176415043696099));
#1780=DIRECTION('',(-0.01197322665035986,-0.9579893454715325,0.2865537572718317));
#1781=FACE_BOUND('',#1782,.T.);
#1782=EDGE_LOOP('',(#1783,#1784,#1785));
#1783=ORIENTED_EDGE('',*,*,#1786,.T.);
#1784=ORIENTED_EDGE('',*,*,#1787,.T.);
#1785=ORIENTED_EDGE('',*,*,#1788,.T.);
#1786=EDGE_CURVE('',#109,#111,#1789,.F.);
#1787=EDGE_CURVE('',#111,#45,#1790,.T.);
#1788=EDGE_CURVE('',#45,#109,#1791,.T.);
#1789=LINE('',#108,#1792);
#1790=LINE('',#110,#1793);
#1791=LINE('',#44,#1794);
#1792=VECTOR('',#1795,1.0);
#1793=VECTOR('',#1796,1.0);
#1794=VECTOR('',#1797,1.0);
#1795=DIRECTION('',(-0.01197322665035986,-0.9579893454715325,0.2865537572718317));
#1796=DIRECTION('',(-0.002519490605770026,0.9981860557352518,0.060151893592706215));
#1797=DIRECTION('',(0.003209583927032182,-0.9970520345177052,-0.07666119641070052));
#1798=FACE_SURFACE('',(#1803),#1799,.T.);
#1799=PLANE('',#1800);
#1800=AXIS2_PLACEMENT_3D('',#110,#1801,#1802);
#1801=DIRECTION('',(-0.9991212011162207,3.9673709114887486E-06,-0.04191450183815121));
#1802=DIRECTION('',(-0.007282356000816077,-0.9848074354887381,0.17349721120863165));
#1803=FACE_BOUND('',#1804,.T.);
#1804=EDGE_LOOP('',(#1805,#1806,#1807));
#1805=ORIENTED_EDGE('',*,*,#1808,.T.);
#1806=ORIENTED_EDGE('',*,*,#1809,.T.);
#1807=ORIENTED_EDGE('',*,*,#1810,.T.);
#1808=EDGE_CURVE('',#111,#113,#1811,.F.);
#1809=EDGE_CURVE('',#113,#45,#1812,.T.);
#1810=EDGE_CURVE('',#45,#111,#1813,.T.);
#1811=LINE('',#110,#1814);
#1812=LINE('',#112,#1815);
#1813=LINE('',#44,#1816);
#1814=VECTOR('',#1817,1.0);
#1815=VECTOR('',#1818,1.0);
#1816=VECTOR('',#1819,1.0);
#1817=DIRECTION('',(-0.007282356000816077,-0.9848074354887381,0.17349721120863165));
#1818=DIRECTION('',(-0.002090184916080286,0.9987511056827284,0.04991853387815271));
#1819=DIRECTION('',(0.002519490605770026,-0.9981860557352518,-0.060151893592706215));
#1820=FACE_SURFACE('',(#1825),#1821,.T.);
#1821=PLANE('',#1822);
#1822=AXIS2_PLACEMENT_3D('',#112,#1823,#1824);
#1823=DIRECTION('',(-0.9991264895015683,-2.3538046913030286E-06,-0.04178825158740061));
#1824=DIRECTION('',(-0.002427457043258376,-0.9983081107767859,0.05809495167041329));
#1825=FACE_BOUND('',#1826,.T.);
#1826=EDGE_LOOP('',(#1827,#1828,#1829));
#1827=ORIENTED_EDGE('',*,*,#1830,.T.);
#1828=ORIENTED_EDGE('',*,*,#1831,.T.);
#1829=ORIENTED_EDGE('',*,*,#1832,.T.);
#1830=EDGE_CURVE('',#113,#115,#1833,.F.);
#1831=EDGE_CURVE('',#115,#45,#1834,.T.);
#1832=EDGE_CURVE('',#45,#113,#1835,.T.);
#1833=LINE('',#112,#1836);
#1834=LINE('',#114,#1837);
#1835=LINE('',#44,#1838);
#1836=VECTOR('',#1839,1.0);
#1837=VECTOR('',#1840,1.0);
#1838=VECTOR('',#1841,1.0);
#1839=DIRECTION('',(-0.002427457043258376,-0.9983081107767859,0.05809495167041329));
#1840=DIRECTION('',(-0.0018998383886293722,0.9989685594524872,0.04536747556917361));
#1841=DIRECTION('',(0.002090184916080286,-0.9987511056827284,-0.04991853387815271));
#1842=FACE_SURFACE('',(#1847),#1843,.T.);
#1843=PLANE('',#1844);
#1844=AXIS2_PLACEMENT_3D('',#114,#1845,#1846);
#1845=DIRECTION('',(-0.9991243241940725,0,-0.04183999048443976));
#1846=DIRECTION('',(-0.0017418053504790884,-0.999133089269125,0.04159370194699845));
#1847=FACE_BOUND('',#1848,.T.);
#1848=EDGE_LOOP('',(#1849,#1850,#1851));
#1849=ORIENTED_EDGE('',*,*,#1852,.T.);
#1850=ORIENTED_EDGE('',*,*,#1853,.T.);
#1851=ORIENTED_EDGE('',*,*,#1854,.T.);
#1852=EDGE_CURVE('',#115,#117,#1855,.F.);
#1853=EDGE_CURVE('',#117,#45,#1856,.T.);
#1854=EDGE_CURVE('',#45,#115,#1857,.T.);
#1855=LINE('',#114,#1858);
#1856=LINE('',#116,#1859);
#1857=LINE('',#44,#1860);
#1858=VECTOR('',#1861,1.0);
#1859=VECTOR('',#1862,1.0);
#1860=VECTOR('',#1863,1.0);
#1861=DIRECTION('',(-0.0017418053504790884,-0.999133089269125,0.04159370194699845));
#1862=DIRECTION('',(0,1,0));
#1863=DIRECTION('',(0.0018998383886293722,-0.9989685594524872,-0.04536747556917361));
#1864=FACE_SURFACE('',(#1869),#1865,.T.);
#1865=PLANE('',#1866);
#1866=AXIS2_PLACEMENT_3D('',#118,#1867,#1868);
#1867=DIRECTION('',(-0.99912417145692,7.391450783486E-06,-0.04184363698209538));
#1868=DIRECTION('',(-0.041561575368676024,-0.11609030404873279,0.992368720163401));
#1869=FACE_BOUND('',#1870,.T.);
#1870=EDGE_LOOP('',(#1871,#1872,#1873));
#1871=ORIENTED_EDGE('',*,*,#1874,.T.);
#1872=ORIENTED_EDGE('',*,*,#1875,.T.);
#1873=ORIENTED_EDGE('',*,*,#1876,.T.);
#1874=EDGE_CURVE('',#119,#121,#1877,.F.);
#1875=EDGE_CURVE('',#121,#45,#1878,.T.);
#1876=EDGE_CURVE('',#45,#119,#1879,.T.);
#1877=LINE('',#118,#1880);
#1878=LINE('',#120,#1881);
#1879=LINE('',#44,#1882);
#1880=VECTOR('',#1883,1.0);
#1881=VECTOR('',#1884,1.0);
#1882=VECTOR('',#1885,1.0);
#1883=DIRECTION('',(-0.041561575368676024,-0.11609030404873279,0.992368720163401));
#1884=DIRECTION('',(-0.019845508018152366,0.8802915289518526,0.4740179109138296));
#1885=DIRECTION('',(0.021759206291658967,-0.8540669811694577,-0.5197077338443656));
#1886=FACE_SURFACE('',(#1891),#1887,.T.);
#1887=PLANE('',#1888);
#1888=AXIS2_PLACEMENT_3D('',#120,#1889,#1890);
#1889=DIRECTION('',(-0.999124468928203,3.5599369941473826E-06,-0.04183653398960171));
#1890=DIRECTION('',(-0.040709686584165794,-0.2306116814558304,0.972193897221297));
#1891=FACE_BOUND('',#1892,.T.);
#1892=EDGE_LOOP('',(#1893,#1894,#1895));
#1893=ORIENTED_EDGE('',*,*,#1896,.T.);
#1894=ORIENTED_EDGE('',*,*,#1897,.T.);
#1895=ORIENTED_EDGE('',*,*,#1898,.T.);
#1896=EDGE_CURVE('',#121,#123,#1899,.F.);
#1897=EDGE_CURVE('',#123,#45,#1900,.T.);
#1898=EDGE_CURVE('',#45,#121,#1901,.T.);
#1899=LINE('',#120,#1902);
#1900=LINE('',#122,#1903);
#1901=LINE('',#44,#1904);
#1902=VECTOR('',#1905,1.0);
#1903=VECTOR('',#1906,1.0);
#1904=VECTOR('',#1907,1.0);
#1905=DIRECTION('',(-0.040709686584165794,-0.2306116814558304,0.972193897221297));
#1906=DIRECTION('',(-0.017722278278303964,0.905809726283138,0.4233139031776454));
#1907=DIRECTION('',(0.019845508018152366,-0.8802915289518526,-0.4740179109138296));
#1908=FACE_SURFACE('',(#1913),#1909,.T.);
#1909=PLANE('',#1910);
#1910=AXIS2_PLACEMENT_3D('',#122,#1911,#1912);
#1911=DIRECTION('',(-0.9991251057320955,-3.560961414881877E-06,-0.041821323306997976));
#1912=DIRECTION('',(-0.039297970097307816,-0.34202027146876457,0.938870493439145));
#1913=FACE_BOUND('',#1914,.T.);
#1914=EDGE_LOOP('',(#1915,#1916,#1917));
#1915=ORIENTED_EDGE('',*,*,#1918,.T.);
#1916=ORIENTED_EDGE('',*,*,#1919,.T.);
#1917=ORIENTED_EDGE('',*,*,#1920,.T.);
#1918=EDGE_CURVE('',#123,#125,#1921,.F.);
#1919=EDGE_CURVE('',#125,#45,#1922,.T.);
#1920=EDGE_CURVE('',#45,#123,#1923,.T.);
#1921=LINE('',#122,#1924);
#1922=LINE('',#124,#1925);
#1923=LINE('',#44,#1926);
#1924=VECTOR('',#1927,1.0);
#1925=VECTOR('',#1928,1.0);
#1926=VECTOR('',#1929,1.0);
#1927=DIRECTION('',(-0.039297970097307816,-0.34202027146876457,0.938870493439145));
#1928=DIRECTION('',(-0.015465943562208165,0.9291388596372202,0.36940734169988626));
#1929=DIRECTION('',(0.017722278278303964,-0.905809726283138,-0.4233139031776454));
#1930=FACE_SURFACE('',(#1935),#1931,.T.);
#1931=PLANE('',#1932);
#1932=AXIS2_PLACEMENT_3D('',#124,#1933,#1934);
#1933=DIRECTION('',(-0.9991254134869316,-6.489636801440356E-06,-0.041813969943695864));
#1934=DIRECTION('',(-0.03736333969439847,-0.4488029253985186,0.8928493237946774));
#1935=FACE_BOUND('',#1936,.T.);
#1936=EDGE_LOOP('',(#1937,#1938,#1939));
#1937=ORIENTED_EDGE('',*,*,#1940,.T.);
#1938=ORIENTED_EDGE('',*,*,#1941,.T.);
#1939=ORIENTED_EDGE('',*,*,#1942,.T.);
#1940=EDGE_CURVE('',#125,#127,#1943,.F.);
#1941=EDGE_CURVE('',#127,#45,#1944,.T.);
#1942=EDGE_CURVE('',#45,#125,#1945,.T.);
#1943=LINE('',#124,#1946);
#1944=LINE('',#126,#1947);
#1945=LINE('',#44,#1948);
#1946=VECTOR('',#1949,1.0);
#1947=VECTOR('',#1950,1.0);
#1948=VECTOR('',#1951,1.0);
#1949=DIRECTION('',(-0.03736333969439847,-0.4488029253985186,0.8928493237946774));
#1950=DIRECTION('',(-0.013172160264837631,0.9491344791940507,0.31459535056798854));
#1951=DIRECTION('',(0.015465943562208165,-0.9291388596372202,-0.36940734169988626));
#1952=FACE_SURFACE('',(#1957),#1953,.T.);
#1953=PLANE('',#1954);
#1954=AXIS2_PLACEMENT_3D('',#126,#1955,#1956);
#1955=DIRECTION('',(-0.9991238814373574,5.660124812261945E-06,-0.04185056163914923));
#1956=DIRECTION('',(-0.03496870015188753,-0.549510488362424,0.8347547024062684));
#1957=FACE_BOUND('',#1958,.T.);
#1958=EDGE_LOOP('',(#1959,#1960,#1961));
#1959=ORIENTED_EDGE('',*,*,#1962,.T.);
#1960=ORIENTED_EDGE('',*,*,#1963,.T.);
#1961=ORIENTED_EDGE('',*,*,#1964,.T.);
#1962=EDGE_CURVE('',#127,#129,#1965,.F.);
#1963=EDGE_CURVE('',#129,#45,#1966,.T.);
#1964=EDGE_CURVE('',#45,#127,#1967,.T.);
#1965=LINE('',#126,#1968);
#1966=LINE('',#128,#1969);
#1967=LINE('',#44,#1970);
#1968=VECTOR('',#1971,1.0);
#1969=VECTOR('',#1972,1.0);
#1970=VECTOR('',#1973,1.0);
#1971=DIRECTION('',(-0.03496870015188753,-0.549510488362424,0.8347547024062684));
#1972=DIRECTION('',(-0.010940572129684443,0.9651898243172061,0.2613214627924688));
#1973=DIRECTION('',(0.013172160264837631,-0.9491344791940507,-0.31459535056798854));
#1974=FACE_SURFACE('',(#1979),#1975,.T.);
#1975=PLANE('',#1976);
#1976=AXIS2_PLACEMENT_3D('',#128,#1977,#1978);
#1977=DIRECTION('',(-0.9991245312328939,1.4520003325105309E-06,-0.04183504615202065));
#1978=DIRECTION('',(-0.03204840224050736,-0.6427886039957647,0.765372922494));
#1979=FACE_BOUND('',#1980,.T.);
#1980=EDGE_LOOP('',(#1981,#1982,#1983));
#1981=ORIENTED_EDGE('',*,*,#1984,.T.);
#1982=ORIENTED_EDGE('',*,*,#1985,.T.);
#1983=ORIENTED_EDGE('',*,*,#1986,.T.);
#1984=EDGE_CURVE('',#129,#131,#1987,.F.);
#1985=EDGE_CURVE('',#131,#45,#1988,.T.);
#1986=EDGE_CURVE('',#45,#129,#1989,.T.);
#1987=LINE('',#128,#1990);
#1988=LINE('',#130,#1991);
#1989=LINE('',#44,#1992);
#1990=VECTOR('',#1993,1.0);
#1991=VECTOR('',#1994,1.0);
#1992=VECTOR('',#1995,1.0);
#1993=DIRECTION('',(-0.03204840224050736,-0.6427886039957647,0.765372922494));
#1994=DIRECTION('',(-0.008867366240728062,0.9772709404439228,0.21180858995754454));
#1995=DIRECTION('',(0.010940572129684443,-0.9651898243172061,-0.2613214627924688));
#1996=FACE_SURFACE('',(#2001),#1997,.T.);
#1997=PLANE('',#1998);
#1998=AXIS2_PLACEMENT_3D('',#46,#1999,#2000);
#1999=DIRECTION('',(-0.9991247662025856,2.3221424162117137E-07,-0.04182943414122141));
#2000=DIRECTION('',(-0.031869420983335096,-0.6477108478572152,0.7612194148695068));
#2001=FACE_BOUND('',#2002,.T.);
#2002=EDGE_LOOP('',(#2003,#2004,#2005));
#2003=ORIENTED_EDGE('',*,*,#2006,.T.);
#2004=ORIENTED_EDGE('',*,*,#2007,.T.);
#2005=ORIENTED_EDGE('',*,*,#2008,.T.);
#2006=EDGE_CURVE('',#47,#133,#2009,.F.);
#2007=EDGE_CURVE('',#133,#45,#2010,.T.);
#2008=EDGE_CURVE('',#45,#47,#2011,.T.);
#2009=LINE('',#46,#2012);
#2010=LINE('',#132,#2013);
#2011=LINE('',#44,#2014);
#2012=VECTOR('',#2015,1.0);
#2013=VECTOR('',#2016,1.0);
#2014=VECTOR('',#2017,1.0);
#2015=DIRECTION('',(-0.031869420983335096,-0.6477108478572152,0.7612194148695068));
#2016=DIRECTION('',(-0.024787995579449853,0.8054958385153749,0.5920827724309888));
#2017=DIRECTION('',(0.04182943414122253,0,-0.9991247662026125));
#2018=FACE_SURFACE('',(#2023),#2019,.T.);
#2019=PLANE('',#2020);
#2020=AXIS2_PLACEMENT_3D('',#132,#2021,#2022);
#2021=DIRECTION('',(-0.9991255689094299,-1.3890757279021874E-05,-0.04181025422614464));
#2022=DIRECTION('',(-0.04152916680072499,0.11609140703614988,0.9923699479111631));
#2023=FACE_BOUND('',#2024,.T.);
#2024=EDGE_LOOP('',(#2025,#2026,#2027));
#2025=ORIENTED_EDGE('',*,*,#2028,.T.);
#2026=ORIENTED_EDGE('',*,*,#2029,.T.);
#2027=ORIENTED_EDGE('',*,*,#2030,.T.);
#2028=EDGE_CURVE('',#133,#135,#2031,.F.);
#2029=EDGE_CURVE('',#135,#45,#2032,.T.);
#2030=EDGE_CURVE('',#45,#133,#2033,.T.);
#2031=LINE('',#132,#2034);
#2032=LINE('',#134,#2035);
#2033=LINE('',#44,#2036);
#2034=VECTOR('',#2037,1.0);
#2035=VECTOR('',#2038,1.0);
#2036=VECTOR('',#2039,1.0);
#2037=DIRECTION('',(-0.04152916680072499,0.11609140703614988,0.9923699479111631));
#2038=DIRECTION('',(-0.023413427399675127,0.8286835595427408,0.5592274756849605));
#2039=DIRECTION('',(0.024787995579449853,-0.8054958385153749,-0.5920827724309888));
#2040=FACE_SURFACE('',(#2045),#2041,.T.);
#2041=PLANE('',#2042);
#2042=AXIS2_PLACEMENT_3D('',#134,#2043,#2044);
#2043=DIRECTION('',(-0.9991249813709114,-4.3994769513944005E-06,-0.04182429415089343));
#2044=DIRECTION('',(-0.041824294151298194,0,0.9991249813805807));
#2045=FACE_BOUND('',#2046,.T.);
#2046=EDGE_LOOP('',(#2047,#2048,#2049));
#2047=ORIENTED_EDGE('',*,*,#2050,.T.);
#2048=ORIENTED_EDGE('',*,*,#2051,.T.);
#2049=ORIENTED_EDGE('',*,*,#2052,.T.);
#2050=EDGE_CURVE('',#135,#119,#2053,.F.);
#2051=EDGE_CURVE('',#119,#45,#2054,.T.);
#2052=EDGE_CURVE('',#45,#135,#2055,.T.);
#2053=LINE('',#134,#2056);
#2054=LINE('',#118,#2057);
#2055=LINE('',#44,#2058);
#2056=VECTOR('',#2059,1.0);
#2057=VECTOR('',#2060,1.0);
#2058=VECTOR('',#2061,1.0);
#2059=DIRECTION('',(-0.041824294151298194,0,0.9991249813805807));
#2060=DIRECTION('',(-0.021759206291658967,0.8540669811694577,0.5197077338443656));
#2061=DIRECTION('',(0.023413427399675127,-0.8286835595427408,-0.5592274756849605));
#2062=FACE_SURFACE('',(#2067),#2063,.T.);
#2063=PLANE('',#2064);
#2064=AXIS2_PLACEMENT_3D('',#130,#2065,#2066);
#2065=DIRECTION('',(-0.9991248782532134,-3.4755528816988387E-07,-0.041826757648434035));
#2066=DIRECTION('',(-0.028703147103008874,-0.727370551186934,0.6856443761983314));
#2067=FACE_BOUND('',#2068,.T.);
#2068=EDGE_LOOP('',(#2069,#2070,#2071));
#2069=ORIENTED_EDGE('',*,*,#2072,.T.);
#2070=ORIENTED_EDGE('',*,*,#2073,.T.);
#2071=ORIENTED_EDGE('',*,*,#2074,.T.);
#2072=EDGE_CURVE('',#131,#137,#2075,.F.);
#2073=EDGE_CURVE('',#137,#45,#2076,.T.);
#2074=EDGE_CURVE('',#45,#131,#2077,.T.);
#2075=LINE('',#130,#2078);
#2076=LINE('',#136,#2079);
#2077=LINE('',#44,#2080);
#2078=VECTOR('',#2081,1.0);
#2079=VECTOR('',#2082,1.0);
#2080=VECTOR('',#2083,1.0);
#2081=DIRECTION('',(-0.028703147103008874,-0.727370551186934,0.6856443761983314));
#2082=DIRECTION('',(-0.007024177844623729,0.9857994593814114,0.16777987605468042));
#2083=DIRECTION('',(0.008867366240728062,-0.9772709404439228,-0.21180858995754454));
#2084=FACE_SURFACE('',(#2089),#2085,.T.);
#2085=PLANE('',#2086);
#2086=AXIS2_PLACEMENT_3D('',#136,#2087,#2088);
#2087=DIRECTION('',(-0.9991256307613555,-3.412941755128859E-06,-0.04180877831359461));
#2088=DIRECTION('',(-0.02496347272111395,-0.8021278800434151,0.596630278385835));
#2089=FACE_BOUND('',#2090,.T.);
#2090=EDGE_LOOP('',(#2091,#2092,#2093));
#2091=ORIENTED_EDGE('',*,*,#2094,.T.);
#2092=ORIENTED_EDGE('',*,*,#2095,.T.);
#2093=ORIENTED_EDGE('',*,*,#2096,.T.);
#2094=EDGE_CURVE('',#137,#139,#2097,.F.);
#2095=EDGE_CURVE('',#139,#45,#2098,.T.);
#2096=EDGE_CURVE('',#45,#137,#2099,.T.);
#2097=LINE('',#136,#2100);
#2098=LINE('',#138,#2101);
#2099=LINE('',#44,#2102);
#2100=VECTOR('',#2103,1.0);
#2101=VECTOR('',#2104,1.0);
#2102=VECTOR('',#2105,1.0);
#2103=DIRECTION('',(-0.02496347272111395,-0.8021278800434151,0.596630278385835));
#2104=DIRECTION('',(-0.005457045560678994,0.9914558031409937,0.13032885740232644));
#2105=DIRECTION('',(0.007024177844623729,-0.9857994593814114,-0.16777987605468042));
#2106=FACE_SURFACE('',(#2111),#2107,.T.);
#2107=PLANE('',#2108);
#2108=AXIS2_PLACEMENT_3D('',#138,#2109,#2110);
#2109=DIRECTION('',(-0.9991237837800674,2.396230401421207E-06,-0.041852893320045326));
#2110=DIRECTION('',(-0.02092854317175946,-0.8660250846489587,0.49956235730834614));
#2111=FACE_BOUND('',#2112,.T.);
#2112=EDGE_LOOP('',(#2113,#2114,#2115));
#2113=ORIENTED_EDGE('',*,*,#2116,.T.);
#2114=ORIENTED_EDGE('',*,*,#2117,.T.);
#2115=ORIENTED_EDGE('',*,*,#2118,.T.);
#2116=EDGE_CURVE('',#139,#107,#2119,.F.);
#2117=EDGE_CURVE('',#107,#45,#2120,.T.);
#2118=EDGE_CURVE('',#45,#139,#2121,.T.);
#2119=LINE('',#138,#2122);
#2120=LINE('',#106,#2123);
#2121=LINE('',#44,#2124);
#2122=VECTOR('',#2125,1.0);
#2123=VECTOR('',#2126,1.0);
#2124=VECTOR('',#2127,1.0);
#2125=DIRECTION('',(-0.02092854317175946,-0.8660250846489587,0.49956235730834614));
#2126=DIRECTION('',(-0.0041844844674810994,0.9949836488254251,0.09995013086427017));
#2127=DIRECTION('',(0.005457045560678994,-0.9914558031409937,-0.13032885740232644));
#2128=FACE_SURFACE('',(#2133),#2129,.T.);
#2129=PLANE('',#2130);
#2130=AXIS2_PLACEMENT_3D('',#116,#2131,#2132);
#2131=DIRECTION('',(-0.7360657579659371,0,0.6769100382990567));
#2132=DIRECTION('',(0.6769100382990567,0,0.7360657579659371));
#2133=FACE_BOUND('',#2134,.T.);
#2134=EDGE_LOOP('',(#2135,#2136,#2137));
#2135=ORIENTED_EDGE('',*,*,#2138,.T.);
#2136=ORIENTED_EDGE('',*,*,#2139,.T.);
#2137=ORIENTED_EDGE('',*,*,#2140,.T.);
#2138=EDGE_CURVE('',#117,#91,#2141,.F.);
#2139=EDGE_CURVE('',#91,#45,#2142,.T.);
#2140=EDGE_CURVE('',#45,#117,#2143,.T.);
#2141=LINE('',#116,#2144);
#2142=LINE('',#90,#2145);
#2143=LINE('',#44,#2146);
#2144=VECTOR('',#2147,1.0);
#2145=VECTOR('',#2148,1.0);
#2146=VECTOR('',#2149,1.0);
#2147=DIRECTION('',(0.6769100382990567,0,0.7360657579659371));
#2148=DIRECTION('',(-0.06216846868021399,0.9957736335495035,-0.06760142180143984));
#2149=DIRECTION('',(0,-1,0));
#2150=FACE_SURFACE('',(#2155),#2151,.T.);
#2151=PLANE('',#2152);
#2152=AXIS2_PLACEMENT_3D('',#140,#2153,#2154);
#2153=DIRECTION('',(-0.9991256419256699,1.0259063703537162E-05,-0.041808510394053186));
#2154=DIRECTION('',(-0.0072495646379534115,0.9848090713951057,0.1734892985474032));
#2155=FACE_BOUND('',#2156,.T.);
#2156=EDGE_LOOP('',(#2157,#2158,#2159));
#2157=ORIENTED_EDGE('',*,*,#2160,.T.);
#2158=ORIENTED_EDGE('',*,*,#2161,.T.);
#2159=ORIENTED_EDGE('',*,*,#2162,.T.);
#2160=EDGE_CURVE('',#141,#143,#2163,.F.);
#2161=EDGE_CURVE('',#143,#47,#2164,.T.);
#2162=EDGE_CURVE('',#47,#141,#2165,.T.);
#2163=LINE('',#140,#2166);
#2164=LINE('',#142,#2167);
#2165=LINE('',#46,#2168);
#2166=VECTOR('',#2169,1.0);
#2167=VECTOR('',#2170,1.0);
#2168=VECTOR('',#2171,1.0);
#2169=DIRECTION('',(-0.0072495646379534115,0.9848090713951057,0.1734892985474032));
#2170=DIRECTION('',(0.018910611361817205,0.8919691853817739,-0.45170052148220613));
#2171=DIRECTION('',(-0.018013560743419352,-0.9025250120879149,0.4302605189708347));
#2172=FACE_SURFACE('',(#2177),#2173,.T.);
#2173=PLANE('',#2174);
#2174=AXIS2_PLACEMENT_3D('',#142,#2175,#2176);
#2175=DIRECTION('',(-0.9991242895376955,-6.130247386608385E-06,-0.04184081760930892));
#2176=DIRECTION('',(-0.012006025289075729,0.9579889686944469,0.28655364457027604));
#2177=FACE_BOUND('',#2178,.T.);
#2178=EDGE_LOOP('',(#2179,#2180,#2181));
#2179=ORIENTED_EDGE('',*,*,#2182,.T.);
#2180=ORIENTED_EDGE('',*,*,#2183,.T.);
#2181=ORIENTED_EDGE('',*,*,#2184,.T.);
#2182=EDGE_CURVE('',#143,#145,#2185,.F.);
#2183=EDGE_CURVE('',#145,#47,#2186,.T.);
#2184=EDGE_CURVE('',#47,#143,#2187,.T.);
#2185=LINE('',#142,#2188);
#2186=LINE('',#144,#2189);
#2187=LINE('',#46,#2190);
#2188=VECTOR('',#2191,1.0);
#2189=VECTOR('',#2192,1.0);
#2190=VECTOR('',#2193,1.0);
#2191=DIRECTION('',(-0.012006025289075729,0.9579889686944469,0.28655364457027604));
#2192=DIRECTION('',(0.0199932797240627,0.8783761073091613,-0.4775517593667519));
#2193=DIRECTION('',(-0.018910611361817205,-0.8919691853817739,0.45170052148220613));
#2194=FACE_SURFACE('',(#2199),#2195,.T.);
#2195=PLANE('',#2196);
#2196=AXIS2_PLACEMENT_3D('',#144,#2197,#2198);
#2197=DIRECTION('',(-0.9991248579334345,1.2628697034887642E-06,-0.041827243010978316));
#2198=DIRECTION('',(-0.01656572067579468,0.9182165748445679,0.3957321045596397));
#2199=FACE_BOUND('',#2200,.T.);
#2200=EDGE_LOOP('',(#2201,#2202,#2203));
#2201=ORIENTED_EDGE('',*,*,#2204,.T.);
#2202=ORIENTED_EDGE('',*,*,#2205,.T.);
#2203=ORIENTED_EDGE('',*,*,#2206,.T.);
#2204=EDGE_CURVE('',#145,#147,#2207,.F.);
#2205=EDGE_CURVE('',#147,#47,#2208,.T.);
#2206=EDGE_CURVE('',#47,#145,#2209,.T.);
#2207=LINE('',#144,#2210);
#2208=LINE('',#146,#2211);
#2209=LINE('',#46,#2212);
#2210=VECTOR('',#2213,1.0);
#2211=VECTOR('',#2214,1.0);
#2212=VECTOR('',#2215,1.0);
#2213=DIRECTION('',(-0.01656572067579468,0.9182165748445679,0.3957321045596397));
#2214=DIRECTION('',(0.021239967912313362,0.8614889856270682,-0.5073318355931637));
#2215=DIRECTION('',(-0.0199932797240627,-0.8783761073091613,0.4775517593667519));
#2216=FACE_SURFACE('',(#2221),#2217,.T.);
#2217=PLANE('',#2218);
#2218=AXIS2_PLACEMENT_3D('',#146,#2219,#2220);
#2219=DIRECTION('',(-0.9991255518988295,1.1044809035144142E-05,-0.041810661569406174));
#2220=DIRECTION('',(-0.020895754146807808,0.8660256787328093,0.49956270000272546));
#2221=FACE_BOUND('',#2222,.T.);
#2222=EDGE_LOOP('',(#2223,#2224,#2225));
#2223=ORIENTED_EDGE('',*,*,#2226,.T.);
#2224=ORIENTED_EDGE('',*,*,#2227,.T.);
#2225=ORIENTED_EDGE('',*,*,#2228,.T.);
#2226=EDGE_CURVE('',#147,#149,#2229,.F.);
#2227=EDGE_CURVE('',#149,#47,#2230,.T.);
#2228=EDGE_CURVE('',#47,#147,#2231,.T.);
#2229=LINE('',#146,#2232);
#2230=LINE('',#148,#2233);
#2231=LINE('',#46,#2234);
#2232=VECTOR('',#2235,1.0);
#2233=VECTOR('',#2236,1.0);
#2234=VECTOR('',#2237,1.0);
#2235=DIRECTION('',(-0.020895754146807808,0.8660256787328093,0.49956270000272546));
#2236=DIRECTION('',(0.022617702222392084,0.8411940520520228,-0.5402601283997162));
#2237=DIRECTION('',(-0.021239967912313362,-0.8614889856270682,0.5073318355931637));
#2238=FACE_SURFACE('',(#2243),#2239,.T.);
#2239=PLANE('',#2240);
#2240=AXIS2_PLACEMENT_3D('',#148,#2241,#2242);
#2241=DIRECTION('',(-0.9991241450503099,-1.0576119198009387E-05,-0.04184426681916329));
#2242=DIRECTION('',(-0.02499613344689139,0.802123298044766,0.5966350710832314));
#2243=FACE_BOUND('',#2244,.T.);
#2244=EDGE_LOOP('',(#2245,#2246,#2247));
#2245=ORIENTED_EDGE('',*,*,#2248,.T.);
#2246=ORIENTED_EDGE('',*,*,#2249,.T.);
#2247=ORIENTED_EDGE('',*,*,#2250,.T.);
#2248=EDGE_CURVE('',#149,#151,#2251,.F.);
#2249=EDGE_CURVE('',#151,#47,#2252,.T.);
#2250=EDGE_CURVE('',#47,#149,#2253,.T.);
#2251=LINE('',#148,#2254);
#2252=LINE('',#150,#2255);
#2253=LINE('',#46,#2256);
#2254=VECTOR('',#2257,1.0);
#2255=VECTOR('',#2258,1.0);
#2256=VECTOR('',#2259,1.0);
#2257=DIRECTION('',(-0.02499613344689139,0.802123298044766,0.5966350710832314));
#2258=DIRECTION('',(0.02408442848070732,0.8176050701661356,-0.5752754901291958));
#2259=DIRECTION('',(-0.022617702222392084,-0.8411940520520228,0.5402601283997162));
#2260=FACE_SURFACE('',(#2265),#2261,.T.);
#2261=PLANE('',#2262);
#2262=AXIS2_PLACEMENT_3D('',#150,#2263,#2264);
#2263=DIRECTION('',(-0.9991248422672836,1.1592451364801894E-06,-0.041827617228711186));
#2264=DIRECTION('',(-0.028703147103008874,0.727370551186934,0.6856443761983314));
#2265=FACE_BOUND('',#2266,.T.);
#2266=EDGE_LOOP('',(#2267,#2268,#2269));
#2267=ORIENTED_EDGE('',*,*,#2270,.T.);
#2268=ORIENTED_EDGE('',*,*,#2271,.T.);
#2269=ORIENTED_EDGE('',*,*,#2272,.T.);
#2270=EDGE_CURVE('',#151,#153,#2273,.F.);
#2271=EDGE_CURVE('',#153,#47,#2274,.T.);
#2272=EDGE_CURVE('',#47,#151,#2275,.T.);
#2273=LINE('',#150,#2276);
#2274=LINE('',#152,#2277);
#2275=LINE('',#46,#2278);
#2276=VECTOR('',#2279,1.0);
#2277=VECTOR('',#2280,1.0);
#2278=VECTOR('',#2281,1.0);
#2279=DIRECTION('',(-0.028703147103008874,0.727370551186934,0.6856443761983314));
#2280=DIRECTION('',(0.025584697769834255,0.7911299737080908,-0.6111127456866382));
#2281=DIRECTION('',(-0.02408442848070732,-0.8176050701661356,0.5752754901291958));
#2282=FACE_SURFACE('',(#2287),#2283,.T.);
#2283=PLANE('',#2284);
#2284=AXIS2_PLACEMENT_3D('',#152,#2285,#2286);
#2285=DIRECTION('',(-0.9991245866611563,-3.5648710363036587E-06,-0.0418337222401422));
#2286=DIRECTION('',(-0.03204860339654226,0.642792638543443,0.7653695256898394));
#2287=FACE_BOUND('',#2288,.T.);
#2288=EDGE_LOOP('',(#2289,#2290,#2291));
#2289=ORIENTED_EDGE('',*,*,#2292,.T.);
#2290=ORIENTED_EDGE('',*,*,#2293,.T.);
#2291=ORIENTED_EDGE('',*,*,#2294,.T.);
#2292=EDGE_CURVE('',#153,#155,#2295,.F.);
#2293=EDGE_CURVE('',#155,#47,#2296,.T.);
#2294=EDGE_CURVE('',#47,#153,#2297,.T.);
#2295=LINE('',#152,#2298);
#2296=LINE('',#154,#2299);
#2297=LINE('',#46,#2300);
#2298=VECTOR('',#2301,1.0);
#2299=VECTOR('',#2302,1.0);
#2300=VECTOR('',#2303,1.0);
#2301=DIRECTION('',(-0.03204860339654226,0.642792638543443,0.7653695256898394));
#2302=DIRECTION('',(0.027063694221733204,0.7624901676383964,-0.6464335238134256));
#2303=DIRECTION('',(-0.025584697769834255,-0.7911299737080908,0.6111127456866382));
#2304=FACE_SURFACE('',(#2309),#2305,.T.);
#2305=PLANE('',#2306);
#2306=AXIS2_PLACEMENT_3D('',#154,#2307,#2308);
#2307=DIRECTION('',(-0.9991251612994496,8.093265742640565E-06,-0.04181999513208703));
#2308=DIRECTION('',(-0.03493569738746505,0.5495073566066861,0.8347581458621315));
#2309=FACE_BOUND('',#2310,.T.);
#2310=EDGE_LOOP('',(#2311,#2312,#2313));
#2311=ORIENTED_EDGE('',*,*,#2314,.T.);
#2312=ORIENTED_EDGE('',*,*,#2315,.T.);
#2313=ORIENTED_EDGE('',*,*,#2316,.T.);
#2314=EDGE_CURVE('',#155,#157,#2317,.F.);
#2315=EDGE_CURVE('',#157,#47,#2318,.T.);
#2316=EDGE_CURVE('',#47,#155,#2319,.T.);
#2317=LINE('',#154,#2320);
#2318=LINE('',#156,#2321);
#2319=LINE('',#46,#2322);
#2320=VECTOR('',#2323,1.0);
#2321=VECTOR('',#2324,1.0);
#2322=VECTOR('',#2325,1.0);
#2323=DIRECTION('',(-0.03493569738746505,0.5495073566066861,0.8347581458621315));
#2324=DIRECTION('',(0.028467586639598558,0.7326780021191901,-0.6799798097896357));
#2325=DIRECTION('',(-0.027063694221733204,-0.7624901676383964,0.6464335238134256));
#2326=FACE_SURFACE('',(#2331),#2327,.T.);
#2327=PLANE('',#2328);
#2328=AXIS2_PLACEMENT_3D('',#156,#2329,#2330);
#2329=DIRECTION('',(-0.9991242751114814,-1.1584613482015896E-05,-0.041841160939359974));
#2330=DIRECTION('',(-0.03739582365577777,0.4487990889004592,0.8928498922972572));
#2331=FACE_BOUND('',#2332,.T.);
#2332=EDGE_LOOP('',(#2333,#2334,#2335));
#2333=ORIENTED_EDGE('',*,*,#2336,.T.);
#2334=ORIENTED_EDGE('',*,*,#2337,.T.);
#2335=ORIENTED_EDGE('',*,*,#2338,.T.);
#2336=EDGE_CURVE('',#157,#159,#2339,.F.);
#2337=EDGE_CURVE('',#159,#47,#2340,.T.);
#2338=EDGE_CURVE('',#47,#157,#2341,.T.);
#2339=LINE('',#156,#2342);
#2340=LINE('',#158,#2343);
#2341=LINE('',#46,#2344);
#2342=VECTOR('',#2345,1.0);
#2343=VECTOR('',#2346,1.0);
#2344=VECTOR('',#2347,1.0);
#2345=DIRECTION('',(-0.03739582365577777,0.4487990889004592,0.8928498922972572));
#2346=DIRECTION('',(0.029755197561197502,0.7028470693152142,-0.7107183868263918));
#2347=DIRECTION('',(-0.028467586639598558,-0.7326780021191901,0.6799798097896357));
#2348=FACE_SURFACE('',(#2353),#2349,.T.);
#2349=PLANE('',#2350);
#2350=AXIS2_PLACEMENT_3D('',#160,#2351,#2352);
#2351=DIRECTION('',(-0.9991247428297048,0,-0.041829992415446576));
#2352=DIRECTION('',(-0.016711014044107787,0.9167339022082173,0.39914871232626126));
#2353=FACE_BOUND('',#2354,.T.);
#2354=EDGE_LOOP('',(#2355,#2356,#2357));
#2355=ORIENTED_EDGE('',*,*,#2358,.T.);
#2356=ORIENTED_EDGE('',*,*,#2359,.T.);
#2357=ORIENTED_EDGE('',*,*,#2360,.T.);
#2358=EDGE_CURVE('',#161,#163,#2361,.F.);
#2359=EDGE_CURVE('',#163,#47,#2362,.T.);
#2360=EDGE_CURVE('',#47,#161,#2363,.T.);
#2361=LINE('',#160,#2364);
#2362=LINE('',#162,#2365);
#2363=LINE('',#46,#2366);
#2364=VECTOR('',#2367,1.0);
#2365=VECTOR('',#2368,1.0);
#2366=VECTOR('',#2369,1.0);
#2367=DIRECTION('',(-0.016711014044107787,0.9167339022082173,0.39914871232626126));
#2368=DIRECTION('',(0.016798176434245294,0.9158230246110646,-0.4012306180499257));
#2369=DIRECTION('',(0,-1,0));
#2370=FACE_SURFACE('',(#2375),#2371,.T.);
#2371=PLANE('',#2372);
#2372=AXIS2_PLACEMENT_3D('',#162,#2373,#2374);
#2373=DIRECTION('',(-0.999127824547227,3.233881774933748E-05,-0.04175630694549771));
#2374=DIRECTION('',(0.0024602603195841006,0.9983080307453724,-0.05809494701311257));
#2375=FACE_BOUND('',#2376,.T.);
#2376=EDGE_LOOP('',(#2377,#2378,#2379));
#2377=ORIENTED_EDGE('',*,*,#2380,.T.);
#2378=ORIENTED_EDGE('',*,*,#2381,.T.);
#2379=ORIENTED_EDGE('',*,*,#2382,.T.);
#2380=EDGE_CURVE('',#163,#165,#2383,.F.);
#2381=EDGE_CURVE('',#165,#47,#2384,.T.);
#2382=EDGE_CURVE('',#47,#163,#2385,.T.);
#2383=LINE('',#162,#2386);
#2384=LINE('',#164,#2387);
#2385=LINE('',#46,#2388);
#2386=VECTOR('',#2389,1.0);
#2387=VECTOR('',#2390,1.0);
#2388=VECTOR('',#2391,1.0);
#2389=DIRECTION('',(0.0024602603195841006,0.9983080307453724,-0.05809494701311257));
#2390=DIRECTION('',(0.01730829803315145,0.9103664686200749,-0.41344082482431493));
#2391=DIRECTION('',(-0.016798176434245294,-0.9158230246110646,0.4012306180499257));
#2392=FACE_SURFACE('',(#2397),#2393,.T.);
#2393=PLANE('',#2394);
#2394=AXIS2_PLACEMENT_3D('',#164,#2395,#2396);
#2395=DIRECTION('',(-0.9991225501442481,-2.4992384483069423E-05,-0.04188232525344176));
#2396=DIRECTION('',(-0.0024602603195841006,0.9983080307453724,0.05809494701311257));
#2397=FACE_BOUND('',#2398,.T.);
#2398=EDGE_LOOP('',(#2399,#2400,#2401));
#2399=ORIENTED_EDGE('',*,*,#2402,.T.);
#2400=ORIENTED_EDGE('',*,*,#2403,.T.);
#2401=ORIENTED_EDGE('',*,*,#2404,.T.);
#2402=EDGE_CURVE('',#165,#141,#2405,.F.);
#2403=EDGE_CURVE('',#141,#47,#2406,.T.);
#2404=EDGE_CURVE('',#47,#165,#2407,.T.);
#2405=LINE('',#164,#2408);
#2406=LINE('',#140,#2409);
#2407=LINE('',#46,#2410);
#2408=VECTOR('',#2411,1.0);
#2409=VECTOR('',#2412,1.0);
#2410=VECTOR('',#2413,1.0);
#2411=DIRECTION('',(-0.0024602603195841006,0.9983080307453724,0.05809494701311257));
#2412=DIRECTION('',(0.018013560743419352,0.9025250120879149,-0.4302605189708347));
#2413=DIRECTION('',(-0.01730829803315145,-0.9103664686200749,0.41344082482431493));
#2414=FACE_SURFACE('',(#2419),#2415,.T.);
#2415=PLANE('',#2416);
#2416=AXIS2_PLACEMENT_3D('',#158,#2417,#2418);
#2417=DIRECTION('',(-0.9991250283472848,6.638040530954359E-06,-0.04182317163934325));
#2418=DIRECTION('',(-0.039298575250530536,0.3420255382718336,0.9388685494536181));
#2419=FACE_BOUND('',#2420,.T.);
#2420=EDGE_LOOP('',(#2421,#2422,#2423));
#2421=ORIENTED_EDGE('',*,*,#2424,.T.);
#2422=ORIENTED_EDGE('',*,*,#2425,.T.);
#2423=ORIENTED_EDGE('',*,*,#2426,.T.);
#2424=EDGE_CURVE('',#159,#167,#2427,.F.);
#2425=EDGE_CURVE('',#167,#47,#2428,.T.);
#2426=EDGE_CURVE('',#47,#159,#2429,.T.);
#2427=LINE('',#158,#2430);
#2428=LINE('',#166,#2431);
#2429=LINE('',#46,#2432);
#2430=VECTOR('',#2433,1.0);
#2431=VECTOR('',#2434,1.0);
#2432=VECTOR('',#2435,1.0);
#2433=DIRECTION('',(-0.039298575250530536,0.3420255382718336,0.9388685494536181));
#2434=DIRECTION('',(0.030893993205749665,0.6741720291402605,-0.7379279343599257));
#2435=DIRECTION('',(-0.029755197561197502,-0.7028470693152142,0.7107183868263918));
#2436=FACE_SURFACE('',(#2441),#2437,.T.);
#2437=PLANE('',#2438);
#2438=AXIS2_PLACEMENT_3D('',#166,#2439,#2440);
#2439=DIRECTION('',(-0.9991245273910655,-6.482298693736618E-06,-0.04183513742728668));
#2440=DIRECTION('',(-0.04070903744187049,0.23060800420334368,0.9721947966677805));
#2441=FACE_BOUND('',#2442,.T.);
#2442=EDGE_LOOP('',(#2443,#2444,#2445));
#2443=ORIENTED_EDGE('',*,*,#2446,.T.);
#2444=ORIENTED_EDGE('',*,*,#2447,.T.);
#2445=ORIENTED_EDGE('',*,*,#2448,.T.);
#2446=EDGE_CURVE('',#167,#133,#2449,.F.);
#2447=EDGE_CURVE('',#133,#47,#2450,.T.);
#2448=EDGE_CURVE('',#47,#167,#2451,.T.);
#2449=LINE('',#166,#2452);
#2450=LINE('',#132,#2453);
#2451=LINE('',#46,#2454);
#2452=VECTOR('',#2455,1.0);
#2453=VECTOR('',#2456,1.0);
#2454=VECTOR('',#2457,1.0);
#2455=DIRECTION('',(-0.04070903744187049,0.23060800420334368,0.9721947966677805));
#2456=DIRECTION('',(0.031869420983335096,0.6477108478572152,-0.7612194148695068));
#2457=DIRECTION('',(-0.030893993205749665,-0.6741720291402605,0.7379279343599257));
#2458=FACE_SURFACE('',(#2463),#2459,.T.);
#2459=PLANE('',#2460);
#2460=AXIS2_PLACEMENT_3D('',#168,#2461,#2462);
#2461=DIRECTION('',(-0.041829339994123534,0,0.9991247701441777));
#2462=DIRECTION('',(0,-1,0));
#2463=FACE_BOUND('',#2464,.T.);
#2464=EDGE_LOOP('',(#2465,#2466,#2467));
#2465=ORIENTED_EDGE('',*,*,#2468,.T.);
#2466=ORIENTED_EDGE('',*,*,#2469,.T.);
#2467=ORIENTED_EDGE('',*,*,#2470,.T.);
#2468=EDGE_CURVE('',#169,#171,#2471,.F.);
#2469=EDGE_CURVE('',#171,#47,#2472,.T.);
#2470=EDGE_CURVE('',#47,#169,#2473,.T.);
#2471=LINE('',#168,#2474);
#2472=LINE('',#170,#2475);
#2473=LINE('',#46,#2476);
#2474=VECTOR('',#2477,1.0);
#2475=VECTOR('',#2478,1.0);
#2476=VECTOR('',#2479,1.0);
#2477=DIRECTION('',(0,-1,0));
#2478=DIRECTION('',(0.9733417956810331,0.22571041974071973,0.04074991044027207));
#2479=DIRECTION('',(-0.9991247701441778,0,-0.04182933999412354));
#2480=FACE_SURFACE('',(#2485),#2481,.T.);
#2481=PLANE('',#2482);
#2482=AXIS2_PLACEMENT_3D('',#170,#2483,#2484);
#2483=DIRECTION('',(-0.041829339994123534,0,0.9991247701441777));
#2484=DIRECTION('',(0,-1,0));
#2485=FACE_BOUND('',#2486,.T.);
#2486=EDGE_LOOP('',(#2487,#2488,#2489));
#2487=ORIENTED_EDGE('',*,*,#2490,.T.);
#2488=ORIENTED_EDGE('',*,*,#2491,.T.);
#2489=ORIENTED_EDGE('',*,*,#2492,.T.);
#2490=EDGE_CURVE('',#171,#173,#2493,.F.);
#2491=EDGE_CURVE('',#173,#47,#2494,.T.);
#2492=EDGE_CURVE('',#47,#171,#2495,.T.);
#2493=LINE('',#170,#2496);
#2494=LINE('',#172,#2497);
#2495=LINE('',#46,#2498);
#2496=VECTOR('',#2499,1.0);
#2497=VECTOR('',#2500,1.0);
#2498=VECTOR('',#2501,1.0);
#2499=DIRECTION('',(0,-1,0));
#2500=DIRECTION('',(0.6935110362745148,0.719860708170022,0.029034520805462056));
#2501=DIRECTION('',(-0.9733417956810331,-0.22571041974071973,-0.04074991044027207));
#2502=FACE_SURFACE('',(#2507),#2503,.T.);
#2503=PLANE('',#2504);
#2504=AXIS2_PLACEMENT_3D('',#172,#2505,#2506);
#2505=DIRECTION('',(-0.04182933999412354,0,0.9991247701441778));
#2506=DIRECTION('',(0.9733417506429539,-0.2257106143009065,0.04074990855470864));
#2507=FACE_BOUND('',#2508,.T.);
#2508=EDGE_LOOP('',(#2509,#2510,#2511));
#2509=ORIENTED_EDGE('',*,*,#2512,.T.);
#2510=ORIENTED_EDGE('',*,*,#2513,.T.);
#2511=ORIENTED_EDGE('',*,*,#2514,.T.);
#2512=EDGE_CURVE('',#173,#161,#2515,.F.);
#2513=EDGE_CURVE('',#161,#47,#2516,.T.);
#2514=EDGE_CURVE('',#47,#173,#2517,.T.);
#2515=LINE('',#172,#2518);
#2516=LINE('',#160,#2519);
#2517=LINE('',#46,#2520);
#2518=VECTOR('',#2521,1.0);
#2519=VECTOR('',#2522,1.0);
#2520=VECTOR('',#2523,1.0);
#2521=DIRECTION('',(0.9733417506429539,-0.2257106143009065,0.04074990855470864));
#2522=DIRECTION('',(0,1,0));
#2523=DIRECTION('',(-0.6935110362745148,-0.719860708170022,-0.029034520805462056));
#2524=FACE_SURFACE('',(#2529),#2525,.T.);
#2525=PLANE('',#2526);
#2526=AXIS2_PLACEMENT_3D('',#174,#2527,#2528);
#2527=DIRECTION('',(0,1,-0));
#2528=DIRECTION('',(-0.33912736855029607,0,0.9407404678763169));
#2529=FACE_BOUND('',#2530,.T.);
#2530=EDGE_LOOP('',(#2531,#2532,#2533));
#2531=ORIENTED_EDGE('',*,*,#2534,.T.);
#2532=ORIENTED_EDGE('',*,*,#2535,.T.);
#2533=ORIENTED_EDGE('',*,*,#2536,.T.);
#2534=EDGE_CURVE('',#175,#177,#2537,.F.);
#2535=EDGE_CURVE('',#177,#47,#2538,.T.);
#2536=EDGE_CURVE('',#47,#175,#2539,.T.);
#2537=LINE('',#174,#2540);
#2538=LINE('',#176,#2541);
#2539=LINE('',#46,#2542);
#2540=VECTOR('',#2543,1.0);
#2541=VECTOR('',#2544,1.0);
#2542=VECTOR('',#2545,1.0);
#2543=DIRECTION('',(-0.33912736855029607,0,0.9407404678763169));
#2544=DIRECTION('',(0.9964602861682915,0,0.08406484455113665));
#2545=DIRECTION('',(-0.9942312200042485,0,-0.1072580121429799));
#2546=FACE_SURFACE('',(#2551),#2547,.T.);
#2547=PLANE('',#2548);
#2548=AXIS2_PLACEMENT_3D('',#176,#2549,#2550);
#2549=DIRECTION('',(0,1,-0));
#2550=DIRECTION('',(-0.45073163831525465,0,0.8926595040784848));
#2551=FACE_BOUND('',#2552,.T.);
#2552=EDGE_LOOP('',(#2553,#2554,#2555));
#2553=ORIENTED_EDGE('',*,*,#2556,.T.);
#2554=ORIENTED_EDGE('',*,*,#2557,.T.);
#2555=ORIENTED_EDGE('',*,*,#2558,.T.);
#2556=EDGE_CURVE('',#177,#179,#2559,.F.);
#2557=EDGE_CURVE('',#179,#47,#2560,.T.);
#2558=EDGE_CURVE('',#47,#177,#2561,.T.);
#2559=LINE('',#176,#2562);
#2560=LINE('',#178,#2563);
#2561=LINE('',#46,#2564);
#2562=VECTOR('',#2565,1.0);
#2563=VECTOR('',#2566,1.0);
#2564=VECTOR('',#2567,1.0);
#2565=DIRECTION('',(-0.45073163831525465,0,0.8926595040784848));
#2566=DIRECTION('',(0.9980705839754285,0,0.062089527321015546));
#2567=DIRECTION('',(-0.9964602861682915,0,-0.08406484455113665));
#2568=FACE_SURFACE('',(#2573),#2569,.T.);
#2569=PLANE('',#2570);
#2570=AXIS2_PLACEMENT_3D('',#178,#2571,#2572);
#2571=DIRECTION('',(0,1,-0));
#2572=DIRECTION('',(-0.555754855276331,0,0.8313462220018711));
#2573=FACE_BOUND('',#2574,.T.);
#2574=EDGE_LOOP('',(#2575,#2576,#2577));
#2575=ORIENTED_EDGE('',*,*,#2578,.T.);
#2576=ORIENTED_EDGE('',*,*,#2579,.T.);
#2577=ORIENTED_EDGE('',*,*,#2580,.T.);
#2578=EDGE_CURVE('',#179,#169,#2581,.F.);
#2579=EDGE_CURVE('',#169,#47,#2582,.T.);
#2580=EDGE_CURVE('',#47,#179,#2583,.T.);
#2581=LINE('',#178,#2584);
#2582=LINE('',#168,#2585);
#2583=LINE('',#46,#2586);
#2584=VECTOR('',#2587,1.0);
#2585=VECTOR('',#2588,1.0);
#2586=VECTOR('',#2589,1.0);
#2587=DIRECTION('',(-0.555754855276331,0,0.8313462220018711));
#2588=DIRECTION('',(0.9991247701441778,0,0.04182933999412354));
#2589=DIRECTION('',(-0.9980705839754285,0,-0.062089527321015546));
#2590=FACE_SURFACE('',(#2595),#2591,.T.);
#2591=PLANE('',#2592);
#2592=AXIS2_PLACEMENT_3D('',#66,#2593,#2594);
#2593=DIRECTION('',(0,1,-0));
#2594=DIRECTION('',(-0.10248836407088222,0,0.9947342033076345));
#2595=FACE_BOUND('',#2596,.T.);
#2596=EDGE_LOOP('',(#2597,#2598,#2599));
#2597=ORIENTED_EDGE('',*,*,#2600,.T.);
#2598=ORIENTED_EDGE('',*,*,#2601,.T.);
#2599=ORIENTED_EDGE('',*,*,#2602,.T.);
#2600=EDGE_CURVE('',#67,#181,#2603,.F.);
#2601=EDGE_CURVE('',#181,#47,#2604,.T.);
#2602=EDGE_CURVE('',#47,#67,#2605,.T.);
#2603=LINE('',#66,#2606);
#2604=LINE('',#180,#2607);
#2605=LINE('',#46,#2608);
#2606=VECTOR('',#2609,1.0);
#2607=VECTOR('',#2610,1.0);
#2608=VECTOR('',#2611,1.0);
#2609=DIRECTION('',(-0.10248836407088222,0,0.9947342033076345));
#2610=DIRECTION('',(0.9913684517719881,0,0.1311052738497247));
#2611=DIRECTION('',(-0.987913514585125,0,-0.15500608923544226));
#2612=FACE_SURFACE('',(#2617),#2613,.T.);
#2613=PLANE('',#2614);
#2614=AXIS2_PLACEMENT_3D('',#180,#2615,#2616);
#2615=DIRECTION('',(0,1,-0));
#2616=DIRECTION('',(-0.2224382272197372,0,0.97494678576389));
#2617=FACE_BOUND('',#2618,.T.);
#2618=EDGE_LOOP('',(#2619,#2620,#2621));
#2619=ORIENTED_EDGE('',*,*,#2622,.T.);
#2620=ORIENTED_EDGE('',*,*,#2623,.T.);
#2621=ORIENTED_EDGE('',*,*,#2624,.T.);
#2622=EDGE_CURVE('',#181,#175,#2625,.F.);
#2623=EDGE_CURVE('',#175,#47,#2626,.T.);
#2624=EDGE_CURVE('',#47,#181,#2627,.T.);
#2625=LINE('',#180,#2628);
#2626=LINE('',#174,#2629);
#2627=LINE('',#46,#2630);
#2628=VECTOR('',#2631,1.0);
#2629=VECTOR('',#2632,1.0);
#2630=VECTOR('',#2633,1.0);
#2631=DIRECTION('',(-0.2224382272197372,0,0.97494678576389));
#2632=DIRECTION('',(0.9942312200042485,0,0.1072580121429799));
#2633=DIRECTION('',(-0.9913684517719881,0,-0.1311052738497247));
#2634=FACE_SURFACE('',(#2639),#2635,.T.);
#2635=PLANE('',#2636);
#2636=AXIS2_PLACEMENT_3D('',#182,#2637,#2638);
#2637=DIRECTION('',(-0.9947342033076346,0,-0.10248836407088222));
#2638=DIRECTION('',(-0.01033036997634608,0.9949071610774088,0.10026477094694121));
#2639=FACE_BOUND('',#2640,.T.);
#2640=EDGE_LOOP('',(#2641,#2642,#2643));
#2641=ORIENTED_EDGE('',*,*,#2644,.T.);
#2642=ORIENTED_EDGE('',*,*,#2645,.T.);
#2643=ORIENTED_EDGE('',*,*,#2646,.T.);
#2644=EDGE_CURVE('',#183,#181,#2647,.F.);
#2645=EDGE_CURVE('',#181,#67,#2648,.T.);
#2646=EDGE_CURVE('',#67,#183,#2649,.T.);
#2647=LINE('',#182,#2650);
#2648=LINE('',#180,#2651);
#2649=LINE('',#66,#2652);
#2650=VECTOR('',#2653,1.0);
#2651=VECTOR('',#2654,1.0);
#2652=VECTOR('',#2655,1.0);
#2653=DIRECTION('',(-0.01033036997634608,0.9949071610774088,0.10026477094694121));
#2654=DIRECTION('',(0.10248836407088222,0,-0.9947342033076345));
#2655=DIRECTION('',(0,-1,0));
#2656=FACE_SURFACE('',(#2661),#2657,.T.);
#2657=PLANE('',#2658);
#2658=AXIS2_PLACEMENT_3D('',#184,#2659,#2660);
#2659=DIRECTION('',(-0.9998193742835042,0,0.019005757215700775));
#2660=DIRECTION('',(0.019005757215700775,0,0.9998193742835041));
#2661=FACE_BOUND('',#2662,.T.);
#2662=EDGE_LOOP('',(#2663,#2664,#2665));
#2663=ORIENTED_EDGE('',*,*,#2666,.T.);
#2664=ORIENTED_EDGE('',*,*,#2667,.T.);
#2665=ORIENTED_EDGE('',*,*,#2668,.T.);
#2666=EDGE_CURVE('',#185,#183,#2669,.F.);
#2667=EDGE_CURVE('',#183,#67,#2670,.T.);
#2668=EDGE_CURVE('',#67,#185,#2671,.T.);
#2669=LINE('',#184,#2672);
#2670=LINE('',#182,#2673);
#2671=LINE('',#66,#2674);
#2672=VECTOR('',#2675,1.0);
#2673=VECTOR('',#2676,1.0);
#2674=VECTOR('',#2677,1.0);
#2675=DIRECTION('',(0.019005757215700775,0,0.9998193742835041));
#2676=DIRECTION('',(0,1,0));
#2677=DIRECTION('',(-0.0019157087821941355,-0.9949070905806,-0.10077802921424574));
#2678=FACE_SURFACE('',(#2683),#2679,.T.);
#2679=PLANE('',#2680);
#2680=AXIS2_PLACEMENT_3D('',#104,#2681,#2682);
#2681=DIRECTION('',(-0.9998193742835042,0,0.019005757215700775));
#2682=DIRECTION('',(0,-1,0));
#2683=FACE_BOUND('',#2684,.T.);
#2684=EDGE_LOOP('',(#2685,#2686,#2687));
#2685=ORIENTED_EDGE('',*,*,#2688,.T.);
#2686=ORIENTED_EDGE('',*,*,#2689,.T.);
#2687=ORIENTED_EDGE('',*,*,#2690,.T.);
#2688=EDGE_CURVE('',#105,#185,#2691,.F.);
#2689=EDGE_CURVE('',#185,#67,#2692,.T.);
#2690=EDGE_CURVE('',#67,#105,#2693,.T.);
#2691=LINE('',#104,#2694);
#2692=LINE('',#184,#2695);
#2693=LINE('',#66,#2696);
#2694=VECTOR('',#2697,1.0);
#2695=VECTOR('',#2698,1.0);
#2696=VECTOR('',#2699,1.0);
#2697=DIRECTION('',(0,-1,0));
#2698=DIRECTION('',(0.0019157087821941355,0.9949070905806,0.10077802921424574));
#2699=DIRECTION('',(-0.019005757215700775,0,-0.9998193742835041));
#2700=FACE_SURFACE('',(#2705),#2701,.T.);
#2701=PLANE('',#2702);
#2702=AXIS2_PLACEMENT_3D('',#186,#2703,#2704);
#2703=DIRECTION('',(-0.97494678576389,0,-0.2224382272197372));
#2704=DIRECTION('',(-0.022421020968852762,0.9949070518616301,0.09827133852102637));
#2705=FACE_BOUND('',#2706,.T.);
#2706=EDGE_LOOP('',(#2707,#2708,#2709));
#2707=ORIENTED_EDGE('',*,*,#2710,.T.);
#2708=ORIENTED_EDGE('',*,*,#2711,.T.);
#2709=ORIENTED_EDGE('',*,*,#2712,.T.);
#2710=EDGE_CURVE('',#187,#175,#2713,.F.);
#2711=EDGE_CURVE('',#175,#181,#2714,.T.);
#2712=EDGE_CURVE('',#181,#187,#2715,.T.);
#2713=LINE('',#186,#2716);
#2714=LINE('',#174,#2717);
#2715=LINE('',#180,#2718);
#2716=VECTOR('',#2719,1.0);
#2717=VECTOR('',#2720,1.0);
#2718=VECTOR('',#2721,1.0);
#2719=DIRECTION('',(-0.022421020968852762,0.9949070518616301,0.09827133852102637));
#2720=DIRECTION('',(0.2224382272197372,0,-0.97494678576389));
#2721=DIRECTION('',(0,-1,0));
#2722=FACE_SURFACE('',(#2727),#2723,.T.);
#2723=PLANE('',#2724);
#2724=AXIS2_PLACEMENT_3D('',#182,#2725,#2726);
#2725=DIRECTION('',(-0.9947342033076346,0,-0.10248836407088222));
#2726=DIRECTION('',(-0.10248836407088222,0,0.9947342033076345));
#2727=FACE_BOUND('',#2728,.T.);
#2728=EDGE_LOOP('',(#2729,#2730,#2731));
#2729=ORIENTED_EDGE('',*,*,#2732,.T.);
#2730=ORIENTED_EDGE('',*,*,#2733,.T.);
#2731=ORIENTED_EDGE('',*,*,#2734,.T.);
#2732=EDGE_CURVE('',#183,#187,#2735,.F.);
#2733=EDGE_CURVE('',#187,#181,#2736,.T.);
#2734=EDGE_CURVE('',#181,#183,#2737,.T.);
#2735=LINE('',#182,#2738);
#2736=LINE('',#186,#2739);
#2737=LINE('',#180,#2740);
#2738=VECTOR('',#2741,1.0);
#2739=VECTOR('',#2742,1.0);
#2740=VECTOR('',#2743,1.0);
#2741=DIRECTION('',(-0.10248836407088222,0,0.9947342033076345));
#2742=DIRECTION('',(0,1,0));
#2743=DIRECTION('',(0.01033036997634608,-0.9949071610774088,-0.10026477094694121));
#2744=FACE_SURFACE('',(#2749),#2745,.T.);
#2745=PLANE('',#2746);
#2746=AXIS2_PLACEMENT_3D('',#188,#2747,#2748);
#2747=DIRECTION('',(-0.9901313760117999,0,0.14014227854926484));
#2748=DIRECTION('',(0.14014227854926484,0,0.9901313760117999));
#2749=FACE_BOUND('',#2750,.T.);
#2750=EDGE_LOOP('',(#2751,#2752,#2753));
#2751=ORIENTED_EDGE('',*,*,#2754,.T.);
#2752=ORIENTED_EDGE('',*,*,#2755,.T.);
#2753=ORIENTED_EDGE('',*,*,#2756,.T.);
#2754=EDGE_CURVE('',#189,#185,#2757,.F.);
#2755=EDGE_CURVE('',#185,#105,#2758,.T.);
#2756=EDGE_CURVE('',#105,#189,#2759,.T.);
#2757=LINE('',#188,#2760);
#2758=LINE('',#184,#2761);
#2759=LINE('',#104,#2762);
#2760=VECTOR('',#2763,1.0);
#2761=VECTOR('',#2764,1.0);
#2762=VECTOR('',#2765,1.0);
#2763=DIRECTION('',(0.14014227854926484,0,0.9901313760117999));
#2764=DIRECTION('',(0,1,0));
#2765=DIRECTION('',(-0.014125643115288605,-0.9949072142083685,-0.09980030722759849));
#2766=FACE_SURFACE('',(#2771),#2767,.T.);
#2767=PLANE('',#2768);
#2768=AXIS2_PLACEMENT_3D('',#102,#2769,#2770);
#2769=DIRECTION('',(-0.9901313760117999,0,0.14014227854926484));
#2770=DIRECTION('',(0,-1,0));
#2771=FACE_BOUND('',#2772,.T.);
#2772=EDGE_LOOP('',(#2773,#2774,#2775));
#2773=ORIENTED_EDGE('',*,*,#2776,.T.);
#2774=ORIENTED_EDGE('',*,*,#2777,.T.);
#2775=ORIENTED_EDGE('',*,*,#2778,.T.);
#2776=EDGE_CURVE('',#103,#189,#2779,.F.);
#2777=EDGE_CURVE('',#189,#105,#2780,.T.);
#2778=EDGE_CURVE('',#105,#103,#2781,.T.);
#2779=LINE('',#102,#2782);
#2780=LINE('',#188,#2783);
#2781=LINE('',#104,#2784);
#2782=VECTOR('',#2785,1.0);
#2783=VECTOR('',#2786,1.0);
#2784=VECTOR('',#2787,1.0);
#2785=DIRECTION('',(0,-1,0));
#2786=DIRECTION('',(0.014125643115288605,0.9949072142083685,0.09980030722759849));
#2787=DIRECTION('',(-0.14014227854926484,0,-0.9901313760117999));
#2788=FACE_SURFACE('',(#2793),#2789,.T.);
#2789=PLANE('',#2790);
#2790=AXIS2_PLACEMENT_3D('',#190,#2791,#2792);
#2791=DIRECTION('',(-0.9407404678763169,0,-0.33912736855029607));
#2792=DIRECTION('',(-0.03418275096977647,0.9949070939179383,0.09482306685559622));
#2793=FACE_BOUND('',#2794,.T.);
#2794=EDGE_LOOP('',(#2795,#2796,#2797));
#2795=ORIENTED_EDGE('',*,*,#2798,.T.);
#2796=ORIENTED_EDGE('',*,*,#2799,.T.);
#2797=ORIENTED_EDGE('',*,*,#2800,.T.);
#2798=EDGE_CURVE('',#191,#177,#2801,.F.);
#2799=EDGE_CURVE('',#177,#175,#2802,.T.);
#2800=EDGE_CURVE('',#175,#191,#2803,.T.);
#2801=LINE('',#190,#2804);
#2802=LINE('',#176,#2805);
#2803=LINE('',#174,#2806);
#2804=VECTOR('',#2807,1.0);
#2805=VECTOR('',#2808,1.0);
#2806=VECTOR('',#2809,1.0);
#2807=DIRECTION('',(-0.03418275096977647,0.9949070939179383,0.09482306685559622));
#2808=DIRECTION('',(0.33912736855029607,0,-0.9407404678763169));
#2809=DIRECTION('',(0,-1,0));
#2810=FACE_SURFACE('',(#2815),#2811,.T.);
#2811=PLANE('',#2812);
#2812=AXIS2_PLACEMENT_3D('',#186,#2813,#2814);
#2813=DIRECTION('',(-0.97494678576389,0,-0.2224382272197372));
#2814=DIRECTION('',(-0.2224382272197372,0,0.97494678576389));
#2815=FACE_BOUND('',#2816,.T.);
#2816=EDGE_LOOP('',(#2817,#2818,#2819));
#2817=ORIENTED_EDGE('',*,*,#2820,.T.);
#2818=ORIENTED_EDGE('',*,*,#2821,.T.);
#2819=ORIENTED_EDGE('',*,*,#2822,.T.);
#2820=EDGE_CURVE('',#187,#191,#2823,.F.);
#2821=EDGE_CURVE('',#191,#175,#2824,.T.);
#2822=EDGE_CURVE('',#175,#187,#2825,.T.);
#2823=LINE('',#186,#2826);
#2824=LINE('',#190,#2827);
#2825=LINE('',#174,#2828);
#2826=VECTOR('',#2829,1.0);
#2827=VECTOR('',#2830,1.0);
#2828=VECTOR('',#2831,1.0);
#2829=DIRECTION('',(-0.2224382272197372,0,0.97494678576389));
#2830=DIRECTION('',(0,1,0));
#2831=DIRECTION('',(0.022421020968852762,-0.9949070518616301,-0.09827133852102637));
#2832=FACE_SURFACE('',(#2837),#2833,.T.);
#2833=PLANE('',#2834);
#2834=AXIS2_PLACEMENT_3D('',#192,#2835,#2836);
#2835=DIRECTION('',(-0.9657960862782753,0,0.2593027568877085));
#2836=DIRECTION('',(0.25930275688770854,0,0.9657960862782754));
#2837=FACE_BOUND('',#2838,.T.);
#2838=EDGE_LOOP('',(#2839,#2840,#2841));
#2839=ORIENTED_EDGE('',*,*,#2842,.T.);
#2840=ORIENTED_EDGE('',*,*,#2843,.T.);
#2841=ORIENTED_EDGE('',*,*,#2844,.T.);
#2842=EDGE_CURVE('',#193,#189,#2845,.F.);
#2843=EDGE_CURVE('',#189,#103,#2846,.T.);
#2844=EDGE_CURVE('',#103,#193,#2847,.T.);
#2845=LINE('',#192,#2848);
#2846=LINE('',#188,#2849);
#2847=LINE('',#102,#2850);
#2848=VECTOR('',#2851,1.0);
#2849=VECTOR('',#2852,1.0);
#2850=VECTOR('',#2853,1.0);
#2851=DIRECTION('',(0.25930275688770854,0,0.9657960862782754));
#2852=DIRECTION('',(0,1,0));
#2853=DIRECTION('',(-0.026136773642817808,-0.994907078130168,-0.0973487285486365));
#2854=FACE_SURFACE('',(#2859),#2855,.T.);
#2855=PLANE('',#2856);
#2856=AXIS2_PLACEMENT_3D('',#100,#2857,#2858);
#2857=DIRECTION('',(-0.9657960862782753,0,0.2593027568877085));
#2858=DIRECTION('',(0,-1,0));
#2859=FACE_BOUND('',#2860,.T.);
#2860=EDGE_LOOP('',(#2861,#2862,#2863));
#2861=ORIENTED_EDGE('',*,*,#2864,.T.);
#2862=ORIENTED_EDGE('',*,*,#2865,.T.);
#2863=ORIENTED_EDGE('',*,*,#2866,.T.);
#2864=EDGE_CURVE('',#101,#193,#2867,.F.);
#2865=EDGE_CURVE('',#193,#103,#2868,.T.);
#2866=EDGE_CURVE('',#103,#101,#2869,.T.);
#2867=LINE('',#100,#2870);
#2868=LINE('',#192,#2871);
#2869=LINE('',#102,#2872);
#2870=VECTOR('',#2873,1.0);
#2871=VECTOR('',#2874,1.0);
#2872=VECTOR('',#2875,1.0);
#2873=DIRECTION('',(0,-1,0));
#2874=DIRECTION('',(0.026136773642817808,0.994907078130168,0.0973487285486365));
#2875=DIRECTION('',(-0.25930275688770854,0,-0.9657960862782754));
#2876=FACE_SURFACE('',(#2881),#2877,.T.);
#2877=PLANE('',#2878);
#2878=AXIS2_PLACEMENT_3D('',#194,#2879,#2880);
#2879=DIRECTION('',(-0.8926595040784848,0,-0.4507316383152546));
#2880=DIRECTION('',(-0.045431223009850634,0.9949072770056804,0.08997507508733447));
#2881=FACE_BOUND('',#2882,.T.);
#2882=EDGE_LOOP('',(#2883,#2884,#2885));
#2883=ORIENTED_EDGE('',*,*,#2886,.T.);
#2884=ORIENTED_EDGE('',*,*,#2887,.T.);
#2885=ORIENTED_EDGE('',*,*,#2888,.T.);
#2886=EDGE_CURVE('',#195,#179,#2889,.F.);
#2887=EDGE_CURVE('',#179,#177,#2890,.T.);
#2888=EDGE_CURVE('',#177,#195,#2891,.T.);
#2889=LINE('',#194,#2892);
#2890=LINE('',#178,#2893);
#2891=LINE('',#176,#2894);
#2892=VECTOR('',#2895,1.0);
#2893=VECTOR('',#2896,1.0);
#2894=VECTOR('',#2897,1.0);
#2895=DIRECTION('',(-0.045431223009850634,0.9949072770056804,0.08997507508733447));
#2896=DIRECTION('',(0.45073163831525465,0,-0.8926595040784848));
#2897=DIRECTION('',(0,-1,0));
#2898=FACE_SURFACE('',(#2903),#2899,.T.);
#2899=PLANE('',#2900);
#2900=AXIS2_PLACEMENT_3D('',#190,#2901,#2902);
#2901=DIRECTION('',(-0.9407404678763169,0,-0.33912736855029607));
#2902=DIRECTION('',(-0.33912736855029607,0,0.9407404678763169));
#2903=FACE_BOUND('',#2904,.T.);
#2904=EDGE_LOOP('',(#2905,#2906,#2907));
#2905=ORIENTED_EDGE('',*,*,#2908,.T.);
#2906=ORIENTED_EDGE('',*,*,#2909,.T.);
#2907=ORIENTED_EDGE('',*,*,#2910,.T.);
#2908=EDGE_CURVE('',#191,#195,#2911,.F.);
#2909=EDGE_CURVE('',#195,#177,#2912,.T.);
#2910=EDGE_CURVE('',#177,#191,#2913,.T.);
#2911=LINE('',#190,#2914);
#2912=LINE('',#194,#2915);
#2913=LINE('',#176,#2916);
#2914=VECTOR('',#2917,1.0);
#2915=VECTOR('',#2918,1.0);
#2916=VECTOR('',#2919,1.0);
#2917=DIRECTION('',(-0.33912736855029607,0,0.9407404678763169));
#2918=DIRECTION('',(0,1,0));
#2919=DIRECTION('',(0.03418275096977647,-0.9949070939179383,-0.09482306685559622));
#2920=FACE_SURFACE('',(#2925),#2921,.T.);
#2921=PLANE('',#2922);
#2922=AXIS2_PLACEMENT_3D('',#196,#2923,#2924);
#2923=DIRECTION('',(-0.9272025624726099,0,0.3745602863948952));
#2924=DIRECTION('',(0.3745602863948952,0,0.9272025624726099));
#2925=FACE_BOUND('',#2926,.T.);
#2926=EDGE_LOOP('',(#2927,#2928,#2929));
#2927=ORIENTED_EDGE('',*,*,#2930,.T.);
#2928=ORIENTED_EDGE('',*,*,#2931,.T.);
#2929=ORIENTED_EDGE('',*,*,#2932,.T.);
#2930=EDGE_CURVE('',#197,#193,#2933,.F.);
#2931=EDGE_CURVE('',#193,#101,#2934,.T.);
#2932=EDGE_CURVE('',#101,#197,#2935,.T.);
#2933=LINE('',#196,#2936);
#2934=LINE('',#192,#2937);
#2935=LINE('',#100,#2938);
#2936=VECTOR('',#2939,1.0);
#2937=VECTOR('',#2940,1.0);
#2938=VECTOR('',#2941,1.0);
#2939=DIRECTION('',(0.3745602863948952,0,0.9272025624726099));
#2940=DIRECTION('',(0,1,0));
#2941=DIRECTION('',(-0.037753924700809835,-0.994907183132849,-0.09345768090609279));
#2942=FACE_SURFACE('',(#2947),#2943,.T.);
#2943=PLANE('',#2944);
#2944=AXIS2_PLACEMENT_3D('',#98,#2945,#2946);
#2945=DIRECTION('',(-0.9272025624726099,0,0.3745602863948952));
#2946=DIRECTION('',(0,-1,0));
#2947=FACE_BOUND('',#2948,.T.);
#2948=EDGE_LOOP('',(#2949,#2950,#2951));
#2949=ORIENTED_EDGE('',*,*,#2952,.T.);
#2950=ORIENTED_EDGE('',*,*,#2953,.T.);
#2951=ORIENTED_EDGE('',*,*,#2954,.T.);
#2952=EDGE_CURVE('',#99,#197,#2955,.F.);
#2953=EDGE_CURVE('',#197,#101,#2956,.T.);
#2954=EDGE_CURVE('',#101,#99,#2957,.T.);
#2955=LINE('',#98,#2958);
#2956=LINE('',#196,#2959);
#2957=LINE('',#100,#2960);
#2958=VECTOR('',#2961,1.0);
#2959=VECTOR('',#2962,1.0);
#2960=VECTOR('',#2963,1.0);
#2961=DIRECTION('',(0,-1,0));
#2962=DIRECTION('',(0.037753924700809835,0.994907183132849,0.09345768090609279));
#2963=DIRECTION('',(-0.3745602863948952,0,-0.9272025624726099));
#2964=FACE_SURFACE('',(#2969),#2965,.T.);
#2965=PLANE('',#2966);
#2966=AXIS2_PLACEMENT_3D('',#198,#2967,#2968);
#2967=DIRECTION('',(-0.8313462220018711,0,-0.555754855276331));
#2968=DIRECTION('',(-0.05601821420125853,0.9949070510459809,0.08379689407545017));
#2969=FACE_BOUND('',#2970,.T.);
#2970=EDGE_LOOP('',(#2971,#2972,#2973));
#2971=ORIENTED_EDGE('',*,*,#2974,.T.);
#2972=ORIENTED_EDGE('',*,*,#2975,.T.);
#2973=ORIENTED_EDGE('',*,*,#2976,.T.);
#2974=EDGE_CURVE('',#199,#169,#2977,.F.);
#2975=EDGE_CURVE('',#169,#179,#2978,.T.);
#2976=EDGE_CURVE('',#179,#199,#2979,.T.);
#2977=LINE('',#198,#2980);
#2978=LINE('',#168,#2981);
#2979=LINE('',#178,#2982);
#2980=VECTOR('',#2983,1.0);
#2981=VECTOR('',#2984,1.0);
#2982=VECTOR('',#2985,1.0);
#2983=DIRECTION('',(-0.05601821420125853,0.9949070510459809,0.08379689407545017));
#2984=DIRECTION('',(0.555754855276331,0,-0.8313462220018711));
#2985=DIRECTION('',(0,-1,0));
#2986=FACE_SURFACE('',(#2991),#2987,.T.);
#2987=PLANE('',#2988);
#2988=AXIS2_PLACEMENT_3D('',#194,#2989,#2990);
#2989=DIRECTION('',(-0.8926595040784848,0,-0.4507316383152546));
#2990=DIRECTION('',(-0.45073163831525465,0,0.8926595040784848));
#2991=FACE_BOUND('',#2992,.T.);
#2992=EDGE_LOOP('',(#2993,#2994,#2995));
#2993=ORIENTED_EDGE('',*,*,#2996,.T.);
#2994=ORIENTED_EDGE('',*,*,#2997,.T.);
#2995=ORIENTED_EDGE('',*,*,#2998,.T.);
#2996=EDGE_CURVE('',#195,#199,#2999,.F.);
#2997=EDGE_CURVE('',#199,#179,#3000,.T.);
#2998=EDGE_CURVE('',#179,#195,#3001,.T.);
#2999=LINE('',#194,#3002);
#3000=LINE('',#198,#3003);
#3001=LINE('',#178,#3004);
#3002=VECTOR('',#3005,1.0);
#3003=VECTOR('',#3006,1.0);
#3004=VECTOR('',#3007,1.0);
#3005=DIRECTION('',(-0.45073163831525465,0,0.8926595040784848));
#3006=DIRECTION('',(0,1,0));
#3007=DIRECTION('',(0.045431223009850634,-0.9949072770056804,-0.08997507508733447));
#3008=FACE_SURFACE('',(#3013),#3009,.T.);
#3009=PLANE('',#3010);
#3010=AXIS2_PLACEMENT_3D('',#200,#3011,#3012);
#3011=DIRECTION('',(-0.8748895450012889,0,0.48432250004252103));
#3012=DIRECTION('',(0.48432250004252103,0,0.8748895450012888));
#3013=FACE_BOUND('',#3014,.T.);
#3014=EDGE_LOOP('',(#3015,#3016,#3017));
#3015=ORIENTED_EDGE('',*,*,#3018,.T.);
#3016=ORIENTED_EDGE('',*,*,#3019,.T.);
#3017=ORIENTED_EDGE('',*,*,#3020,.T.);
#3018=EDGE_CURVE('',#201,#197,#3021,.F.);
#3019=EDGE_CURVE('',#197,#99,#3022,.T.);
#3020=EDGE_CURVE('',#99,#201,#3023,.T.);
#3021=LINE('',#200,#3024);
#3022=LINE('',#196,#3025);
#3023=LINE('',#98,#3026);
#3024=VECTOR('',#3027,1.0);
#3025=VECTOR('',#3028,1.0);
#3026=VECTOR('',#3029,1.0);
#3027=DIRECTION('',(0.48432250004252103,0,0.8748895450012888));
#3028=DIRECTION('',(0,1,0));
#3029=DIRECTION('',(-0.048818041434615274,-0.9949070578201754,-0.08818585561239643));
#3030=FACE_SURFACE('',(#3035),#3031,.T.);
#3031=PLANE('',#3032);
#3032=AXIS2_PLACEMENT_3D('',#94,#3033,#3034);
#3033=DIRECTION('',(-0.8748895450012889,0,0.48432250004252103));
#3034=DIRECTION('',(0,-1,0));
#3035=FACE_BOUND('',#3036,.T.);
#3036=EDGE_LOOP('',(#3037,#3038,#3039));
#3037=ORIENTED_EDGE('',*,*,#3040,.T.);
#3038=ORIENTED_EDGE('',*,*,#3041,.T.);
#3039=ORIENTED_EDGE('',*,*,#3042,.T.);
#3040=EDGE_CURVE('',#95,#201,#3043,.F.);
#3041=EDGE_CURVE('',#201,#99,#3044,.T.);
#3042=EDGE_CURVE('',#99,#95,#3045,.T.);
#3043=LINE('',#94,#3046);
#3044=LINE('',#200,#3047);
#3045=LINE('',#98,#3048);
#3046=VECTOR('',#3049,1.0);
#3047=VECTOR('',#3050,1.0);
#3048=VECTOR('',#3051,1.0);
#3049=DIRECTION('',(0,-1,0));
#3050=DIRECTION('',(0.048818041434615274,0.9949070578201754,0.08818585561239643));
#3051=DIRECTION('',(-0.48432250004252103,0,-0.8748895450012888));
#3052=FACE_SURFACE('',(#3057),#3053,.T.);
#3053=PLANE('',#3054);
#3054=AXIS2_PLACEMENT_3D('',#198,#3055,#3056);
#3055=DIRECTION('',(-0.8313462220018711,0,-0.555754855276331));
#3056=DIRECTION('',(-0.555754855276331,0,0.8313462220018711));
#3057=FACE_BOUND('',#3058,.T.);
#3058=EDGE_LOOP('',(#3059,#3060,#3061));
#3059=ORIENTED_EDGE('',*,*,#3062,.T.);
#3060=ORIENTED_EDGE('',*,*,#3063,.T.);
#3061=ORIENTED_EDGE('',*,*,#3064,.T.);
#3062=EDGE_CURVE('',#199,#171,#3065,.F.);
#3063=EDGE_CURVE('',#171,#169,#3066,.T.);
#3064=EDGE_CURVE('',#169,#199,#3067,.T.);
#3065=LINE('',#198,#3068);
#3066=LINE('',#170,#3069);
#3067=LINE('',#168,#3070);
#3068=VECTOR('',#3071,1.0);
#3069=VECTOR('',#3072,1.0);
#3070=VECTOR('',#3073,1.0);
#3071=DIRECTION('',(-0.555754855276331,0,0.8313462220018711));
#3072=DIRECTION('',(0,1,0));
#3073=DIRECTION('',(0.05601821420125853,-0.9949070510459809,-0.08379689407545017));
#3074=FACE_SURFACE('',(#3079),#3075,.T.);
#3075=PLANE('',#3076);
#3076=AXIS2_PLACEMENT_3D('',#92,#3077,#3078);
#3077=DIRECTION('',(0.04182889380307799,0,-0.9991247888243043));
#3078=DIRECTION('',(-0.9991247888243044,0,-0.04182889380307799));
#3079=FACE_BOUND('',#3080,.T.);
#3080=EDGE_LOOP('',(#3081,#3082,#3083));
#3081=ORIENTED_EDGE('',*,*,#3084,.T.);
#3082=ORIENTED_EDGE('',*,*,#3085,.T.);
#3083=ORIENTED_EDGE('',*,*,#3086,.T.);
#3084=EDGE_CURVE('',#93,#201,#3087,.F.);
#3085=EDGE_CURVE('',#201,#95,#3088,.T.);
#3086=EDGE_CURVE('',#95,#93,#3089,.T.);
#3087=LINE('',#92,#3090);
#3088=LINE('',#200,#3091);
#3089=LINE('',#94,#3092);
#3090=VECTOR('',#3093,1.0);
#3091=VECTOR('',#3094,1.0);
#3092=VECTOR('',#3095,1.0);
#3093=DIRECTION('',(-0.9991247888243044,0,-0.04182889380307799));
#3094=DIRECTION('',(0,1,0));
#3095=DIRECTION('',(0.7423194767906974,-0.6693250159895576,0.03107760202724257));
#3096=FACE_SURFACE('',(#3101),#3097,.T.);
#3097=PLANE('',#3098);
#3098=AXIS2_PLACEMENT_3D('',#202,#3099,#3100);
#3099=DIRECTION('',(0,1,-0));
#3100=DIRECTION('',(-0.9993156388972918,0,-0.03698991558922087));
#3101=FACE_BOUND('',#3102,.T.);
#3102=EDGE_LOOP('',(#3103,#3104,#3105));
#3103=ORIENTED_EDGE('',*,*,#3106,.T.);
#3104=ORIENTED_EDGE('',*,*,#3107,.T.);
#3105=ORIENTED_EDGE('',*,*,#3108,.T.);
#3106=EDGE_CURVE('',#203,#201,#3109,.F.);
#3107=EDGE_CURVE('',#201,#93,#3110,.T.);
#3108=EDGE_CURVE('',#93,#203,#3111,.T.);
#3109=LINE('',#202,#3112);
#3110=LINE('',#200,#3113);
#3111=LINE('',#92,#3114);
#3112=VECTOR('',#3115,1.0);
#3113=VECTOR('',#3116,1.0);
#3114=VECTOR('',#3117,1.0);
#3115=DIRECTION('',(-0.9993156388972918,0,-0.03698991558922087));
#3116=DIRECTION('',(0.9991247888243044,0,0.04182889380307799));
#3117=DIRECTION('',(-0.9962167147775326,0,-0.08690372372838875));
#3118=FACE_SURFACE('',(#3123),#3119,.T.);
#3119=PLANE('',#3120);
#3120=AXIS2_PLACEMENT_3D('',#96,#3121,#3122);
#3121=DIRECTION('',(0.08690372372838875,0,-0.9962167147775326));
#3122=DIRECTION('',(-0.030799657798248743,0.999521966916046,-0.0026867697685896));
#3123=FACE_BOUND('',#3124,.T.);
#3124=EDGE_LOOP('',(#3125,#3126,#3127));
#3125=ORIENTED_EDGE('',*,*,#3128,.T.);
#3126=ORIENTED_EDGE('',*,*,#3129,.T.);
#3127=ORIENTED_EDGE('',*,*,#3130,.T.);
#3128=EDGE_CURVE('',#97,#203,#3131,.F.);
#3129=EDGE_CURVE('',#203,#93,#3132,.T.);
#3130=EDGE_CURVE('',#93,#97,#3133,.T.);
#3131=LINE('',#96,#3134);
#3132=LINE('',#202,#3135);
#3133=LINE('',#92,#3136);
#3134=VECTOR('',#3137,1.0);
#3135=VECTOR('',#3138,1.0);
#3136=VECTOR('',#3139,1.0);
#3137=DIRECTION('',(-0.030799657798248743,0.999521966916046,-0.0026867697685896));
#3138=DIRECTION('',(0.9962167147775326,0,0.08690372372838875));
#3139=DIRECTION('',(0,-1,0));
#3140=FACE_SURFACE('',(#3145),#3141,.T.);
#3141=PLANE('',#3142);
#3142=AXIS2_PLACEMENT_3D('',#204,#3143,#3144);
#3143=DIRECTION('',(0,1,-0));
#3144=DIRECTION('',(-0.9997957264151031,0,-0.020211517560448516));
#3145=FACE_BOUND('',#3146,.T.);
#3146=EDGE_LOOP('',(#3147,#3148,#3149));
#3147=ORIENTED_EDGE('',*,*,#3150,.T.);
#3148=ORIENTED_EDGE('',*,*,#3151,.T.);
#3149=ORIENTED_EDGE('',*,*,#3152,.T.);
#3150=EDGE_CURVE('',#205,#201,#3153,.F.);
#3151=EDGE_CURVE('',#201,#203,#3154,.T.);
#3152=EDGE_CURVE('',#203,#205,#3155,.T.);
#3153=LINE('',#204,#3156);
#3154=LINE('',#200,#3157);
#3155=LINE('',#202,#3158);
#3156=VECTOR('',#3159,1.0);
#3157=VECTOR('',#3160,1.0);
#3158=VECTOR('',#3161,1.0);
#3159=DIRECTION('',(-0.9997957264151031,0,-0.020211517560448516));
#3160=DIRECTION('',(0.9993156388972918,0,0.03698991558922087));
#3161=DIRECTION('',(-0.9843112537799079,0,-0.17644079936971988));
#3162=FACE_SURFACE('',(#3167),#3163,.T.);
#3163=PLANE('',#3164);
#3164=AXIS2_PLACEMENT_3D('',#206,#3165,#3166);
#3165=DIRECTION('',(0.17644079936971985,0,-0.9843112537799078));
#3166=DIRECTION('',(-0.030431950229502052,0.999521955317382,-0.005455020050063837));
#3167=FACE_BOUND('',#3168,.T.);
#3168=EDGE_LOOP('',(#3169,#3170,#3171));
#3169=ORIENTED_EDGE('',*,*,#3172,.T.);
#3170=ORIENTED_EDGE('',*,*,#3173,.T.);
#3171=ORIENTED_EDGE('',*,*,#3174,.T.);
#3172=EDGE_CURVE('',#207,#205,#3175,.F.);
#3173=EDGE_CURVE('',#205,#203,#3176,.T.);
#3174=EDGE_CURVE('',#203,#207,#3177,.T.);
#3175=LINE('',#206,#3178);
#3176=LINE('',#204,#3179);
#3177=LINE('',#202,#3180);
#3178=VECTOR('',#3181,1.0);
#3179=VECTOR('',#3182,1.0);
#3180=VECTOR('',#3183,1.0);
#3181=DIRECTION('',(-0.030431950229502052,0.999521955317382,-0.005455020050063837));
#3182=DIRECTION('',(0.9843112537799079,0,0.17644079936971988));
#3183=DIRECTION('',(0,-1,0));
#3184=FACE_SURFACE('',(#3189),#3185,.T.);
#3185=PLANE('',#3186);
#3186=AXIS2_PLACEMENT_3D('',#96,#3187,#3188);
#3187=DIRECTION('',(0.08690372372838875,0,-0.9962167147775326));
#3188=DIRECTION('',(-0.9962167147775326,0,-0.08690372372838875));
#3189=FACE_BOUND('',#3190,.T.);
#3190=EDGE_LOOP('',(#3191,#3192,#3193));
#3191=ORIENTED_EDGE('',*,*,#3194,.T.);
#3192=ORIENTED_EDGE('',*,*,#3195,.T.);
#3193=ORIENTED_EDGE('',*,*,#3196,.T.);
#3194=EDGE_CURVE('',#97,#207,#3197,.F.);
#3195=EDGE_CURVE('',#207,#203,#3198,.T.);
#3196=EDGE_CURVE('',#203,#97,#3199,.T.);
#3197=LINE('',#96,#3200);
#3198=LINE('',#206,#3201);
#3199=LINE('',#202,#3202);
#3200=VECTOR('',#3203,1.0);
#3201=VECTOR('',#3204,1.0);
#3202=VECTOR('',#3205,1.0);
#3203=DIRECTION('',(-0.9962167147775326,0,-0.08690372372838875));
#3204=DIRECTION('',(0,1,0));
#3205=DIRECTION('',(0.030799657798248743,-0.999521966916046,0.0026867697685896));
#3206=FACE_SURFACE('',(#3211),#3207,.T.);
#3207=PLANE('',#3208);
#3208=AXIS2_PLACEMENT_3D('',#208,#3209,#3210);
#3209=DIRECTION('',(0,1,-0));
#3210=DIRECTION('',(-0.9999150598058082,0,0.013033540330510211));
#3211=FACE_BOUND('',#3212,.T.);
#3212=EDGE_LOOP('',(#3213,#3214,#3215));
#3213=ORIENTED_EDGE('',*,*,#3216,.T.);
#3214=ORIENTED_EDGE('',*,*,#3217,.T.);
#3215=ORIENTED_EDGE('',*,*,#3218,.T.);
#3216=EDGE_CURVE('',#209,#201,#3219,.F.);
#3217=EDGE_CURVE('',#201,#205,#3220,.T.);
#3218=EDGE_CURVE('',#205,#209,#3221,.T.);
#3219=LINE('',#208,#3222);
#3220=LINE('',#200,#3223);
#3221=LINE('',#204,#3224);
#3222=VECTOR('',#3225,1.0);
#3223=VECTOR('',#3226,1.0);
#3224=VECTOR('',#3227,1.0);
#3225=DIRECTION('',(-0.9999150598058082,0,0.013033540330510211));
#3226=DIRECTION('',(0.9997957264151031,0,0.020211517560448516));
#3227=DIRECTION('',(-0.9643762327561608,0,-0.264534462206789));
#3228=FACE_SURFACE('',(#3233),#3229,.T.);
#3229=PLANE('',#3230);
#3230=AXIS2_PLACEMENT_3D('',#210,#3231,#3232);
#3231=DIRECTION('',(0.264534462206789,0,-0.9643762327561608));
#3232=DIRECTION('',(-0.029815622797960465,0.9995219552020048,-0.008178612738803586));
#3233=FACE_BOUND('',#3234,.T.);
#3234=EDGE_LOOP('',(#3235,#3236,#3237));
#3235=ORIENTED_EDGE('',*,*,#3238,.T.);
#3236=ORIENTED_EDGE('',*,*,#3239,.T.);
#3237=ORIENTED_EDGE('',*,*,#3240,.T.);
#3238=EDGE_CURVE('',#211,#209,#3241,.F.);
#3239=EDGE_CURVE('',#209,#205,#3242,.T.);
#3240=EDGE_CURVE('',#205,#211,#3243,.T.);
#3241=LINE('',#210,#3244);
#3242=LINE('',#208,#3245);
#3243=LINE('',#204,#3246);
#3244=VECTOR('',#3247,1.0);
#3245=VECTOR('',#3248,1.0);
#3246=VECTOR('',#3249,1.0);
#3247=DIRECTION('',(-0.029815622797960465,0.9995219552020048,-0.008178612738803586));
#3248=DIRECTION('',(0.9643762327561608,0,0.264534462206789));
#3249=DIRECTION('',(0,-1,0));
#3250=FACE_SURFACE('',(#3255),#3251,.T.);
#3251=PLANE('',#3252);
#3252=AXIS2_PLACEMENT_3D('',#206,#3253,#3254);
#3253=DIRECTION('',(0.17644079936971985,0,-0.9843112537799078));
#3254=DIRECTION('',(-0.9843112537799079,0,-0.17644079936971988));
#3255=FACE_BOUND('',#3256,.T.);
#3256=EDGE_LOOP('',(#3257,#3258,#3259));
#3257=ORIENTED_EDGE('',*,*,#3260,.T.);
#3258=ORIENTED_EDGE('',*,*,#3261,.T.);
#3259=ORIENTED_EDGE('',*,*,#3262,.T.);
#3260=EDGE_CURVE('',#207,#211,#3263,.F.);
#3261=EDGE_CURVE('',#211,#205,#3264,.T.);
#3262=EDGE_CURVE('',#205,#207,#3265,.T.);
#3263=LINE('',#206,#3266);
#3264=LINE('',#210,#3267);
#3265=LINE('',#204,#3268);
#3266=VECTOR('',#3269,1.0);
#3267=VECTOR('',#3270,1.0);
#3268=VECTOR('',#3271,1.0);
#3269=DIRECTION('',(-0.9843112537799079,0,-0.17644079936971988));
#3270=DIRECTION('',(0,1,0));
#3271=DIRECTION('',(0.030431950229502052,-0.999521955317382,0.005455020050063837));
#3272=FACE_SURFACE('',(#3277),#3273,.T.);
#3273=PLANE('',#3274);
#3274=AXIS2_PLACEMENT_3D('',#212,#3275,#3276);
#3275=DIRECTION('',(0,1,-0));
#3276=DIRECTION('',(-0.9975996535393322,0,0.06924544214751169));
#3277=FACE_BOUND('',#3278,.T.);
#3278=EDGE_LOOP('',(#3279,#3280,#3281));
#3279=ORIENTED_EDGE('',*,*,#3282,.T.);
#3280=ORIENTED_EDGE('',*,*,#3283,.T.);
#3281=ORIENTED_EDGE('',*,*,#3284,.T.);
#3282=EDGE_CURVE('',#213,#201,#3285,.F.);
#3283=EDGE_CURVE('',#201,#209,#3286,.T.);
#3284=EDGE_CURVE('',#209,#213,#3287,.T.);
#3285=LINE('',#212,#3288);
#3286=LINE('',#200,#3289);
#3287=LINE('',#208,#3290);
#3288=VECTOR('',#3291,1.0);
#3289=VECTOR('',#3292,1.0);
#3290=VECTOR('',#3293,1.0);
#3291=DIRECTION('',(-0.9975996535393322,0,0.06924544214751169));
#3292=DIRECTION('',(0.9999150598058082,0,-0.013033540330510211));
#3293=DIRECTION('',(-0.9365747225287947,0,-0.3504679573372027));
#3294=FACE_SURFACE('',(#3299),#3295,.T.);
#3295=PLANE('',#3296);
#3296=AXIS2_PLACEMENT_3D('',#214,#3297,#3298);
#3297=DIRECTION('',(0.3504679573372027,0,-0.9365747225287946));
#3298=DIRECTION('',(-0.0289558984439822,0.9995219613112702,-0.01083534963780098));
#3299=FACE_BOUND('',#3300,.T.);
#3300=EDGE_LOOP('',(#3301,#3302,#3303));
#3301=ORIENTED_EDGE('',*,*,#3304,.T.);
#3302=ORIENTED_EDGE('',*,*,#3305,.T.);
#3303=ORIENTED_EDGE('',*,*,#3306,.T.);
#3304=EDGE_CURVE('',#215,#213,#3307,.F.);
#3305=EDGE_CURVE('',#213,#209,#3308,.T.);
#3306=EDGE_CURVE('',#209,#215,#3309,.T.);
#3307=LINE('',#214,#3310);
#3308=LINE('',#212,#3311);
#3309=LINE('',#208,#3312);
#3310=VECTOR('',#3313,1.0);
#3311=VECTOR('',#3314,1.0);
#3312=VECTOR('',#3315,1.0);
#3313=DIRECTION('',(-0.0289558984439822,0.9995219613112702,-0.01083534963780098));
#3314=DIRECTION('',(0.9365747225287947,0,0.3504679573372027));
#3315=DIRECTION('',(0,-1,0));
#3316=FACE_SURFACE('',(#3321),#3317,.T.);
#3317=PLANE('',#3318);
#3318=AXIS2_PLACEMENT_3D('',#210,#3319,#3320);
#3319=DIRECTION('',(0.264534462206789,0,-0.9643762327561608));
#3320=DIRECTION('',(-0.9643762327561608,0,-0.264534462206789));
#3321=FACE_BOUND('',#3322,.T.);
#3322=EDGE_LOOP('',(#3323,#3324,#3325));
#3323=ORIENTED_EDGE('',*,*,#3326,.T.);
#3324=ORIENTED_EDGE('',*,*,#3327,.T.);
#3325=ORIENTED_EDGE('',*,*,#3328,.T.);
#3326=EDGE_CURVE('',#211,#215,#3329,.F.);
#3327=EDGE_CURVE('',#215,#209,#3330,.T.);
#3328=EDGE_CURVE('',#209,#211,#3331,.T.);
#3329=LINE('',#210,#3332);
#3330=LINE('',#214,#3333);
#3331=LINE('',#208,#3334);
#3332=VECTOR('',#3335,1.0);
#3333=VECTOR('',#3336,1.0);
#3334=VECTOR('',#3337,1.0);
#3335=DIRECTION('',(-0.9643762327561608,0,-0.264534462206789));
#3336=DIRECTION('',(0,1,0));
#3337=DIRECTION('',(0.029815622797960465,-0.9995219552020048,0.008178612738803586));
#3338=FACE_SURFACE('',(#3343),#3339,.T.);
#3339=PLANE('',#3340);
#3340=AXIS2_PLACEMENT_3D('',#216,#3341,#3342);
#3341=DIRECTION('',(0,1,-0));
#3342=DIRECTION('',(-0.9875802425198322,0,0.15711544985923356));
#3343=FACE_BOUND('',#3344,.T.);
#3344=EDGE_LOOP('',(#3345,#3346,#3347));
#3345=ORIENTED_EDGE('',*,*,#3348,.T.);
#3346=ORIENTED_EDGE('',*,*,#3349,.T.);
#3347=ORIENTED_EDGE('',*,*,#3350,.T.);
#3348=EDGE_CURVE('',#217,#201,#3351,.F.);
#3349=EDGE_CURVE('',#201,#213,#3352,.T.);
#3350=EDGE_CURVE('',#213,#217,#3353,.T.);
#3351=LINE('',#216,#3354);
#3352=LINE('',#200,#3355);
#3353=LINE('',#212,#3356);
#3354=VECTOR('',#3357,1.0);
#3355=VECTOR('',#3358,1.0);
#3356=VECTOR('',#3359,1.0);
#3357=DIRECTION('',(-0.9875802425198322,0,0.15711544985923356));
#3358=DIRECTION('',(0.9975996535393322,0,-0.06924544214751169));
#3359=DIRECTION('',(-0.9011318624338869,0,-0.4335451147302141));
#3360=FACE_SURFACE('',(#3365),#3361,.T.);
#3361=PLANE('',#3362);
#3362=AXIS2_PLACEMENT_3D('',#218,#3363,#3364);
#3363=DIRECTION('',(0.43354511473021407,0,-0.9011318624338868));
#3364=DIRECTION('',(-0.02786008919068472,0.999521962315103,-0.013403815876564428));
#3365=FACE_BOUND('',#3366,.T.);
#3366=EDGE_LOOP('',(#3367,#3368,#3369));
#3367=ORIENTED_EDGE('',*,*,#3370,.T.);
#3368=ORIENTED_EDGE('',*,*,#3371,.T.);
#3369=ORIENTED_EDGE('',*,*,#3372,.T.);
#3370=EDGE_CURVE('',#219,#217,#3373,.F.);
#3371=EDGE_CURVE('',#217,#213,#3374,.T.);
#3372=EDGE_CURVE('',#213,#219,#3375,.T.);
#3373=LINE('',#218,#3376);
#3374=LINE('',#216,#3377);
#3375=LINE('',#212,#3378);
#3376=VECTOR('',#3379,1.0);
#3377=VECTOR('',#3380,1.0);
#3378=VECTOR('',#3381,1.0);
#3379=DIRECTION('',(-0.02786008919068472,0.999521962315103,-0.013403815876564428));
#3380=DIRECTION('',(0.9011318624338869,0,0.4335451147302141));
#3381=DIRECTION('',(0,-1,0));
#3382=FACE_SURFACE('',(#3387),#3383,.T.);
#3383=PLANE('',#3384);
#3384=AXIS2_PLACEMENT_3D('',#214,#3385,#3386);
#3385=DIRECTION('',(0.3504679573372027,0,-0.9365747225287946));
#3386=DIRECTION('',(-0.9365747225287947,0,-0.3504679573372027));
#3387=FACE_BOUND('',#3388,.T.);
#3388=EDGE_LOOP('',(#3389,#3390,#3391));
#3389=ORIENTED_EDGE('',*,*,#3392,.T.);
#3390=ORIENTED_EDGE('',*,*,#3393,.T.);
#3391=ORIENTED_EDGE('',*,*,#3394,.T.);
#3392=EDGE_CURVE('',#215,#219,#3395,.F.);
#3393=EDGE_CURVE('',#219,#213,#3396,.T.);
#3394=EDGE_CURVE('',#213,#215,#3397,.T.);
#3395=LINE('',#214,#3398);
#3396=LINE('',#218,#3399);
#3397=LINE('',#212,#3400);
#3398=VECTOR('',#3401,1.0);
#3399=VECTOR('',#3402,1.0);
#3400=VECTOR('',#3403,1.0);
#3401=DIRECTION('',(-0.9365747225287947,0,-0.3504679573372027));
#3402=DIRECTION('',(0,1,0));
#3403=DIRECTION('',(0.0289558984439822,-0.9995219613112702,0.01083534963780098));
#3404=FACE_SURFACE('',(#3409),#3405,.T.);
#3405=PLANE('',#3406);
#3406=AXIS2_PLACEMENT_3D('',#220,#3407,#3408);
#3407=DIRECTION('',(0,1,-0));
#3408=DIRECTION('',(-0.9583266273935097,0,0.2856747717747946));
#3409=FACE_BOUND('',#3410,.T.);
#3410=EDGE_LOOP('',(#3411,#3412,#3413));
#3411=ORIENTED_EDGE('',*,*,#3414,.T.);
#3412=ORIENTED_EDGE('',*,*,#3415,.T.);
#3413=ORIENTED_EDGE('',*,*,#3416,.T.);
#3414=EDGE_CURVE('',#221,#201,#3417,.F.);
#3415=EDGE_CURVE('',#201,#217,#3418,.T.);
#3416=EDGE_CURVE('',#217,#221,#3419,.T.);
#3417=LINE('',#220,#3420);
#3418=LINE('',#200,#3421);
#3419=LINE('',#216,#3422);
#3420=VECTOR('',#3423,1.0);
#3421=VECTOR('',#3424,1.0);
#3422=VECTOR('',#3425,1.0);
#3423=DIRECTION('',(-0.9583266273935097,0,0.2856747717747946));
#3424=DIRECTION('',(0.9875802425198322,0,-0.15711544985923356));
#3425=DIRECTION('',(-0.8583399283878131,0,-0.5130814431795441));
#3426=FACE_SURFACE('',(#3431),#3427,.T.);
#3427=PLANE('',#3428);
#3428=AXIS2_PLACEMENT_3D('',#222,#3429,#3430);
#3429=DIRECTION('',(0.5130814431795441,0,-0.8583399283878131));
#3430=DIRECTION('',(-0.026537596293713994,0.9995219444548147,-0.01586311874185931));
#3431=FACE_BOUND('',#3432,.T.);
#3432=EDGE_LOOP('',(#3433,#3434,#3435));
#3433=ORIENTED_EDGE('',*,*,#3436,.T.);
#3434=ORIENTED_EDGE('',*,*,#3437,.T.);
#3435=ORIENTED_EDGE('',*,*,#3438,.T.);
#3436=EDGE_CURVE('',#223,#221,#3439,.F.);
#3437=EDGE_CURVE('',#221,#217,#3440,.T.);
#3438=EDGE_CURVE('',#217,#223,#3441,.T.);
#3439=LINE('',#222,#3442);
#3440=LINE('',#220,#3443);
#3441=LINE('',#216,#3444);
#3442=VECTOR('',#3445,1.0);
#3443=VECTOR('',#3446,1.0);
#3444=VECTOR('',#3447,1.0);
#3445=DIRECTION('',(-0.026537596293713994,0.9995219444548147,-0.01586311874185931));
#3446=DIRECTION('',(0.8583399283878131,0,0.5130814431795441));
#3447=DIRECTION('',(0,-1,0));
#3448=FACE_SURFACE('',(#3453),#3449,.T.);
#3449=PLANE('',#3450);
#3450=AXIS2_PLACEMENT_3D('',#218,#3451,#3452);
#3451=DIRECTION('',(0.43354511473021407,0,-0.9011318624338868));
#3452=DIRECTION('',(-0.9011318624338869,0,-0.4335451147302141));
#3453=FACE_BOUND('',#3454,.T.);
#3454=EDGE_LOOP('',(#3455,#3456,#3457));
#3455=ORIENTED_EDGE('',*,*,#3458,.T.);
#3456=ORIENTED_EDGE('',*,*,#3459,.T.);
#3457=ORIENTED_EDGE('',*,*,#3460,.T.);
#3458=EDGE_CURVE('',#219,#223,#3461,.F.);
#3459=EDGE_CURVE('',#223,#217,#3462,.T.);
#3460=EDGE_CURVE('',#217,#219,#3463,.T.);
#3461=LINE('',#218,#3464);
#3462=LINE('',#222,#3465);
#3463=LINE('',#216,#3466);
#3464=VECTOR('',#3467,1.0);
#3465=VECTOR('',#3468,1.0);
#3466=VECTOR('',#3469,1.0);
#3467=DIRECTION('',(-0.9011318624338869,0,-0.4335451147302141));
#3468=DIRECTION('',(0,1,0));
#3469=DIRECTION('',(0.02786008919068472,-0.999521962315103,0.013403815876564428));
#3470=FACE_SURFACE('',(#3475),#3471,.T.);
#3471=PLANE('',#3472);
#3472=AXIS2_PLACEMENT_3D('',#224,#3473,#3474);
#3473=DIRECTION('',(0,1,-0));
#3474=DIRECTION('',(-0.8898577731675296,0,0.4562380338522046));
#3475=FACE_BOUND('',#3476,.T.);
#3476=EDGE_LOOP('',(#3477,#3478,#3479));
#3477=ORIENTED_EDGE('',*,*,#3480,.T.);
#3478=ORIENTED_EDGE('',*,*,#3481,.T.);
#3479=ORIENTED_EDGE('',*,*,#3482,.T.);
#3480=EDGE_CURVE('',#225,#201,#3483,.F.);
#3481=EDGE_CURVE('',#201,#221,#3484,.T.);
#3482=EDGE_CURVE('',#221,#225,#3485,.T.);
#3483=LINE('',#224,#3486);
#3484=LINE('',#200,#3487);
#3485=LINE('',#220,#3488);
#3486=VECTOR('',#3489,1.0);
#3487=VECTOR('',#3490,1.0);
#3488=VECTOR('',#3491,1.0);
#3489=DIRECTION('',(-0.8898577731675296,0,0.4562380338522046));
#3490=DIRECTION('',(0.9583266273935097,0,-0.2856747717747946));
#3491=DIRECTION('',(-0.8085453682514143,0,-0.588433842907752));
#3492=FACE_SURFACE('',(#3497),#3493,.T.);
#3493=PLANE('',#3494);
#3494=AXIS2_PLACEMENT_3D('',#226,#3495,#3496);
#3495=DIRECTION('',(0.5884338429077519,0,-0.8085453682514142));
#3496=DIRECTION('',(-0.024997822609637486,0.9995219543181506,-0.018192627649734294));
#3497=FACE_BOUND('',#3498,.T.);
#3498=EDGE_LOOP('',(#3499,#3500,#3501));
#3499=ORIENTED_EDGE('',*,*,#3502,.T.);
#3500=ORIENTED_EDGE('',*,*,#3503,.T.);
#3501=ORIENTED_EDGE('',*,*,#3504,.T.);
#3502=EDGE_CURVE('',#227,#225,#3505,.F.);
#3503=EDGE_CURVE('',#225,#221,#3506,.T.);
#3504=EDGE_CURVE('',#221,#227,#3507,.T.);
#3505=LINE('',#226,#3508);
#3506=LINE('',#224,#3509);
#3507=LINE('',#220,#3510);
#3508=VECTOR('',#3511,1.0);
#3509=VECTOR('',#3512,1.0);
#3510=VECTOR('',#3513,1.0);
#3511=DIRECTION('',(-0.024997822609637486,0.9995219543181506,-0.018192627649734294));
#3512=DIRECTION('',(0.8085453682514143,0,0.588433842907752));
#3513=DIRECTION('',(0,-1,0));
#3514=FACE_SURFACE('',(#3519),#3515,.T.);
#3515=PLANE('',#3516);
#3516=AXIS2_PLACEMENT_3D('',#222,#3517,#3518);
#3517=DIRECTION('',(0.5130814431795441,0,-0.8583399283878131));
#3518=DIRECTION('',(-0.8583399283878131,0,-0.5130814431795441));
#3519=FACE_BOUND('',#3520,.T.);
#3520=EDGE_LOOP('',(#3521,#3522,#3523));
#3521=ORIENTED_EDGE('',*,*,#3524,.T.);
#3522=ORIENTED_EDGE('',*,*,#3525,.T.);
#3523=ORIENTED_EDGE('',*,*,#3526,.T.);
#3524=EDGE_CURVE('',#223,#227,#3527,.F.);
#3525=EDGE_CURVE('',#227,#221,#3528,.T.);
#3526=EDGE_CURVE('',#221,#223,#3529,.T.);
#3527=LINE('',#222,#3530);
#3528=LINE('',#226,#3531);
#3529=LINE('',#220,#3532);
#3530=VECTOR('',#3533,1.0);
#3531=VECTOR('',#3534,1.0);
#3532=VECTOR('',#3535,1.0);
#3533=DIRECTION('',(-0.8583399283878131,0,-0.5130814431795441));
#3534=DIRECTION('',(0,1,0));
#3535=DIRECTION('',(0.026537596293713994,-0.9995219444548147,0.01586311874185931));
#3536=FACE_SURFACE('',(#3541),#3537,.T.);
#3537=PLANE('',#3538);
#3538=AXIS2_PLACEMENT_3D('',#228,#3539,#3540);
#3539=DIRECTION('',(0,1,-0));
#3540=DIRECTION('',(-0.012868472750723798,0,0.9999171977764277));
#3541=FACE_BOUND('',#3542,.T.);
#3542=EDGE_LOOP('',(#3543,#3544,#3545));
#3543=ORIENTED_EDGE('',*,*,#3546,.T.);
#3544=ORIENTED_EDGE('',*,*,#3547,.T.);
#3545=ORIENTED_EDGE('',*,*,#3548,.T.);
#3546=EDGE_CURVE('',#229,#231,#3549,.F.);
#3547=EDGE_CURVE('',#231,#225,#3550,.T.);
#3548=EDGE_CURVE('',#225,#229,#3551,.T.);
#3549=LINE('',#228,#3552);
#3550=LINE('',#230,#3553);
#3551=LINE('',#224,#3554);
#3552=VECTOR('',#3555,1.0);
#3553=VECTOR('',#3556,1.0);
#3554=VECTOR('',#3557,1.0);
#3555=DIRECTION('',(-0.012868472750723798,0,0.9999171977764277));
#3556=DIRECTION('',(0.9947229778946083,0,-0.10259725750955892));
#3557=DIRECTION('',(-0.781143583173273,0,-0.6243514254546232));
#3558=FACE_SURFACE('',(#3563),#3559,.T.);
#3559=PLANE('',#3560);
#3560=AXIS2_PLACEMENT_3D('',#230,#3561,#3562);
#3561=DIRECTION('',(-0,1,0));
#3562=DIRECTION('',(0.9043607079342985,0,0.4267689186721247));
#3563=FACE_BOUND('',#3564,.T.);
#3564=EDGE_LOOP('',(#3565,#3566,#3567));
#3565=ORIENTED_EDGE('',*,*,#3568,.T.);
#3566=ORIENTED_EDGE('',*,*,#3569,.T.);
#3567=ORIENTED_EDGE('',*,*,#3570,.T.);
#3568=EDGE_CURVE('',#231,#201,#3571,.F.);
#3569=EDGE_CURVE('',#201,#225,#3572,.T.);
#3570=EDGE_CURVE('',#225,#231,#3573,.T.);
#3571=LINE('',#230,#3574);
#3572=LINE('',#200,#3575);
#3573=LINE('',#224,#3576);
#3574=VECTOR('',#3577,1.0);
#3575=VECTOR('',#3578,1.0);
#3576=VECTOR('',#3579,1.0);
#3577=DIRECTION('',(0.9043607079342985,0,0.4267689186721247));
#3578=DIRECTION('',(0.8898577731675296,0,-0.4562380338522046));
#3579=DIRECTION('',(-0.9947229778946083,0,0.10259725750955892));
#3580=FACE_SURFACE('',(#3585),#3581,.T.);
#3581=PLANE('',#3582);
#3582=AXIS2_PLACEMENT_3D('',#232,#3583,#3584);
#3583=DIRECTION('',(0.6243514254546232,0,-0.781143583173273));
#3584=DIRECTION('',(-0.781143583173273,0,-0.6243514254546232));
#3585=FACE_BOUND('',#3586,.T.);
#3586=EDGE_LOOP('',(#3587,#3588,#3589));
#3587=ORIENTED_EDGE('',*,*,#3590,.T.);
#3588=ORIENTED_EDGE('',*,*,#3591,.T.);
#3589=ORIENTED_EDGE('',*,*,#3592,.T.);
#3590=EDGE_CURVE('',#233,#235,#3593,.F.);
#3591=EDGE_CURVE('',#235,#225,#3594,.T.);
#3592=EDGE_CURVE('',#225,#233,#3595,.T.);
#3593=LINE('',#232,#3596);
#3594=LINE('',#234,#3597);
#3595=LINE('',#224,#3598);
#3596=VECTOR('',#3599,1.0);
#3597=VECTOR('',#3600,1.0);
#3598=VECTOR('',#3601,1.0);
#3599=DIRECTION('',(-0.781143583173273,0,-0.6243514254546232));
#3600=DIRECTION('',(0.1958790505140083,0.9680494577566727,0.15656195229602402));
#3601=DIRECTION('',(0,-1,0));
#3602=FACE_SURFACE('',(#3607),#3603,.T.);
#3603=PLANE('',#3604);
#3604=AXIS2_PLACEMENT_3D('',#234,#3605,#3606);
#3605=DIRECTION('',(0.6243514254546232,0,-0.781143583173273));
#3606=DIRECTION('',(0,1,0));
#3607=FACE_BOUND('',#3608,.T.);
#3608=EDGE_LOOP('',(#3609,#3610,#3611));
#3609=ORIENTED_EDGE('',*,*,#3612,.T.);
#3610=ORIENTED_EDGE('',*,*,#3613,.T.);
#3611=ORIENTED_EDGE('',*,*,#3614,.T.);
#3612=EDGE_CURVE('',#235,#229,#3615,.F.);
#3613=EDGE_CURVE('',#229,#225,#3616,.T.);
#3614=EDGE_CURVE('',#225,#235,#3617,.T.);
#3615=LINE('',#234,#3618);
#3616=LINE('',#228,#3619);
#3617=LINE('',#224,#3620);
#3618=VECTOR('',#3621,1.0);
#3619=VECTOR('',#3622,1.0);
#3620=VECTOR('',#3623,1.0);
#3621=DIRECTION('',(0,1,0));
#3622=DIRECTION('',(0.781143583173273,0,0.6243514254546232));
#3623=DIRECTION('',(-0.1958790505140083,-0.9680494577566727,-0.15656195229602402));
#3624=FACE_SURFACE('',(#3629),#3625,.T.);
#3625=PLANE('',#3626);
#3626=AXIS2_PLACEMENT_3D('',#226,#3627,#3628);
#3627=DIRECTION('',(0.5884338429077519,0,-0.8085453682514142));
#3628=DIRECTION('',(-0.8085453682514143,0,-0.588433842907752));
#3629=FACE_BOUND('',#3630,.T.);
#3630=EDGE_LOOP('',(#3631,#3632,#3633));
#3631=ORIENTED_EDGE('',*,*,#3634,.T.);
#3632=ORIENTED_EDGE('',*,*,#3635,.T.);
#3633=ORIENTED_EDGE('',*,*,#3636,.T.);
#3634=EDGE_CURVE('',#227,#233,#3637,.F.);
#3635=EDGE_CURVE('',#233,#225,#3638,.T.);
#3636=EDGE_CURVE('',#225,#227,#3639,.T.);
#3637=LINE('',#226,#3640);
#3638=LINE('',#232,#3641);
#3639=LINE('',#224,#3642);
#3640=VECTOR('',#3643,1.0);
#3641=VECTOR('',#3644,1.0);
#3642=VECTOR('',#3645,1.0);
#3643=DIRECTION('',(-0.8085453682514143,0,-0.588433842907752));
#3644=DIRECTION('',(0,1,0));
#3645=DIRECTION('',(0.024997822609637486,-0.9995219543181506,0.018192627649734294));
#3646=FACE_SURFACE('',(#3651),#3647,.T.);
#3647=PLANE('',#3648);
#3648=AXIS2_PLACEMENT_3D('',#236,#3649,#3650);
#3649=DIRECTION('',(0,1,0));
#3650=DIRECTION('',(0.9704231380333334,0,0.24141030046279757));
#3651=FACE_BOUND('',#3652,.T.);
#3652=EDGE_LOOP('',(#3653,#3654,#3655));
#3653=ORIENTED_EDGE('',*,*,#3656,.T.);
#3654=ORIENTED_EDGE('',*,*,#3657,.T.);
#3655=ORIENTED_EDGE('',*,*,#3658,.T.);
#3656=EDGE_CURVE('',#237,#187,#3659,.F.);
#3657=EDGE_CURVE('',#187,#183,#3660,.T.);
#3658=EDGE_CURVE('',#183,#237,#3661,.T.);
#3659=LINE('',#236,#3662);
#3660=LINE('',#186,#3663);
#3661=LINE('',#182,#3664);
#3662=VECTOR('',#3665,1.0);
#3663=VECTOR('',#3666,1.0);
#3664=VECTOR('',#3667,1.0);
#3665=DIRECTION('',(0.9704231380333334,0,0.24141030046279757));
#3666=DIRECTION('',(0.10248836407088222,0,-0.9947342033076345));
#3667=DIRECTION('',(-0.9991247861888418,0,-0.04182895675367614));
#3668=FACE_SURFACE('',(#3673),#3669,.T.);
#3669=PLANE('',#3670);
#3670=AXIS2_PLACEMENT_3D('',#238,#3671,#3672);
#3671=DIRECTION('',(0,1,0));
#3672=DIRECTION('',(0.04539418872480234,0,0.9989691524917159));
#3673=FACE_BOUND('',#3674,.T.);
#3674=EDGE_LOOP('',(#3675,#3676,#3677));
#3675=ORIENTED_EDGE('',*,*,#3678,.T.);
#3676=ORIENTED_EDGE('',*,*,#3679,.T.);
#3677=ORIENTED_EDGE('',*,*,#3680,.T.);
#3678=EDGE_CURVE('',#239,#237,#3681,.F.);
#3679=EDGE_CURVE('',#237,#183,#3682,.T.);
#3680=EDGE_CURVE('',#183,#239,#3683,.T.);
#3681=LINE('',#238,#3684);
#3682=LINE('',#236,#3685);
#3683=LINE('',#182,#3686);
#3684=VECTOR('',#3687,1.0);
#3685=VECTOR('',#3688,1.0);
#3686=VECTOR('',#3689,1.0);
#3687=DIRECTION('',(0.04539418872480234,0,0.9989691524917159));
#3688=DIRECTION('',(0.9991247861888418,0,0.04182895675367614));
#3689=DIRECTION('',(-0.987864620537849,0,-0.15531738952741844));
#3690=FACE_SURFACE('',(#3695),#3691,.T.);
#3691=PLANE('',#3692);
#3692=AXIS2_PLACEMENT_3D('',#184,#3693,#3694);
#3693=DIRECTION('',(0,1,-0));
#3694=DIRECTION('',(-0.9990048777921398,0,0.04460105545289359));
#3695=FACE_BOUND('',#3696,.T.);
#3696=EDGE_LOOP('',(#3697,#3698,#3699));
#3697=ORIENTED_EDGE('',*,*,#3700,.T.);
#3698=ORIENTED_EDGE('',*,*,#3701,.T.);
#3699=ORIENTED_EDGE('',*,*,#3702,.T.);
#3700=EDGE_CURVE('',#185,#239,#3703,.F.);
#3701=EDGE_CURVE('',#239,#183,#3704,.T.);
#3702=EDGE_CURVE('',#183,#185,#3705,.T.);
#3703=LINE('',#184,#3706);
#3704=LINE('',#238,#3707);
#3705=LINE('',#182,#3708);
#3706=VECTOR('',#3709,1.0);
#3707=VECTOR('',#3710,1.0);
#3708=VECTOR('',#3711,1.0);
#3709=DIRECTION('',(-0.9990048777921398,0,0.04460105545289359));
#3710=DIRECTION('',(0.987864620537849,0,0.15531738952741844));
#3711=DIRECTION('',(-0.019005757215700775,0,-0.9998193742835041));
#3712=FACE_SURFACE('',(#3717),#3713,.T.);
#3713=PLANE('',#3714);
#3714=AXIS2_PLACEMENT_3D('',#236,#3715,#3716);
#3715=DIRECTION('',(0,1,0));
#3716=DIRECTION('',(0.9041687129321941,0,0.42717553599725205));
#3717=FACE_BOUND('',#3718,.T.);
#3718=EDGE_LOOP('',(#3719,#3720,#3721));
#3719=ORIENTED_EDGE('',*,*,#3722,.T.);
#3720=ORIENTED_EDGE('',*,*,#3723,.T.);
#3721=ORIENTED_EDGE('',*,*,#3724,.T.);
#3722=EDGE_CURVE('',#237,#191,#3725,.F.);
#3723=EDGE_CURVE('',#191,#187,#3726,.T.);
#3724=EDGE_CURVE('',#187,#237,#3727,.T.);
#3725=LINE('',#236,#3728);
#3726=LINE('',#190,#3729);
#3727=LINE('',#186,#3730);
#3728=VECTOR('',#3731,1.0);
#3729=VECTOR('',#3732,1.0);
#3730=VECTOR('',#3733,1.0);
#3731=DIRECTION('',(0.9041687129321941,0,0.42717553599725205));
#3732=DIRECTION('',(0.2224382272197372,0,-0.97494678576389));
#3733=DIRECTION('',(-0.9704231380333334,0,-0.24141030046279757));
#3734=FACE_SURFACE('',(#3739),#3735,.T.);
#3735=PLANE('',#3736);
#3736=AXIS2_PLACEMENT_3D('',#188,#3737,#3738);
#3737=DIRECTION('',(0,1,-0));
#3738=DIRECTION('',(-0.9696113708170205,0,0.24465034147194287));
#3739=FACE_BOUND('',#3740,.T.);
#3740=EDGE_LOOP('',(#3741,#3742,#3743));
#3741=ORIENTED_EDGE('',*,*,#3744,.T.);
#3742=ORIENTED_EDGE('',*,*,#3745,.T.);
#3743=ORIENTED_EDGE('',*,*,#3746,.T.);
#3744=EDGE_CURVE('',#189,#239,#3747,.F.);
#3745=EDGE_CURVE('',#239,#185,#3748,.T.);
#3746=EDGE_CURVE('',#185,#189,#3749,.T.);
#3747=LINE('',#188,#3750);
#3748=LINE('',#238,#3751);
#3749=LINE('',#184,#3752);
#3750=VECTOR('',#3753,1.0);
#3751=VECTOR('',#3754,1.0);
#3752=VECTOR('',#3755,1.0);
#3753=DIRECTION('',(-0.9696113708170205,0,0.24465034147194287));
#3754=DIRECTION('',(0.9990048777921398,0,-0.04460105545289359));
#3755=DIRECTION('',(-0.14014227854926484,0,-0.9901313760117999));
#3756=FACE_SURFACE('',(#3761),#3757,.T.);
#3757=PLANE('',#3758);
#3758=AXIS2_PLACEMENT_3D('',#236,#3759,#3760);
#3759=DIRECTION('',(0,1,0));
#3760=DIRECTION('',(0.8075039479378279,0,0.5898621653105255));
#3761=FACE_BOUND('',#3762,.T.);
#3762=EDGE_LOOP('',(#3763,#3764,#3765));
#3763=ORIENTED_EDGE('',*,*,#3766,.T.);
#3764=ORIENTED_EDGE('',*,*,#3767,.T.);
#3765=ORIENTED_EDGE('',*,*,#3768,.T.);
#3766=EDGE_CURVE('',#237,#195,#3769,.F.);
#3767=EDGE_CURVE('',#195,#191,#3770,.T.);
#3768=EDGE_CURVE('',#191,#237,#3771,.T.);
#3769=LINE('',#236,#3772);
#3770=LINE('',#194,#3773);
#3771=LINE('',#190,#3774);
#3772=VECTOR('',#3775,1.0);
#3773=VECTOR('',#3776,1.0);
#3774=VECTOR('',#3777,1.0);
#3775=DIRECTION('',(0.8075039479378279,0,0.5898621653105255));
#3776=DIRECTION('',(0.33912736855029607,0,-0.9407404678763169));
#3777=DIRECTION('',(-0.9041687129321941,0,-0.42717553599725205));
#3778=FACE_SURFACE('',(#3783),#3779,.T.);
#3779=PLANE('',#3780);
#3780=AXIS2_PLACEMENT_3D('',#240,#3781,#3782);
#3781=DIRECTION('',(-0,1,0));
#3782=DIRECTION('',(0.21818817503802854,0,0.9759067169937784));
#3783=FACE_BOUND('',#3784,.T.);
#3784=EDGE_LOOP('',(#3785,#3786,#3787));
#3785=ORIENTED_EDGE('',*,*,#3788,.T.);
#3786=ORIENTED_EDGE('',*,*,#3789,.T.);
#3787=ORIENTED_EDGE('',*,*,#3790,.T.);
#3788=EDGE_CURVE('',#241,#239,#3791,.F.);
#3789=EDGE_CURVE('',#239,#189,#3792,.T.);
#3790=EDGE_CURVE('',#189,#241,#3793,.T.);
#3791=LINE('',#240,#3794);
#3792=LINE('',#238,#3795);
#3793=LINE('',#188,#3796);
#3794=VECTOR('',#3797,1.0);
#3795=VECTOR('',#3798,1.0);
#3796=VECTOR('',#3799,1.0);
#3797=DIRECTION('',(0.21818817503802854,0,0.9759067169937784));
#3798=DIRECTION('',(0.9696113708170205,0,-0.24465034147194287));
#3799=DIRECTION('',(-0.9913726590305512,0,0.13107345622472394));
#3800=FACE_SURFACE('',(#3805),#3801,.T.);
#3801=PLANE('',#3802);
#3802=AXIS2_PLACEMENT_3D('',#192,#3803,#3804);
#3803=DIRECTION('',(0,1,-0));
#3804=DIRECTION('',(-0.9448394435871396,0,0.3275338544974311));
#3805=FACE_BOUND('',#3806,.T.);
#3806=EDGE_LOOP('',(#3807,#3808,#3809));
#3807=ORIENTED_EDGE('',*,*,#3810,.T.);
#3808=ORIENTED_EDGE('',*,*,#3811,.T.);
#3809=ORIENTED_EDGE('',*,*,#3812,.T.);
#3810=EDGE_CURVE('',#193,#241,#3813,.F.);
#3811=EDGE_CURVE('',#241,#189,#3814,.T.);
#3812=EDGE_CURVE('',#189,#193,#3815,.T.);
#3813=LINE('',#192,#3816);
#3814=LINE('',#240,#3817);
#3815=LINE('',#188,#3818);
#3816=VECTOR('',#3819,1.0);
#3817=VECTOR('',#3820,1.0);
#3818=VECTOR('',#3821,1.0);
#3819=DIRECTION('',(-0.9448394435871396,0,0.3275338544974311));
#3820=DIRECTION('',(0.9913726590305512,0,-0.13107345622472394));
#3821=DIRECTION('',(-0.25930275688770854,0,-0.9657960862782754));
#3822=FACE_SURFACE('',(#3827),#3823,.T.);
#3823=PLANE('',#3824);
#3824=AXIS2_PLACEMENT_3D('',#236,#3825,#3826);
#3825=DIRECTION('',(0,1,0));
#3826=DIRECTION('',(0.6894268016960391,0,0.7243553583036233));
#3827=FACE_BOUND('',#3828,.T.);
#3828=EDGE_LOOP('',(#3829,#3830,#3831));
#3829=ORIENTED_EDGE('',*,*,#3832,.T.);
#3830=ORIENTED_EDGE('',*,*,#3833,.T.);
#3831=ORIENTED_EDGE('',*,*,#3834,.T.);
#3832=EDGE_CURVE('',#237,#199,#3835,.F.);
#3833=EDGE_CURVE('',#199,#195,#3836,.T.);
#3834=EDGE_CURVE('',#195,#237,#3837,.T.);
#3835=LINE('',#236,#3838);
#3836=LINE('',#198,#3839);
#3837=LINE('',#194,#3840);
#3838=VECTOR('',#3841,1.0);
#3839=VECTOR('',#3842,1.0);
#3840=VECTOR('',#3843,1.0);
#3841=DIRECTION('',(0.6894268016960391,0,0.7243553583036233));
#3842=DIRECTION('',(0.45073163831525465,0,-0.8926595040784848));
#3843=DIRECTION('',(-0.8075039479378279,0,-0.5898621653105255));
#3844=FACE_SURFACE('',(#3849),#3845,.T.);
#3845=PLANE('',#3846);
#3846=AXIS2_PLACEMENT_3D('',#242,#3847,#3848);
#3847=DIRECTION('',(-0,1,0));
#3848=DIRECTION('',(0.3843500937904364,0,0.9231874161855125));
#3849=FACE_BOUND('',#3850,.T.);
#3850=EDGE_LOOP('',(#3851,#3852,#3853));
#3851=ORIENTED_EDGE('',*,*,#3854,.T.);
#3852=ORIENTED_EDGE('',*,*,#3855,.T.);
#3853=ORIENTED_EDGE('',*,*,#3856,.T.);
#3854=EDGE_CURVE('',#243,#241,#3857,.F.);
#3855=EDGE_CURVE('',#241,#193,#3858,.T.);
#3856=EDGE_CURVE('',#193,#243,#3859,.T.);
#3857=LINE('',#242,#3860);
#3858=LINE('',#240,#3861);
#3859=LINE('',#192,#3862);
#3860=VECTOR('',#3863,1.0);
#3861=VECTOR('',#3864,1.0);
#3862=VECTOR('',#3865,1.0);
#3863=DIRECTION('',(0.3843500937904364,0,0.9231874161855125));
#3864=DIRECTION('',(0.9448394435871396,0,-0.3275338544974311));
#3865=DIRECTION('',(-0.9761079922594513,0,0.2172859577773565));
#3866=FACE_SURFACE('',(#3871),#3867,.T.);
#3867=PLANE('',#3868);
#3868=AXIS2_PLACEMENT_3D('',#196,#3869,#3870);
#3869=DIRECTION('',(0,1,-0));
#3870=DIRECTION('',(-0.9130450988528432,0,0.40785861209590984));
#3871=FACE_BOUND('',#3872,.T.);
#3872=EDGE_LOOP('',(#3873,#3874,#3875));
#3873=ORIENTED_EDGE('',*,*,#3876,.T.);
#3874=ORIENTED_EDGE('',*,*,#3877,.T.);
#3875=ORIENTED_EDGE('',*,*,#3878,.T.);
#3876=EDGE_CURVE('',#197,#243,#3879,.F.);
#3877=EDGE_CURVE('',#243,#193,#3880,.T.);
#3878=EDGE_CURVE('',#193,#197,#3881,.T.);
#3879=LINE('',#196,#3882);
#3880=LINE('',#242,#3883);
#3881=LINE('',#192,#3884);
#3882=VECTOR('',#3885,1.0);
#3883=VECTOR('',#3886,1.0);
#3884=VECTOR('',#3887,1.0);
#3885=DIRECTION('',(-0.9130450988528432,0,0.40785861209590984));
#3886=DIRECTION('',(0.9761079922594513,0,-0.2172859577773565));
#3887=DIRECTION('',(-0.3745602863948952,0,-0.9272025624726099));
#3888=FACE_SURFACE('',(#3893),#3889,.T.);
#3889=PLANE('',#3890);
#3890=AXIS2_PLACEMENT_3D('',#236,#3891,#3892);
#3891=DIRECTION('',(0,1,0));
#3892=DIRECTION('',(0.5586286092067687,0,0.8294179145495421));
#3893=FACE_BOUND('',#3894,.T.);
#3894=EDGE_LOOP('',(#3895,#3896,#3897));
#3895=ORIENTED_EDGE('',*,*,#3898,.T.);
#3896=ORIENTED_EDGE('',*,*,#3899,.T.);
#3897=ORIENTED_EDGE('',*,*,#3900,.T.);
#3898=EDGE_CURVE('',#237,#171,#3901,.F.);
#3899=EDGE_CURVE('',#171,#199,#3902,.T.);
#3900=EDGE_CURVE('',#199,#237,#3903,.T.);
#3901=LINE('',#236,#3904);
#3902=LINE('',#170,#3905);
#3903=LINE('',#198,#3906);
#3904=VECTOR('',#3907,1.0);
#3905=VECTOR('',#3908,1.0);
#3906=VECTOR('',#3909,1.0);
#3907=DIRECTION('',(0.5586286092067687,0,0.8294179145495421));
#3908=DIRECTION('',(0.555754855276331,0,-0.8313462220018711));
#3909=DIRECTION('',(-0.6894268016960391,0,-0.7243553583036233));
#3910=FACE_SURFACE('',(#3915),#3911,.T.);
#3911=PLANE('',#3912);
#3912=AXIS2_PLACEMENT_3D('',#244,#3913,#3914);
#3913=DIRECTION('',(-0,1,0));
#3914=DIRECTION('',(0.5388221292752938,0,0.8424195587729659));
#3915=FACE_BOUND('',#3916,.T.);
#3916=EDGE_LOOP('',(#3917,#3918,#3919));
#3917=ORIENTED_EDGE('',*,*,#3920,.T.);
#3918=ORIENTED_EDGE('',*,*,#3921,.T.);
#3919=ORIENTED_EDGE('',*,*,#3922,.T.);
#3920=EDGE_CURVE('',#245,#243,#3923,.F.);
#3921=EDGE_CURVE('',#243,#197,#3924,.T.);
#3922=EDGE_CURVE('',#197,#245,#3925,.T.);
#3923=LINE('',#244,#3926);
#3924=LINE('',#242,#3927);
#3925=LINE('',#196,#3928);
#3926=VECTOR('',#3929,1.0);
#3927=VECTOR('',#3930,1.0);
#3928=VECTOR('',#3931,1.0);
#3929=DIRECTION('',(0.5388221292752938,0,0.8424195587729659));
#3930=DIRECTION('',(0.9130450988528432,0,-0.40785861209590984));
#3931=DIRECTION('',(-0.9530344686935197,0,0.30286185214064243));
#3932=FACE_SURFACE('',(#3937),#3933,.T.);
#3933=PLANE('',#3934);
#3934=AXIS2_PLACEMENT_3D('',#200,#3935,#3936);
#3935=DIRECTION('',(0,1,-0));
#3936=DIRECTION('',(-0.8743061744048053,0,0.48537481743250166));
#3937=FACE_BOUND('',#3938,.T.);
#3938=EDGE_LOOP('',(#3939,#3940,#3941));
#3939=ORIENTED_EDGE('',*,*,#3942,.T.);
#3940=ORIENTED_EDGE('',*,*,#3943,.T.);
#3941=ORIENTED_EDGE('',*,*,#3944,.T.);
#3942=EDGE_CURVE('',#201,#245,#3945,.F.);
#3943=EDGE_CURVE('',#245,#197,#3946,.T.);
#3944=EDGE_CURVE('',#197,#201,#3947,.T.);
#3945=LINE('',#200,#3948);
#3946=LINE('',#244,#3949);
#3947=LINE('',#196,#3950);
#3948=VECTOR('',#3951,1.0);
#3949=VECTOR('',#3952,1.0);
#3950=VECTOR('',#3953,1.0);
#3951=DIRECTION('',(-0.8743061744048053,0,0.48537481743250166));
#3952=DIRECTION('',(0.9530344686935197,0,-0.30286185214064243));
#3953=DIRECTION('',(-0.48432250004252103,0,-0.8748895450012888));
#3954=FACE_SURFACE('',(#3959),#3955,.T.);
#3955=PLANE('',#3956);
#3956=AXIS2_PLACEMENT_3D('',#246,#3957,#3958);
#3957=DIRECTION('',(-0.04182706654315508,0,0.9991248653218449));
#3958=DIRECTION('',(0,-1,0));
#3959=FACE_BOUND('',#3960,.T.);
#3960=EDGE_LOOP('',(#3961,#3962,#3963));
#3961=ORIENTED_EDGE('',*,*,#3964,.T.);
#3962=ORIENTED_EDGE('',*,*,#3965,.T.);
#3963=ORIENTED_EDGE('',*,*,#3966,.T.);
#3964=EDGE_CURVE('',#247,#249,#3967,.F.);
#3965=EDGE_CURVE('',#249,#171,#3968,.T.);
#3966=EDGE_CURVE('',#171,#247,#3969,.T.);
#3967=LINE('',#246,#3970);
#3968=LINE('',#248,#3971);
#3969=LINE('',#170,#3972);
#3970=VECTOR('',#3973,1.0);
#3971=VECTOR('',#3974,1.0);
#3972=VECTOR('',#3975,1.0);
#3973=DIRECTION('',(0,-1,0));
#3974=DIRECTION('',(0.043497472935607885,0.9990518774986851,0.001820965284805208));
#3975=DIRECTION('',(-0.9991248653218447,0,-0.04182706654315508));
#3976=FACE_SURFACE('',(#3981),#3977,.T.);
#3977=PLANE('',#3978);
#3978=AXIS2_PLACEMENT_3D('',#248,#3979,#3980);
#3979=DIRECTION('',(-0.04182706654315508,0,0.9991248653218449));
#3980=DIRECTION('',(0.9991248653218447,0,0.04182706654315508));
#3981=FACE_BOUND('',#3982,.T.);
#3982=EDGE_LOOP('',(#3983,#3984,#3985));
#3983=ORIENTED_EDGE('',*,*,#3986,.T.);
#3984=ORIENTED_EDGE('',*,*,#3987,.T.);
#3985=ORIENTED_EDGE('',*,*,#3988,.T.);
#3986=EDGE_CURVE('',#249,#173,#3989,.F.);
#3987=EDGE_CURVE('',#173,#171,#3990,.T.);
#3988=EDGE_CURVE('',#171,#249,#3991,.T.);
#3989=LINE('',#248,#3992);
#3990=LINE('',#172,#3993);
#3991=LINE('',#170,#3994);
#3992=VECTOR('',#3995,1.0);
#3993=VECTOR('',#3996,1.0);
#3994=VECTOR('',#3997,1.0);
#3995=DIRECTION('',(0.9991248653218447,0,0.04182706654315508));
#3996=DIRECTION('',(0,1,0));
#3997=DIRECTION('',(-0.043497472935607885,-0.9990518774986851,-0.001820965284805208));
#3998=FACE_SURFACE('',(#4003),#3999,.T.);
#3999=PLANE('',#4000);
#4000=AXIS2_PLACEMENT_3D('',#236,#4001,#4002);
#4001=DIRECTION('',(0,1,0));
#4002=DIRECTION('',(0.3467567363978564,0,0.9379550979459025));
#4003=FACE_BOUND('',#4004,.T.);
#4004=EDGE_LOOP('',(#4005,#4006,#4007));
#4005=ORIENTED_EDGE('',*,*,#4008,.T.);
#4006=ORIENTED_EDGE('',*,*,#4009,.T.);
#4007=ORIENTED_EDGE('',*,*,#4010,.T.);
#4008=EDGE_CURVE('',#237,#247,#4011,.F.);
#4009=EDGE_CURVE('',#247,#171,#4012,.T.);
#4010=EDGE_CURVE('',#171,#237,#4013,.T.);
#4011=LINE('',#236,#4014);
#4012=LINE('',#246,#4015);
#4013=LINE('',#170,#4016);
#4014=VECTOR('',#4017,1.0);
#4015=VECTOR('',#4018,1.0);
#4016=VECTOR('',#4019,1.0);
#4017=DIRECTION('',(0.3467567363978564,0,0.9379550979459025));
#4018=DIRECTION('',(0.9991248653218447,0,0.04182706654315508));
#4019=DIRECTION('',(-0.5586286092067687,0,-0.8294179145495421));
#4020=FACE_SURFACE('',(#4025),#4021,.T.);
#4021=PLANE('',#4022);
#4022=AXIS2_PLACEMENT_3D('',#250,#4023,#4024);
#4023=DIRECTION('',(-0,1,0));
#4024=DIRECTION('',(0.6768959956838762,0,0.7360786717648691));
#4025=FACE_BOUND('',#4026,.T.);
#4026=EDGE_LOOP('',(#4027,#4028,#4029));
#4027=ORIENTED_EDGE('',*,*,#4030,.T.);
#4028=ORIENTED_EDGE('',*,*,#4031,.T.);
#4029=ORIENTED_EDGE('',*,*,#4032,.T.);
#4030=EDGE_CURVE('',#251,#245,#4033,.F.);
#4031=EDGE_CURVE('',#245,#201,#4034,.T.);
#4032=EDGE_CURVE('',#201,#251,#4035,.T.);
#4033=LINE('',#250,#4036);
#4034=LINE('',#244,#4037);
#4035=LINE('',#200,#4038);
#4036=VECTOR('',#4039,1.0);
#4037=VECTOR('',#4040,1.0);
#4038=VECTOR('',#4041,1.0);
#4039=DIRECTION('',(0.6768959956838762,0,0.7360786717648691));
#4040=DIRECTION('',(0.8743061744048053,0,-0.48537481743250166));
#4041=DIRECTION('',(-0.9219401597706,0,0.3873323402482173));
#4042=FACE_SURFACE('',(#4047),#4043,.T.);
#4043=PLANE('',#4044);
#4044=AXIS2_PLACEMENT_3D('',#230,#4045,#4046);
#4045=DIRECTION('',(0,1,-0));
#4046=DIRECTION('',(-0.4721023192749417,0,0.8815437596258175));
#4047=FACE_BOUND('',#4048,.T.);
#4048=EDGE_LOOP('',(#4049,#4050,#4051));
#4049=ORIENTED_EDGE('',*,*,#4052,.T.);
#4050=ORIENTED_EDGE('',*,*,#4053,.T.);
#4051=ORIENTED_EDGE('',*,*,#4054,.T.);
#4052=EDGE_CURVE('',#231,#251,#4055,.F.);
#4053=EDGE_CURVE('',#251,#201,#4056,.T.);
#4054=EDGE_CURVE('',#201,#231,#4057,.T.);
#4055=LINE('',#230,#4058);
#4056=LINE('',#250,#4059);
#4057=LINE('',#200,#4060);
#4058=VECTOR('',#4061,1.0);
#4059=VECTOR('',#4062,1.0);
#4060=VECTOR('',#4063,1.0);
#4061=DIRECTION('',(-0.4721023192749417,0,0.8815437596258175));
#4062=DIRECTION('',(0.9219401597706,0,-0.3873323402482173));
#4063=DIRECTION('',(-0.9043607079342985,0,-0.4267689186721247));
#4064=FACE_SURFACE('',(#4069),#4065,.T.);
#4065=PLANE('',#4066);
#4066=AXIS2_PLACEMENT_3D('',#252,#4067,#4068);
#4067=DIRECTION('',(0.6686303428699367,0,0.7435949600378091));
#4068=DIRECTION('',(0.020412428197971025,-0.9996231501827046,-0.018354574194697822));
#4069=FACE_BOUND('',#4070,.T.);
#4070=EDGE_LOOP('',(#4071,#4072,#4073));
#4071=ORIENTED_EDGE('',*,*,#4074,.T.);
#4072=ORIENTED_EDGE('',*,*,#4075,.T.);
#4073=ORIENTED_EDGE('',*,*,#4076,.T.);
#4074=EDGE_CURVE('',#253,#249,#4077,.F.);
#4075=EDGE_CURVE('',#249,#247,#4078,.T.);
#4076=EDGE_CURVE('',#247,#253,#4079,.T.);
#4077=LINE('',#252,#4080);
#4078=LINE('',#248,#4081);
#4079=LINE('',#246,#4082);
#4080=VECTOR('',#4083,1.0);
#4081=VECTOR('',#4084,1.0);
#4082=VECTOR('',#4085,1.0);
#4083=DIRECTION('',(0.020412428197971025,-0.9996231501827046,-0.018354574194697822));
#4084=DIRECTION('',(0,1,0));
#4085=DIRECTION('',(-0.7435949600378091,0,0.6686303428699367));
#4086=FACE_SURFACE('',(#4091),#4087,.T.);
#4087=PLANE('',#4088);
#4088=AXIS2_PLACEMENT_3D('',#236,#4089,#4090);
#4089=DIRECTION('',(0,1,-0));
#4090=DIRECTION('',(-0.12874306235802346,0,0.9916779839719535));
#4091=FACE_BOUND('',#4092,.T.);
#4092=EDGE_LOOP('',(#4093,#4094,#4095));
#4093=ORIENTED_EDGE('',*,*,#4096,.T.);
#4094=ORIENTED_EDGE('',*,*,#4097,.T.);
#4095=ORIENTED_EDGE('',*,*,#4098,.T.);
#4096=EDGE_CURVE('',#237,#255,#4099,.F.);
#4097=EDGE_CURVE('',#255,#247,#4100,.T.);
#4098=EDGE_CURVE('',#247,#237,#4101,.T.);
#4099=LINE('',#236,#4102);
#4100=LINE('',#254,#4103);
#4101=LINE('',#246,#4104);
#4102=VECTOR('',#4105,1.0);
#4103=VECTOR('',#4106,1.0);
#4104=VECTOR('',#4107,1.0);
#4105=DIRECTION('',(-0.12874306235802346,0,0.9916779839719535));
#4106=DIRECTION('',(0.40057447391642353,0,0.9162642036261051));
#4107=DIRECTION('',(-0.3467567363978564,0,-0.9379550979459025));
#4108=FACE_SURFACE('',(#4113),#4109,.T.);
#4109=PLANE('',#4110);
#4110=AXIS2_PLACEMENT_3D('',#254,#4111,#4112);
#4111=DIRECTION('',(0,1,-0));
#4112=DIRECTION('',(-0.29900297598757936,0,0.954252178593568));
#4113=FACE_BOUND('',#4114,.T.);
#4114=EDGE_LOOP('',(#4115,#4116,#4117));
#4115=ORIENTED_EDGE('',*,*,#4118,.T.);
#4116=ORIENTED_EDGE('',*,*,#4119,.T.);
#4117=ORIENTED_EDGE('',*,*,#4120,.T.);
#4118=EDGE_CURVE('',#255,#257,#4121,.F.);
#4119=EDGE_CURVE('',#257,#247,#4122,.T.);
#4120=EDGE_CURVE('',#247,#255,#4123,.T.);
#4121=LINE('',#254,#4124);
#4122=LINE('',#256,#4125);
#4123=LINE('',#246,#4126);
#4124=VECTOR('',#4127,1.0);
#4125=VECTOR('',#4128,1.0);
#4126=VECTOR('',#4129,1.0);
#4127=DIRECTION('',(-0.29900297598757936,0,0.954252178593568));
#4128=DIRECTION('',(0.4814722085568554,0,0.8764613581826548));
#4129=DIRECTION('',(-0.40057447391642353,0,-0.9162642036261051));
#4130=FACE_SURFACE('',(#4135),#4131,.T.);
#4131=PLANE('',#4132);
#4132=AXIS2_PLACEMENT_3D('',#256,#4133,#4134);
#4133=DIRECTION('',(0,1,-0));
#4134=DIRECTION('',(-0.46016567400837194,0,0.8878330656516578));
#4135=FACE_BOUND('',#4136,.T.);
#4136=EDGE_LOOP('',(#4137,#4138,#4139));
#4137=ORIENTED_EDGE('',*,*,#4140,.T.);
#4138=ORIENTED_EDGE('',*,*,#4141,.T.);
#4139=ORIENTED_EDGE('',*,*,#4142,.T.);
#4140=EDGE_CURVE('',#257,#259,#4143,.F.);
#4141=EDGE_CURVE('',#259,#247,#4144,.T.);
#4142=EDGE_CURVE('',#247,#257,#4145,.T.);
#4143=LINE('',#256,#4146);
#4144=LINE('',#258,#4147);
#4145=LINE('',#246,#4148);
#4146=VECTOR('',#4149,1.0);
#4147=VECTOR('',#4150,1.0);
#4148=VECTOR('',#4151,1.0);
#4149=DIRECTION('',(-0.46016567400837194,0,0.8878330656516578));
#4150=DIRECTION('',(0.5852364848839994,0,0.8108626620831795));
#4151=DIRECTION('',(-0.4814722085568554,0,-0.8764613581826548));
#4152=FACE_SURFACE('',(#4157),#4153,.T.);
#4153=PLANE('',#4154);
#4154=AXIS2_PLACEMENT_3D('',#258,#4155,#4156);
#4155=DIRECTION('',(0,1,-0));
#4156=DIRECTION('',(-0.6073253531307901,0,0.7944532179081165));
#4157=FACE_BOUND('',#4158,.T.);
#4158=EDGE_LOOP('',(#4159,#4160,#4161));
#4159=ORIENTED_EDGE('',*,*,#4162,.T.);
#4160=ORIENTED_EDGE('',*,*,#4163,.T.);
#4161=ORIENTED_EDGE('',*,*,#4164,.T.);
#4162=EDGE_CURVE('',#259,#261,#4165,.F.);
#4163=EDGE_CURVE('',#261,#247,#4166,.T.);
#4164=EDGE_CURVE('',#247,#259,#4167,.T.);
#4165=LINE('',#258,#4168);
#4166=LINE('',#260,#4169);
#4167=LINE('',#246,#4170);
#4168=VECTOR('',#4171,1.0);
#4169=VECTOR('',#4172,1.0);
#4170=VECTOR('',#4173,1.0);
#4171=DIRECTION('',(-0.6073253531307901,0,0.7944532179081165));
#4172=DIRECTION('',(0.6972829865784879,0,0.7167959518776487));
#4173=DIRECTION('',(-0.5852364848839994,0,-0.8108626620831795));
#4174=FACE_SURFACE('',(#4179),#4175,.T.);
#4175=PLANE('',#4176);
#4176=AXIS2_PLACEMENT_3D('',#260,#4177,#4178);
#4177=DIRECTION('',(0,1,0));
#4178=DIRECTION('',(0.5004429065233892,0,0.8657695405305169));
#4179=FACE_BOUND('',#4180,.T.);
#4180=EDGE_LOOP('',(#4181,#4182,#4183));
#4181=ORIENTED_EDGE('',*,*,#4184,.T.);
#4182=ORIENTED_EDGE('',*,*,#4185,.T.);
#4183=ORIENTED_EDGE('',*,*,#4186,.T.);
#4184=EDGE_CURVE('',#261,#253,#4187,.F.);
#4185=EDGE_CURVE('',#253,#247,#4188,.T.);
#4186=EDGE_CURVE('',#247,#261,#4189,.T.);
#4187=LINE('',#260,#4190);
#4188=LINE('',#252,#4191);
#4189=LINE('',#246,#4192);
#4190=VECTOR('',#4193,1.0);
#4191=VECTOR('',#4194,1.0);
#4192=VECTOR('',#4195,1.0);
#4193=DIRECTION('',(0.5004429065233892,0,0.8657695405305169));
#4194=DIRECTION('',(0.7435949600378091,0,-0.6686303428699367));
#4195=DIRECTION('',(-0.6972829865784879,0,-0.7167959518776487));
#4196=FACE_SURFACE('',(#4201),#4197,.T.);
#4197=PLANE('',#4198);
#4198=AXIS2_PLACEMENT_3D('',#262,#4199,#4200);
#4199=DIRECTION('',(0.6686303428699367,-0,0.7435949600378091));
#4200=DIRECTION('',(0.7435949600378091,0,-0.6686303428699367));
#4201=FACE_BOUND('',#4202,.T.);
#4202=EDGE_LOOP('',(#4203,#4204,#4205));
#4203=ORIENTED_EDGE('',*,*,#4206,.T.);
#4204=ORIENTED_EDGE('',*,*,#4207,.T.);
#4205=ORIENTED_EDGE('',*,*,#4208,.T.);
#4206=EDGE_CURVE('',#263,#249,#4209,.F.);
#4207=EDGE_CURVE('',#249,#253,#4210,.T.);
#4208=EDGE_CURVE('',#253,#263,#4211,.T.);
#4209=LINE('',#262,#4212);
#4210=LINE('',#248,#4213);
#4211=LINE('',#252,#4214);
#4212=VECTOR('',#4215,1.0);
#4213=VECTOR('',#4216,1.0);
#4214=VECTOR('',#4217,1.0);
#4215=DIRECTION('',(0.7435949600378091,0,-0.6686303428699367));
#4216=DIRECTION('',(-0.020412428197971025,0.9996231501827046,0.018354574194697822));
#4217=DIRECTION('',(0,-1,0));
#4218=FACE_SURFACE('',(#4223),#4219,.T.);
#4219=PLANE('',#4220);
#4220=AXIS2_PLACEMENT_3D('',#264,#4221,#4222);
#4221=DIRECTION('',(0.5634909215244566,0,0.82612225569798));
#4222=DIRECTION('',(0.02267844393767097,-0.9996231316132664,-0.01546877255156629));
#4223=FACE_BOUND('',#4224,.T.);
#4224=EDGE_LOOP('',(#4225,#4226,#4227));
#4225=ORIENTED_EDGE('',*,*,#4228,.T.);
#4226=ORIENTED_EDGE('',*,*,#4229,.T.);
#4227=ORIENTED_EDGE('',*,*,#4230,.T.);
#4228=EDGE_CURVE('',#265,#263,#4231,.F.);
#4229=EDGE_CURVE('',#263,#253,#4232,.T.);
#4230=EDGE_CURVE('',#253,#265,#4233,.T.);
#4231=LINE('',#264,#4234);
#4232=LINE('',#262,#4235);
#4233=LINE('',#252,#4236);
#4234=VECTOR('',#4237,1.0);
#4235=VECTOR('',#4238,1.0);
#4236=VECTOR('',#4239,1.0);
#4237=DIRECTION('',(0.02267844393767097,-0.9996231316132664,-0.01546877255156629));
#4238=DIRECTION('',(0,1,0));
#4239=DIRECTION('',(-0.82612225569798,0,0.5634909215244566));
#4240=FACE_SURFACE('',(#4245),#4241,.T.);
#4241=PLANE('',#4242);
#4242=AXIS2_PLACEMENT_3D('',#260,#4243,#4244);
#4243=DIRECTION('',(0,1,-0));
#4244=DIRECTION('',(-0.7360630946720742,0,0.6769129343289055));
#4245=FACE_BOUND('',#4246,.T.);
#4246=EDGE_LOOP('',(#4247,#4248,#4249));
#4247=ORIENTED_EDGE('',*,*,#4250,.T.);
#4248=ORIENTED_EDGE('',*,*,#4251,.T.);
#4249=ORIENTED_EDGE('',*,*,#4252,.T.);
#4250=EDGE_CURVE('',#261,#267,#4253,.F.);
#4251=EDGE_CURVE('',#267,#253,#4254,.T.);
#4252=EDGE_CURVE('',#253,#261,#4255,.T.);
#4253=LINE('',#260,#4256);
#4254=LINE('',#266,#4257);
#4255=LINE('',#252,#4258);
#4256=VECTOR('',#4259,1.0);
#4257=VECTOR('',#4260,1.0);
#4258=VECTOR('',#4261,1.0);
#4259=DIRECTION('',(-0.7360630946720742,0,0.6769129343289055));
#4260=DIRECTION('',(0.623741554442526,0,0.7816306501549318));
#4261=DIRECTION('',(-0.5004429065233892,0,-0.8657695405305169));
#4262=FACE_SURFACE('',(#4267),#4263,.T.);
#4263=PLANE('',#4264);
#4264=AXIS2_PLACEMENT_3D('',#266,#4265,#4266);
#4265=DIRECTION('',(0,1,0));
#4266=DIRECTION('',(0.4115672925236243,0,0.9113793742041639));
#4267=FACE_BOUND('',#4268,.T.);
#4268=EDGE_LOOP('',(#4269,#4270,#4271));
#4269=ORIENTED_EDGE('',*,*,#4272,.T.);
#4270=ORIENTED_EDGE('',*,*,#4273,.T.);
#4271=ORIENTED_EDGE('',*,*,#4274,.T.);
#4272=EDGE_CURVE('',#267,#265,#4275,.F.);
#4273=EDGE_CURVE('',#265,#253,#4276,.T.);
#4274=EDGE_CURVE('',#253,#267,#4277,.T.);
#4275=LINE('',#266,#4278);
#4276=LINE('',#264,#4279);
#4277=LINE('',#252,#4280);
#4278=VECTOR('',#4281,1.0);
#4279=VECTOR('',#4282,1.0);
#4280=VECTOR('',#4283,1.0);
#4281=DIRECTION('',(0.4115672925236243,0,0.9113793742041639));
#4282=DIRECTION('',(0.82612225569798,0,-0.5634909215244566));
#4283=DIRECTION('',(-0.623741554442526,0,-0.7816306501549318));
#4284=FACE_SURFACE('',(#4289),#4285,.T.);
#4285=PLANE('',#4286);
#4286=AXIS2_PLACEMENT_3D('',#268,#4287,#4288);
#4287=DIRECTION('',(0.5634909215244566,-0,0.82612225569798));
#4288=DIRECTION('',(0.82612225569798,0,-0.5634909215244566));
#4289=FACE_BOUND('',#4290,.T.);
#4290=EDGE_LOOP('',(#4291,#4292,#4293));
#4291=ORIENTED_EDGE('',*,*,#4294,.T.);
#4292=ORIENTED_EDGE('',*,*,#4295,.T.);
#4293=ORIENTED_EDGE('',*,*,#4296,.T.);
#4294=EDGE_CURVE('',#269,#263,#4297,.F.);
#4295=EDGE_CURVE('',#263,#265,#4298,.T.);
#4296=EDGE_CURVE('',#265,#269,#4299,.T.);
#4297=LINE('',#268,#4300);
#4298=LINE('',#262,#4301);
#4299=LINE('',#264,#4302);
#4300=VECTOR('',#4303,1.0);
#4301=VECTOR('',#4304,1.0);
#4302=VECTOR('',#4305,1.0);
#4303=DIRECTION('',(0.82612225569798,0,-0.5634909215244566));
#4304=DIRECTION('',(-0.02267844393767097,0.9996231316132664,0.01546877255156629));
#4305=DIRECTION('',(0,-1,0));
#4306=FACE_SURFACE('',(#4311),#4307,.T.);
#4307=PLANE('',#4308);
#4308=AXIS2_PLACEMENT_3D('',#270,#4309,#4310);
#4309=DIRECTION('',(0.4483016939606788,0,0.8938823139496529));
#4310=DIRECTION('',(0.02453858302510412,-0.999623131255642,-0.012306640556453094));
#4311=FACE_BOUND('',#4312,.T.);
#4312=EDGE_LOOP('',(#4313,#4314,#4315));
#4313=ORIENTED_EDGE('',*,*,#4316,.T.);
#4314=ORIENTED_EDGE('',*,*,#4317,.T.);
#4315=ORIENTED_EDGE('',*,*,#4318,.T.);
#4316=EDGE_CURVE('',#271,#269,#4319,.F.);
#4317=EDGE_CURVE('',#269,#265,#4320,.T.);
#4318=EDGE_CURVE('',#265,#271,#4321,.T.);
#4319=LINE('',#270,#4322);
#4320=LINE('',#268,#4323);
#4321=LINE('',#264,#4324);
#4322=VECTOR('',#4325,1.0);
#4323=VECTOR('',#4326,1.0);
#4324=VECTOR('',#4327,1.0);
#4325=DIRECTION('',(0.02453858302510412,-0.999623131255642,-0.012306640556453094));
#4326=DIRECTION('',(0,1,0));
#4327=DIRECTION('',(-0.893882313949653,0,0.4483016939606788));
#4328=FACE_SURFACE('',(#4333),#4329,.T.);
#4329=PLANE('',#4330);
#4330=AXIS2_PLACEMENT_3D('',#266,#4331,#4332);
#4331=DIRECTION('',(0,1,-0));
#4332=DIRECTION('',(-0.8424266541780169,0,0.5388110358283617));
#4333=FACE_BOUND('',#4334,.T.);
#4334=EDGE_LOOP('',(#4335,#4336,#4337));
#4335=ORIENTED_EDGE('',*,*,#4338,.T.);
#4336=ORIENTED_EDGE('',*,*,#4339,.T.);
#4337=ORIENTED_EDGE('',*,*,#4340,.T.);
#4338=EDGE_CURVE('',#267,#273,#4341,.F.);
#4339=EDGE_CURVE('',#273,#265,#4342,.T.);
#4340=EDGE_CURVE('',#265,#267,#4343,.T.);
#4341=LINE('',#266,#4344);
#4342=LINE('',#272,#4345);
#4343=LINE('',#264,#4346);
#4344=VECTOR('',#4347,1.0);
#4345=VECTOR('',#4348,1.0);
#4346=VECTOR('',#4349,1.0);
#4347=DIRECTION('',(-0.8424266541780169,0,0.5388110358283617));
#4348=DIRECTION('',(0.5441411347284274,0,0.8389936981267855));
#4349=DIRECTION('',(-0.4115672925236243,0,-0.9113793742041639));
#4350=FACE_SURFACE('',(#4355),#4351,.T.);
#4351=PLANE('',#4352);
#4352=AXIS2_PLACEMENT_3D('',#272,#4353,#4354);
#4353=DIRECTION('',(0,1,0));
#4354=DIRECTION('',(0.31942199307223446,0,0.9476125739677378));
#4355=FACE_BOUND('',#4356,.T.);
#4356=EDGE_LOOP('',(#4357,#4358,#4359));
#4357=ORIENTED_EDGE('',*,*,#4360,.T.);
#4358=ORIENTED_EDGE('',*,*,#4361,.T.);
#4359=ORIENTED_EDGE('',*,*,#4362,.T.);
#4360=EDGE_CURVE('',#273,#271,#4363,.F.);
#4361=EDGE_CURVE('',#271,#265,#4364,.T.);
#4362=EDGE_CURVE('',#265,#273,#4365,.T.);
#4363=LINE('',#272,#4366);
#4364=LINE('',#270,#4367);
#4365=LINE('',#264,#4368);
#4366=VECTOR('',#4369,1.0);
#4367=VECTOR('',#4370,1.0);
#4368=VECTOR('',#4371,1.0);
#4369=DIRECTION('',(0.31942199307223446,0,0.9476125739677378));
#4370=DIRECTION('',(0.893882313949653,0,-0.4483016939606788));
#4371=DIRECTION('',(-0.5441411347284274,0,-0.8389936981267855));
#4372=FACE_SURFACE('',(#4377),#4373,.T.);
#4373=PLANE('',#4374);
#4374=AXIS2_PLACEMENT_3D('',#274,#4375,#4376);
#4375=DIRECTION('',(0.5139121889707906,0,-0.8578427956375518));
#4376=DIRECTION('',(0,1,0));
#4377=FACE_BOUND('',#4378,.T.);
#4378=EDGE_LOOP('',(#4379,#4380,#4381));
#4379=ORIENTED_EDGE('',*,*,#4382,.T.);
#4380=ORIENTED_EDGE('',*,*,#4383,.T.);
#4381=ORIENTED_EDGE('',*,*,#4384,.T.);
#4382=EDGE_CURVE('',#275,#277,#4385,.F.);
#4383=EDGE_CURVE('',#277,#231,#4386,.T.);
#4384=EDGE_CURVE('',#231,#275,#4387,.T.);
#4385=LINE('',#274,#4388);
#4386=LINE('',#276,#4389);
#4387=LINE('',#230,#4390);
#4388=VECTOR('',#4391,1.0);
#4389=VECTOR('',#4392,1.0);
#4390=VECTOR('',#4393,1.0);
#4391=DIRECTION('',(0,1,0));
#4392=DIRECTION('',(0.8578427956375518,0,0.5139121889707906));
#4393=DIRECTION('',(-0.023549225144026215,-0.9996231316424179,-0.014107752497167118));
#4394=FACE_SURFACE('',(#4399),#4395,.T.);
#4395=PLANE('',#4396);
#4396=AXIS2_PLACEMENT_3D('',#278,#4397,#4398);
#4397=DIRECTION('',(0.5139121889707906,0,-0.8578427956375518));
#4398=DIRECTION('',(-0.8578427956375518,0,-0.5139121889707906));
#4399=FACE_BOUND('',#4400,.T.);
#4400=EDGE_LOOP('',(#4401,#4402,#4403));
#4401=ORIENTED_EDGE('',*,*,#4404,.T.);
#4402=ORIENTED_EDGE('',*,*,#4405,.T.);
#4403=ORIENTED_EDGE('',*,*,#4406,.T.);
#4404=EDGE_CURVE('',#279,#275,#4407,.F.);
#4405=EDGE_CURVE('',#275,#231,#4408,.T.);
#4406=EDGE_CURVE('',#231,#279,#4409,.T.);
#4407=LINE('',#278,#4410);
#4408=LINE('',#274,#4411);
#4409=LINE('',#230,#4412);
#4410=VECTOR('',#4413,1.0);
#4411=VECTOR('',#4414,1.0);
#4412=VECTOR('',#4415,1.0);
#4413=DIRECTION('',(-0.8578427956375518,0,-0.5139121889707906));
#4414=DIRECTION('',(0.023549225144026215,0.9996231316424179,0.014107752497167118));
#4415=DIRECTION('',(0,-1,0));
#4416=FACE_SURFACE('',(#4421),#4417,.T.);
#4417=PLANE('',#4418);
#4418=AXIS2_PLACEMENT_3D('',#280,#4419,#4420);
#4419=DIRECTION('',(-0,1,0));
#4420=DIRECTION('',(0.7944514414326287,0,0.6073276769632835));
#4421=FACE_BOUND('',#4422,.T.);
#4422=EDGE_LOOP('',(#4423,#4424,#4425));
#4423=ORIENTED_EDGE('',*,*,#4426,.T.);
#4424=ORIENTED_EDGE('',*,*,#4427,.T.);
#4425=ORIENTED_EDGE('',*,*,#4428,.T.);
#4426=EDGE_CURVE('',#281,#251,#4429,.F.);
#4427=EDGE_CURVE('',#251,#231,#4430,.T.);
#4428=EDGE_CURVE('',#231,#281,#4431,.T.);
#4429=LINE('',#280,#4432);
#4430=LINE('',#250,#4433);
#4431=LINE('',#230,#4434);
#4432=VECTOR('',#4435,1.0);
#4433=VECTOR('',#4436,1.0);
#4434=VECTOR('',#4437,1.0);
#4435=DIRECTION('',(0.7944514414326287,0,0.6073276769632835));
#4436=DIRECTION('',(0.4721023192749417,0,-0.8815437596258175));
#4437=DIRECTION('',(-0.5992702513561183,0,0.8005467917864482));
#4438=FACE_SURFACE('',(#4443),#4439,.T.);
#4439=PLANE('',#4440);
#4440=AXIS2_PLACEMENT_3D('',#276,#4441,#4442);
#4441=DIRECTION('',(0,1,-0));
#4442=DIRECTION('',(-0.38245844064283185,0,0.923972695040851));
#4443=FACE_BOUND('',#4444,.T.);
#4444=EDGE_LOOP('',(#4445,#4446,#4447));
#4445=ORIENTED_EDGE('',*,*,#4448,.T.);
#4446=ORIENTED_EDGE('',*,*,#4449,.T.);
#4447=ORIENTED_EDGE('',*,*,#4450,.T.);
#4448=EDGE_CURVE('',#277,#281,#4451,.F.);
#4449=EDGE_CURVE('',#281,#231,#4452,.T.);
#4450=EDGE_CURVE('',#231,#277,#4453,.T.);
#4451=LINE('',#276,#4454);
#4452=LINE('',#280,#4455);
#4453=LINE('',#230,#4456);
#4454=VECTOR('',#4457,1.0);
#4455=VECTOR('',#4458,1.0);
#4456=VECTOR('',#4459,1.0);
#4457=DIRECTION('',(-0.38245844064283185,0,0.923972695040851));
#4458=DIRECTION('',(0.5992702513561183,0,-0.8005467917864482));
#4459=DIRECTION('',(-0.8578427956375518,0,-0.5139121889707906));
#4460=FACE_SURFACE('',(#4465),#4461,.T.);
#4461=PLANE('',#4462);
#4462=AXIS2_PLACEMENT_3D('',#228,#4463,#4464);
#4463=DIRECTION('',(-0.9999171977764277,0,-0.012868472750723798));
#4464=DIRECTION('',(-0.002314712964752883,-0.9836895263310685,0.17985982845107146));
#4465=FACE_BOUND('',#4466,.T.);
#4466=EDGE_LOOP('',(#4467,#4468,#4469));
#4467=ORIENTED_EDGE('',*,*,#4470,.T.);
#4468=ORIENTED_EDGE('',*,*,#4471,.T.);
#4469=ORIENTED_EDGE('',*,*,#4472,.T.);
#4470=EDGE_CURVE('',#229,#279,#4473,.F.);
#4471=EDGE_CURVE('',#279,#231,#4474,.T.);
#4472=EDGE_CURVE('',#231,#229,#4475,.T.);
#4473=LINE('',#228,#4476);
#4474=LINE('',#278,#4477);
#4475=LINE('',#230,#4478);
#4476=VECTOR('',#4479,1.0);
#4477=VECTOR('',#4480,1.0);
#4478=VECTOR('',#4481,1.0);
#4479=DIRECTION('',(-0.002314712964752883,-0.9836895263310685,0.17985982845107146));
#4480=DIRECTION('',(0,1,0));
#4481=DIRECTION('',(0.012868472750723798,0,-0.9999171977764277));
#4482=FACE_SURFACE('',(#4487),#4483,.T.);
#4483=PLANE('',#4484);
#4484=AXIS2_PLACEMENT_3D('',#234,#4485,#4486);
#4485=DIRECTION('',(-0.9999171977764277,0,-0.012868472750723798));
#4486=DIRECTION('',(-0.012868472750723798,0,0.9999171977764277));
#4487=FACE_BOUND('',#4488,.T.);
#4488=EDGE_LOOP('',(#4489,#4490,#4491));
#4489=ORIENTED_EDGE('',*,*,#4492,.T.);
#4490=ORIENTED_EDGE('',*,*,#4493,.T.);
#4491=ORIENTED_EDGE('',*,*,#4494,.T.);
#4492=EDGE_CURVE('',#235,#279,#4495,.F.);
#4493=EDGE_CURVE('',#279,#229,#4496,.T.);
#4494=EDGE_CURVE('',#229,#235,#4497,.T.);
#4495=LINE('',#234,#4498);
#4496=LINE('',#278,#4499);
#4497=LINE('',#228,#4500);
#4498=VECTOR('',#4501,1.0);
#4499=VECTOR('',#4502,1.0);
#4500=VECTOR('',#4503,1.0);
#4501=DIRECTION('',(-0.012868472750723798,0,0.9999171977764277));
#4502=DIRECTION('',(0.002314712964752883,0.9836895263310685,-0.17985982845107146));
#4503=DIRECTION('',(0,-1,0));
#4504=FACE_SURFACE('',(#4509),#4505,.T.);
#4505=PLANE('',#4506);
#4506=AXIS2_PLACEMENT_3D('',#282,#4507,#4508);
#4507=DIRECTION('',(-0.9989691524917158,0,0.04539418872480234));
#4508=DIRECTION('',(0.04539418872480234,0,0.9989691524917159));
#4509=FACE_BOUND('',#4510,.T.);
#4510=EDGE_LOOP('',(#4511,#4512,#4513));
#4511=ORIENTED_EDGE('',*,*,#4514,.T.);
#4512=ORIENTED_EDGE('',*,*,#4515,.T.);
#4513=ORIENTED_EDGE('',*,*,#4516,.T.);
#4514=EDGE_CURVE('',#283,#285,#4517,.F.);
#4515=EDGE_CURVE('',#285,#237,#4518,.T.);
#4516=EDGE_CURVE('',#237,#283,#4519,.T.);
#4517=LINE('',#282,#4520);
#4518=LINE('',#284,#4521);
#4519=LINE('',#236,#4522);
#4520=VECTOR('',#4523,1.0);
#4521=VECTOR('',#4524,1.0);
#4522=VECTOR('',#4525,1.0);
#4523=DIRECTION('',(0.04539418872480234,0,0.9989691524917159));
#4524=DIRECTION('',(0,1,0));
#4525=DIRECTION('',(-0.0007586528723475692,-0.9998603355008502,-0.01669532682958544));
#4526=FACE_SURFACE('',(#4531),#4527,.T.);
#4527=PLANE('',#4528);
#4528=AXIS2_PLACEMENT_3D('',#238,#4529,#4530);
#4529=DIRECTION('',(-0.9989691524917158,0,0.04539418872480234));
#4530=DIRECTION('',(0,-1,0));
#4531=FACE_BOUND('',#4532,.T.);
#4532=EDGE_LOOP('',(#4533,#4534,#4535));
#4533=ORIENTED_EDGE('',*,*,#4536,.T.);
#4534=ORIENTED_EDGE('',*,*,#4537,.T.);
#4535=ORIENTED_EDGE('',*,*,#4538,.T.);
#4536=EDGE_CURVE('',#239,#283,#4539,.F.);
#4537=EDGE_CURVE('',#283,#237,#4540,.T.);
#4538=EDGE_CURVE('',#237,#239,#4541,.T.);
#4539=LINE('',#238,#4542);
#4540=LINE('',#282,#4543);
#4541=LINE('',#236,#4544);
#4542=VECTOR('',#4545,1.0);
#4543=VECTOR('',#4546,1.0);
#4544=VECTOR('',#4547,1.0);
#4545=DIRECTION('',(0,-1,0));
#4546=DIRECTION('',(0.0007586528723475692,0.9998603355008502,0.01669532682958544));
#4547=DIRECTION('',(-0.04539418872480234,0,-0.9989691524917159));
#4548=FACE_SURFACE('',(#4553),#4549,.T.);
#4549=PLANE('',#4550);
#4550=AXIS2_PLACEMENT_3D('',#284,#4551,#4552);
#4551=DIRECTION('',(-0.9916779839719534,0,-0.12874306235802346));
#4552=DIRECTION('',(-0.0021516064297959873,0.9998603379768664,0.016573325874970547));
#4553=FACE_BOUND('',#4554,.T.);
#4554=EDGE_LOOP('',(#4555,#4556,#4557));
#4555=ORIENTED_EDGE('',*,*,#4558,.T.);
#4556=ORIENTED_EDGE('',*,*,#4559,.T.);
#4557=ORIENTED_EDGE('',*,*,#4560,.T.);
#4558=EDGE_CURVE('',#285,#255,#4561,.F.);
#4559=EDGE_CURVE('',#255,#237,#4562,.T.);
#4560=EDGE_CURVE('',#237,#285,#4563,.T.);
#4561=LINE('',#284,#4564);
#4562=LINE('',#254,#4565);
#4563=LINE('',#236,#4566);
#4564=VECTOR('',#4567,1.0);
#4565=VECTOR('',#4568,1.0);
#4566=VECTOR('',#4569,1.0);
#4567=DIRECTION('',(-0.0021516064297959873,0.9998603379768664,0.016573325874970547));
#4568=DIRECTION('',(0.12874306235802346,0,-0.9916779839719535));
#4569=DIRECTION('',(0,-1,0));
#4570=FACE_SURFACE('',(#4575),#4571,.T.);
#4571=PLANE('',#4572);
#4572=AXIS2_PLACEMENT_3D('',#286,#4573,#4574);
#4573=DIRECTION('',(-0.9542521785935681,0,-0.2990029759875794));
#4574=DIRECTION('',(-0.0049970771913699745,0.9998603369804411,0.01594790747722561));
#4575=FACE_BOUND('',#4576,.T.);
#4576=EDGE_LOOP('',(#4577,#4578,#4579));
#4577=ORIENTED_EDGE('',*,*,#4580,.T.);
#4578=ORIENTED_EDGE('',*,*,#4581,.T.);
#4579=ORIENTED_EDGE('',*,*,#4582,.T.);
#4580=EDGE_CURVE('',#287,#257,#4583,.F.);
#4581=EDGE_CURVE('',#257,#255,#4584,.T.);
#4582=EDGE_CURVE('',#255,#287,#4585,.T.);
#4583=LINE('',#286,#4586);
#4584=LINE('',#256,#4587);
#4585=LINE('',#254,#4588);
#4586=VECTOR('',#4589,1.0);
#4587=VECTOR('',#4590,1.0);
#4588=VECTOR('',#4591,1.0);
#4589=DIRECTION('',(-0.0049970771913699745,0.9998603369804411,0.01594790747722561));
#4590=DIRECTION('',(0.29900297598757936,0,-0.954252178593568));
#4591=DIRECTION('',(0,-1,0));
#4592=FACE_SURFACE('',(#4597),#4593,.T.);
#4593=PLANE('',#4594);
#4594=AXIS2_PLACEMENT_3D('',#284,#4595,#4596);
#4595=DIRECTION('',(-0.9916779839719534,0,-0.12874306235802346));
#4596=DIRECTION('',(-0.12874306235802346,0,0.9916779839719535));
#4597=FACE_BOUND('',#4598,.T.);
#4598=EDGE_LOOP('',(#4599,#4600,#4601));
#4599=ORIENTED_EDGE('',*,*,#4602,.T.);
#4600=ORIENTED_EDGE('',*,*,#4603,.T.);
#4601=ORIENTED_EDGE('',*,*,#4604,.T.);
#4602=EDGE_CURVE('',#285,#287,#4605,.F.);
#4603=EDGE_CURVE('',#287,#255,#4606,.T.);
#4604=EDGE_CURVE('',#255,#285,#4607,.T.);
#4605=LINE('',#284,#4608);
#4606=LINE('',#286,#4609);
#4607=LINE('',#254,#4610);
#4608=VECTOR('',#4611,1.0);
#4609=VECTOR('',#4612,1.0);
#4610=VECTOR('',#4613,1.0);
#4611=DIRECTION('',(-0.12874306235802346,0,0.9916779839719535));
#4612=DIRECTION('',(0,1,0));
#4613=DIRECTION('',(0.0021516064297959873,-0.9998603379768664,-0.016573325874970547));
#4614=FACE_SURFACE('',(#4619),#4615,.T.);
#4615=PLANE('',#4616);
#4616=AXIS2_PLACEMENT_3D('',#288,#4617,#4618);
#4617=DIRECTION('',(-0.9759067169937784,0,0.2181881750380285));
#4618=DIRECTION('',(0.21818817503802854,0,0.9759067169937784));
#4619=FACE_BOUND('',#4620,.T.);
#4620=EDGE_LOOP('',(#4621,#4622,#4623));
#4621=ORIENTED_EDGE('',*,*,#4624,.T.);
#4622=ORIENTED_EDGE('',*,*,#4625,.T.);
#4623=ORIENTED_EDGE('',*,*,#4626,.T.);
#4624=EDGE_CURVE('',#289,#283,#4627,.F.);
#4625=EDGE_CURVE('',#283,#239,#4628,.T.);
#4626=EDGE_CURVE('',#239,#289,#4629,.T.);
#4627=LINE('',#288,#4630);
#4628=LINE('',#282,#4631);
#4629=LINE('',#238,#4632);
#4630=VECTOR('',#4633,1.0);
#4631=VECTOR('',#4634,1.0);
#4632=VECTOR('',#4635,1.0);
#4633=DIRECTION('',(0.21818817503802854,0,0.9759067169937784));
#4634=DIRECTION('',(0,1,0));
#4635=DIRECTION('',(-0.0036464451866325812,-0.9998603383102478,-0.016309730580789418));
#4636=FACE_SURFACE('',(#4641),#4637,.T.);
#4637=PLANE('',#4638);
#4638=AXIS2_PLACEMENT_3D('',#240,#4639,#4640);
#4639=DIRECTION('',(-0.9759067169937784,0,0.2181881750380285));
#4640=DIRECTION('',(0,-1,0));
#4641=FACE_BOUND('',#4642,.T.);
#4642=EDGE_LOOP('',(#4643,#4644,#4645));
#4643=ORIENTED_EDGE('',*,*,#4646,.T.);
#4644=ORIENTED_EDGE('',*,*,#4647,.T.);
#4645=ORIENTED_EDGE('',*,*,#4648,.T.);
#4646=EDGE_CURVE('',#241,#289,#4649,.F.);
#4647=EDGE_CURVE('',#289,#239,#4650,.T.);
#4648=EDGE_CURVE('',#239,#241,#4651,.T.);
#4649=LINE('',#240,#4652);
#4650=LINE('',#288,#4653);
#4651=LINE('',#238,#4654);
#4652=VECTOR('',#4655,1.0);
#4653=VECTOR('',#4656,1.0);
#4654=VECTOR('',#4657,1.0);
#4655=DIRECTION('',(0,-1,0));
#4656=DIRECTION('',(0.0036464451866325812,0.9998603383102478,0.016309730580789418));
#4657=DIRECTION('',(-0.21818817503802854,0,-0.9759067169937784));
#4658=FACE_SURFACE('',(#4663),#4659,.T.);
#4659=PLANE('',#4660);
#4660=AXIS2_PLACEMENT_3D('',#290,#4661,#4662);
#4661=DIRECTION('',(-0.8878330656516578,0,-0.46016567400837194));
#4662=DIRECTION('',(-0.0076905038873260854,0.9998603369615731,0.014837881285700783));
#4663=FACE_BOUND('',#4664,.T.);
#4664=EDGE_LOOP('',(#4665,#4666,#4667));
#4665=ORIENTED_EDGE('',*,*,#4668,.T.);
#4666=ORIENTED_EDGE('',*,*,#4669,.T.);
#4667=ORIENTED_EDGE('',*,*,#4670,.T.);
#4668=EDGE_CURVE('',#291,#259,#4671,.F.);
#4669=EDGE_CURVE('',#259,#257,#4672,.T.);
#4670=EDGE_CURVE('',#257,#291,#4673,.T.);
#4671=LINE('',#290,#4674);
#4672=LINE('',#258,#4675);
#4673=LINE('',#256,#4676);
#4674=VECTOR('',#4677,1.0);
#4675=VECTOR('',#4678,1.0);
#4676=VECTOR('',#4679,1.0);
#4677=DIRECTION('',(-0.0076905038873260854,0.9998603369615731,0.014837881285700783));
#4678=DIRECTION('',(0.46016567400837194,0,-0.8878330656516578));
#4679=DIRECTION('',(0,-1,0));
#4680=FACE_SURFACE('',(#4685),#4681,.T.);
#4681=PLANE('',#4682);
#4682=AXIS2_PLACEMENT_3D('',#286,#4683,#4684);
#4683=DIRECTION('',(-0.9542521785935681,0,-0.2990029759875794));
#4684=DIRECTION('',(-0.29900297598757936,0,0.954252178593568));
#4685=FACE_BOUND('',#4686,.T.);
#4686=EDGE_LOOP('',(#4687,#4688,#4689));
#4687=ORIENTED_EDGE('',*,*,#4690,.T.);
#4688=ORIENTED_EDGE('',*,*,#4691,.T.);
#4689=ORIENTED_EDGE('',*,*,#4692,.T.);
#4690=EDGE_CURVE('',#287,#291,#4693,.F.);
#4691=EDGE_CURVE('',#291,#257,#4694,.T.);
#4692=EDGE_CURVE('',#257,#287,#4695,.T.);
#4693=LINE('',#286,#4696);
#4694=LINE('',#290,#4697);
#4695=LINE('',#256,#4698);
#4696=VECTOR('',#4699,1.0);
#4697=VECTOR('',#4700,1.0);
#4698=VECTOR('',#4701,1.0);
#4699=DIRECTION('',(-0.29900297598757936,0,0.954252178593568));
#4700=DIRECTION('',(0,1,0));
#4701=DIRECTION('',(0.0049970771913699745,-0.9998603369804411,-0.01594790747722561));
#4702=FACE_SURFACE('',(#4707),#4703,.T.);
#4703=PLANE('',#4704);
#4704=AXIS2_PLACEMENT_3D('',#292,#4705,#4706);
#4705=DIRECTION('',(-0.9231874161855126,0,0.3843500937904364));
#4706=DIRECTION('',(0.3843500937904364,0,0.9231874161855125));
#4707=FACE_BOUND('',#4708,.T.);
#4708=EDGE_LOOP('',(#4709,#4710,#4711));
#4709=ORIENTED_EDGE('',*,*,#4712,.T.);
#4710=ORIENTED_EDGE('',*,*,#4713,.T.);
#4711=ORIENTED_EDGE('',*,*,#4714,.T.);
#4712=EDGE_CURVE('',#293,#289,#4715,.F.);
#4713=EDGE_CURVE('',#289,#241,#4716,.T.);
#4714=EDGE_CURVE('',#241,#293,#4717,.T.);
#4715=LINE('',#292,#4718);
#4716=LINE('',#288,#4719);
#4717=LINE('',#240,#4720);
#4718=VECTOR('',#4721,1.0);
#4719=VECTOR('',#4722,1.0);
#4720=VECTOR('',#4723,1.0);
#4721=DIRECTION('',(0.3843500937904364,0,0.9231874161855125));
#4722=DIRECTION('',(0,1,0));
#4723=DIRECTION('',(-0.0064234699817364025,-0.9998603355909256,-0.015428815424246388));
#4724=FACE_SURFACE('',(#4729),#4725,.T.);
#4725=PLANE('',#4726);
#4726=AXIS2_PLACEMENT_3D('',#242,#4727,#4728);
#4727=DIRECTION('',(-0.9231874161855126,0,0.3843500937904364));
#4728=DIRECTION('',(0,-1,0));
#4729=FACE_BOUND('',#4730,.T.);
#4730=EDGE_LOOP('',(#4731,#4732,#4733));
#4731=ORIENTED_EDGE('',*,*,#4734,.T.);
#4732=ORIENTED_EDGE('',*,*,#4735,.T.);
#4733=ORIENTED_EDGE('',*,*,#4736,.T.);
#4734=EDGE_CURVE('',#243,#293,#4737,.F.);
#4735=EDGE_CURVE('',#293,#241,#4738,.T.);
#4736=EDGE_CURVE('',#241,#243,#4739,.T.);
#4737=LINE('',#242,#4740);
#4738=LINE('',#292,#4741);
#4739=LINE('',#240,#4742);
#4740=VECTOR('',#4743,1.0);
#4741=VECTOR('',#4744,1.0);
#4742=VECTOR('',#4745,1.0);
#4743=DIRECTION('',(0,-1,0));
#4744=DIRECTION('',(0.0064234699817364025,0.9998603355909256,0.015428815424246388));
#4745=DIRECTION('',(-0.3843500937904364,0,-0.9231874161855125));
#4746=FACE_SURFACE('',(#4751),#4747,.T.);
#4747=PLANE('',#4748);
#4748=AXIS2_PLACEMENT_3D('',#294,#4749,#4750);
#4749=DIRECTION('',(0.4483016939606788,-0,0.8938823139496529));
#4750=DIRECTION('',(0.893882313949653,0,-0.4483016939606788));
#4751=FACE_BOUND('',#4752,.T.);
#4752=EDGE_LOOP('',(#4753,#4754,#4755));
#4753=ORIENTED_EDGE('',*,*,#4756,.T.);
#4754=ORIENTED_EDGE('',*,*,#4757,.T.);
#4755=ORIENTED_EDGE('',*,*,#4758,.T.);
#4756=EDGE_CURVE('',#295,#269,#4759,.F.);
#4757=EDGE_CURVE('',#269,#271,#4760,.T.);
#4758=EDGE_CURVE('',#271,#295,#4761,.T.);
#4759=LINE('',#294,#4762);
#4760=LINE('',#268,#4763);
#4761=LINE('',#270,#4764);
#4762=VECTOR('',#4765,1.0);
#4763=VECTOR('',#4766,1.0);
#4764=VECTOR('',#4767,1.0);
#4765=DIRECTION('',(0.893882313949653,0,-0.4483016939606788));
#4766=DIRECTION('',(-0.02453858302510412,0.999623131255642,0.012306640556453094));
#4767=DIRECTION('',(0,-1,0));
#4768=FACE_SURFACE('',(#4773),#4769,.T.);
#4769=PLANE('',#4770);
#4770=AXIS2_PLACEMENT_3D('',#296,#4771,#4772);
#4771=DIRECTION('',(0.32507923671610606,0,0.9456867821092108));
#4772=DIRECTION('',(0.025960980669728323,-0.999623123203618,-0.008924070781336418));
#4773=FACE_BOUND('',#4774,.T.);
#4774=EDGE_LOOP('',(#4775,#4776,#4777));
#4775=ORIENTED_EDGE('',*,*,#4778,.T.);
#4776=ORIENTED_EDGE('',*,*,#4779,.T.);
#4777=ORIENTED_EDGE('',*,*,#4780,.T.);
#4778=EDGE_CURVE('',#297,#295,#4781,.F.);
#4779=EDGE_CURVE('',#295,#271,#4782,.T.);
#4780=EDGE_CURVE('',#271,#297,#4783,.T.);
#4781=LINE('',#296,#4784);
#4782=LINE('',#294,#4785);
#4783=LINE('',#270,#4786);
#4784=VECTOR('',#4787,1.0);
#4785=VECTOR('',#4788,1.0);
#4786=VECTOR('',#4789,1.0);
#4787=DIRECTION('',(0.025960980669728323,-0.999623123203618,-0.008924070781336418));
#4788=DIRECTION('',(0,1,0));
#4789=DIRECTION('',(-0.9456867821092108,0,0.32507923671610606));
#4790=FACE_SURFACE('',(#4795),#4791,.T.);
#4791=PLANE('',#4792);
#4792=AXIS2_PLACEMENT_3D('',#272,#4793,#4794);
#4793=DIRECTION('',(0,1,-0));
#4794=DIRECTION('',(-0.9231952716273297,0,0.38433122491535987));
#4795=FACE_BOUND('',#4796,.T.);
#4796=EDGE_LOOP('',(#4797,#4798,#4799));
#4797=ORIENTED_EDGE('',*,*,#4800,.T.);
#4798=ORIENTED_EDGE('',*,*,#4801,.T.);
#4799=ORIENTED_EDGE('',*,*,#4802,.T.);
#4800=EDGE_CURVE('',#273,#299,#4803,.F.);
#4801=EDGE_CURVE('',#299,#271,#4804,.T.);
#4802=EDGE_CURVE('',#271,#273,#4805,.T.);
#4803=LINE('',#272,#4806);
#4804=LINE('',#298,#4807);
#4805=LINE('',#270,#4808);
#4806=VECTOR('',#4809,1.0);
#4807=VECTOR('',#4810,1.0);
#4808=VECTOR('',#4811,1.0);
#4809=DIRECTION('',(-0.9231952716273297,0,0.38433122491535987));
#4810=DIRECTION('',(0.45897515798285843,0,0.8884491005986839));
#4811=DIRECTION('',(-0.31942199307223446,0,-0.9476125739677378));
#4812=FACE_SURFACE('',(#4817),#4813,.T.);
#4813=PLANE('',#4814);
#4814=AXIS2_PLACEMENT_3D('',#298,#4815,#4816);
#4815=DIRECTION('',(0,1,0));
#4816=DIRECTION('',(0.22474145213485824,0,0.9744184315232934));
#4817=FACE_BOUND('',#4818,.T.);
#4818=EDGE_LOOP('',(#4819,#4820,#4821));
#4819=ORIENTED_EDGE('',*,*,#4822,.T.);
#4820=ORIENTED_EDGE('',*,*,#4823,.T.);
#4821=ORIENTED_EDGE('',*,*,#4824,.T.);
#4822=EDGE_CURVE('',#299,#297,#4825,.F.);
#4823=EDGE_CURVE('',#297,#271,#4826,.T.);
#4824=EDGE_CURVE('',#271,#299,#4827,.T.);
#4825=LINE('',#298,#4828);
#4826=LINE('',#296,#4829);
#4827=LINE('',#270,#4830);
#4828=VECTOR('',#4831,1.0);
#4829=VECTOR('',#4832,1.0);
#4830=VECTOR('',#4833,1.0);
#4831=DIRECTION('',(0.22474145213485824,0,0.9744184315232934));
#4832=DIRECTION('',(0.9456867821092108,0,-0.32507923671610606));
#4833=DIRECTION('',(-0.45897515798285843,0,-0.8884491005986839));
#4834=FACE_SURFACE('',(#4839),#4835,.T.);
#4835=PLANE('',#4836);
#4836=AXIS2_PLACEMENT_3D('',#300,#4837,#4838);
#4837=DIRECTION('',(0.3949260939852175,0,-0.9187128932858072));
#4838=DIRECTION('',(0,1,0));
#4839=FACE_BOUND('',#4840,.T.);
#4840=EDGE_LOOP('',(#4841,#4842,#4843));
#4841=ORIENTED_EDGE('',*,*,#4844,.T.);
#4842=ORIENTED_EDGE('',*,*,#4845,.T.);
#4843=ORIENTED_EDGE('',*,*,#4846,.T.);
#4844=EDGE_CURVE('',#301,#303,#4847,.F.);
#4845=EDGE_CURVE('',#303,#277,#4848,.T.);
#4846=EDGE_CURVE('',#277,#301,#4849,.T.);
#4847=LINE('',#300,#4850);
#4848=LINE('',#302,#4851);
#4849=LINE('',#276,#4852);
#4850=VECTOR('',#4853,1.0);
#4851=VECTOR('',#4854,1.0);
#4852=VECTOR('',#4855,1.0);
#4853=DIRECTION('',(0,1,0));
#4854=DIRECTION('',(0.9187128932858073,0,0.3949260939852175));
#4855=DIRECTION('',(-0.02522026833874544,-0.9996231299443407,-0.01084140881996007));
#4856=FACE_SURFACE('',(#4861),#4857,.T.);
#4857=PLANE('',#4858);
#4858=AXIS2_PLACEMENT_3D('',#274,#4859,#4860);
#4859=DIRECTION('',(0.3949260939852175,0,-0.9187128932858072));
#4860=DIRECTION('',(-0.9187128932858073,0,-0.3949260939852175));
#4861=FACE_BOUND('',#4862,.T.);
#4862=EDGE_LOOP('',(#4863,#4864,#4865));
#4863=ORIENTED_EDGE('',*,*,#4866,.T.);
#4864=ORIENTED_EDGE('',*,*,#4867,.T.);
#4865=ORIENTED_EDGE('',*,*,#4868,.T.);
#4866=EDGE_CURVE('',#275,#301,#4869,.F.);
#4867=EDGE_CURVE('',#301,#277,#4870,.T.);
#4868=EDGE_CURVE('',#277,#275,#4871,.T.);
#4869=LINE('',#274,#4872);
#4870=LINE('',#300,#4873);
#4871=LINE('',#276,#4874);
#4872=VECTOR('',#4875,1.0);
#4873=VECTOR('',#4876,1.0);
#4874=VECTOR('',#4877,1.0);
#4875=DIRECTION('',(-0.9187128932858073,0,-0.3949260939852175));
#4876=DIRECTION('',(0.02522026833874544,0.9996231299443407,0.01084140881996007));
#4877=DIRECTION('',(0,-1,0));
#4878=FACE_SURFACE('',(#4883),#4879,.T.);
#4879=PLANE('',#4880);
#4880=AXIS2_PLACEMENT_3D('',#304,#4881,#4882);
#4881=DIRECTION('',(-0,1,0));
#4882=DIRECTION('',(0.8878297555342496,0,0.46017206041653));
#4883=FACE_BOUND('',#4884,.T.);
#4884=EDGE_LOOP('',(#4885,#4886,#4887));
#4885=ORIENTED_EDGE('',*,*,#4888,.T.);
#4886=ORIENTED_EDGE('',*,*,#4889,.T.);
#4887=ORIENTED_EDGE('',*,*,#4890,.T.);
#4888=EDGE_CURVE('',#305,#281,#4891,.F.);
#4889=EDGE_CURVE('',#281,#277,#4892,.T.);
#4890=EDGE_CURVE('',#277,#305,#4893,.T.);
#4891=LINE('',#304,#4894);
#4892=LINE('',#280,#4895);
#4893=LINE('',#276,#4896);
#4894=VECTOR('',#4897,1.0);
#4895=VECTOR('',#4898,1.0);
#4896=VECTOR('',#4899,1.0);
#4897=DIRECTION('',(0.8878297555342496,0,0.46017206041653));
#4898=DIRECTION('',(0.38245844064283185,0,-0.923972695040851));
#4899=DIRECTION('',(-0.5177057672151556,0,0.8555587288971852));
#4900=FACE_SURFACE('',(#4905),#4901,.T.);
#4901=PLANE('',#4902);
#4902=AXIS2_PLACEMENT_3D('',#302,#4903,#4904);
#4903=DIRECTION('',(0,1,-0));
#4904=DIRECTION('',(-0.2896908475455138,0,0.9571202708376633));
#4905=FACE_BOUND('',#4906,.T.);
#4906=EDGE_LOOP('',(#4907,#4908,#4909));
#4907=ORIENTED_EDGE('',*,*,#4910,.T.);
#4908=ORIENTED_EDGE('',*,*,#4911,.T.);
#4909=ORIENTED_EDGE('',*,*,#4912,.T.);
#4910=EDGE_CURVE('',#303,#305,#4913,.F.);
#4911=EDGE_CURVE('',#305,#277,#4914,.T.);
#4912=EDGE_CURVE('',#277,#303,#4915,.T.);
#4913=LINE('',#302,#4916);
#4914=LINE('',#304,#4917);
#4915=LINE('',#276,#4918);
#4916=VECTOR('',#4919,1.0);
#4917=VECTOR('',#4920,1.0);
#4918=VECTOR('',#4921,1.0);
#4919=DIRECTION('',(-0.2896908475455138,0,0.9571202708376633));
#4920=DIRECTION('',(0.5177057672151556,0,-0.8555587288971852));
#4921=DIRECTION('',(-0.9187128932858073,0,-0.3949260939852175));
#4922=FACE_SURFACE('',(#4927),#4923,.T.);
#4923=PLANE('',#4924);
#4924=AXIS2_PLACEMENT_3D('',#306,#4925,#4926);
#4925=DIRECTION('',(-0.7944532179081164,0,-0.6073253531307901));
#4926=DIRECTION('',(-0.010149855881391367,0.9998603383202106,0.013277209035827072));
#4927=FACE_BOUND('',#4928,.T.);
#4928=EDGE_LOOP('',(#4929,#4930,#4931));
#4929=ORIENTED_EDGE('',*,*,#4932,.T.);
#4930=ORIENTED_EDGE('',*,*,#4933,.T.);
#4931=ORIENTED_EDGE('',*,*,#4934,.T.);
#4932=EDGE_CURVE('',#307,#261,#4935,.F.);
#4933=EDGE_CURVE('',#261,#259,#4936,.T.);
#4934=EDGE_CURVE('',#259,#307,#4937,.T.);
#4935=LINE('',#306,#4938);
#4936=LINE('',#260,#4939);
#4937=LINE('',#258,#4940);
#4938=VECTOR('',#4941,1.0);
#4939=VECTOR('',#4942,1.0);
#4940=VECTOR('',#4943,1.0);
#4941=DIRECTION('',(-0.010149855881391367,0.9998603383202106,0.013277209035827072));
#4942=DIRECTION('',(0.6073253531307901,0,-0.7944532179081165));
#4943=DIRECTION('',(0,-1,0));
#4944=FACE_SURFACE('',(#4949),#4945,.T.);
#4945=PLANE('',#4946);
#4946=AXIS2_PLACEMENT_3D('',#290,#4947,#4948);
#4947=DIRECTION('',(-0.8878330656516578,0,-0.46016567400837194));
#4948=DIRECTION('',(-0.46016567400837194,0,0.8878330656516578));
#4949=FACE_BOUND('',#4950,.T.);
#4950=EDGE_LOOP('',(#4951,#4952,#4953));
#4951=ORIENTED_EDGE('',*,*,#4954,.T.);
#4952=ORIENTED_EDGE('',*,*,#4955,.T.);
#4953=ORIENTED_EDGE('',*,*,#4956,.T.);
#4954=EDGE_CURVE('',#291,#307,#4957,.F.);
#4955=EDGE_CURVE('',#307,#259,#4958,.T.);
#4956=EDGE_CURVE('',#259,#291,#4959,.T.);
#4957=LINE('',#290,#4960);
#4958=LINE('',#306,#4961);
#4959=LINE('',#258,#4962);
#4960=VECTOR('',#4963,1.0);
#4961=VECTOR('',#4964,1.0);
#4962=VECTOR('',#4965,1.0);
#4963=DIRECTION('',(-0.46016567400837194,0,0.8878330656516578));
#4964=DIRECTION('',(0,1,0));
#4965=DIRECTION('',(0.0076905038873260854,-0.9998603369615731,-0.014837881285700783));
#4966=FACE_SURFACE('',(#4971),#4967,.T.);
#4967=PLANE('',#4968);
#4968=AXIS2_PLACEMENT_3D('',#308,#4969,#4970);
#4969=DIRECTION('',(-0.8424195587729658,0,0.5388221292752938));
#4970=DIRECTION('',(0.5388221292752938,0,0.8424195587729659));
#4971=FACE_BOUND('',#4972,.T.);
#4972=EDGE_LOOP('',(#4973,#4974,#4975));
#4973=ORIENTED_EDGE('',*,*,#4976,.T.);
#4974=ORIENTED_EDGE('',*,*,#4977,.T.);
#4975=ORIENTED_EDGE('',*,*,#4978,.T.);
#4976=EDGE_CURVE('',#309,#293,#4979,.F.);
#4977=EDGE_CURVE('',#293,#243,#4980,.T.);
#4978=EDGE_CURVE('',#243,#309,#4981,.T.);
#4979=LINE('',#308,#4982);
#4980=LINE('',#292,#4983);
#4981=LINE('',#242,#4984);
#4982=VECTOR('',#4985,1.0);
#4983=VECTOR('',#4986,1.0);
#4984=VECTOR('',#4987,1.0);
#4985=DIRECTION('',(0.5388221292752938,0,0.8424195587729659));
#4986=DIRECTION('',(0,1,0));
#4987=DIRECTION('',(-0.009005084200454783,-0.9998603358181953,-0.014078967152042623));
#4988=FACE_SURFACE('',(#4993),#4989,.T.);
#4989=PLANE('',#4990);
#4990=AXIS2_PLACEMENT_3D('',#244,#4991,#4992);
#4991=DIRECTION('',(-0.8424195587729658,0,0.5388221292752938));
#4992=DIRECTION('',(0,-1,0));
#4993=FACE_BOUND('',#4994,.T.);
#4994=EDGE_LOOP('',(#4995,#4996,#4997));
#4995=ORIENTED_EDGE('',*,*,#4998,.T.);
#4996=ORIENTED_EDGE('',*,*,#4999,.T.);
#4997=ORIENTED_EDGE('',*,*,#5000,.T.);
#4998=EDGE_CURVE('',#245,#309,#5001,.F.);
#4999=EDGE_CURVE('',#309,#243,#5002,.T.);
#5000=EDGE_CURVE('',#243,#245,#5003,.T.);
#5001=LINE('',#244,#5004);
#5002=LINE('',#308,#5005);
#5003=LINE('',#242,#5006);
#5004=VECTOR('',#5007,1.0);
#5005=VECTOR('',#5008,1.0);
#5006=VECTOR('',#5009,1.0);
#5007=DIRECTION('',(0,-1,0));
#5008=DIRECTION('',(0.009005084200454783,0.9998603358181953,0.014078967152042623));
#5009=DIRECTION('',(-0.5388221292752938,0,-0.8424195587729659));
#5010=FACE_SURFACE('',(#5015),#5011,.T.);
#5011=PLANE('',#5012);
#5012=AXIS2_PLACEMENT_3D('',#310,#5013,#5014);
#5013=DIRECTION('',(-0.6769129343289054,0,-0.7360630946720742));
#5014=DIRECTION('',(-0.01230146228635038,0.9998603362414133,0.011312914603468333));
#5015=FACE_BOUND('',#5016,.T.);
#5016=EDGE_LOOP('',(#5017,#5018,#5019));
#5017=ORIENTED_EDGE('',*,*,#5020,.T.);
#5018=ORIENTED_EDGE('',*,*,#5021,.T.);
#5019=ORIENTED_EDGE('',*,*,#5022,.T.);
#5020=EDGE_CURVE('',#311,#267,#5023,.F.);
#5021=EDGE_CURVE('',#267,#261,#5024,.T.);
#5022=EDGE_CURVE('',#261,#311,#5025,.T.);
#5023=LINE('',#310,#5026);
#5024=LINE('',#266,#5027);
#5025=LINE('',#260,#5028);
#5026=VECTOR('',#5029,1.0);
#5027=VECTOR('',#5030,1.0);
#5028=VECTOR('',#5031,1.0);
#5029=DIRECTION('',(-0.01230146228635038,0.9998603362414133,0.011312914603468333));
#5030=DIRECTION('',(0.7360630946720742,0,-0.6769129343289055));
#5031=DIRECTION('',(0,-1,0));
#5032=FACE_SURFACE('',(#5037),#5033,.T.);
#5033=PLANE('',#5034);
#5034=AXIS2_PLACEMENT_3D('',#306,#5035,#5036);
#5035=DIRECTION('',(-0.7944532179081164,0,-0.6073253531307901));
#5036=DIRECTION('',(-0.6073253531307901,0,0.7944532179081165));
#5037=FACE_BOUND('',#5038,.T.);
#5038=EDGE_LOOP('',(#5039,#5040,#5041));
#5039=ORIENTED_EDGE('',*,*,#5042,.T.);
#5040=ORIENTED_EDGE('',*,*,#5043,.T.);
#5041=ORIENTED_EDGE('',*,*,#5044,.T.);
#5042=EDGE_CURVE('',#307,#311,#5045,.F.);
#5043=EDGE_CURVE('',#311,#261,#5046,.T.);
#5044=EDGE_CURVE('',#261,#307,#5047,.T.);
#5045=LINE('',#306,#5048);
#5046=LINE('',#310,#5049);
#5047=LINE('',#260,#5050);
#5048=VECTOR('',#5051,1.0);
#5049=VECTOR('',#5052,1.0);
#5050=VECTOR('',#5053,1.0);
#5051=DIRECTION('',(-0.6073253531307901,0,0.7944532179081165));
#5052=DIRECTION('',(0,1,0));
#5053=DIRECTION('',(0.010149855881391367,-0.9998603383202106,-0.013277209035827072));
#5054=FACE_SURFACE('',(#5059),#5055,.T.);
#5055=PLANE('',#5056);
#5056=AXIS2_PLACEMENT_3D('',#312,#5057,#5058);
#5057=DIRECTION('',(-0.7360786717648691,0,0.6768959956838762));
#5058=DIRECTION('',(0.6768959956838762,0,0.7360786717648691));
#5059=FACE_BOUND('',#5060,.T.);
#5060=EDGE_LOOP('',(#5061,#5062,#5063));
#5061=ORIENTED_EDGE('',*,*,#5064,.T.);
#5062=ORIENTED_EDGE('',*,*,#5065,.T.);
#5063=ORIENTED_EDGE('',*,*,#5066,.T.);
#5064=EDGE_CURVE('',#313,#309,#5067,.F.);
#5065=EDGE_CURVE('',#309,#245,#5068,.T.);
#5066=EDGE_CURVE('',#245,#313,#5069,.T.);
#5067=LINE('',#312,#5070);
#5068=LINE('',#308,#5071);
#5069=LINE('',#244,#5072);
#5070=VECTOR('',#5073,1.0);
#5071=VECTOR('',#5074,1.0);
#5072=VECTOR('',#5075,1.0);
#5073=DIRECTION('',(0.6768959956838762,0,0.7360786717648691));
#5074=DIRECTION('',(0,1,0));
#5075=DIRECTION('',(-0.011312392182128324,-0.9998603421513158,-0.012301462359060978));
#5076=FACE_SURFACE('',(#5081),#5077,.T.);
#5077=PLANE('',#5078);
#5078=AXIS2_PLACEMENT_3D('',#250,#5079,#5080);
#5079=DIRECTION('',(-0.7360786717648691,0,0.6768959956838762));
#5080=DIRECTION('',(0,-1,0));
#5081=FACE_BOUND('',#5082,.T.);
#5082=EDGE_LOOP('',(#5083,#5084,#5085));
#5083=ORIENTED_EDGE('',*,*,#5086,.T.);
#5084=ORIENTED_EDGE('',*,*,#5087,.T.);
#5085=ORIENTED_EDGE('',*,*,#5088,.T.);
#5086=EDGE_CURVE('',#251,#313,#5089,.F.);
#5087=EDGE_CURVE('',#313,#245,#5090,.T.);
#5088=EDGE_CURVE('',#245,#251,#5091,.T.);
#5089=LINE('',#250,#5092);
#5090=LINE('',#312,#5093);
#5091=LINE('',#244,#5094);
#5092=VECTOR('',#5095,1.0);
#5093=VECTOR('',#5096,1.0);
#5094=VECTOR('',#5097,1.0);
#5095=DIRECTION('',(0,-1,0));
#5096=DIRECTION('',(0.011312392182128324,0.9998603421513158,0.012301462359060978));
#5097=DIRECTION('',(-0.6768959956838762,0,-0.7360786717648691));
#5098=FACE_SURFACE('',(#5103),#5099,.T.);
#5099=PLANE('',#5100);
#5100=AXIS2_PLACEMENT_3D('',#314,#5101,#5102);
#5101=DIRECTION('',(0.32507923671610606,-0,0.9456867821092108));
#5102=DIRECTION('',(0.9456867821092108,0,-0.32507923671610606));
#5103=FACE_BOUND('',#5104,.T.);
#5104=EDGE_LOOP('',(#5105,#5106,#5107));
#5105=ORIENTED_EDGE('',*,*,#5108,.T.);
#5106=ORIENTED_EDGE('',*,*,#5109,.T.);
#5107=ORIENTED_EDGE('',*,*,#5110,.T.);
#5108=EDGE_CURVE('',#315,#295,#5111,.F.);
#5109=EDGE_CURVE('',#295,#297,#5112,.T.);
#5110=EDGE_CURVE('',#297,#315,#5113,.T.);
#5111=LINE('',#314,#5114);
#5112=LINE('',#294,#5115);
#5113=LINE('',#296,#5116);
#5114=VECTOR('',#5117,1.0);
#5115=VECTOR('',#5118,1.0);
#5116=VECTOR('',#5119,1.0);
#5117=DIRECTION('',(0.9456867821092108,0,-0.32507923671610606));
#5118=DIRECTION('',(-0.025960980669728323,0.999623123203618,0.008924070781336418));
#5119=DIRECTION('',(0,-1,0));
#5120=FACE_SURFACE('',(#5125),#5121,.T.);
#5121=PLANE('',#5122);
#5122=AXIS2_PLACEMENT_3D('',#316,#5123,#5124);
#5123=DIRECTION('',(0.19609051954413867,0,0.9805857984617714));
#5124=DIRECTION('',(0.02691847475016376,-0.9996231386975666,-0.005382963640076797));
#5125=FACE_BOUND('',#5126,.T.);
#5126=EDGE_LOOP('',(#5127,#5128,#5129));
#5127=ORIENTED_EDGE('',*,*,#5130,.T.);
#5128=ORIENTED_EDGE('',*,*,#5131,.T.);
#5129=ORIENTED_EDGE('',*,*,#5132,.T.);
#5130=EDGE_CURVE('',#317,#315,#5133,.F.);
#5131=EDGE_CURVE('',#315,#297,#5134,.T.);
#5132=EDGE_CURVE('',#297,#317,#5135,.T.);
#5133=LINE('',#316,#5136);
#5134=LINE('',#314,#5137);
#5135=LINE('',#296,#5138);
#5136=VECTOR('',#5139,1.0);
#5137=VECTOR('',#5140,1.0);
#5138=VECTOR('',#5141,1.0);
#5139=DIRECTION('',(0.02691847475016376,-0.9996231386975666,-0.005382963640076797));
#5140=DIRECTION('',(0,1,0));
#5141=DIRECTION('',(-0.9805857984617714,0,0.19609051954413867));
#5142=FACE_SURFACE('',(#5147),#5143,.T.);
#5143=PLANE('',#5144);
#5144=AXIS2_PLACEMENT_3D('',#298,#5145,#5146);
#5145=DIRECTION('',(0,1,-0));
#5146=DIRECTION('',(-0.020134126608974602,0,0.9997972879267546));
#5147=FACE_BOUND('',#5148,.T.);
#5148=EDGE_LOOP('',(#5149,#5150,#5151));
#5149=ORIENTED_EDGE('',*,*,#5152,.T.);
#5150=ORIENTED_EDGE('',*,*,#5153,.T.);
#5151=ORIENTED_EDGE('',*,*,#5154,.T.);
#5152=EDGE_CURVE('',#299,#317,#5155,.F.);
#5153=EDGE_CURVE('',#317,#297,#5156,.T.);
#5154=EDGE_CURVE('',#297,#299,#5157,.T.);
#5155=LINE('',#298,#5158);
#5156=LINE('',#316,#5159);
#5157=LINE('',#296,#5160);
#5158=VECTOR('',#5161,1.0);
#5159=VECTOR('',#5162,1.0);
#5160=VECTOR('',#5163,1.0);
#5161=DIRECTION('',(-0.020134126608974602,0,0.9997972879267546));
#5162=DIRECTION('',(0.9805857984617714,0,-0.19609051954413867));
#5163=DIRECTION('',(-0.22474145213485824,0,-0.9744184315232934));
#5164=FACE_SURFACE('',(#5169),#5165,.T.);
#5165=PLANE('',#5166);
#5166=AXIS2_PLACEMENT_3D('',#318,#5167,#5168);
#5167=DIRECTION('',(-0.5388110358283617,0,-0.842426654178017));
#5168=DIRECTION('',(-0.014078967185163266,0.9998603381703579,0.009004822977536417));
#5169=FACE_BOUND('',#5170,.T.);
#5170=EDGE_LOOP('',(#5171,#5172,#5173));
#5171=ORIENTED_EDGE('',*,*,#5174,.T.);
#5172=ORIENTED_EDGE('',*,*,#5175,.T.);
#5173=ORIENTED_EDGE('',*,*,#5176,.T.);
#5174=EDGE_CURVE('',#319,#273,#5177,.F.);
#5175=EDGE_CURVE('',#273,#267,#5178,.T.);
#5176=EDGE_CURVE('',#267,#319,#5179,.T.);
#5177=LINE('',#318,#5180);
#5178=LINE('',#272,#5181);
#5179=LINE('',#266,#5182);
#5180=VECTOR('',#5183,1.0);
#5181=VECTOR('',#5184,1.0);
#5182=VECTOR('',#5185,1.0);
#5183=DIRECTION('',(-0.014078967185163266,0.9998603381703579,0.009004822977536417));
#5184=DIRECTION('',(0.8424266541780169,0,-0.5388110358283617));
#5185=DIRECTION('',(0,-1,0));
#5186=FACE_SURFACE('',(#5191),#5187,.T.);
#5187=PLANE('',#5188);
#5188=AXIS2_PLACEMENT_3D('',#310,#5189,#5190);
#5189=DIRECTION('',(-0.6769129343289054,0,-0.7360630946720742));
#5190=DIRECTION('',(-0.7360630946720742,0,0.6769129343289055));
#5191=FACE_BOUND('',#5192,.T.);
#5192=EDGE_LOOP('',(#5193,#5194,#5195));
#5193=ORIENTED_EDGE('',*,*,#5196,.T.);
#5194=ORIENTED_EDGE('',*,*,#5197,.T.);
#5195=ORIENTED_EDGE('',*,*,#5198,.T.);
#5196=EDGE_CURVE('',#311,#319,#5199,.F.);
#5197=EDGE_CURVE('',#319,#267,#5200,.T.);
#5198=EDGE_CURVE('',#267,#311,#5201,.T.);
#5199=LINE('',#310,#5202);
#5200=LINE('',#318,#5203);
#5201=LINE('',#266,#5204);
#5202=VECTOR('',#5205,1.0);
#5203=VECTOR('',#5206,1.0);
#5204=VECTOR('',#5207,1.0);
#5205=DIRECTION('',(-0.7360630946720742,0,0.6769129343289055));
#5206=DIRECTION('',(0,1,0));
#5207=DIRECTION('',(0.01230146228635038,-0.9998603362414133,-0.011312914603468333));
#5208=FACE_SURFACE('',(#5213),#5209,.T.);
#5209=PLANE('',#5210);
#5210=AXIS2_PLACEMENT_3D('',#320,#5211,#5212);
#5211=DIRECTION('',(-0.6073276769632836,0,0.7944514414326288));
#5212=DIRECTION('',(0.7944514414326287,0,0.6073276769632835));
#5213=FACE_BOUND('',#5214,.T.);
#5214=EDGE_LOOP('',(#5215,#5216,#5217));
#5215=ORIENTED_EDGE('',*,*,#5218,.T.);
#5216=ORIENTED_EDGE('',*,*,#5219,.T.);
#5217=ORIENTED_EDGE('',*,*,#5220,.T.);
#5218=EDGE_CURVE('',#321,#313,#5221,.F.);
#5219=EDGE_CURVE('',#313,#251,#5222,.T.);
#5220=EDGE_CURVE('',#251,#321,#5223,.T.);
#5221=LINE('',#320,#5224);
#5222=LINE('',#312,#5225);
#5223=LINE('',#250,#5226);
#5224=VECTOR('',#5227,1.0);
#5225=VECTOR('',#5228,1.0);
#5226=VECTOR('',#5229,1.0);
#5227=DIRECTION('',(0.7944514414326287,0,0.6073276769632835));
#5228=DIRECTION('',(0,1,0));
#5229=DIRECTION('',(-0.01327747019866841,-0.9998603322008145,-0.010150117063372889));
#5230=FACE_SURFACE('',(#5235),#5231,.T.);
#5231=PLANE('',#5232);
#5232=AXIS2_PLACEMENT_3D('',#280,#5233,#5234);
#5233=DIRECTION('',(-0.6073276769632836,0,0.7944514414326288));
#5234=DIRECTION('',(0,-1,0));
#5235=FACE_BOUND('',#5236,.T.);
#5236=EDGE_LOOP('',(#5237,#5238,#5239));
#5237=ORIENTED_EDGE('',*,*,#5240,.T.);
#5238=ORIENTED_EDGE('',*,*,#5241,.T.);
#5239=ORIENTED_EDGE('',*,*,#5242,.T.);
#5240=EDGE_CURVE('',#281,#321,#5243,.F.);
#5241=EDGE_CURVE('',#321,#251,#5244,.T.);
#5242=EDGE_CURVE('',#251,#281,#5245,.T.);
#5243=LINE('',#280,#5246);
#5244=LINE('',#320,#5247);
#5245=LINE('',#250,#5248);
#5246=VECTOR('',#5249,1.0);
#5247=VECTOR('',#5250,1.0);
#5248=VECTOR('',#5251,1.0);
#5249=DIRECTION('',(0,-1,0));
#5250=DIRECTION('',(0.01327747019866841,0.9998603322008145,0.010150117063372889));
#5251=DIRECTION('',(-0.7944514414326287,0,-0.6073276769632835));
#5252=FACE_SURFACE('',(#5257),#5253,.T.);
#5253=PLANE('',#5254);
#5254=AXIS2_PLACEMENT_3D('',#322,#5255,#5256);
#5255=DIRECTION('',(0.2688929828455981,0,-0.9631700596345366));
#5256=DIRECTION('',(0,1,0));
#5257=FACE_BOUND('',#5258,.T.);
#5258=EDGE_LOOP('',(#5259,#5260,#5261));
#5259=ORIENTED_EDGE('',*,*,#5262,.T.);
#5260=ORIENTED_EDGE('',*,*,#5263,.T.);
#5261=ORIENTED_EDGE('',*,*,#5264,.T.);
#5262=EDGE_CURVE('',#323,#325,#5265,.F.);
#5263=EDGE_CURVE('',#325,#303,#5266,.T.);
#5264=EDGE_CURVE('',#303,#323,#5267,.T.);
#5265=LINE('',#322,#5268);
#5266=LINE('',#324,#5269);
#5267=LINE('',#302,#5270);
#5268=VECTOR('',#5271,1.0);
#5269=VECTOR('',#5272,1.0);
#5270=VECTOR('',#5273,1.0);
#5271=DIRECTION('',(0,1,0));
#5272=DIRECTION('',(0.9631700596345367,0,0.2688929828455981));
#5273=DIRECTION('',(-0.026440511364449384,-0.9996231351788057,-0.007381529250865011));
#5274=FACE_SURFACE('',(#5279),#5275,.T.);
#5275=PLANE('',#5276);
#5276=AXIS2_PLACEMENT_3D('',#300,#5277,#5278);
#5277=DIRECTION('',(0.2688929828455981,0,-0.9631700596345366));
#5278=DIRECTION('',(-0.9631700596345367,0,-0.2688929828455981));
#5279=FACE_BOUND('',#5280,.T.);
#5280=EDGE_LOOP('',(#5281,#5282,#5283));
#5281=ORIENTED_EDGE('',*,*,#5284,.T.);
#5282=ORIENTED_EDGE('',*,*,#5285,.T.);
#5283=ORIENTED_EDGE('',*,*,#5286,.T.);
#5284=EDGE_CURVE('',#301,#323,#5287,.F.);
#5285=EDGE_CURVE('',#323,#303,#5288,.T.);
#5286=EDGE_CURVE('',#303,#301,#5289,.T.);
#5287=LINE('',#300,#5290);
#5288=LINE('',#322,#5291);
#5289=LINE('',#302,#5292);
#5290=VECTOR('',#5293,1.0);
#5291=VECTOR('',#5294,1.0);
#5292=VECTOR('',#5295,1.0);
#5293=DIRECTION('',(-0.9631700596345367,0,-0.2688929828455981));
#5294=DIRECTION('',(0.026440511364449384,0.9996231351788057,0.007381529250865011));
#5295=DIRECTION('',(0,-1,0));
#5296=FACE_SURFACE('',(#5301),#5297,.T.);
#5297=PLANE('',#5298);
#5298=AXIS2_PLACEMENT_3D('',#326,#5299,#5300);
#5299=DIRECTION('',(-0,1,0));
#5300=DIRECTION('',(0.954252178593568,0,0.29900297598757936));
#5301=FACE_BOUND('',#5302,.T.);
#5302=EDGE_LOOP('',(#5303,#5304,#5305));
#5303=ORIENTED_EDGE('',*,*,#5306,.T.);
#5304=ORIENTED_EDGE('',*,*,#5307,.T.);
#5305=ORIENTED_EDGE('',*,*,#5308,.T.);
#5306=EDGE_CURVE('',#327,#305,#5309,.F.);
#5307=EDGE_CURVE('',#305,#303,#5310,.T.);
#5308=EDGE_CURVE('',#303,#327,#5311,.T.);
#5309=LINE('',#326,#5312);
#5310=LINE('',#304,#5313);
#5311=LINE('',#302,#5314);
#5312=VECTOR('',#5315,1.0);
#5313=VECTOR('',#5316,1.0);
#5314=VECTOR('',#5317,1.0);
#5315=DIRECTION('',(0.954252178593568,0,0.29900297598757936));
#5316=DIRECTION('',(0.2896908475455138,0,-0.9571202708376633));
#5317=DIRECTION('',(-0.4305906334671784,0,0.9025473430077416));
#5318=FACE_SURFACE('',(#5323),#5319,.T.);
#5319=PLANE('',#5320);
#5320=AXIS2_PLACEMENT_3D('',#324,#5321,#5322);
#5321=DIRECTION('',(0,1,-0));
#5322=DIRECTION('',(-0.19449248554577367,0,0.9809040080793976));
#5323=FACE_BOUND('',#5324,.T.);
#5324=EDGE_LOOP('',(#5325,#5326,#5327));
#5325=ORIENTED_EDGE('',*,*,#5328,.T.);
#5326=ORIENTED_EDGE('',*,*,#5329,.T.);
#5327=ORIENTED_EDGE('',*,*,#5330,.T.);
#5328=EDGE_CURVE('',#325,#327,#5331,.F.);
#5329=EDGE_CURVE('',#327,#303,#5332,.T.);
#5330=EDGE_CURVE('',#303,#325,#5333,.T.);
#5331=LINE('',#324,#5334);
#5332=LINE('',#326,#5335);
#5333=LINE('',#302,#5336);
#5334=VECTOR('',#5337,1.0);
#5335=VECTOR('',#5338,1.0);
#5336=VECTOR('',#5339,1.0);
#5337=DIRECTION('',(-0.19449248554577367,0,0.9809040080793976));
#5338=DIRECTION('',(0.4305906334671784,0,-0.9025473430077416));
#5339=DIRECTION('',(-0.9631700596345367,0,-0.2688929828455981));
#5340=FACE_SURFACE('',(#5345),#5341,.T.);
#5341=PLANE('',#5342);
#5342=AXIS2_PLACEMENT_3D('',#328,#5343,#5344);
#5343=DIRECTION('',(-0.38433122491535987,0,-0.9231952716273296));
#5344=DIRECTION('',(-0.015429076632049064,0.9998603332385926,0.006423208722522694));
#5345=FACE_BOUND('',#5346,.T.);
#5346=EDGE_LOOP('',(#5347,#5348,#5349));
#5347=ORIENTED_EDGE('',*,*,#5350,.T.);
#5348=ORIENTED_EDGE('',*,*,#5351,.T.);
#5349=ORIENTED_EDGE('',*,*,#5352,.T.);
#5350=EDGE_CURVE('',#329,#299,#5353,.F.);
#5351=EDGE_CURVE('',#299,#273,#5354,.T.);
#5352=EDGE_CURVE('',#273,#329,#5355,.T.);
#5353=LINE('',#328,#5356);
#5354=LINE('',#298,#5357);
#5355=LINE('',#272,#5358);
#5356=VECTOR('',#5359,1.0);
#5357=VECTOR('',#5360,1.0);
#5358=VECTOR('',#5361,1.0);
#5359=DIRECTION('',(-0.015429076632049064,0.9998603332385926,0.006423208722522694));
#5360=DIRECTION('',(0.9231952716273297,0,-0.38433122491535987));
#5361=DIRECTION('',(0,-1,0));
#5362=FACE_SURFACE('',(#5367),#5363,.T.);
#5363=PLANE('',#5364);
#5364=AXIS2_PLACEMENT_3D('',#318,#5365,#5366);
#5365=DIRECTION('',(-0.5388110358283617,0,-0.842426654178017));
#5366=DIRECTION('',(-0.8424266541780169,0,0.5388110358283617));
#5367=FACE_BOUND('',#5368,.T.);
#5368=EDGE_LOOP('',(#5369,#5370,#5371));
#5369=ORIENTED_EDGE('',*,*,#5372,.T.);
#5370=ORIENTED_EDGE('',*,*,#5373,.T.);
#5371=ORIENTED_EDGE('',*,*,#5374,.T.);
#5372=EDGE_CURVE('',#319,#329,#5375,.F.);
#5373=EDGE_CURVE('',#329,#273,#5376,.T.);
#5374=EDGE_CURVE('',#273,#319,#5377,.T.);
#5375=LINE('',#318,#5378);
#5376=LINE('',#328,#5379);
#5377=LINE('',#272,#5380);
#5378=VECTOR('',#5381,1.0);
#5379=VECTOR('',#5382,1.0);
#5380=VECTOR('',#5383,1.0);
#5381=DIRECTION('',(-0.8424266541780169,0,0.5388110358283617));
#5382=DIRECTION('',(0,1,0));
#5383=DIRECTION('',(0.014078967185163266,-0.9998603381703579,-0.009004822977536417));
#5384=FACE_SURFACE('',(#5389),#5385,.T.);
#5385=PLANE('',#5386);
#5386=AXIS2_PLACEMENT_3D('',#330,#5387,#5388);
#5387=DIRECTION('',(-0.46017206041653,0,0.8878297555342496));
#5388=DIRECTION('',(0.8878297555342496,0,0.46017206041653));
#5389=FACE_BOUND('',#5390,.T.);
#5390=EDGE_LOOP('',(#5391,#5392,#5393));
#5391=ORIENTED_EDGE('',*,*,#5394,.T.);
#5392=ORIENTED_EDGE('',*,*,#5395,.T.);
#5393=ORIENTED_EDGE('',*,*,#5396,.T.);
#5394=EDGE_CURVE('',#331,#321,#5397,.F.);
#5395=EDGE_CURVE('',#321,#281,#5398,.T.);
#5396=EDGE_CURVE('',#281,#331,#5399,.T.);
#5397=LINE('',#330,#5400);
#5398=LINE('',#320,#5401);
#5399=LINE('',#280,#5402);
#5400=VECTOR('',#5403,1.0);
#5401=VECTOR('',#5404,1.0);
#5402=VECTOR('',#5405,1.0);
#5403=DIRECTION('',(0.8878297555342496,0,0.46017206041653));
#5404=DIRECTION('',(0,1,0));
#5405=DIRECTION('',(-0.014837620099113049,-0.9998603408373066,-0.007690503917136593));
#5406=FACE_SURFACE('',(#5411),#5407,.T.);
#5407=PLANE('',#5408);
#5408=AXIS2_PLACEMENT_3D('',#304,#5409,#5410);
#5409=DIRECTION('',(-0.46017206041653,0,0.8878297555342496));
#5410=DIRECTION('',(0,-1,0));
#5411=FACE_BOUND('',#5412,.T.);
#5412=EDGE_LOOP('',(#5413,#5414,#5415));
#5413=ORIENTED_EDGE('',*,*,#5416,.T.);
#5414=ORIENTED_EDGE('',*,*,#5417,.T.);
#5415=ORIENTED_EDGE('',*,*,#5418,.T.);
#5416=EDGE_CURVE('',#305,#331,#5419,.F.);
#5417=EDGE_CURVE('',#331,#281,#5420,.T.);
#5418=EDGE_CURVE('',#281,#305,#5421,.T.);
#5419=LINE('',#304,#5422);
#5420=LINE('',#330,#5423);
#5421=LINE('',#280,#5424);
#5422=VECTOR('',#5425,1.0);
#5423=VECTOR('',#5426,1.0);
#5424=VECTOR('',#5427,1.0);
#5425=DIRECTION('',(0,-1,0));
#5426=DIRECTION('',(0.014837620099113049,0.9998603408373066,0.007690503917136593));
#5427=DIRECTION('',(-0.8878297555342496,0,-0.46017206041653));
#5428=FACE_SURFACE('',(#5433),#5429,.T.);
#5429=PLANE('',#5430);
#5430=AXIS2_PLACEMENT_3D('',#332,#5431,#5432);
#5431=DIRECTION('',(0.19609051954413867,-0,0.9805857984617714));
#5432=DIRECTION('',(0.9805857984617714,0,-0.19609051954413867));
#5433=FACE_BOUND('',#5434,.T.);
#5434=EDGE_LOOP('',(#5435,#5436,#5437));
#5435=ORIENTED_EDGE('',*,*,#5438,.T.);
#5436=ORIENTED_EDGE('',*,*,#5439,.T.);
#5437=ORIENTED_EDGE('',*,*,#5440,.T.);
#5438=EDGE_CURVE('',#333,#315,#5441,.F.);
#5439=EDGE_CURVE('',#315,#317,#5442,.T.);
#5440=EDGE_CURVE('',#317,#333,#5443,.T.);
#5441=LINE('',#332,#5444);
#5442=LINE('',#314,#5445);
#5443=LINE('',#316,#5446);
#5444=VECTOR('',#5447,1.0);
#5445=VECTOR('',#5448,1.0);
#5446=VECTOR('',#5449,1.0);
#5447=DIRECTION('',(0.9805857984617714,0,-0.19609051954413867));
#5448=DIRECTION('',(-0.02691847475016376,0.9996231386975666,0.005382963640076797));
#5449=DIRECTION('',(0,-1,0));
#5450=FACE_SURFACE('',(#5455),#5451,.T.);
#5451=PLANE('',#5452);
#5452=AXIS2_PLACEMENT_3D('',#334,#5453,#5454);
#5453=DIRECTION('',(0.0635640686182537,0,0.9979777598627606));
#5454=DIRECTION('',(0.027396437643985676,-0.9996231241457024,-0.0017449577659300656));
#5455=FACE_BOUND('',#5456,.T.);
#5456=EDGE_LOOP('',(#5457,#5458,#5459));
#5457=ORIENTED_EDGE('',*,*,#5460,.T.);
#5458=ORIENTED_EDGE('',*,*,#5461,.T.);
#5459=ORIENTED_EDGE('',*,*,#5462,.T.);
#5460=EDGE_CURVE('',#335,#333,#5463,.F.);
#5461=EDGE_CURVE('',#333,#317,#5464,.T.);
#5462=EDGE_CURVE('',#317,#335,#5465,.T.);
#5463=LINE('',#334,#5466);
#5464=LINE('',#332,#5467);
#5465=LINE('',#316,#5468);
#5466=VECTOR('',#5469,1.0);
#5467=VECTOR('',#5470,1.0);
#5468=VECTOR('',#5471,1.0);
#5469=DIRECTION('',(0.027396437643985676,-0.9996231241457024,-0.0017449577659300656));
#5470=DIRECTION('',(0,1,0));
#5471=DIRECTION('',(-0.9979777598627606,0,0.0635640686182537));
#5472=FACE_SURFACE('',(#5477),#5473,.T.);
#5473=PLANE('',#5474);
#5474=AXIS2_PLACEMENT_3D('',#336,#5475,#5476);
#5475=DIRECTION('',(0,1,-0));
#5476=DIRECTION('',(-0.1200754637376326,0,0.992764767207314));
#5477=FACE_BOUND('',#5478,.T.);
#5478=EDGE_LOOP('',(#5479,#5480,#5481));
#5479=ORIENTED_EDGE('',*,*,#5482,.T.);
#5480=ORIENTED_EDGE('',*,*,#5483,.T.);
#5481=ORIENTED_EDGE('',*,*,#5484,.T.);
#5482=EDGE_CURVE('',#337,#335,#5485,.F.);
#5483=EDGE_CURVE('',#335,#317,#5486,.T.);
#5484=EDGE_CURVE('',#317,#337,#5487,.T.);
#5485=LINE('',#336,#5488);
#5486=LINE('',#334,#5489);
#5487=LINE('',#316,#5490);
#5488=VECTOR('',#5491,1.0);
#5489=VECTOR('',#5492,1.0);
#5490=VECTOR('',#5493,1.0);
#5491=DIRECTION('',(-0.1200754637376326,0,0.992764767207314));
#5492=DIRECTION('',(0.9979777598627606,0,-0.0635640686182537));
#5493=DIRECTION('',(-0.12820660349788487,0,-0.9917474813779646));
#5494=FACE_SURFACE('',(#5499),#5495,.T.);
#5495=PLANE('',#5496);
#5496=AXIS2_PLACEMENT_3D('',#298,#5497,#5498);
#5497=DIRECTION('',(0,1,0));
#5498=DIRECTION('',(-0.9759074611437982,0,0.21818484659541798));
#5499=FACE_BOUND('',#5500,.T.);
#5500=EDGE_LOOP('',(#5501,#5502,#5503));
#5501=ORIENTED_EDGE('',*,*,#5504,.T.);
#5502=ORIENTED_EDGE('',*,*,#5505,.T.);
#5503=ORIENTED_EDGE('',*,*,#5506,.T.);
#5504=EDGE_CURVE('',#299,#337,#5507,.F.);
#5505=EDGE_CURVE('',#337,#317,#5508,.T.);
#5506=EDGE_CURVE('',#317,#299,#5509,.T.);
#5507=LINE('',#298,#5510);
#5508=LINE('',#336,#5511);
#5509=LINE('',#316,#5512);
#5510=VECTOR('',#5513,1.0);
#5511=VECTOR('',#5514,1.0);
#5512=VECTOR('',#5515,1.0);
#5513=DIRECTION('',(-0.9759074611437982,0,0.21818484659541798));
#5514=DIRECTION('',(0.12820660349788487,0,0.9917474813779646));
#5515=DIRECTION('',(0.020134126608974602,0,-0.9997972879267546));
#5516=FACE_SURFACE('',(#5521),#5517,.T.);
#5517=PLANE('',#5518);
#5518=AXIS2_PLACEMENT_3D('',#338,#5519,#5520);
#5519=DIRECTION('',(0.1380506175523184,0,-0.9904251748584663));
#5520=DIRECTION('',(0,1,0));
#5521=FACE_BOUND('',#5522,.T.);
#5522=EDGE_LOOP('',(#5523,#5524,#5525));
#5523=ORIENTED_EDGE('',*,*,#5526,.T.);
#5524=ORIENTED_EDGE('',*,*,#5527,.T.);
#5525=ORIENTED_EDGE('',*,*,#5528,.T.);
#5526=EDGE_CURVE('',#339,#341,#5529,.F.);
#5527=EDGE_CURVE('',#341,#325,#5530,.T.);
#5528=EDGE_CURVE('',#325,#339,#5531,.T.);
#5529=LINE('',#338,#5532);
#5530=LINE('',#340,#5533);
#5531=LINE('',#324,#5534);
#5532=VECTOR('',#5535,1.0);
#5533=VECTOR('',#5536,1.0);
#5534=VECTOR('',#5537,1.0);
#5535=DIRECTION('',(0,1,0));
#5536=DIRECTION('',(0.9904251748584664,0,0.1380506175523184));
#5537=DIRECTION('',(-0.02718905907228315,-0.9996231254037129,-0.0037897526142058454));
#5538=FACE_SURFACE('',(#5543),#5539,.T.);
#5539=PLANE('',#5540);
#5540=AXIS2_PLACEMENT_3D('',#322,#5541,#5542);
#5541=DIRECTION('',(0.1380506175523184,0,-0.9904251748584663));
#5542=DIRECTION('',(-0.9904251748584664,0,-0.1380506175523184));
#5543=FACE_BOUND('',#5544,.T.);
#5544=EDGE_LOOP('',(#5545,#5546,#5547));
#5545=ORIENTED_EDGE('',*,*,#5548,.T.);
#5546=ORIENTED_EDGE('',*,*,#5549,.T.);
#5547=ORIENTED_EDGE('',*,*,#5550,.T.);
#5548=EDGE_CURVE('',#323,#339,#5551,.F.);
#5549=EDGE_CURVE('',#339,#325,#5552,.T.);
#5550=EDGE_CURVE('',#325,#323,#5553,.T.);
#5551=LINE('',#322,#5554);
#5552=LINE('',#338,#5555);
#5553=LINE('',#324,#5556);
#5554=VECTOR('',#5557,1.0);
#5555=VECTOR('',#5558,1.0);
#5556=VECTOR('',#5559,1.0);
#5557=DIRECTION('',(-0.9904251748584664,0,-0.1380506175523184));
#5558=DIRECTION('',(0.02718905907228315,0.9996231254037129,0.0037897526142058454));
#5559=DIRECTION('',(0,-1,0));
#5560=FACE_SURFACE('',(#5565),#5561,.T.);
#5561=PLANE('',#5562);
#5562=AXIS2_PLACEMENT_3D('',#342,#5563,#5564);
#5563=DIRECTION('',(-0,1,0));
#5564=DIRECTION('',(0.9916779839719535,0,0.12874306235802346));
#5565=FACE_BOUND('',#5566,.T.);
#5566=EDGE_LOOP('',(#5567,#5568,#5569));
#5567=ORIENTED_EDGE('',*,*,#5570,.T.);
#5568=ORIENTED_EDGE('',*,*,#5571,.T.);
#5569=ORIENTED_EDGE('',*,*,#5572,.T.);
#5570=EDGE_CURVE('',#343,#327,#5573,.F.);
#5571=EDGE_CURVE('',#327,#325,#5574,.T.);
#5572=EDGE_CURVE('',#325,#343,#5575,.T.);
#5573=LINE('',#342,#5576);
#5574=LINE('',#326,#5577);
#5575=LINE('',#324,#5578);
#5576=VECTOR('',#5579,1.0);
#5577=VECTOR('',#5580,1.0);
#5578=VECTOR('',#5581,1.0);
#5579=DIRECTION('',(0.9916779839719535,0,0.12874306235802346));
#5580=DIRECTION('',(0.19449248554577367,0,-0.9809040080793976));
#5581=DIRECTION('',(-0.33843642253829886,0,0.9409892602466183));
#5582=FACE_SURFACE('',(#5587),#5583,.T.);
#5583=PLANE('',#5584);
#5584=AXIS2_PLACEMENT_3D('',#340,#5585,#5586);
#5585=DIRECTION('',(0,1,-0));
#5586=DIRECTION('',(-0.09749965884659448,0,0.9952355583100906));
#5587=FACE_BOUND('',#5588,.T.);
#5588=EDGE_LOOP('',(#5589,#5590,#5591));
#5589=ORIENTED_EDGE('',*,*,#5592,.T.);
#5590=ORIENTED_EDGE('',*,*,#5593,.T.);
#5591=ORIENTED_EDGE('',*,*,#5594,.T.);
#5592=EDGE_CURVE('',#341,#343,#5595,.F.);
#5593=EDGE_CURVE('',#343,#325,#5596,.T.);
#5594=EDGE_CURVE('',#325,#341,#5597,.T.);
#5595=LINE('',#340,#5598);
#5596=LINE('',#342,#5599);
#5597=LINE('',#324,#5600);
#5598=VECTOR('',#5601,1.0);
#5599=VECTOR('',#5602,1.0);
#5600=VECTOR('',#5603,1.0);
#5601=DIRECTION('',(-0.09749965884659448,0,0.9952355583100906));
#5602=DIRECTION('',(0.33843642253829886,0,-0.9409892602466183));
#5603=DIRECTION('',(-0.9904251748584664,0,-0.1380506175523184));
#5604=FACE_SURFACE('',(#5609),#5605,.T.);
#5605=PLANE('',#5606);
#5606=AXIS2_PLACEMENT_3D('',#344,#5607,#5608);
#5607=DIRECTION('',(-0.21818484659541795,0,-0.9759074611437981));
#5608=DIRECTION('',(-0.016309991755397685,0.9998603340499876,0.0036464451710956063));
#5609=FACE_BOUND('',#5610,.T.);
#5610=EDGE_LOOP('',(#5611,#5612,#5613));
#5611=ORIENTED_EDGE('',*,*,#5614,.T.);
#5612=ORIENTED_EDGE('',*,*,#5615,.T.);
#5613=ORIENTED_EDGE('',*,*,#5616,.T.);
#5614=EDGE_CURVE('',#345,#337,#5617,.F.);
#5615=EDGE_CURVE('',#337,#299,#5618,.T.);
#5616=EDGE_CURVE('',#299,#345,#5619,.T.);
#5617=LINE('',#344,#5620);
#5618=LINE('',#336,#5621);
#5619=LINE('',#298,#5622);
#5620=VECTOR('',#5623,1.0);
#5621=VECTOR('',#5624,1.0);
#5622=VECTOR('',#5625,1.0);
#5623=DIRECTION('',(-0.016309991755397685,0.9998603340499876,0.0036464451710956063));
#5624=DIRECTION('',(0.9759074611437982,0,-0.21818484659541798));
#5625=DIRECTION('',(0,-1,0));
#5626=FACE_SURFACE('',(#5631),#5627,.T.);
#5627=PLANE('',#5628);
#5628=AXIS2_PLACEMENT_3D('',#328,#5629,#5630);
#5629=DIRECTION('',(-0.38433122491535987,0,-0.9231952716273296));
#5630=DIRECTION('',(-0.9231952716273297,0,0.38433122491535987));
#5631=FACE_BOUND('',#5632,.T.);
#5632=EDGE_LOOP('',(#5633,#5634,#5635));
#5633=ORIENTED_EDGE('',*,*,#5636,.T.);
#5634=ORIENTED_EDGE('',*,*,#5637,.T.);
#5635=ORIENTED_EDGE('',*,*,#5638,.T.);
#5636=EDGE_CURVE('',#329,#345,#5639,.F.);
#5637=EDGE_CURVE('',#345,#299,#5640,.T.);
#5638=EDGE_CURVE('',#299,#329,#5641,.T.);
#5639=LINE('',#328,#5642);
#5640=LINE('',#344,#5643);
#5641=LINE('',#298,#5644);
#5642=VECTOR('',#5645,1.0);
#5643=VECTOR('',#5646,1.0);
#5644=VECTOR('',#5647,1.0);
#5645=DIRECTION('',(-0.9231952716273297,0,0.38433122491535987));
#5646=DIRECTION('',(0,1,0));
#5647=DIRECTION('',(0.015429076632049064,-0.9998603332385926,-0.006423208722522694));
#5648=FACE_SURFACE('',(#5653),#5649,.T.);
#5649=PLANE('',#5650);
#5650=AXIS2_PLACEMENT_3D('',#346,#5651,#5652);
#5651=DIRECTION('',(-0.2990029759875794,0,0.9542521785935681));
#5652=DIRECTION('',(0.954252178593568,0,0.29900297598757936));
#5653=FACE_BOUND('',#5654,.T.);
#5654=EDGE_LOOP('',(#5655,#5656,#5657));
#5655=ORIENTED_EDGE('',*,*,#5658,.T.);
#5656=ORIENTED_EDGE('',*,*,#5659,.T.);
#5657=ORIENTED_EDGE('',*,*,#5660,.T.);
#5658=EDGE_CURVE('',#347,#331,#5661,.F.);
#5659=EDGE_CURVE('',#331,#305,#5662,.T.);
#5660=EDGE_CURVE('',#305,#347,#5663,.T.);
#5661=LINE('',#346,#5664);
#5662=LINE('',#330,#5665);
#5663=LINE('',#304,#5666);
#5664=VECTOR('',#5667,1.0);
#5665=VECTOR('',#5668,1.0);
#5666=VECTOR('',#5669,1.0);
#5667=DIRECTION('',(0.954252178593568,0,0.29900297598757936));
#5668=DIRECTION('',(0,1,0));
#5669=DIRECTION('',(-0.01594790747722561,-0.9998603369804411,-0.0049970771913699745));
#5670=FACE_SURFACE('',(#5675),#5671,.T.);
#5671=PLANE('',#5672);
#5672=AXIS2_PLACEMENT_3D('',#326,#5673,#5674);
#5673=DIRECTION('',(-0.2990029759875794,0,0.9542521785935681));
#5674=DIRECTION('',(0,-1,0));
#5675=FACE_BOUND('',#5676,.T.);
#5676=EDGE_LOOP('',(#5677,#5678,#5679));
#5677=ORIENTED_EDGE('',*,*,#5680,.T.);
#5678=ORIENTED_EDGE('',*,*,#5681,.T.);
#5679=ORIENTED_EDGE('',*,*,#5682,.T.);
#5680=EDGE_CURVE('',#327,#347,#5683,.F.);
#5681=EDGE_CURVE('',#347,#305,#5684,.T.);
#5682=EDGE_CURVE('',#305,#327,#5685,.T.);
#5683=LINE('',#326,#5686);
#5684=LINE('',#346,#5687);
#5685=LINE('',#304,#5688);
#5686=VECTOR('',#5689,1.0);
#5687=VECTOR('',#5690,1.0);
#5688=VECTOR('',#5691,1.0);
#5689=DIRECTION('',(0,-1,0));
#5690=DIRECTION('',(0.01594790747722561,0.9998603369804411,0.0049970771913699745));
#5691=DIRECTION('',(-0.954252178593568,0,-0.29900297598757936));
#5692=FACE_SURFACE('',(#5697),#5693,.T.);
#5693=PLANE('',#5694);
#5694=AXIS2_PLACEMENT_3D('',#348,#5695,#5696);
#5695=DIRECTION('',(-0.04541049721121113,0,-0.9989684112838756));
#5696=DIRECTION('',(-0.016695065654989853,0.9998603396635625,0.0007589141196091998));
#5697=FACE_BOUND('',#5698,.T.);
#5698=EDGE_LOOP('',(#5699,#5700,#5701));
#5699=ORIENTED_EDGE('',*,*,#5702,.T.);
#5700=ORIENTED_EDGE('',*,*,#5703,.T.);
#5701=ORIENTED_EDGE('',*,*,#5704,.T.);
#5702=EDGE_CURVE('',#349,#351,#5705,.F.);
#5703=EDGE_CURVE('',#351,#337,#5706,.T.);
#5704=EDGE_CURVE('',#337,#349,#5707,.T.);
#5705=LINE('',#348,#5708);
#5706=LINE('',#350,#5709);
#5707=LINE('',#336,#5710);
#5708=VECTOR('',#5711,1.0);
#5709=VECTOR('',#5712,1.0);
#5710=VECTOR('',#5713,1.0);
#5711=DIRECTION('',(-0.016695065654989853,0.9998603396635625,0.0007589141196091998));
#5712=DIRECTION('',(0.9989684112838757,0,-0.04541049721121114));
#5713=DIRECTION('',(0,-1,0));
#5714=FACE_SURFACE('',(#5719),#5715,.T.);
#5715=PLANE('',#5716);
#5716=AXIS2_PLACEMENT_3D('',#344,#5717,#5718);
#5717=DIRECTION('',(-0.21818484659541795,0,-0.9759074611437981));
#5718=DIRECTION('',(-0.9759074611437982,0,0.21818484659541798));
#5719=FACE_BOUND('',#5720,.T.);
#5720=EDGE_LOOP('',(#5721,#5722,#5723));
#5721=ORIENTED_EDGE('',*,*,#5724,.T.);
#5722=ORIENTED_EDGE('',*,*,#5725,.T.);
#5723=ORIENTED_EDGE('',*,*,#5726,.T.);
#5724=EDGE_CURVE('',#345,#349,#5727,.F.);
#5725=EDGE_CURVE('',#349,#337,#5728,.T.);
#5726=EDGE_CURVE('',#337,#345,#5729,.T.);
#5727=LINE('',#344,#5730);
#5728=LINE('',#348,#5731);
#5729=LINE('',#336,#5732);
#5730=VECTOR('',#5733,1.0);
#5731=VECTOR('',#5734,1.0);
#5732=VECTOR('',#5735,1.0);
#5733=DIRECTION('',(-0.9759074611437982,0,0.21818484659541798));
#5734=DIRECTION('',(0,1,0));
#5735=DIRECTION('',(0.016309991755397685,-0.9998603340499876,-0.0036464451710956063));
#5736=FACE_SURFACE('',(#5741),#5737,.T.);
#5737=PLANE('',#5738);
#5738=AXIS2_PLACEMENT_3D('',#350,#5739,#5740);
#5739=DIRECTION('',(-0,1,0));
#5740=DIRECTION('',(0.030447083970911303,0,0.999536380067113));
#5741=FACE_BOUND('',#5742,.T.);
#5742=EDGE_LOOP('',(#5743,#5744,#5745));
#5743=ORIENTED_EDGE('',*,*,#5746,.T.);
#5744=ORIENTED_EDGE('',*,*,#5747,.T.);
#5745=ORIENTED_EDGE('',*,*,#5748,.T.);
#5746=EDGE_CURVE('',#351,#335,#5749,.F.);
#5747=EDGE_CURVE('',#335,#337,#5750,.T.);
#5748=EDGE_CURVE('',#337,#351,#5751,.T.);
#5749=LINE('',#350,#5752);
#5750=LINE('',#334,#5753);
#5751=LINE('',#336,#5754);
#5752=VECTOR('',#5755,1.0);
#5753=VECTOR('',#5756,1.0);
#5754=VECTOR('',#5757,1.0);
#5755=DIRECTION('',(0.030447083970911303,0,0.999536380067113));
#5756=DIRECTION('',(0.1200754637376326,0,-0.992764767207314));
#5757=DIRECTION('',(-0.9989684112838757,0,0.04541049721121114));
#5758=FACE_SURFACE('',(#5763),#5759,.T.);
#5759=PLANE('',#5760);
#5760=AXIS2_PLACEMENT_3D('',#352,#5761,#5762);
#5761=DIRECTION('',(-0.12874306235802346,0,0.9916779839719534));
#5762=DIRECTION('',(0.9916779839719535,0,0.12874306235802346));
#5763=FACE_BOUND('',#5764,.T.);
#5764=EDGE_LOOP('',(#5765,#5766,#5767));
#5765=ORIENTED_EDGE('',*,*,#5768,.T.);
#5766=ORIENTED_EDGE('',*,*,#5769,.T.);
#5767=ORIENTED_EDGE('',*,*,#5770,.T.);
#5768=EDGE_CURVE('',#353,#347,#5771,.F.);
#5769=EDGE_CURVE('',#347,#327,#5772,.T.);
#5770=EDGE_CURVE('',#327,#353,#5773,.T.);
#5771=LINE('',#352,#5774);
#5772=LINE('',#346,#5775);
#5773=LINE('',#326,#5776);
#5774=VECTOR('',#5777,1.0);
#5775=VECTOR('',#5778,1.0);
#5776=VECTOR('',#5779,1.0);
#5777=DIRECTION('',(0.9916779839719535,0,0.12874306235802346));
#5778=DIRECTION('',(0,1,0));
#5779=DIRECTION('',(-0.016573325874970547,-0.9998603379768664,-0.0021516064297959873));
#5780=FACE_SURFACE('',(#5785),#5781,.T.);
#5781=PLANE('',#5782);
#5782=AXIS2_PLACEMENT_3D('',#342,#5783,#5784);
#5783=DIRECTION('',(-0.12874306235802346,0,0.9916779839719534));
#5784=DIRECTION('',(0,-1,0));
#5785=FACE_BOUND('',#5786,.T.);
#5786=EDGE_LOOP('',(#5787,#5788,#5789));
#5787=ORIENTED_EDGE('',*,*,#5790,.T.);
#5788=ORIENTED_EDGE('',*,*,#5791,.T.);
#5789=ORIENTED_EDGE('',*,*,#5792,.T.);
#5790=EDGE_CURVE('',#343,#353,#5793,.F.);
#5791=EDGE_CURVE('',#353,#327,#5794,.T.);
#5792=EDGE_CURVE('',#327,#343,#5795,.T.);
#5793=LINE('',#342,#5796);
#5794=LINE('',#352,#5797);
#5795=LINE('',#326,#5798);
#5796=VECTOR('',#5799,1.0);
#5797=VECTOR('',#5800,1.0);
#5798=VECTOR('',#5801,1.0);
#5799=DIRECTION('',(0,-1,0));
#5800=DIRECTION('',(0.016573325874970547,0.9998603379768664,0.0021516064297959873));
#5801=DIRECTION('',(-0.9916779839719535,0,-0.12874306235802346));
#5802=FACE_SURFACE('',(#5807),#5803,.T.);
#5803=PLANE('',#5804);
#5804=AXIS2_PLACEMENT_3D('',#354,#5805,#5806);
#5805=DIRECTION('',(0.0635640686182537,-0,0.9979777598627606));
#5806=DIRECTION('',(0.9979777598627606,0,-0.0635640686182537));
#5807=FACE_BOUND('',#5808,.T.);
#5808=EDGE_LOOP('',(#5809,#5810,#5811));
#5809=ORIENTED_EDGE('',*,*,#5812,.T.);
#5810=ORIENTED_EDGE('',*,*,#5813,.T.);
#5811=ORIENTED_EDGE('',*,*,#5814,.T.);
#5812=EDGE_CURVE('',#355,#333,#5815,.F.);
#5813=EDGE_CURVE('',#333,#335,#5816,.T.);
#5814=EDGE_CURVE('',#335,#355,#5817,.T.);
#5815=LINE('',#354,#5818);
#5816=LINE('',#332,#5819);
#5817=LINE('',#334,#5820);
#5818=VECTOR('',#5821,1.0);
#5819=VECTOR('',#5822,1.0);
#5820=VECTOR('',#5823,1.0);
#5821=DIRECTION('',(0.9979777598627606,0,-0.0635640686182537));
#5822=DIRECTION('',(-0.027396437643985676,0.9996231241457024,0.0017449577659300656));
#5823=DIRECTION('',(0,-1,0));
#5824=FACE_SURFACE('',(#5829),#5825,.T.);
#5825=PLANE('',#5826);
#5826=AXIS2_PLACEMENT_3D('',#356,#5827,#5828);
#5827=DIRECTION('',(-0.07007320961752127,0,0.9975418513996788));
#5828=DIRECTION('',(0.027383901331763702,-0.9996231398314024,0.0019236063684684172));
#5829=FACE_BOUND('',#5830,.T.);
#5830=EDGE_LOOP('',(#5831,#5832,#5833));
#5831=ORIENTED_EDGE('',*,*,#5834,.T.);
#5832=ORIENTED_EDGE('',*,*,#5835,.T.);
#5833=ORIENTED_EDGE('',*,*,#5836,.T.);
#5834=EDGE_CURVE('',#357,#355,#5837,.F.);
#5835=EDGE_CURVE('',#355,#335,#5838,.T.);
#5836=EDGE_CURVE('',#335,#357,#5839,.T.);
#5837=LINE('',#356,#5840);
#5838=LINE('',#354,#5841);
#5839=LINE('',#334,#5842);
#5840=VECTOR('',#5843,1.0);
#5841=VECTOR('',#5844,1.0);
#5842=VECTOR('',#5845,1.0);
#5843=DIRECTION('',(0.027383901331763702,-0.9996231398314024,0.0019236063684684172));
#5844=DIRECTION('',(0,1,0));
#5845=DIRECTION('',(-0.9975418513996788,0,-0.07007320961752127));
#5846=FACE_SURFACE('',(#5851),#5847,.T.);
#5847=PLANE('',#5848);
#5848=AXIS2_PLACEMENT_3D('',#350,#5849,#5850);
#5849=DIRECTION('',(0,1,-0));
#5850=DIRECTION('',(-0.21787658251069603,0,0.9759763290128812));
#5851=FACE_BOUND('',#5852,.T.);
#5852=EDGE_LOOP('',(#5853,#5854,#5855));
#5853=ORIENTED_EDGE('',*,*,#5856,.T.);
#5854=ORIENTED_EDGE('',*,*,#5857,.T.);
#5855=ORIENTED_EDGE('',*,*,#5858,.T.);
#5856=EDGE_CURVE('',#351,#357,#5859,.F.);
#5857=EDGE_CURVE('',#357,#335,#5860,.T.);
#5858=EDGE_CURVE('',#335,#351,#5861,.T.);
#5859=LINE('',#350,#5862);
#5860=LINE('',#356,#5863);
#5861=LINE('',#334,#5864);
#5862=VECTOR('',#5865,1.0);
#5863=VECTOR('',#5866,1.0);
#5864=VECTOR('',#5867,1.0);
#5865=DIRECTION('',(-0.21787658251069603,0,0.9759763290128812));
#5866=DIRECTION('',(0.9975418513996788,0,0.07007320961752127));
#5867=DIRECTION('',(-0.030447083970911303,0,-0.999536380067113));
#5868=FACE_SURFACE('',(#5873),#5869,.T.);
#5869=PLANE('',#5870);
#5870=AXIS2_PLACEMENT_3D('',#358,#5871,#5872);
#5871=DIRECTION('',(0.004747624983373952,0,-0.9999887299650018));
#5872=DIRECTION('',(0,1,0));
#5873=FACE_BOUND('',#5874,.T.);
#5874=EDGE_LOOP('',(#5875,#5876,#5877));
#5875=ORIENTED_EDGE('',*,*,#5878,.T.);
#5876=ORIENTED_EDGE('',*,*,#5879,.T.);
#5877=ORIENTED_EDGE('',*,*,#5880,.T.);
#5878=EDGE_CURVE('',#359,#361,#5881,.F.);
#5879=EDGE_CURVE('',#361,#341,#5882,.T.);
#5880=EDGE_CURVE('',#341,#359,#5883,.T.);
#5881=LINE('',#358,#5884);
#5882=LINE('',#360,#5885);
#5883=LINE('',#340,#5886);
#5884=VECTOR('',#5887,1.0);
#5885=VECTOR('',#5888,1.0);
#5886=VECTOR('',#5889,1.0);
#5887=DIRECTION('',(0,1,0));
#5888=DIRECTION('',(0.9999887299650018,0,0.004747624983373952));
#5889=DIRECTION('',(-0.027451286158773257,-0.999623133937161,-0.0001303298808154576));
#5890=FACE_SURFACE('',(#5895),#5891,.T.);
#5891=PLANE('',#5892);
#5892=AXIS2_PLACEMENT_3D('',#338,#5893,#5894);
#5893=DIRECTION('',(0.004747624983373952,0,-0.9999887299650018));
#5894=DIRECTION('',(-0.9999887299650018,0,-0.004747624983373952));
#5895=FACE_BOUND('',#5896,.T.);
#5896=EDGE_LOOP('',(#5897,#5898,#5899));
#5897=ORIENTED_EDGE('',*,*,#5900,.T.);
#5898=ORIENTED_EDGE('',*,*,#5901,.T.);
#5899=ORIENTED_EDGE('',*,*,#5902,.T.);
#5900=EDGE_CURVE('',#339,#359,#5903,.F.);
#5901=EDGE_CURVE('',#359,#341,#5904,.T.);
#5902=EDGE_CURVE('',#341,#339,#5905,.T.);
#5903=LINE('',#338,#5906);
#5904=LINE('',#358,#5907);
#5905=LINE('',#340,#5908);
#5906=VECTOR('',#5909,1.0);
#5907=VECTOR('',#5910,1.0);
#5908=VECTOR('',#5911,1.0);
#5909=DIRECTION('',(-0.9999887299650018,0,-0.004747624983373952));
#5910=DIRECTION('',(0.027451286158773257,0.999623133937161,0.0001303298808154576));
#5911=DIRECTION('',(0,-1,0));
#5912=FACE_SURFACE('',(#5917),#5913,.T.);
#5913=PLANE('',#5914);
#5914=AXIS2_PLACEMENT_3D('',#360,#5915,#5916);
#5915=DIRECTION('',(0,1,0));
#5916=DIRECTION('',(0.15167925707441265,0,0.988429766333124));
#5917=FACE_BOUND('',#5918,.T.);
#5918=EDGE_LOOP('',(#5919,#5920,#5921));
#5919=ORIENTED_EDGE('',*,*,#5922,.T.);
#5920=ORIENTED_EDGE('',*,*,#5923,.T.);
#5921=ORIENTED_EDGE('',*,*,#5924,.T.);
#5922=EDGE_CURVE('',#361,#343,#5925,.F.);
#5923=EDGE_CURVE('',#343,#341,#5926,.T.);
#5924=EDGE_CURVE('',#341,#361,#5927,.T.);
#5925=LINE('',#360,#5928);
#5926=LINE('',#342,#5929);
#5927=LINE('',#340,#5930);
#5928=VECTOR('',#5931,1.0);
#5929=VECTOR('',#5932,1.0);
#5930=VECTOR('',#5933,1.0);
#5931=DIRECTION('',(0.15167925707441265,0,0.988429766333124));
#5932=DIRECTION('',(0.09749965884659448,0,-0.9952355583100906));
#5933=DIRECTION('',(-0.9999887299650018,0,-0.004747624983373952));
#5934=FACE_SURFACE('',(#5939),#5935,.T.);
#5935=PLANE('',#5936);
#5936=AXIS2_PLACEMENT_3D('',#362,#5937,#5938);
#5937=DIRECTION('',(0.12875843496520084,0,-0.9916759881258153));
#5938=DIRECTION('',(-0.016573325865654208,0.9998603374148163,-0.002151867672689056));
#5939=FACE_BOUND('',#5940,.T.);
#5940=EDGE_LOOP('',(#5941,#5942,#5943));
#5941=ORIENTED_EDGE('',*,*,#5944,.T.);
#5942=ORIENTED_EDGE('',*,*,#5945,.T.);
#5943=ORIENTED_EDGE('',*,*,#5946,.T.);
#5944=EDGE_CURVE('',#363,#365,#5947,.F.);
#5945=EDGE_CURVE('',#365,#351,#5948,.T.);
#5946=EDGE_CURVE('',#351,#363,#5949,.T.);
#5947=LINE('',#362,#5950);
#5948=LINE('',#364,#5951);
#5949=LINE('',#350,#5952);
#5950=VECTOR('',#5953,1.0);
#5951=VECTOR('',#5954,1.0);
#5952=VECTOR('',#5955,1.0);
#5953=DIRECTION('',(-0.016573325865654208,0.9998603374148163,-0.002151867672689056));
#5954=DIRECTION('',(0.9916759881258153,0,0.1287584349652008));
#5955=DIRECTION('',(0,-1,0));
#5956=FACE_SURFACE('',(#5961),#5957,.T.);
#5957=PLANE('',#5958);
#5958=AXIS2_PLACEMENT_3D('',#348,#5959,#5960);
#5959=DIRECTION('',(-0.04541049721121113,0,-0.9989684112838756));
#5960=DIRECTION('',(-0.9989684112838757,0,0.04541049721121114));
#5961=FACE_BOUND('',#5962,.T.);
#5962=EDGE_LOOP('',(#5963,#5964,#5965));
#5963=ORIENTED_EDGE('',*,*,#5966,.T.);
#5964=ORIENTED_EDGE('',*,*,#5967,.T.);
#5965=ORIENTED_EDGE('',*,*,#5968,.T.);
#5966=EDGE_CURVE('',#349,#363,#5969,.F.);
#5967=EDGE_CURVE('',#363,#351,#5970,.T.);
#5968=EDGE_CURVE('',#351,#349,#5971,.T.);
#5969=LINE('',#348,#5972);
#5970=LINE('',#362,#5973);
#5971=LINE('',#350,#5974);
#5972=VECTOR('',#5975,1.0);
#5973=VECTOR('',#5976,1.0);
#5974=VECTOR('',#5977,1.0);
#5975=DIRECTION('',(-0.9989684112838757,0,0.04541049721121114));
#5976=DIRECTION('',(0,1,0));
#5977=DIRECTION('',(0.016695065654989853,-0.9998603396635625,-0.0007589141196091998));
#5978=FACE_SURFACE('',(#5983),#5979,.T.);
#5979=PLANE('',#5980);
#5980=AXIS2_PLACEMENT_3D('',#364,#5981,#5982);
#5981=DIRECTION('',(0,1,-0));
#5982=DIRECTION('',(-0.06788560869217657,0,0.9976931111982745));
#5983=FACE_BOUND('',#5984,.T.);
#5984=EDGE_LOOP('',(#5985,#5986,#5987));
#5985=ORIENTED_EDGE('',*,*,#5988,.T.);
#5986=ORIENTED_EDGE('',*,*,#5989,.T.);
#5987=ORIENTED_EDGE('',*,*,#5990,.T.);
#5988=EDGE_CURVE('',#365,#357,#5991,.F.);
#5989=EDGE_CURVE('',#357,#351,#5992,.T.);
#5990=EDGE_CURVE('',#351,#365,#5993,.T.);
#5991=LINE('',#364,#5994);
#5992=LINE('',#356,#5995);
#5993=LINE('',#350,#5996);
#5994=VECTOR('',#5997,1.0);
#5995=VECTOR('',#5998,1.0);
#5996=VECTOR('',#5999,1.0);
#5997=DIRECTION('',(-0.06788560869217657,0,0.9976931111982745));
#5998=DIRECTION('',(0.21787658251069603,0,-0.9759763290128812));
#5999=DIRECTION('',(-0.9916759881258153,0,-0.1287584349652008));
#6000=FACE_SURFACE('',(#6005),#6001,.T.);
#6001=PLANE('',#6002);
#6002=AXIS2_PLACEMENT_3D('',#366,#6003,#6004);
#6003=DIRECTION('',(0.04540907902068696,0,0.9989684757501074));
#6004=DIRECTION('',(0.9989684757501074,0,-0.04540907902068696));
#6005=FACE_BOUND('',#6006,.T.);
#6006=EDGE_LOOP('',(#6007,#6008,#6009));
#6007=ORIENTED_EDGE('',*,*,#6010,.T.);
#6008=ORIENTED_EDGE('',*,*,#6011,.T.);
#6009=ORIENTED_EDGE('',*,*,#6012,.T.);
#6010=EDGE_CURVE('',#367,#353,#6013,.F.);
#6011=EDGE_CURVE('',#353,#343,#6014,.T.);
#6012=EDGE_CURVE('',#343,#367,#6015,.T.);
#6013=LINE('',#366,#6016);
#6014=LINE('',#352,#6017);
#6015=LINE('',#342,#6018);
#6016=VECTOR('',#6019,1.0);
#6017=VECTOR('',#6020,1.0);
#6018=VECTOR('',#6021,1.0);
#6019=DIRECTION('',(0.9989684757501074,0,-0.04540907902068696));
#6020=DIRECTION('',(0,1,0));
#6021=DIRECTION('',(-0.01669558799755865,-0.9998603309416696,0.0007589141129891075));
#6022=FACE_SURFACE('',(#6027),#6023,.T.);
#6023=PLANE('',#6024);
#6024=AXIS2_PLACEMENT_3D('',#368,#6025,#6026);
#6025=DIRECTION('',(0.04540907902068696,0,0.9989684757501074));
#6026=DIRECTION('',(0,-1,0));
#6027=FACE_BOUND('',#6028,.T.);
#6028=EDGE_LOOP('',(#6029,#6030,#6031));
#6029=ORIENTED_EDGE('',*,*,#6032,.T.);
#6030=ORIENTED_EDGE('',*,*,#6033,.T.);
#6031=ORIENTED_EDGE('',*,*,#6034,.T.);
#6032=EDGE_CURVE('',#369,#367,#6035,.F.);
#6033=EDGE_CURVE('',#367,#343,#6036,.T.);
#6034=EDGE_CURVE('',#343,#369,#6037,.T.);
#6035=LINE('',#368,#6038);
#6036=LINE('',#366,#6039);
#6037=LINE('',#342,#6040);
#6038=VECTOR('',#6041,1.0);
#6039=VECTOR('',#6042,1.0);
#6040=VECTOR('',#6043,1.0);
#6041=DIRECTION('',(0,-1,0));
#6042=DIRECTION('',(0.01669558799755865,0.9998603309416696,-0.0007589141129891075));
#6043=DIRECTION('',(-0.9989684757501074,0,0.04540907902068696));
#6044=FACE_SURFACE('',(#6049),#6045,.T.);
#6045=PLANE('',#6046);
#6046=AXIS2_PLACEMENT_3D('',#360,#6047,#6048);
#6047=DIRECTION('',(0,1,0));
#6048=DIRECTION('',(0.0006458673817155816,0,0.9999997914276408));
#6049=FACE_BOUND('',#6050,.T.);
#6050=EDGE_LOOP('',(#6051,#6052,#6053));
#6051=ORIENTED_EDGE('',*,*,#6054,.T.);
#6052=ORIENTED_EDGE('',*,*,#6055,.T.);
#6053=ORIENTED_EDGE('',*,*,#6056,.T.);
#6054=EDGE_CURVE('',#361,#369,#6057,.F.);
#6055=EDGE_CURVE('',#369,#343,#6058,.T.);
#6056=EDGE_CURVE('',#343,#361,#6059,.T.);
#6057=LINE('',#360,#6060);
#6058=LINE('',#368,#6061);
#6059=LINE('',#342,#6062);
#6060=VECTOR('',#6063,1.0);
#6061=VECTOR('',#6064,1.0);
#6062=VECTOR('',#6065,1.0);
#6063=DIRECTION('',(0.0006458673817155816,0,0.9999997914276408));
#6064=DIRECTION('',(0.9989684757501074,0,-0.04540907902068696));
#6065=DIRECTION('',(-0.15167925707441265,0,-0.988429766333124));
#6066=FACE_SURFACE('',(#6071),#6067,.T.);
#6067=PLANE('',#6068);
#6068=AXIS2_PLACEMENT_3D('',#370,#6069,#6070);
#6069=DIRECTION('',(0.29898874171386264,0,-0.9542566386084831));
#6070=DIRECTION('',(-0.015947907498044374,0.9998603382856817,-0.004996815953790498));
#6071=FACE_BOUND('',#6072,.T.);
#6072=EDGE_LOOP('',(#6073,#6074,#6075));
#6073=ORIENTED_EDGE('',*,*,#6076,.T.);
#6074=ORIENTED_EDGE('',*,*,#6077,.T.);
#6075=ORIENTED_EDGE('',*,*,#6078,.T.);
#6076=EDGE_CURVE('',#371,#373,#6079,.F.);
#6077=EDGE_CURVE('',#373,#365,#6080,.T.);
#6078=EDGE_CURVE('',#365,#371,#6081,.T.);
#6079=LINE('',#370,#6082);
#6080=LINE('',#372,#6083);
#6081=LINE('',#364,#6084);
#6082=VECTOR('',#6085,1.0);
#6083=VECTOR('',#6086,1.0);
#6084=VECTOR('',#6087,1.0);
#6085=DIRECTION('',(-0.015947907498044374,0.9998603382856817,-0.004996815953790498));
#6086=DIRECTION('',(0.9542566386084832,0,0.29898874171386264));
#6087=DIRECTION('',(0,-1,0));
#6088=FACE_SURFACE('',(#6093),#6089,.T.);
#6089=PLANE('',#6090);
#6090=AXIS2_PLACEMENT_3D('',#362,#6091,#6092);
#6091=DIRECTION('',(0.12875843496520084,0,-0.9916759881258153));
#6092=DIRECTION('',(-0.9916759881258153,0,-0.1287584349652008));
#6093=FACE_BOUND('',#6094,.T.);
#6094=EDGE_LOOP('',(#6095,#6096,#6097));
#6095=ORIENTED_EDGE('',*,*,#6098,.T.);
#6096=ORIENTED_EDGE('',*,*,#6099,.T.);
#6097=ORIENTED_EDGE('',*,*,#6100,.T.);
#6098=EDGE_CURVE('',#363,#371,#6101,.F.);
#6099=EDGE_CURVE('',#371,#365,#6102,.T.);
#6100=EDGE_CURVE('',#365,#363,#6103,.T.);
#6101=LINE('',#362,#6104);
#6102=LINE('',#370,#6105);
#6103=LINE('',#364,#6106);
#6104=VECTOR('',#6107,1.0);
#6105=VECTOR('',#6108,1.0);
#6106=VECTOR('',#6109,1.0);
#6107=DIRECTION('',(-0.9916759881258153,0,-0.1287584349652008));
#6108=DIRECTION('',(0,1,0));
#6109=DIRECTION('',(0.016573325865654208,-0.9998603374148163,0.002151867672689056));
#6110=FACE_SURFACE('',(#6115),#6111,.T.);
#6111=PLANE('',#6112);
#6112=AXIS2_PLACEMENT_3D('',#372,#6113,#6114);
#6113=DIRECTION('',(0,1,-0));
#6114=DIRECTION('',(-0.40447319396757064,0,0.9145498539509326));
#6115=FACE_BOUND('',#6116,.T.);
#6116=EDGE_LOOP('',(#6117,#6118,#6119));
#6117=ORIENTED_EDGE('',*,*,#6120,.T.);
#6118=ORIENTED_EDGE('',*,*,#6121,.T.);
#6119=ORIENTED_EDGE('',*,*,#6122,.T.);
#6120=EDGE_CURVE('',#373,#375,#6123,.F.);
#6121=EDGE_CURVE('',#375,#365,#6124,.T.);
#6122=EDGE_CURVE('',#365,#373,#6125,.T.);
#6123=LINE('',#372,#6126);
#6124=LINE('',#374,#6127);
#6125=LINE('',#364,#6128);
#6126=VECTOR('',#6129,1.0);
#6127=VECTOR('',#6130,1.0);
#6128=VECTOR('',#6131,1.0);
#6129=DIRECTION('',(-0.40447319396757064,0,0.9145498539509326));
#6130=DIRECTION('',(0.5348149817451772,0,-0.8449691919241232));
#6131=DIRECTION('',(-0.9542566386084832,0,-0.29898874171386264));
#6132=FACE_SURFACE('',(#6137),#6133,.T.);
#6133=PLANE('',#6134);
#6134=AXIS2_PLACEMENT_3D('',#374,#6135,#6136);
#6135=DIRECTION('',(-0,1,0));
#6136=DIRECTION('',(0.9435410934480932,0,0.33125549802950693));
#6137=FACE_BOUND('',#6138,.T.);
#6138=EDGE_LOOP('',(#6139,#6140,#6141));
#6139=ORIENTED_EDGE('',*,*,#6142,.T.);
#6140=ORIENTED_EDGE('',*,*,#6143,.T.);
#6141=ORIENTED_EDGE('',*,*,#6144,.T.);
#6142=EDGE_CURVE('',#375,#377,#6145,.F.);
#6143=EDGE_CURVE('',#377,#365,#6146,.T.);
#6144=EDGE_CURVE('',#365,#375,#6147,.T.);
#6145=LINE('',#374,#6148);
#6146=LINE('',#376,#6149);
#6147=LINE('',#364,#6150);
#6148=VECTOR('',#6151,1.0);
#6149=VECTOR('',#6152,1.0);
#6150=VECTOR('',#6153,1.0);
#6151=DIRECTION('',(0.9435410934480932,0,0.33125549802950693));
#6152=DIRECTION('',(0.3128765030418848,0,-0.9497938164908641));
#6153=DIRECTION('',(-0.5348149817451772,0,0.8449691919241232));
#6154=FACE_SURFACE('',(#6159),#6155,.T.);
#6155=PLANE('',#6156);
#6156=AXIS2_PLACEMENT_3D('',#376,#6157,#6158);
#6157=DIRECTION('',(-0,1,0));
#6158=DIRECTION('',(0.9792876842327535,0,0.20247377980877143));
#6159=FACE_BOUND('',#6160,.T.);
#6160=EDGE_LOOP('',(#6161,#6162,#6163));
#6161=ORIENTED_EDGE('',*,*,#6164,.T.);
#6162=ORIENTED_EDGE('',*,*,#6165,.T.);
#6163=ORIENTED_EDGE('',*,*,#6166,.T.);
#6164=EDGE_CURVE('',#377,#357,#6167,.F.);
#6165=EDGE_CURVE('',#357,#365,#6168,.T.);
#6166=EDGE_CURVE('',#365,#377,#6169,.T.);
#6167=LINE('',#376,#6170);
#6168=LINE('',#356,#6171);
#6169=LINE('',#364,#6172);
#6170=VECTOR('',#6173,1.0);
#6171=VECTOR('',#6174,1.0);
#6172=VECTOR('',#6175,1.0);
#6173=DIRECTION('',(0.9792876842327535,0,0.20247377980877143));
#6174=DIRECTION('',(0.06788560869217657,0,-0.9976931111982745));
#6175=DIRECTION('',(-0.3128765030418848,0,0.9497938164908641));
#6176=FACE_SURFACE('',(#6181),#6177,.T.);
#6177=PLANE('',#6178);
#6178=AXIS2_PLACEMENT_3D('',#378,#6179,#6180);
#6179=DIRECTION('',(0.21819150357965422,0,0.9759059728097015));
#6180=DIRECTION('',(0.9759059728097015,0,-0.21819150357965422));
#6181=FACE_BOUND('',#6182,.T.);
#6182=EDGE_LOOP('',(#6183,#6184,#6185));
#6183=ORIENTED_EDGE('',*,*,#6186,.T.);
#6184=ORIENTED_EDGE('',*,*,#6187,.T.);
#6185=ORIENTED_EDGE('',*,*,#6188,.T.);
#6186=EDGE_CURVE('',#379,#367,#6189,.F.);
#6187=EDGE_CURVE('',#367,#369,#6190,.T.);
#6188=EDGE_CURVE('',#369,#379,#6191,.T.);
#6189=LINE('',#378,#6192);
#6190=LINE('',#366,#6193);
#6191=LINE('',#368,#6194);
#6192=VECTOR('',#6195,1.0);
#6193=VECTOR('',#6196,1.0);
#6194=VECTOR('',#6197,1.0);
#6195=DIRECTION('',(0.9759059728097015,0,-0.21819150357965422));
#6196=DIRECTION('',(0,1,0));
#6197=DIRECTION('',(-0.016309469406177807,-0.9998603425704394,0.003646445202169307));
#6198=FACE_SURFACE('',(#6203),#6199,.T.);
#6199=PLANE('',#6200);
#6200=AXIS2_PLACEMENT_3D('',#380,#6201,#6202);
#6201=DIRECTION('',(0.21819150357965422,0,0.9759059728097015));
#6202=DIRECTION('',(0,-1,0));
#6203=FACE_BOUND('',#6204,.T.);
#6204=EDGE_LOOP('',(#6205,#6206,#6207));
#6205=ORIENTED_EDGE('',*,*,#6208,.T.);
#6206=ORIENTED_EDGE('',*,*,#6209,.T.);
#6207=ORIENTED_EDGE('',*,*,#6210,.T.);
#6208=EDGE_CURVE('',#381,#379,#6211,.F.);
#6209=EDGE_CURVE('',#379,#369,#6212,.T.);
#6210=EDGE_CURVE('',#369,#381,#6213,.T.);
#6211=LINE('',#380,#6214);
#6212=LINE('',#378,#6215);
#6213=LINE('',#368,#6216);
#6214=VECTOR('',#6217,1.0);
#6215=VECTOR('',#6218,1.0);
#6216=VECTOR('',#6219,1.0);
#6217=DIRECTION('',(0,-1,0));
#6218=DIRECTION('',(0.016309469406177807,0.9998603425704394,-0.003646445202169307));
#6219=DIRECTION('',(-0.9759059728097015,0,0.21819150357965422));
#6220=FACE_SURFACE('',(#6225),#6221,.T.);
#6221=PLANE('',#6222);
#6222=AXIS2_PLACEMENT_3D('',#360,#6223,#6224);
#6223=DIRECTION('',(0,1,-0));
#6224=DIRECTION('',(-0.9916910470983622,0,0.12864240010569647));
#6225=FACE_BOUND('',#6226,.T.);
#6226=EDGE_LOOP('',(#6227,#6228,#6229));
#6227=ORIENTED_EDGE('',*,*,#6230,.T.);
#6228=ORIENTED_EDGE('',*,*,#6231,.T.);
#6229=ORIENTED_EDGE('',*,*,#6232,.T.);
#6230=EDGE_CURVE('',#361,#383,#6233,.F.);
#6231=EDGE_CURVE('',#383,#369,#6234,.T.);
#6232=EDGE_CURVE('',#369,#361,#6235,.T.);
#6233=LINE('',#360,#6236);
#6234=LINE('',#382,#6237);
#6235=LINE('',#368,#6238);
#6236=VECTOR('',#6239,1.0);
#6237=VECTOR('',#6240,1.0);
#6238=VECTOR('',#6241,1.0);
#6239=DIRECTION('',(-0.9916910470983622,0,0.12864240010569647));
#6240=DIRECTION('',(0.2483453905448875,0,0.9686715475304863));
#6241=DIRECTION('',(-0.0006458673817155816,0,-0.9999997914276408));
#6242=FACE_SURFACE('',(#6247),#6243,.T.);
#6243=PLANE('',#6244);
#6244=AXIS2_PLACEMENT_3D('',#382,#6245,#6246);
#6245=DIRECTION('',(0,1,0));
#6246=DIRECTION('',(0.09930834756184198,0,0.9950567079842918));
#6247=FACE_BOUND('',#6248,.T.);
#6248=EDGE_LOOP('',(#6249,#6250,#6251));
#6249=ORIENTED_EDGE('',*,*,#6252,.T.);
#6250=ORIENTED_EDGE('',*,*,#6253,.T.);
#6251=ORIENTED_EDGE('',*,*,#6254,.T.);
#6252=EDGE_CURVE('',#383,#381,#6255,.F.);
#6253=EDGE_CURVE('',#381,#369,#6256,.T.);
#6254=EDGE_CURVE('',#369,#383,#6257,.T.);
#6255=LINE('',#382,#6258);
#6256=LINE('',#380,#6259);
#6257=LINE('',#368,#6260);
#6258=VECTOR('',#6261,1.0);
#6259=VECTOR('',#6262,1.0);
#6260=VECTOR('',#6263,1.0);
#6261=DIRECTION('',(0.09930834756184198,0,0.9950567079842918));
#6262=DIRECTION('',(0.9759059728097015,0,-0.21819150357965422));
#6263=DIRECTION('',(-0.2483453905448875,0,-0.9686715475304863));
#6264=FACE_SURFACE('',(#6269),#6265,.T.);
#6265=PLANE('',#6266);
#6266=AXIS2_PLACEMENT_3D('',#384,#6267,#6268);
#6267=DIRECTION('',(-0.07007320961752127,0,0.9975418513996788));
#6268=DIRECTION('',(0.9975418513996788,0,0.07007320961752127));
#6269=FACE_BOUND('',#6270,.T.);
#6270=EDGE_LOOP('',(#6271,#6272,#6273));
#6271=ORIENTED_EDGE('',*,*,#6274,.T.);
#6272=ORIENTED_EDGE('',*,*,#6275,.T.);
#6273=ORIENTED_EDGE('',*,*,#6276,.T.);
#6274=EDGE_CURVE('',#385,#355,#6277,.F.);
#6275=EDGE_CURVE('',#355,#357,#6278,.T.);
#6276=EDGE_CURVE('',#357,#385,#6279,.T.);
#6277=LINE('',#384,#6280);
#6278=LINE('',#354,#6281);
#6279=LINE('',#356,#6282);
#6280=VECTOR('',#6283,1.0);
#6281=VECTOR('',#6284,1.0);
#6282=VECTOR('',#6285,1.0);
#6283=DIRECTION('',(0.9975418513996788,0,0.07007320961752127));
#6284=DIRECTION('',(-0.027383901331763702,0.9996231398314024,-0.0019236063684684172));
#6285=DIRECTION('',(0,-1,0));
#6286=FACE_SURFACE('',(#6291),#6287,.T.);
#6287=PLANE('',#6288);
#6288=AXIS2_PLACEMENT_3D('',#376,#6289,#6290);
#6289=DIRECTION('',(-0.20247377980877143,0,0.9792876842327535));
#6290=DIRECTION('',(0.02688295389473035,-0.9996231354943568,0.00555821682956782));
#6291=FACE_BOUND('',#6292,.T.);
#6292=EDGE_LOOP('',(#6293,#6294,#6295));
#6293=ORIENTED_EDGE('',*,*,#6296,.T.);
#6294=ORIENTED_EDGE('',*,*,#6297,.T.);
#6295=ORIENTED_EDGE('',*,*,#6298,.T.);
#6296=EDGE_CURVE('',#377,#385,#6299,.F.);
#6297=EDGE_CURVE('',#385,#357,#6300,.T.);
#6298=EDGE_CURVE('',#357,#377,#6301,.T.);
#6299=LINE('',#376,#6302);
#6300=LINE('',#384,#6303);
#6301=LINE('',#356,#6304);
#6302=VECTOR('',#6305,1.0);
#6303=VECTOR('',#6306,1.0);
#6304=VECTOR('',#6307,1.0);
#6305=DIRECTION('',(0.02688295389473035,-0.9996231354943568,0.00555821682956782));
#6306=DIRECTION('',(0,1,0));
#6307=DIRECTION('',(-0.9792876842327535,0,-0.20247377980877143));
#6308=FACE_SURFACE('',(#6313),#6309,.T.);
#6309=PLANE('',#6310);
#6310=AXIS2_PLACEMENT_3D('',#386,#6311,#6312);
#6311=DIRECTION('',(-0.12864240010569647,0,-0.9916910470983622));
#6312=DIRECTION('',(0,1,0));
#6313=FACE_BOUND('',#6314,.T.);
#6314=EDGE_LOOP('',(#6315,#6316,#6317));
#6315=ORIENTED_EDGE('',*,*,#6318,.T.);
#6316=ORIENTED_EDGE('',*,*,#6319,.T.);
#6317=ORIENTED_EDGE('',*,*,#6320,.T.);
#6318=EDGE_CURVE('',#387,#383,#6321,.F.);
#6319=EDGE_CURVE('',#383,#361,#6322,.T.);
#6320=EDGE_CURVE('',#361,#387,#6323,.T.);
#6321=LINE('',#386,#6324);
#6322=LINE('',#382,#6325);
#6323=LINE('',#360,#6326);
#6324=VECTOR('',#6327,1.0);
#6325=VECTOR('',#6328,1.0);
#6326=VECTOR('',#6329,1.0);
#6327=DIRECTION('',(0,1,0));
#6328=DIRECTION('',(0.9916910470983622,0,-0.12864240010569647));
#6329=DIRECTION('',(-0.027223535319516948,-0.999623133001316,0.0035314435207535943));
#6330=FACE_SURFACE('',(#6335),#6331,.T.);
#6331=PLANE('',#6332);
#6332=AXIS2_PLACEMENT_3D('',#358,#6333,#6334);
#6333=DIRECTION('',(-0.12864240010569647,0,-0.9916910470983622));
#6334=DIRECTION('',(-0.9916910470983622,0,0.12864240010569647));
#6335=FACE_BOUND('',#6336,.T.);
#6336=EDGE_LOOP('',(#6337,#6338,#6339));
#6337=ORIENTED_EDGE('',*,*,#6340,.T.);
#6338=ORIENTED_EDGE('',*,*,#6341,.T.);
#6339=ORIENTED_EDGE('',*,*,#6342,.T.);
#6340=EDGE_CURVE('',#359,#387,#6343,.F.);
#6341=EDGE_CURVE('',#387,#361,#6344,.T.);
#6342=EDGE_CURVE('',#361,#359,#6345,.T.);
#6343=LINE('',#358,#6346);
#6344=LINE('',#386,#6347);
#6345=LINE('',#360,#6348);
#6346=VECTOR('',#6349,1.0);
#6347=VECTOR('',#6350,1.0);
#6348=VECTOR('',#6351,1.0);
#6349=DIRECTION('',(-0.9916910470983622,0,0.12864240010569647));
#6350=DIRECTION('',(0.027223535319516948,0.999623133001316,-0.0035314435207535943));
#6351=DIRECTION('',(0,-1,0));
#6352=FACE_SURFACE('',(#6357),#6353,.T.);
#6353=PLANE('',#6354);
#6354=AXIS2_PLACEMENT_3D('',#388,#6355,#6356);
#6355=DIRECTION('',(0.4601592877536673,0,-0.887836375631252));
#6356=DIRECTION('',(-0.014838142472285482,0.9998603330857714,-0.007690503857515054));
#6357=FACE_BOUND('',#6358,.T.);
#6358=EDGE_LOOP('',(#6359,#6360,#6361));
#6359=ORIENTED_EDGE('',*,*,#6362,.T.);
#6360=ORIENTED_EDGE('',*,*,#6363,.T.);
#6361=ORIENTED_EDGE('',*,*,#6364,.T.);
#6362=EDGE_CURVE('',#389,#391,#6365,.F.);
#6363=EDGE_CURVE('',#391,#373,#6366,.T.);
#6364=EDGE_CURVE('',#373,#389,#6367,.T.);
#6365=LINE('',#388,#6368);
#6366=LINE('',#390,#6369);
#6367=LINE('',#372,#6370);
#6368=VECTOR('',#6371,1.0);
#6369=VECTOR('',#6372,1.0);
#6370=VECTOR('',#6373,1.0);
#6371=DIRECTION('',(-0.014838142472285482,0.9998603330857714,-0.007690503857515054));
#6372=DIRECTION('',(0.887836375631252,0,0.46015928775366727));
#6373=DIRECTION('',(0,-1,0));
#6374=FACE_SURFACE('',(#6379),#6375,.T.);
#6375=PLANE('',#6376);
#6376=AXIS2_PLACEMENT_3D('',#370,#6377,#6378);
#6377=DIRECTION('',(0.29898874171386264,0,-0.9542566386084831));
#6378=DIRECTION('',(-0.9542566386084832,0,-0.29898874171386264));
#6379=FACE_BOUND('',#6380,.T.);
#6380=EDGE_LOOP('',(#6381,#6382,#6383));
#6381=ORIENTED_EDGE('',*,*,#6384,.T.);
#6382=ORIENTED_EDGE('',*,*,#6385,.T.);
#6383=ORIENTED_EDGE('',*,*,#6386,.T.);
#6384=EDGE_CURVE('',#371,#389,#6387,.F.);
#6385=EDGE_CURVE('',#389,#373,#6388,.T.);
#6386=EDGE_CURVE('',#373,#371,#6389,.T.);
#6387=LINE('',#370,#6390);
#6388=LINE('',#388,#6391);
#6389=LINE('',#372,#6392);
#6390=VECTOR('',#6393,1.0);
#6391=VECTOR('',#6394,1.0);
#6392=VECTOR('',#6395,1.0);
#6393=DIRECTION('',(-0.9542566386084832,0,-0.29898874171386264));
#6394=DIRECTION('',(0,1,0));
#6395=DIRECTION('',(0.015947907498044374,-0.9998603382856817,0.004996815953790498));
#6396=FACE_SURFACE('',(#6401),#6397,.T.);
#6397=PLANE('',#6398);
#6398=AXIS2_PLACEMENT_3D('',#390,#6399,#6400);
#6399=DIRECTION('',(0,1,-0));
#6400=DIRECTION('',(-0.4920797116560259,0,0.8705501463882034));
#6401=FACE_BOUND('',#6402,.T.);
#6402=EDGE_LOOP('',(#6403,#6404,#6405));
#6403=ORIENTED_EDGE('',*,*,#6406,.T.);
#6404=ORIENTED_EDGE('',*,*,#6407,.T.);
#6405=ORIENTED_EDGE('',*,*,#6408,.T.);
#6406=EDGE_CURVE('',#391,#393,#6409,.F.);
#6407=EDGE_CURVE('',#393,#373,#6410,.T.);
#6408=EDGE_CURVE('',#373,#391,#6411,.T.);
#6409=LINE('',#390,#6412);
#6410=LINE('',#392,#6413);
#6411=LINE('',#372,#6414);
#6412=VECTOR('',#6415,1.0);
#6413=VECTOR('',#6416,1.0);
#6414=VECTOR('',#6417,1.0);
#6415=DIRECTION('',(-0.4920797116560259,0,0.8705501463882034));
#6416=DIRECTION('',(0.6169236331630336,0,-0.7870230179892598));
#6417=DIRECTION('',(-0.887836375631252,0,-0.46015928775366727));
#6418=FACE_SURFACE('',(#6423),#6419,.T.);
#6419=PLANE('',#6420);
#6420=AXIS2_PLACEMENT_3D('',#392,#6421,#6422);
#6421=DIRECTION('',(-0,1,0));
#6422=DIRECTION('',(0.890941019511616,0,0.4541190369843599));
#6423=FACE_BOUND('',#6424,.T.);
#6424=EDGE_LOOP('',(#6425,#6426,#6427));
#6425=ORIENTED_EDGE('',*,*,#6428,.T.);
#6426=ORIENTED_EDGE('',*,*,#6429,.T.);
#6427=ORIENTED_EDGE('',*,*,#6430,.T.);
#6428=EDGE_CURVE('',#393,#375,#6431,.F.);
#6429=EDGE_CURVE('',#375,#373,#6432,.T.);
#6430=EDGE_CURVE('',#373,#393,#6433,.T.);
#6431=LINE('',#392,#6434);
#6432=LINE('',#374,#6435);
#6433=LINE('',#372,#6436);
#6434=VECTOR('',#6437,1.0);
#6435=VECTOR('',#6438,1.0);
#6436=VECTOR('',#6439,1.0);
#6437=DIRECTION('',(0.890941019511616,0,0.4541190369843599));
#6438=DIRECTION('',(0.40447319396757064,0,-0.9145498539509326));
#6439=DIRECTION('',(-0.6169236331630336,0,0.7870230179892598));
#6440=FACE_SURFACE('',(#6445),#6441,.T.);
#6441=PLANE('',#6442);
#6442=AXIS2_PLACEMENT_3D('',#394,#6443,#6444);
#6443=DIRECTION('',(0.38433122491535987,0,0.9231952716273296));
#6444=DIRECTION('',(0.9231952716273297,0,-0.38433122491535987));
#6445=FACE_BOUND('',#6446,.T.);
#6446=EDGE_LOOP('',(#6447,#6448,#6449));
#6447=ORIENTED_EDGE('',*,*,#6450,.T.);
#6448=ORIENTED_EDGE('',*,*,#6451,.T.);
#6449=ORIENTED_EDGE('',*,*,#6452,.T.);
#6450=EDGE_CURVE('',#395,#379,#6453,.F.);
#6451=EDGE_CURVE('',#379,#381,#6454,.T.);
#6452=EDGE_CURVE('',#381,#395,#6455,.T.);
#6453=LINE('',#394,#6456);
#6454=LINE('',#378,#6457);
#6455=LINE('',#380,#6458);
#6456=VECTOR('',#6459,1.0);
#6457=VECTOR('',#6460,1.0);
#6458=VECTOR('',#6461,1.0);
#6459=DIRECTION('',(0.9231952716273297,0,-0.38433122491535987));
#6460=DIRECTION('',(0,1,0));
#6461=DIRECTION('',(-0.015429076632049064,-0.9998603332385926,0.006423208722522694));
#6462=FACE_SURFACE('',(#6467),#6463,.T.);
#6463=PLANE('',#6464);
#6464=AXIS2_PLACEMENT_3D('',#396,#6465,#6466);
#6465=DIRECTION('',(0.38433122491535987,0,0.9231952716273296));
#6466=DIRECTION('',(0,-1,0));
#6467=FACE_BOUND('',#6468,.T.);
#6468=EDGE_LOOP('',(#6469,#6470,#6471));
#6469=ORIENTED_EDGE('',*,*,#6472,.T.);
#6470=ORIENTED_EDGE('',*,*,#6473,.T.);
#6471=ORIENTED_EDGE('',*,*,#6474,.T.);
#6472=EDGE_CURVE('',#397,#395,#6475,.F.);
#6473=EDGE_CURVE('',#395,#381,#6476,.T.);
#6474=EDGE_CURVE('',#381,#397,#6477,.T.);
#6475=LINE('',#396,#6478);
#6476=LINE('',#394,#6479);
#6477=LINE('',#380,#6480);
#6478=VECTOR('',#6481,1.0);
#6479=VECTOR('',#6482,1.0);
#6480=VECTOR('',#6483,1.0);
#6481=DIRECTION('',(0,-1,0));
#6482=DIRECTION('',(0.015429076632049064,0.9998603332385926,-0.006423208722522694));
#6483=DIRECTION('',(-0.9231952716273297,0,0.38433122491535987));
#6484=FACE_SURFACE('',(#6489),#6485,.T.);
#6485=PLANE('',#6486);
#6486=AXIS2_PLACEMENT_3D('',#382,#6487,#6488);
#6487=DIRECTION('',(0,1,-0));
#6488=DIRECTION('',(-0.9656811337650841,0,0.2597305293764708));
#6489=FACE_BOUND('',#6490,.T.);
#6490=EDGE_LOOP('',(#6491,#6492,#6493));
#6491=ORIENTED_EDGE('',*,*,#6494,.T.);
#6492=ORIENTED_EDGE('',*,*,#6495,.T.);
#6493=ORIENTED_EDGE('',*,*,#6496,.T.);
#6494=EDGE_CURVE('',#383,#399,#6497,.F.);
#6495=EDGE_CURVE('',#399,#381,#6498,.T.);
#6496=EDGE_CURVE('',#381,#383,#6499,.T.);
#6497=LINE('',#382,#6500);
#6498=LINE('',#398,#6501);
#6499=LINE('',#380,#6502);
#6500=VECTOR('',#6503,1.0);
#6501=VECTOR('',#6504,1.0);
#6502=VECTOR('',#6505,1.0);
#6503=DIRECTION('',(-0.9656811337650841,0,0.2597305293764708));
#6504=DIRECTION('',(0.3421609418680719,0,0.9396413623611691));
#6505=DIRECTION('',(-0.09930834756184198,0,-0.9950567079842918));
#6506=FACE_SURFACE('',(#6511),#6507,.T.);
#6507=PLANE('',#6508);
#6508=AXIS2_PLACEMENT_3D('',#398,#6509,#6510);
#6509=DIRECTION('',(0,1,0));
#6510=DIRECTION('',(0.1977792308605584,0,0.9802465893030212));
#6511=FACE_BOUND('',#6512,.T.);
#6512=EDGE_LOOP('',(#6513,#6514,#6515));
#6513=ORIENTED_EDGE('',*,*,#6516,.T.);
#6514=ORIENTED_EDGE('',*,*,#6517,.T.);
#6515=ORIENTED_EDGE('',*,*,#6518,.T.);
#6516=EDGE_CURVE('',#399,#397,#6519,.F.);
#6517=EDGE_CURVE('',#397,#381,#6520,.T.);
#6518=EDGE_CURVE('',#381,#399,#6521,.T.);
#6519=LINE('',#398,#6522);
#6520=LINE('',#396,#6523);
#6521=LINE('',#380,#6524);
#6522=VECTOR('',#6525,1.0);
#6523=VECTOR('',#6526,1.0);
#6524=VECTOR('',#6527,1.0);
#6525=DIRECTION('',(0.1977792308605584,0,0.9802465893030212));
#6526=DIRECTION('',(0.9231952716273297,0,-0.38433122491535987));
#6527=DIRECTION('',(-0.3421609418680719,0,-0.9396413623611691));
#6528=FACE_SURFACE('',(#6533),#6529,.T.);
#6529=PLANE('',#6530);
#6530=AXIS2_PLACEMENT_3D('',#400,#6531,#6532);
#6531=DIRECTION('',(-0.20247377980877143,0,0.9792876842327535));
#6532=DIRECTION('',(0.9792876842327535,0,0.20247377980877143));
#6533=FACE_BOUND('',#6534,.T.);
#6534=EDGE_LOOP('',(#6535,#6536,#6537));
#6535=ORIENTED_EDGE('',*,*,#6538,.T.);
#6536=ORIENTED_EDGE('',*,*,#6539,.T.);
#6537=ORIENTED_EDGE('',*,*,#6540,.T.);
#6538=EDGE_CURVE('',#401,#385,#6541,.F.);
#6539=EDGE_CURVE('',#385,#377,#6542,.T.);
#6540=EDGE_CURVE('',#377,#401,#6543,.T.);
#6541=LINE('',#400,#6544);
#6542=LINE('',#384,#6545);
#6543=LINE('',#376,#6546);
#6544=VECTOR('',#6547,1.0);
#6545=VECTOR('',#6548,1.0);
#6546=VECTOR('',#6549,1.0);
#6547=DIRECTION('',(0.9792876842327535,0,0.20247377980877143));
#6548=DIRECTION('',(-0.02688295389473035,0.9996231354943568,-0.00555821682956782));
#6549=DIRECTION('',(0,-1,0));
#6550=FACE_SURFACE('',(#6555),#6551,.T.);
#6551=PLANE('',#6552);
#6552=AXIS2_PLACEMENT_3D('',#374,#6553,#6554);
#6553=DIRECTION('',(-0.3312554980295069,0,0.9435410934480931));
#6554=DIRECTION('',(0.025901953603166814,-0.9996231268025365,0.009093578011953565));
#6555=FACE_BOUND('',#6556,.T.);
#6556=EDGE_LOOP('',(#6557,#6558,#6559));
#6557=ORIENTED_EDGE('',*,*,#6560,.T.);
#6558=ORIENTED_EDGE('',*,*,#6561,.T.);
#6559=ORIENTED_EDGE('',*,*,#6562,.T.);
#6560=EDGE_CURVE('',#375,#401,#6563,.F.);
#6561=EDGE_CURVE('',#401,#377,#6564,.T.);
#6562=EDGE_CURVE('',#377,#375,#6565,.T.);
#6563=LINE('',#374,#6566);
#6564=LINE('',#400,#6567);
#6565=LINE('',#376,#6568);
#6566=VECTOR('',#6569,1.0);
#6567=VECTOR('',#6570,1.0);
#6568=VECTOR('',#6571,1.0);
#6569=DIRECTION('',(0.025901953603166814,-0.9996231268025365,0.009093578011953565));
#6570=DIRECTION('',(0,1,0));
#6571=DIRECTION('',(-0.9435410934480932,0,-0.33125549802950693));
#6572=FACE_SURFACE('',(#6577),#6573,.T.);
#6573=PLANE('',#6574);
#6574=AXIS2_PLACEMENT_3D('',#402,#6575,#6576);
#6575=DIRECTION('',(0.6073427613124175,0,-0.7944399097989777));
#6576=DIRECTION('',(-0.013276947802570683,0.9998603391370309,-0.01015011713378613));
#6577=FACE_BOUND('',#6578,.T.);
#6578=EDGE_LOOP('',(#6579,#6580,#6581));
#6579=ORIENTED_EDGE('',*,*,#6582,.T.);
#6580=ORIENTED_EDGE('',*,*,#6583,.T.);
#6581=ORIENTED_EDGE('',*,*,#6584,.T.);
#6582=EDGE_CURVE('',#403,#405,#6585,.F.);
#6583=EDGE_CURVE('',#405,#391,#6586,.T.);
#6584=EDGE_CURVE('',#391,#403,#6587,.T.);
#6585=LINE('',#402,#6588);
#6586=LINE('',#404,#6589);
#6587=LINE('',#390,#6590);
#6588=VECTOR('',#6591,1.0);
#6589=VECTOR('',#6592,1.0);
#6590=VECTOR('',#6593,1.0);
#6591=DIRECTION('',(-0.013276947802570683,0.9998603391370309,-0.01015011713378613));
#6592=DIRECTION('',(0.7944399097989777,0,0.6073427613124175));
#6593=DIRECTION('',(0,-1,0));
#6594=FACE_SURFACE('',(#6599),#6595,.T.);
#6595=PLANE('',#6596);
#6596=AXIS2_PLACEMENT_3D('',#388,#6597,#6598);
#6597=DIRECTION('',(0.4601592877536673,0,-0.887836375631252));
#6598=DIRECTION('',(-0.887836375631252,0,-0.46015928775366727));
#6599=FACE_BOUND('',#6600,.T.);
#6600=EDGE_LOOP('',(#6601,#6602,#6603));
#6601=ORIENTED_EDGE('',*,*,#6604,.T.);
#6602=ORIENTED_EDGE('',*,*,#6605,.T.);
#6603=ORIENTED_EDGE('',*,*,#6606,.T.);
#6604=EDGE_CURVE('',#389,#403,#6607,.F.);
#6605=EDGE_CURVE('',#403,#391,#6608,.T.);
#6606=EDGE_CURVE('',#391,#389,#6609,.T.);
#6607=LINE('',#388,#6610);
#6608=LINE('',#402,#6611);
#6609=LINE('',#390,#6612);
#6610=VECTOR('',#6613,1.0);
#6611=VECTOR('',#6614,1.0);
#6612=VECTOR('',#6615,1.0);
#6613=DIRECTION('',(-0.887836375631252,0,-0.46015928775366727));
#6614=DIRECTION('',(0,1,0));
#6615=DIRECTION('',(0.014838142472285482,-0.9998603330857714,0.007690503857515054));
#6616=FACE_SURFACE('',(#6621),#6617,.T.);
#6617=PLANE('',#6618);
#6618=AXIS2_PLACEMENT_3D('',#404,#6619,#6620);
#6619=DIRECTION('',(0,1,-0));
#6620=DIRECTION('',(-0.5751276279215599,0,0.8180636965428302));
#6621=FACE_BOUND('',#6622,.T.);
#6622=EDGE_LOOP('',(#6623,#6624,#6625));
#6623=ORIENTED_EDGE('',*,*,#6626,.T.);
#6624=ORIENTED_EDGE('',*,*,#6627,.T.);
#6625=ORIENTED_EDGE('',*,*,#6628,.T.);
#6626=EDGE_CURVE('',#405,#407,#6629,.F.);
#6627=EDGE_CURVE('',#407,#391,#6630,.T.);
#6628=EDGE_CURVE('',#391,#405,#6631,.T.);
#6629=LINE('',#404,#6632);
#6630=LINE('',#406,#6633);
#6631=LINE('',#390,#6634);
#6632=VECTOR('',#6635,1.0);
#6633=VECTOR('',#6636,1.0);
#6634=VECTOR('',#6637,1.0);
#6635=DIRECTION('',(-0.5751276279215599,0,0.8180636965428302));
#6636=DIRECTION('',(0.6920615800006434,0,-0.7218384649539071));
#6637=DIRECTION('',(-0.7944399097989777,0,-0.6073427613124175));
#6638=FACE_SURFACE('',(#6643),#6639,.T.);
#6639=PLANE('',#6640);
#6640=AXIS2_PLACEMENT_3D('',#406,#6641,#6642);
#6641=DIRECTION('',(-0,1,0));
#6642=DIRECTION('',(0.8224301660969707,0,0.5688660843236387));
#6643=FACE_BOUND('',#6644,.T.);
#6644=EDGE_LOOP('',(#6645,#6646,#6647));
#6645=ORIENTED_EDGE('',*,*,#6648,.T.);
#6646=ORIENTED_EDGE('',*,*,#6649,.T.);
#6647=ORIENTED_EDGE('',*,*,#6650,.T.);
#6648=EDGE_CURVE('',#407,#393,#6651,.F.);
#6649=EDGE_CURVE('',#393,#391,#6652,.T.);
#6650=EDGE_CURVE('',#391,#407,#6653,.T.);
#6651=LINE('',#406,#6654);
#6652=LINE('',#392,#6655);
#6653=LINE('',#390,#6656);
#6654=VECTOR('',#6657,1.0);
#6655=VECTOR('',#6658,1.0);
#6656=VECTOR('',#6659,1.0);
#6657=DIRECTION('',(0.8224301660969707,0,0.5688660843236387));
#6658=DIRECTION('',(0.4920797116560259,0,-0.8705501463882034));
#6659=DIRECTION('',(-0.6920615800006434,0,0.7218384649539071));
#6660=FACE_SURFACE('',(#6665),#6661,.T.);
#6661=PLANE('',#6662);
#6662=AXIS2_PLACEMENT_3D('',#408,#6663,#6664);
#6663=DIRECTION('',(0.5388110358283617,0,0.842426654178017));
#6664=DIRECTION('',(0.8424266541780169,0,-0.5388110358283617));
#6665=FACE_BOUND('',#6666,.T.);
#6666=EDGE_LOOP('',(#6667,#6668,#6669));
#6667=ORIENTED_EDGE('',*,*,#6670,.T.);
#6668=ORIENTED_EDGE('',*,*,#6671,.T.);
#6669=ORIENTED_EDGE('',*,*,#6672,.T.);
#6670=EDGE_CURVE('',#409,#395,#6673,.F.);
#6671=EDGE_CURVE('',#395,#397,#6674,.T.);
#6672=EDGE_CURVE('',#397,#409,#6675,.T.);
#6673=LINE('',#408,#6676);
#6674=LINE('',#394,#6677);
#6675=LINE('',#396,#6678);
#6676=VECTOR('',#6679,1.0);
#6677=VECTOR('',#6680,1.0);
#6678=VECTOR('',#6681,1.0);
#6679=DIRECTION('',(0.8424266541780169,0,-0.5388110358283617));
#6680=DIRECTION('',(0,1,0));
#6681=DIRECTION('',(-0.014078967185163266,-0.9998603381703579,0.009004822977536417));
#6682=FACE_SURFACE('',(#6687),#6683,.T.);
#6683=PLANE('',#6684);
#6684=AXIS2_PLACEMENT_3D('',#410,#6685,#6686);
#6685=DIRECTION('',(0.5388110358283617,0,0.842426654178017));
#6686=DIRECTION('',(0,-1,0));
#6687=FACE_BOUND('',#6688,.T.);
#6688=EDGE_LOOP('',(#6689,#6690,#6691));
#6689=ORIENTED_EDGE('',*,*,#6692,.T.);
#6690=ORIENTED_EDGE('',*,*,#6693,.T.);
#6691=ORIENTED_EDGE('',*,*,#6694,.T.);
#6692=EDGE_CURVE('',#411,#409,#6695,.F.);
#6693=EDGE_CURVE('',#409,#397,#6696,.T.);
#6694=EDGE_CURVE('',#397,#411,#6697,.T.);
#6695=LINE('',#410,#6698);
#6696=LINE('',#408,#6699);
#6697=LINE('',#396,#6700);
#6698=VECTOR('',#6701,1.0);
#6699=VECTOR('',#6702,1.0);
#6700=VECTOR('',#6703,1.0);
#6701=DIRECTION('',(0,-1,0));
#6702=DIRECTION('',(0.014078967185163266,0.9998603381703579,-0.009004822977536417));
#6703=DIRECTION('',(-0.8424266541780169,0,0.5388110358283617));
#6704=FACE_SURFACE('',(#6709),#6705,.T.);
#6705=PLANE('',#6706);
#6706=AXIS2_PLACEMENT_3D('',#398,#6707,#6708);
#6707=DIRECTION('',(0,1,-0));
#6708=DIRECTION('',(-0.9224163182860364,0,0.38619701676687473));
#6709=FACE_BOUND('',#6710,.T.);
#6710=EDGE_LOOP('',(#6711,#6712,#6713));
#6711=ORIENTED_EDGE('',*,*,#6714,.T.);
#6712=ORIENTED_EDGE('',*,*,#6715,.T.);
#6713=ORIENTED_EDGE('',*,*,#6716,.T.);
#6714=EDGE_CURVE('',#399,#413,#6717,.F.);
#6715=EDGE_CURVE('',#413,#397,#6718,.T.);
#6716=EDGE_CURVE('',#397,#399,#6719,.T.);
#6717=LINE('',#398,#6720);
#6718=LINE('',#412,#6721);
#6719=LINE('',#396,#6722);
#6720=VECTOR('',#6723,1.0);
#6721=VECTOR('',#6724,1.0);
#6722=VECTOR('',#6725,1.0);
#6723=DIRECTION('',(-0.9224163182860364,0,0.38619701676687473));
#6724=DIRECTION('',(0.43251982364161773,0,0.9016244241129584));
#6725=DIRECTION('',(-0.1977792308605584,0,-0.9802465893030212));
#6726=FACE_SURFACE('',(#6731),#6727,.T.);
#6727=PLANE('',#6728);
#6728=AXIS2_PLACEMENT_3D('',#412,#6729,#6730);
#6729=DIRECTION('',(0,1,0));
#6730=DIRECTION('',(0.29529612883952977,0,0.9554057757269357));
#6731=FACE_BOUND('',#6732,.T.);
#6732=EDGE_LOOP('',(#6733,#6734,#6735));
#6733=ORIENTED_EDGE('',*,*,#6736,.T.);
#6734=ORIENTED_EDGE('',*,*,#6737,.T.);
#6735=ORIENTED_EDGE('',*,*,#6738,.T.);
#6736=EDGE_CURVE('',#413,#411,#6739,.F.);
#6737=EDGE_CURVE('',#411,#397,#6740,.T.);
#6738=EDGE_CURVE('',#397,#413,#6741,.T.);
#6739=LINE('',#412,#6742);
#6740=LINE('',#410,#6743);
#6741=LINE('',#396,#6744);
#6742=VECTOR('',#6745,1.0);
#6743=VECTOR('',#6746,1.0);
#6744=VECTOR('',#6747,1.0);
#6745=DIRECTION('',(0.29529612883952977,0,0.9554057757269357));
#6746=DIRECTION('',(0.8424266541780169,0,-0.5388110358283617));
#6747=DIRECTION('',(-0.43251982364161773,0,-0.9016244241129584));
#6748=FACE_SURFACE('',(#6753),#6749,.T.);
#6749=PLANE('',#6750);
#6750=AXIS2_PLACEMENT_3D('',#414,#6751,#6752);
#6751=DIRECTION('',(-0.2597305293764708,0,-0.9656811337650841));
#6752=DIRECTION('',(0,1,0));
#6753=FACE_BOUND('',#6754,.T.);
#6754=EDGE_LOOP('',(#6755,#6756,#6757));
#6755=ORIENTED_EDGE('',*,*,#6758,.T.);
#6756=ORIENTED_EDGE('',*,*,#6759,.T.);
#6757=ORIENTED_EDGE('',*,*,#6760,.T.);
#6758=EDGE_CURVE('',#415,#399,#6761,.F.);
#6759=EDGE_CURVE('',#399,#383,#6762,.T.);
#6760=EDGE_CURVE('',#383,#415,#6763,.T.);
#6761=LINE('',#414,#6764);
#6762=LINE('',#398,#6765);
#6763=LINE('',#382,#6766);
#6764=VECTOR('',#6767,1.0);
#6765=VECTOR('',#6768,1.0);
#6766=VECTOR('',#6769,1.0);
#6767=DIRECTION('',(0,1,0));
#6768=DIRECTION('',(0.9656811337650841,0,-0.2597305293764708));
#6769=DIRECTION('',(-0.02650946343129656,-0.9996231346331121,0.007130010859435307));
#6770=FACE_SURFACE('',(#6775),#6771,.T.);
#6771=PLANE('',#6772);
#6772=AXIS2_PLACEMENT_3D('',#386,#6773,#6774);
#6773=DIRECTION('',(-0.2597305293764708,0,-0.9656811337650841));
#6774=DIRECTION('',(-0.9656811337650841,0,0.2597305293764708));
#6775=FACE_BOUND('',#6776,.T.);
#6776=EDGE_LOOP('',(#6777,#6778,#6779));
#6777=ORIENTED_EDGE('',*,*,#6780,.T.);
#6778=ORIENTED_EDGE('',*,*,#6781,.T.);
#6779=ORIENTED_EDGE('',*,*,#6782,.T.);
#6780=EDGE_CURVE('',#387,#415,#6783,.F.);
#6781=EDGE_CURVE('',#415,#383,#6784,.T.);
#6782=EDGE_CURVE('',#383,#387,#6785,.T.);
#6783=LINE('',#386,#6786);
#6784=LINE('',#414,#6787);
#6785=LINE('',#382,#6788);
#6786=VECTOR('',#6789,1.0);
#6787=VECTOR('',#6790,1.0);
#6788=VECTOR('',#6791,1.0);
#6789=DIRECTION('',(-0.9656811337650841,0,0.2597305293764708));
#6790=DIRECTION('',(0.02650946343129656,0.9996231346331121,-0.007130010859435307));
#6791=DIRECTION('',(0,-1,0));
#6792=FACE_SURFACE('',(#6797),#6793,.T.);
#6793=PLANE('',#6794);
#6794=AXIS2_PLACEMENT_3D('',#416,#6795,#6796);
#6795=DIRECTION('',(0.7360630946720742,0,-0.6769129343289054));
#6796=DIRECTION('',(-0.011312914603468333,0.9998603362414133,-0.01230146228635038));
#6797=FACE_BOUND('',#6798,.T.);
#6798=EDGE_LOOP('',(#6799,#6800,#6801));
#6799=ORIENTED_EDGE('',*,*,#6802,.T.);
#6800=ORIENTED_EDGE('',*,*,#6803,.T.);
#6801=ORIENTED_EDGE('',*,*,#6804,.T.);
#6802=EDGE_CURVE('',#417,#419,#6805,.F.);
#6803=EDGE_CURVE('',#419,#405,#6806,.T.);
#6804=EDGE_CURVE('',#405,#417,#6807,.T.);
#6805=LINE('',#416,#6808);
#6806=LINE('',#418,#6809);
#6807=LINE('',#404,#6810);
#6808=VECTOR('',#6811,1.0);
#6809=VECTOR('',#6812,1.0);
#6810=VECTOR('',#6813,1.0);
#6811=DIRECTION('',(-0.011312914603468333,0.9998603362414133,-0.01230146228635038));
#6812=DIRECTION('',(0.6769129343289055,0,0.7360630946720742));
#6813=DIRECTION('',(0,-1,0));
#6814=FACE_SURFACE('',(#6819),#6815,.T.);
#6815=PLANE('',#6816);
#6816=AXIS2_PLACEMENT_3D('',#402,#6817,#6818);
#6817=DIRECTION('',(0.6073427613124175,0,-0.7944399097989777));
#6818=DIRECTION('',(-0.7944399097989777,0,-0.6073427613124175));
#6819=FACE_BOUND('',#6820,.T.);
#6820=EDGE_LOOP('',(#6821,#6822,#6823));
#6821=ORIENTED_EDGE('',*,*,#6824,.T.);
#6822=ORIENTED_EDGE('',*,*,#6825,.T.);
#6823=ORIENTED_EDGE('',*,*,#6826,.T.);
#6824=EDGE_CURVE('',#403,#417,#6827,.F.);
#6825=EDGE_CURVE('',#417,#405,#6828,.T.);
#6826=EDGE_CURVE('',#405,#403,#6829,.T.);
#6827=LINE('',#402,#6830);
#6828=LINE('',#416,#6831);
#6829=LINE('',#404,#6832);
#6830=VECTOR('',#6833,1.0);
#6831=VECTOR('',#6834,1.0);
#6832=VECTOR('',#6835,1.0);
#6833=DIRECTION('',(-0.7944399097989777,0,-0.6073427613124175));
#6834=DIRECTION('',(0,1,0));
#6835=DIRECTION('',(0.013276947802570683,-0.9998603391370309,0.01015011713378613));
#6836=FACE_SURFACE('',(#6841),#6837,.T.);
#6837=PLANE('',#6838);
#6838=AXIS2_PLACEMENT_3D('',#418,#6839,#6840);
#6839=DIRECTION('',(0,1,-0));
#6840=DIRECTION('',(-0.8199654275737518,0,0.5724130480551561));
#6841=FACE_BOUND('',#6842,.T.);
#6842=EDGE_LOOP('',(#6843,#6844,#6845));
#6843=ORIENTED_EDGE('',*,*,#6846,.T.);
#6844=ORIENTED_EDGE('',*,*,#6847,.T.);
#6845=ORIENTED_EDGE('',*,*,#6848,.T.);
#6846=EDGE_CURVE('',#419,#421,#6849,.F.);
#6847=EDGE_CURVE('',#421,#405,#6850,.T.);
#6848=EDGE_CURVE('',#405,#419,#6851,.T.);
#6849=LINE('',#418,#6852);
#6850=LINE('',#420,#6853);
#6851=LINE('',#404,#6854);
#6852=VECTOR('',#6855,1.0);
#6853=VECTOR('',#6856,1.0);
#6854=VECTOR('',#6857,1.0);
#6855=DIRECTION('',(-0.8199654275737518,0,0.5724130480551561));
#6856=DIRECTION('',(0.894959745226059,0,-0.4461468978093511));
#6857=DIRECTION('',(-0.6769129343289055,0,-0.7360630946720742));
#6858=FACE_SURFACE('',(#6863),#6859,.T.);
#6859=PLANE('',#6860);
#6860=AXIS2_PLACEMENT_3D('',#420,#6861,#6862);
#6861=DIRECTION('',(-0,1,0));
#6862=DIRECTION('',(0.6428234001470692,0,0.7660144099319287));
#6863=FACE_BOUND('',#6864,.T.);
#6864=EDGE_LOOP('',(#6865,#6866,#6867));
#6865=ORIENTED_EDGE('',*,*,#6868,.T.);
#6866=ORIENTED_EDGE('',*,*,#6869,.T.);
#6867=ORIENTED_EDGE('',*,*,#6870,.T.);
#6868=EDGE_CURVE('',#421,#423,#6871,.F.);
#6869=EDGE_CURVE('',#423,#405,#6872,.T.);
#6870=EDGE_CURVE('',#405,#421,#6873,.T.);
#6871=LINE('',#420,#6874);
#6872=LINE('',#422,#6875);
#6873=LINE('',#404,#6876);
#6874=VECTOR('',#6877,1.0);
#6875=VECTOR('',#6878,1.0);
#6876=VECTOR('',#6879,1.0);
#6877=DIRECTION('',(0.6428234001470692,0,0.7660144099319287));
#6878=DIRECTION('',(0.7598543068344137,0,-0.6500934028162357));
#6879=DIRECTION('',(-0.894959745226059,0,0.4461468978093511));
#6880=FACE_SURFACE('',(#6885),#6881,.T.);
#6881=PLANE('',#6882);
#6882=AXIS2_PLACEMENT_3D('',#422,#6883,#6884);
#6883=DIRECTION('',(-0,1,0));
#6884=DIRECTION('',(0.7392232827500375,0,0.6734604206931972));
#6885=FACE_BOUND('',#6886,.T.);
#6886=EDGE_LOOP('',(#6887,#6888,#6889));
#6887=ORIENTED_EDGE('',*,*,#6890,.T.);
#6888=ORIENTED_EDGE('',*,*,#6891,.T.);
#6889=ORIENTED_EDGE('',*,*,#6892,.T.);
#6890=EDGE_CURVE('',#423,#407,#6893,.F.);
#6891=EDGE_CURVE('',#407,#405,#6894,.T.);
#6892=EDGE_CURVE('',#405,#423,#6895,.T.);
#6893=LINE('',#422,#6896);
#6894=LINE('',#406,#6897);
#6895=LINE('',#404,#6898);
#6896=VECTOR('',#6899,1.0);
#6897=VECTOR('',#6900,1.0);
#6898=VECTOR('',#6901,1.0);
#6899=DIRECTION('',(0.7392232827500375,0,0.6734604206931972));
#6900=DIRECTION('',(0.5751276279215599,0,-0.8180636965428302));
#6901=DIRECTION('',(-0.7598543068344137,0,0.6500934028162357));
#6902=FACE_SURFACE('',(#6907),#6903,.T.);
#6903=PLANE('',#6904);
#6904=AXIS2_PLACEMENT_3D('',#424,#6905,#6906);
#6905=DIRECTION('',(0.6769129343289054,0,0.7360630946720742));
#6906=DIRECTION('',(0.7360630946720742,0,-0.6769129343289055));
#6907=FACE_BOUND('',#6908,.T.);
#6908=EDGE_LOOP('',(#6909,#6910,#6911));
#6909=ORIENTED_EDGE('',*,*,#6912,.T.);
#6910=ORIENTED_EDGE('',*,*,#6913,.T.);
#6911=ORIENTED_EDGE('',*,*,#6914,.T.);
#6912=EDGE_CURVE('',#425,#409,#6915,.F.);
#6913=EDGE_CURVE('',#409,#411,#6916,.T.);
#6914=EDGE_CURVE('',#411,#425,#6917,.T.);
#6915=LINE('',#424,#6918);
#6916=LINE('',#408,#6919);
#6917=LINE('',#410,#6920);
#6918=VECTOR('',#6921,1.0);
#6919=VECTOR('',#6922,1.0);
#6920=VECTOR('',#6923,1.0);
#6921=DIRECTION('',(0.7360630946720742,0,-0.6769129343289055));
#6922=DIRECTION('',(0,1,0));
#6923=DIRECTION('',(-0.01230146228635038,-0.9998603362414133,0.011312914603468333));
#6924=FACE_SURFACE('',(#6929),#6925,.T.);
#6925=PLANE('',#6926);
#6926=AXIS2_PLACEMENT_3D('',#426,#6927,#6928);
#6927=DIRECTION('',(0.6769129343289054,0,0.7360630946720742));
#6928=DIRECTION('',(0,-1,0));
#6929=FACE_BOUND('',#6930,.T.);
#6930=EDGE_LOOP('',(#6931,#6932,#6933));
#6931=ORIENTED_EDGE('',*,*,#6934,.T.);
#6932=ORIENTED_EDGE('',*,*,#6935,.T.);
#6933=ORIENTED_EDGE('',*,*,#6936,.T.);
#6934=EDGE_CURVE('',#427,#425,#6937,.F.);
#6935=EDGE_CURVE('',#425,#411,#6938,.T.);
#6936=EDGE_CURVE('',#411,#427,#6939,.T.);
#6937=LINE('',#426,#6940);
#6938=LINE('',#424,#6941);
#6939=LINE('',#410,#6942);
#6940=VECTOR('',#6943,1.0);
#6941=VECTOR('',#6944,1.0);
#6942=VECTOR('',#6945,1.0);
#6943=DIRECTION('',(0,-1,0));
#6944=DIRECTION('',(0.01230146228635038,0.9998603362414133,-0.011312914603468333));
#6945=DIRECTION('',(-0.7360630946720742,0,0.6769129343289055));
#6946=FACE_SURFACE('',(#6951),#6947,.T.);
#6947=PLANE('',#6948);
#6948=AXIS2_PLACEMENT_3D('',#428,#6949,#6950);
#6949=DIRECTION('',(0,1,0));
#6950=DIRECTION('',(0.6005178809013645,0,0.7996113272820331));
#6951=FACE_BOUND('',#6952,.T.);
#6952=EDGE_LOOP('',(#6953,#6954,#6955));
#6953=ORIENTED_EDGE('',*,*,#6956,.T.);
#6954=ORIENTED_EDGE('',*,*,#6957,.T.);
#6955=ORIENTED_EDGE('',*,*,#6958,.T.);
#6956=EDGE_CURVE('',#429,#427,#6959,.F.);
#6957=EDGE_CURVE('',#427,#411,#6960,.T.);
#6958=EDGE_CURVE('',#411,#429,#6961,.T.);
#6959=LINE('',#428,#6962);
#6960=LINE('',#426,#6963);
#6961=LINE('',#410,#6964);
#6962=VECTOR('',#6965,1.0);
#6963=VECTOR('',#6966,1.0);
#6964=VECTOR('',#6967,1.0);
#6965=DIRECTION('',(0.6005178809013645,0,0.7996113272820331));
#6966=DIRECTION('',(0.7360630946720742,0,-0.6769129343289055));
#6967=DIRECTION('',(-0.7144318704376977,0,-0.6997050110602986));
#6968=FACE_SURFACE('',(#6973),#6969,.T.);
#6969=PLANE('',#6970);
#6970=AXIS2_PLACEMENT_3D('',#412,#6971,#6972);
#6971=DIRECTION('',(0,1,-0));
#6972=DIRECTION('',(-0.8626885231267336,0,0.505735614788414));
#6973=FACE_BOUND('',#6974,.T.);
#6974=EDGE_LOOP('',(#6975,#6976,#6977));
#6975=ORIENTED_EDGE('',*,*,#6978,.T.);
#6976=ORIENTED_EDGE('',*,*,#6979,.T.);
#6977=ORIENTED_EDGE('',*,*,#6980,.T.);
#6978=EDGE_CURVE('',#413,#431,#6981,.F.);
#6979=EDGE_CURVE('',#431,#411,#6982,.T.);
#6980=EDGE_CURVE('',#411,#413,#6983,.T.);
#6981=LINE('',#412,#6984);
#6982=LINE('',#430,#6985);
#6983=LINE('',#410,#6986);
#6984=VECTOR('',#6987,1.0);
#6985=VECTOR('',#6988,1.0);
#6986=VECTOR('',#6989,1.0);
#6987=DIRECTION('',(-0.8626885231267336,0,0.505735614788414));
#6988=DIRECTION('',(0.5188459881135132,0,0.8548677328209974));
#6989=DIRECTION('',(-0.29529612883952977,0,-0.9554057757269357));
#6990=FACE_SURFACE('',(#6995),#6991,.T.);
#6991=PLANE('',#6992);
#6992=AXIS2_PLACEMENT_3D('',#430,#6993,#6994);
#6993=DIRECTION('',(0,1,-0));
#6994=DIRECTION('',(-0.7875357179081864,0,0.616269010269734));
#6995=FACE_BOUND('',#6996,.T.);
#6996=EDGE_LOOP('',(#6997,#6998,#6999));
#6997=ORIENTED_EDGE('',*,*,#7000,.T.);
#6998=ORIENTED_EDGE('',*,*,#7001,.T.);
#6999=ORIENTED_EDGE('',*,*,#7002,.T.);
#7000=EDGE_CURVE('',#431,#429,#7003,.F.);
#7001=EDGE_CURVE('',#429,#411,#7004,.T.);
#7002=EDGE_CURVE('',#411,#431,#7005,.T.);
#7003=LINE('',#430,#7006);
#7004=LINE('',#428,#7007);
#7005=LINE('',#410,#7008);
#7006=VECTOR('',#7009,1.0);
#7007=VECTOR('',#7010,1.0);
#7008=VECTOR('',#7011,1.0);
#7009=DIRECTION('',(-0.7875357179081864,0,0.616269010269734));
#7010=DIRECTION('',(0.7144318704376977,0,0.6997050110602986));
#7011=DIRECTION('',(-0.5188459881135132,0,-0.8548677328209974));
#7012=FACE_SURFACE('',(#7017),#7013,.T.);
#7013=PLANE('',#7014);
#7014=AXIS2_PLACEMENT_3D('',#432,#7015,#7016);
#7015=DIRECTION('',(-0.3312554980295069,0,0.9435410934480931));
#7016=DIRECTION('',(0.9435410934480932,0,0.33125549802950693));
#7017=FACE_BOUND('',#7018,.T.);
#7018=EDGE_LOOP('',(#7019,#7020,#7021));
#7019=ORIENTED_EDGE('',*,*,#7022,.T.);
#7020=ORIENTED_EDGE('',*,*,#7023,.T.);
#7021=ORIENTED_EDGE('',*,*,#7024,.T.);
#7022=EDGE_CURVE('',#433,#401,#7025,.F.);
#7023=EDGE_CURVE('',#401,#375,#7026,.T.);
#7024=EDGE_CURVE('',#375,#433,#7027,.T.);
#7025=LINE('',#432,#7028);
#7026=LINE('',#400,#7029);
#7027=LINE('',#374,#7030);
#7028=VECTOR('',#7031,1.0);
#7029=VECTOR('',#7032,1.0);
#7030=VECTOR('',#7033,1.0);
#7031=DIRECTION('',(0.9435410934480932,0,0.33125549802950693));
#7032=DIRECTION('',(-0.025901953603166814,0.9996231268025365,-0.009093578011953565));
#7033=DIRECTION('',(0,-1,0));
#7034=FACE_SURFACE('',(#7039),#7035,.T.);
#7035=PLANE('',#7036);
#7036=AXIS2_PLACEMENT_3D('',#392,#7037,#7038);
#7037=DIRECTION('',(-0.4541190369843599,0,0.890941019511616));
#7038=DIRECTION('',(0.02445761673430673,-0.9996231381224489,0.012466222920574746));
#7039=FACE_BOUND('',#7040,.T.);
#7040=EDGE_LOOP('',(#7041,#7042,#7043));
#7041=ORIENTED_EDGE('',*,*,#7044,.T.);
#7042=ORIENTED_EDGE('',*,*,#7045,.T.);
#7043=ORIENTED_EDGE('',*,*,#7046,.T.);
#7044=EDGE_CURVE('',#393,#433,#7047,.F.);
#7045=EDGE_CURVE('',#433,#375,#7048,.T.);
#7046=EDGE_CURVE('',#375,#393,#7049,.T.);
#7047=LINE('',#392,#7050);
#7048=LINE('',#432,#7051);
#7049=LINE('',#374,#7052);
#7050=VECTOR('',#7053,1.0);
#7051=VECTOR('',#7054,1.0);
#7052=VECTOR('',#7055,1.0);
#7053=DIRECTION('',(0.02445761673430673,-0.9996231381224489,0.012466222920574746));
#7054=DIRECTION('',(0,1,0));
#7055=DIRECTION('',(-0.890941019511616,0,-0.4541190369843599));
#7056=FACE_SURFACE('',(#7061),#7057,.T.);
#7057=PLANE('',#7058);
#7058=AXIS2_PLACEMENT_3D('',#434,#7059,#7060);
#7059=DIRECTION('',(0.8424337495565035,0,-0.53879994210112));
#7060=DIRECTION('',(-0.009004561754616208,0.999860340522452,-0.014078967218282949));
#7061=FACE_BOUND('',#7062,.T.);
#7062=EDGE_LOOP('',(#7063,#7064,#7065));
#7063=ORIENTED_EDGE('',*,*,#7066,.T.);
#7064=ORIENTED_EDGE('',*,*,#7067,.T.);
#7065=ORIENTED_EDGE('',*,*,#7068,.T.);
#7066=EDGE_CURVE('',#435,#437,#7069,.F.);
#7067=EDGE_CURVE('',#437,#419,#7070,.T.);
#7068=EDGE_CURVE('',#419,#435,#7071,.T.);
#7069=LINE('',#434,#7072);
#7070=LINE('',#436,#7073);
#7071=LINE('',#418,#7074);
#7072=VECTOR('',#7075,1.0);
#7073=VECTOR('',#7076,1.0);
#7074=VECTOR('',#7077,1.0);
#7075=DIRECTION('',(-0.009004561754616208,0.999860340522452,-0.014078967218282949));
#7076=DIRECTION('',(0.53879994210112,0,0.8424337495565035));
#7077=DIRECTION('',(0,-1,0));
#7078=FACE_SURFACE('',(#7083),#7079,.T.);
#7079=PLANE('',#7080);
#7080=AXIS2_PLACEMENT_3D('',#416,#7081,#7082);
#7081=DIRECTION('',(0.7360630946720742,0,-0.6769129343289054));
#7082=DIRECTION('',(-0.6769129343289055,0,-0.7360630946720742));
#7083=FACE_BOUND('',#7084,.T.);
#7084=EDGE_LOOP('',(#7085,#7086,#7087));
#7085=ORIENTED_EDGE('',*,*,#7088,.T.);
#7086=ORIENTED_EDGE('',*,*,#7089,.T.);
#7087=ORIENTED_EDGE('',*,*,#7090,.T.);
#7088=EDGE_CURVE('',#417,#435,#7091,.F.);
#7089=EDGE_CURVE('',#435,#419,#7092,.T.);
#7090=EDGE_CURVE('',#419,#417,#7093,.T.);
#7091=LINE('',#416,#7094);
#7092=LINE('',#434,#7095);
#7093=LINE('',#418,#7096);
#7094=VECTOR('',#7097,1.0);
#7095=VECTOR('',#7098,1.0);
#7096=VECTOR('',#7099,1.0);
#7097=DIRECTION('',(-0.6769129343289055,0,-0.7360630946720742));
#7098=DIRECTION('',(0,1,0));
#7099=DIRECTION('',(0.011312914603468333,-0.9998603362414133,0.01230146228635038));
#7100=FACE_SURFACE('',(#7105),#7101,.T.);
#7101=PLANE('',#7102);
#7102=AXIS2_PLACEMENT_3D('',#436,#7103,#7104);
#7103=DIRECTION('',(0,1,-0));
#7104=DIRECTION('',(-0.8720758287876282,0,0.48937076827735765));
#7105=FACE_BOUND('',#7106,.T.);
#7106=EDGE_LOOP('',(#7107,#7108,#7109));
#7107=ORIENTED_EDGE('',*,*,#7110,.T.);
#7108=ORIENTED_EDGE('',*,*,#7111,.T.);
#7109=ORIENTED_EDGE('',*,*,#7112,.T.);
#7110=EDGE_CURVE('',#437,#439,#7113,.F.);
#7111=EDGE_CURVE('',#439,#419,#7114,.T.);
#7112=EDGE_CURVE('',#419,#437,#7115,.T.);
#7113=LINE('',#436,#7116);
#7114=LINE('',#438,#7117);
#7115=LINE('',#418,#7118);
#7116=VECTOR('',#7119,1.0);
#7117=VECTOR('',#7120,1.0);
#7118=VECTOR('',#7121,1.0);
#7119=DIRECTION('',(-0.8720758287876282,0,0.48937076827735765));
#7120=DIRECTION('',(0.9353362652770756,0,-0.3537599056670102));
#7121=DIRECTION('',(-0.53879994210112,0,-0.8424337495565035));
#7122=FACE_SURFACE('',(#7127),#7123,.T.);
#7123=PLANE('',#7124);
#7124=AXIS2_PLACEMENT_3D('',#438,#7125,#7126);
#7125=DIRECTION('',(-0,1,0));
#7126=DIRECTION('',(0.5349305253295263,0,0.8448960486773962));
#7127=FACE_BOUND('',#7128,.T.);
#7128=EDGE_LOOP('',(#7129,#7130,#7131));
#7129=ORIENTED_EDGE('',*,*,#7132,.T.);
#7130=ORIENTED_EDGE('',*,*,#7133,.T.);
#7131=ORIENTED_EDGE('',*,*,#7134,.T.);
#7132=EDGE_CURVE('',#439,#421,#7135,.F.);
#7133=EDGE_CURVE('',#421,#419,#7136,.T.);
#7134=EDGE_CURVE('',#419,#439,#7137,.T.);
#7135=LINE('',#438,#7138);
#7136=LINE('',#420,#7139);
#7137=LINE('',#418,#7140);
#7138=VECTOR('',#7141,1.0);
#7139=VECTOR('',#7142,1.0);
#7140=VECTOR('',#7143,1.0);
#7141=DIRECTION('',(0.5349305253295263,0,0.8448960486773962));
#7142=DIRECTION('',(0.8199654275737518,0,-0.5724130480551561));
#7143=DIRECTION('',(-0.9353362652770756,0,0.3537599056670102));
#7144=FACE_SURFACE('',(#7149),#7145,.T.);
#7145=PLANE('',#7146);
#7146=AXIS2_PLACEMENT_3D('',#440,#7147,#7148);
#7147=DIRECTION('',(0.794438133558985,0,0.6073450847313382));
#7148=DIRECTION('',(0.6073450847313382,0,-0.794438133558985));
#7149=FACE_BOUND('',#7150,.T.);
#7150=EDGE_LOOP('',(#7151,#7152,#7153));
#7151=ORIENTED_EDGE('',*,*,#7154,.T.);
#7152=ORIENTED_EDGE('',*,*,#7155,.T.);
#7153=ORIENTED_EDGE('',*,*,#7156,.T.);
#7154=EDGE_CURVE('',#441,#425,#7157,.F.);
#7155=EDGE_CURVE('',#425,#427,#7158,.T.);
#7156=EDGE_CURVE('',#427,#441,#7159,.T.);
#7157=LINE('',#440,#7160);
#7158=LINE('',#424,#7161);
#7159=LINE('',#426,#7162);
#7160=VECTOR('',#7163,1.0);
#7161=VECTOR('',#7164,1.0);
#7162=VECTOR('',#7165,1.0);
#7163=DIRECTION('',(0.6073450847313382,0,-0.794438133558985));
#7164=DIRECTION('',(0,1,0));
#7165=DIRECTION('',(-0.010150378315766267,-0.9998603330176348,0.013277208965413831));
#7166=FACE_SURFACE('',(#7171),#7167,.T.);
#7167=PLANE('',#7168);
#7168=AXIS2_PLACEMENT_3D('',#442,#7169,#7170);
#7169=DIRECTION('',(0.794438133558985,0,0.6073450847313382));
#7170=DIRECTION('',(0,-1,0));
#7171=FACE_BOUND('',#7172,.T.);
#7172=EDGE_LOOP('',(#7173,#7174,#7175));
#7173=ORIENTED_EDGE('',*,*,#7176,.T.);
#7174=ORIENTED_EDGE('',*,*,#7177,.T.);
#7175=ORIENTED_EDGE('',*,*,#7178,.T.);
#7176=EDGE_CURVE('',#443,#441,#7179,.F.);
#7177=EDGE_CURVE('',#441,#427,#7180,.T.);
#7178=EDGE_CURVE('',#427,#443,#7181,.T.);
#7179=LINE('',#442,#7182);
#7180=LINE('',#440,#7183);
#7181=LINE('',#426,#7184);
#7182=VECTOR('',#7185,1.0);
#7183=VECTOR('',#7186,1.0);
#7184=VECTOR('',#7187,1.0);
#7185=DIRECTION('',(0,-1,0));
#7186=DIRECTION('',(0.010150378315766267,0.9998603330176348,-0.013277208965413831));
#7187=DIRECTION('',(-0.6073450847313382,0,0.794438133558985));
#7188=FACE_SURFACE('',(#7193),#7189,.T.);
#7189=PLANE('',#7190);
#7190=AXIS2_PLACEMENT_3D('',#428,#7191,#7192);
#7191=DIRECTION('',(0,1,-0));
#7192=DIRECTION('',(-0.6983236142926602,0,0.7157821803602238));
#7193=FACE_BOUND('',#7194,.T.);
#7194=EDGE_LOOP('',(#7195,#7196,#7197));
#7195=ORIENTED_EDGE('',*,*,#7198,.T.);
#7196=ORIENTED_EDGE('',*,*,#7199,.T.);
#7197=ORIENTED_EDGE('',*,*,#7200,.T.);
#7198=EDGE_CURVE('',#429,#445,#7201,.F.);
#7199=EDGE_CURVE('',#445,#427,#7202,.T.);
#7200=EDGE_CURVE('',#427,#429,#7203,.T.);
#7201=LINE('',#428,#7204);
#7202=LINE('',#444,#7205);
#7203=LINE('',#426,#7206);
#7204=VECTOR('',#7207,1.0);
#7205=VECTOR('',#7208,1.0);
#7206=VECTOR('',#7209,1.0);
#7207=DIRECTION('',(-0.6983236142926602,0,0.7157821803602238));
#7208=DIRECTION('',(0.7796803730752588,0,0.6261777030853344));
#7209=DIRECTION('',(-0.6005178809013645,0,-0.7996113272820331));
#7210=FACE_SURFACE('',(#7215),#7211,.T.);
#7211=PLANE('',#7212);
#7212=AXIS2_PLACEMENT_3D('',#444,#7213,#7214);
#7213=DIRECTION('',(0,1,0));
#7214=DIRECTION('',(0.6768831224756846,0,0.7360905097252425));
#7215=FACE_BOUND('',#7216,.T.);
#7216=EDGE_LOOP('',(#7217,#7218,#7219));
#7217=ORIENTED_EDGE('',*,*,#7220,.T.);
#7218=ORIENTED_EDGE('',*,*,#7221,.T.);
#7219=ORIENTED_EDGE('',*,*,#7222,.T.);
#7220=EDGE_CURVE('',#445,#443,#7223,.F.);
#7221=EDGE_CURVE('',#443,#427,#7224,.T.);
#7222=EDGE_CURVE('',#427,#445,#7225,.T.);
#7223=LINE('',#444,#7226);
#7224=LINE('',#442,#7227);
#7225=LINE('',#426,#7228);
#7226=VECTOR('',#7229,1.0);
#7227=VECTOR('',#7230,1.0);
#7228=VECTOR('',#7231,1.0);
#7229=DIRECTION('',(0.6768831224756846,0,0.7360905097252425));
#7230=DIRECTION('',(0.6073450847313382,0,-0.794438133558985));
#7231=DIRECTION('',(-0.7796803730752588,0,-0.6261777030853344));
#7232=FACE_SURFACE('',(#7237),#7233,.T.);
#7233=PLANE('',#7234);
#7234=AXIS2_PLACEMENT_3D('',#446,#7235,#7236);
#7235=DIRECTION('',(-0.3861970167668747,0,-0.9224163182860363));
#7236=DIRECTION('',(0,1,0));
#7237=FACE_BOUND('',#7238,.T.);
#7238=EDGE_LOOP('',(#7239,#7240,#7241));
#7239=ORIENTED_EDGE('',*,*,#7242,.T.);
#7240=ORIENTED_EDGE('',*,*,#7243,.T.);
#7241=ORIENTED_EDGE('',*,*,#7244,.T.);
#7242=EDGE_CURVE('',#447,#413,#7245,.F.);
#7243=EDGE_CURVE('',#413,#399,#7246,.T.);
#7244=EDGE_CURVE('',#399,#447,#7247,.T.);
#7245=LINE('',#446,#7248);
#7246=LINE('',#412,#7249);
#7247=LINE('',#398,#7250);
#7248=VECTOR('',#7251,1.0);
#7249=VECTOR('',#7252,1.0);
#7250=VECTOR('',#7253,1.0);
#7251=DIRECTION('',(0,1,0));
#7252=DIRECTION('',(0.9224163182860364,0,-0.38619701676687473));
#7253=DIRECTION('',(-0.025321607249453648,-0.9996231396663816,0.010601643732465941));
#7254=FACE_SURFACE('',(#7259),#7255,.T.);
#7255=PLANE('',#7256);
#7256=AXIS2_PLACEMENT_3D('',#414,#7257,#7258);
#7257=DIRECTION('',(-0.3861970167668747,0,-0.9224163182860363));
#7258=DIRECTION('',(-0.9224163182860364,0,0.38619701676687473));
#7259=FACE_BOUND('',#7260,.T.);
#7260=EDGE_LOOP('',(#7261,#7262,#7263));
#7261=ORIENTED_EDGE('',*,*,#7264,.T.);
#7262=ORIENTED_EDGE('',*,*,#7265,.T.);
#7263=ORIENTED_EDGE('',*,*,#7266,.T.);
#7264=EDGE_CURVE('',#415,#447,#7267,.F.);
#7265=EDGE_CURVE('',#447,#399,#7268,.T.);
#7266=EDGE_CURVE('',#399,#415,#7269,.T.);
#7267=LINE('',#414,#7270);
#7268=LINE('',#446,#7271);
#7269=LINE('',#398,#7272);
#7270=VECTOR('',#7273,1.0);
#7271=VECTOR('',#7274,1.0);
#7272=VECTOR('',#7275,1.0);
#7273=DIRECTION('',(-0.9224163182860364,0,0.38619701676687473));
#7274=DIRECTION('',(0.025321607249453648,0.9996231396663816,-0.010601643732465941));
#7275=DIRECTION('',(0,-1,0));
#7276=FACE_SURFACE('',(#7281),#7277,.T.);
#7277=PLANE('',#7278);
#7278=AXIS2_PLACEMENT_3D('',#448,#7279,#7280);
#7279=DIRECTION('',(0.9231874161855126,0,-0.3843500937904364));
#7280=DIRECTION('',(-0.0064234699817364025,0.9998603355909256,-0.015428815424246388));
#7281=FACE_BOUND('',#7282,.T.);
#7282=EDGE_LOOP('',(#7283,#7284,#7285));
#7283=ORIENTED_EDGE('',*,*,#7286,.T.);
#7284=ORIENTED_EDGE('',*,*,#7287,.T.);
#7285=ORIENTED_EDGE('',*,*,#7288,.T.);
#7286=EDGE_CURVE('',#449,#451,#7289,.F.);
#7287=EDGE_CURVE('',#451,#437,#7290,.T.);
#7288=EDGE_CURVE('',#437,#449,#7291,.T.);
#7289=LINE('',#448,#7292);
#7290=LINE('',#450,#7293);
#7291=LINE('',#436,#7294);
#7292=VECTOR('',#7295,1.0);
#7293=VECTOR('',#7296,1.0);
#7294=VECTOR('',#7297,1.0);
#7295=DIRECTION('',(-0.0064234699817364025,0.9998603355909256,-0.015428815424246388));
#7296=DIRECTION('',(0.3843500937904364,0,0.9231874161855125));
#7297=DIRECTION('',(0,-1,0));
#7298=FACE_SURFACE('',(#7303),#7299,.T.);
#7299=PLANE('',#7300);
#7300=AXIS2_PLACEMENT_3D('',#434,#7301,#7302);
#7301=DIRECTION('',(0.8424337495565035,0,-0.53879994210112));
#7302=DIRECTION('',(-0.53879994210112,0,-0.8424337495565035));
#7303=FACE_BOUND('',#7304,.T.);
#7304=EDGE_LOOP('',(#7305,#7306,#7307));
#7305=ORIENTED_EDGE('',*,*,#7308,.T.);
#7306=ORIENTED_EDGE('',*,*,#7309,.T.);
#7307=ORIENTED_EDGE('',*,*,#7310,.T.);
#7308=EDGE_CURVE('',#435,#449,#7311,.F.);
#7309=EDGE_CURVE('',#449,#437,#7312,.T.);
#7310=EDGE_CURVE('',#437,#435,#7313,.T.);
#7311=LINE('',#434,#7314);
#7312=LINE('',#448,#7315);
#7313=LINE('',#436,#7316);
#7314=VECTOR('',#7317,1.0);
#7315=VECTOR('',#7318,1.0);
#7316=VECTOR('',#7319,1.0);
#7317=DIRECTION('',(-0.53879994210112,0,-0.8424337495565035));
#7318=DIRECTION('',(0,1,0));
#7319=DIRECTION('',(0.009004561754616208,-0.999860340522452,0.014078967218282949));
#7320=FACE_SURFACE('',(#7325),#7321,.T.);
#7321=PLANE('',#7322);
#7322=AXIS2_PLACEMENT_3D('',#450,#7323,#7324);
#7323=DIRECTION('',(0,1,-0));
#7324=DIRECTION('',(-0.9158511145934385,0,0.4015180393182309));
#7325=FACE_BOUND('',#7326,.T.);
#7326=EDGE_LOOP('',(#7327,#7328,#7329));
#7327=ORIENTED_EDGE('',*,*,#7330,.T.);
#7328=ORIENTED_EDGE('',*,*,#7331,.T.);
#7329=ORIENTED_EDGE('',*,*,#7332,.T.);
#7330=EDGE_CURVE('',#451,#453,#7333,.F.);
#7331=EDGE_CURVE('',#453,#437,#7334,.T.);
#7332=EDGE_CURVE('',#437,#451,#7335,.T.);
#7333=LINE('',#450,#7336);
#7334=LINE('',#452,#7337);
#7335=LINE('',#436,#7338);
#7336=VECTOR('',#7339,1.0);
#7337=VECTOR('',#7340,1.0);
#7338=VECTOR('',#7341,1.0);
#7339=DIRECTION('',(-0.9158511145934385,0,0.4015180393182309));
#7340=DIRECTION('',(0.9659233642374817,0,-0.25882823342932504));
#7341=DIRECTION('',(-0.3843500937904364,0,-0.9231874161855125));
#7342=FACE_SURFACE('',(#7347),#7343,.T.);
#7343=PLANE('',#7344);
#7344=AXIS2_PLACEMENT_3D('',#452,#7345,#7346);
#7345=DIRECTION('',(-0,1,0));
#7346=DIRECTION('',(0.4174840351817544,0,0.9086842577971513));
#7347=FACE_BOUND('',#7348,.T.);
#7348=EDGE_LOOP('',(#7349,#7350,#7351));
#7349=ORIENTED_EDGE('',*,*,#7352,.T.);
#7350=ORIENTED_EDGE('',*,*,#7353,.T.);
#7351=ORIENTED_EDGE('',*,*,#7354,.T.);
#7352=EDGE_CURVE('',#453,#439,#7355,.F.);
#7353=EDGE_CURVE('',#439,#437,#7356,.T.);
#7354=EDGE_CURVE('',#437,#453,#7357,.T.);
#7355=LINE('',#452,#7358);
#7356=LINE('',#438,#7359);
#7357=LINE('',#436,#7360);
#7358=VECTOR('',#7361,1.0);
#7359=VECTOR('',#7362,1.0);
#7360=VECTOR('',#7363,1.0);
#7361=DIRECTION('',(0.4174840351817544,0,0.9086842577971513));
#7362=DIRECTION('',(0.8720758287876282,0,-0.48937076827735765));
#7363=DIRECTION('',(-0.9659233642374817,0,0.25882823342932504));
#7364=FACE_SURFACE('',(#7369),#7365,.T.);
#7365=PLANE('',#7366);
#7366=AXIS2_PLACEMENT_3D('',#454,#7367,#7368);
#7367=DIRECTION('',(0.8878458381562511,0,0.46014103019468294));
#7368=DIRECTION('',(0.4601410301946829,0,-0.887845838156251));
#7369=FACE_BOUND('',#7370,.T.);
#7370=EDGE_LOOP('',(#7371,#7372,#7373));
#7371=ORIENTED_EDGE('',*,*,#7374,.T.);
#7372=ORIENTED_EDGE('',*,*,#7375,.T.);
#7373=ORIENTED_EDGE('',*,*,#7376,.T.);
#7374=EDGE_CURVE('',#455,#441,#7377,.F.);
#7375=EDGE_CURVE('',#441,#443,#7378,.T.);
#7376=EDGE_CURVE('',#443,#455,#7379,.T.);
#7377=LINE('',#454,#7380);
#7378=LINE('',#440,#7381);
#7379=LINE('',#442,#7382);
#7380=VECTOR('',#7383,1.0);
#7381=VECTOR('',#7384,1.0);
#7382=VECTOR('',#7385,1.0);
#7383=DIRECTION('',(0.4601410301946829,0,-0.887845838156251));
#7384=DIRECTION('',(0,1,0));
#7385=DIRECTION('',(-0.0076899814300200415,-0.9998603409790731,0.014837881345320297));
#7386=FACE_SURFACE('',(#7391),#7387,.T.);
#7387=PLANE('',#7388);
#7388=AXIS2_PLACEMENT_3D('',#456,#7389,#7390);
#7389=DIRECTION('',(0.8878458381562511,0,0.46014103019468294));
#7390=DIRECTION('',(0,-1,0));
#7391=FACE_BOUND('',#7392,.T.);
#7392=EDGE_LOOP('',(#7393,#7394,#7395));
#7393=ORIENTED_EDGE('',*,*,#7396,.T.);
#7394=ORIENTED_EDGE('',*,*,#7397,.T.);
#7395=ORIENTED_EDGE('',*,*,#7398,.T.);
#7396=EDGE_CURVE('',#457,#455,#7399,.F.);
#7397=EDGE_CURVE('',#455,#443,#7400,.T.);
#7398=EDGE_CURVE('',#443,#457,#7401,.T.);
#7399=LINE('',#456,#7402);
#7400=LINE('',#454,#7403);
#7401=LINE('',#442,#7404);
#7402=VECTOR('',#7405,1.0);
#7403=VECTOR('',#7406,1.0);
#7404=VECTOR('',#7407,1.0);
#7405=DIRECTION('',(0,-1,0));
#7406=DIRECTION('',(0.0076899814300200415,0.9998603409790731,-0.014837881345320297));
#7407=DIRECTION('',(-0.4601410301946829,0,0.887845838156251));
#7408=FACE_SURFACE('',(#7413),#7409,.T.);
#7409=PLANE('',#7410);
#7410=AXIS2_PLACEMENT_3D('',#444,#7411,#7412);
#7411=DIRECTION('',(0,1,-0));
#7412=DIRECTION('',(-0.5966396126507599,0,0.8025092975261728));
#7413=FACE_BOUND('',#7414,.T.);
#7414=EDGE_LOOP('',(#7415,#7416,#7417));
#7415=ORIENTED_EDGE('',*,*,#7418,.T.);
#7416=ORIENTED_EDGE('',*,*,#7419,.T.);
#7417=ORIENTED_EDGE('',*,*,#7420,.T.);
#7418=EDGE_CURVE('',#445,#459,#7421,.F.);
#7419=EDGE_CURVE('',#459,#443,#7422,.T.);
#7420=EDGE_CURVE('',#443,#445,#7423,.T.);
#7421=LINE('',#444,#7424);
#7422=LINE('',#458,#7425);
#7423=LINE('',#442,#7426);
#7424=VECTOR('',#7427,1.0);
#7425=VECTOR('',#7428,1.0);
#7426=VECTOR('',#7429,1.0);
#7427=DIRECTION('',(-0.5966396126507599,0,0.8025092975261728));
#7428=DIRECTION('',(0.8372548450874141,0,0.5468128787598644));
#7429=DIRECTION('',(-0.6768831224756846,0,-0.7360905097252425));
#7430=FACE_SURFACE('',(#7435),#7431,.T.);
#7431=PLANE('',#7432);
#7432=AXIS2_PLACEMENT_3D('',#458,#7433,#7434);
#7433=DIRECTION('',(0,1,0));
#7434=DIRECTION('',(0.7472273426786024,0,0.6645685053878754));
#7435=FACE_BOUND('',#7436,.T.);
#7436=EDGE_LOOP('',(#7437,#7438,#7439));
#7437=ORIENTED_EDGE('',*,*,#7440,.T.);
#7438=ORIENTED_EDGE('',*,*,#7441,.T.);
#7439=ORIENTED_EDGE('',*,*,#7442,.T.);
#7440=EDGE_CURVE('',#459,#457,#7443,.F.);
#7441=EDGE_CURVE('',#457,#443,#7444,.T.);
#7442=EDGE_CURVE('',#443,#459,#7445,.T.);
#7443=LINE('',#458,#7446);
#7444=LINE('',#456,#7447);
#7445=LINE('',#442,#7448);
#7446=VECTOR('',#7449,1.0);
#7447=VECTOR('',#7450,1.0);
#7448=VECTOR('',#7451,1.0);
#7449=DIRECTION('',(0.7472273426786024,0,0.6645685053878754));
#7450=DIRECTION('',(0.4601410301946829,0,-0.887845838156251));
#7451=DIRECTION('',(-0.8372548450874141,0,-0.5468128787598644));
#7452=FACE_SURFACE('',(#7457),#7453,.T.);
#7453=PLANE('',#7454);
#7454=AXIS2_PLACEMENT_3D('',#460,#7455,#7456);
#7455=DIRECTION('',(0.9759067169937784,0,-0.2181881750380285));
#7456=DIRECTION('',(-0.0036464451866325812,0.9998603383102478,-0.016309730580789418));
#7457=FACE_BOUND('',#7458,.T.);
#7458=EDGE_LOOP('',(#7459,#7460,#7461));
#7459=ORIENTED_EDGE('',*,*,#7462,.T.);
#7460=ORIENTED_EDGE('',*,*,#7463,.T.);
#7461=ORIENTED_EDGE('',*,*,#7464,.T.);
#7462=EDGE_CURVE('',#461,#463,#7465,.F.);
#7463=EDGE_CURVE('',#463,#451,#7466,.T.);
#7464=EDGE_CURVE('',#451,#461,#7467,.T.);
#7465=LINE('',#460,#7468);
#7466=LINE('',#462,#7469);
#7467=LINE('',#450,#7470);
#7468=VECTOR('',#7471,1.0);
#7469=VECTOR('',#7472,1.0);
#7470=VECTOR('',#7473,1.0);
#7471=DIRECTION('',(-0.0036464451866325812,0.9998603383102478,-0.016309730580789418));
#7472=DIRECTION('',(0.21818817503802854,0,0.9759067169937784));
#7473=DIRECTION('',(0,-1,0));
#7474=FACE_SURFACE('',(#7479),#7475,.T.);
#7475=PLANE('',#7476);
#7476=AXIS2_PLACEMENT_3D('',#448,#7477,#7478);
#7477=DIRECTION('',(0.9231874161855126,0,-0.3843500937904364));
#7478=DIRECTION('',(-0.3843500937904364,0,-0.9231874161855125));
#7479=FACE_BOUND('',#7480,.T.);
#7480=EDGE_LOOP('',(#7481,#7482,#7483));
#7481=ORIENTED_EDGE('',*,*,#7484,.T.);
#7482=ORIENTED_EDGE('',*,*,#7485,.T.);
#7483=ORIENTED_EDGE('',*,*,#7486,.T.);
#7484=EDGE_CURVE('',#449,#461,#7487,.F.);
#7485=EDGE_CURVE('',#461,#451,#7488,.T.);
#7486=EDGE_CURVE('',#451,#449,#7489,.T.);
#7487=LINE('',#448,#7490);
#7488=LINE('',#460,#7491);
#7489=LINE('',#450,#7492);
#7490=VECTOR('',#7493,1.0);
#7491=VECTOR('',#7494,1.0);
#7492=VECTOR('',#7495,1.0);
#7493=DIRECTION('',(-0.3843500937904364,0,-0.9231874161855125));
#7494=DIRECTION('',(0,1,0));
#7495=DIRECTION('',(0.0064234699817364025,-0.9998603355909256,0.015428815424246388));
#7496=FACE_SURFACE('',(#7501),#7497,.T.);
#7497=PLANE('',#7498);
#7498=AXIS2_PLACEMENT_3D('',#462,#7499,#7500);
#7499=DIRECTION('',(0,1,-0));
#7500=DIRECTION('',(-0.9509330733314463,0,0.3093966548694572));
#7501=FACE_BOUND('',#7502,.T.);
#7502=EDGE_LOOP('',(#7503,#7504,#7505));
#7503=ORIENTED_EDGE('',*,*,#7506,.T.);
#7504=ORIENTED_EDGE('',*,*,#7507,.T.);
#7505=ORIENTED_EDGE('',*,*,#7508,.T.);
#7506=EDGE_CURVE('',#463,#465,#7509,.F.);
#7507=EDGE_CURVE('',#465,#451,#7510,.T.);
#7508=EDGE_CURVE('',#451,#463,#7511,.T.);
#7509=LINE('',#462,#7512);
#7510=LINE('',#464,#7513);
#7511=LINE('',#450,#7514);
#7512=VECTOR('',#7515,1.0);
#7513=VECTOR('',#7516,1.0);
#7514=VECTOR('',#7517,1.0);
#7515=DIRECTION('',(-0.9509330733314463,0,0.3093966548694572));
#7516=DIRECTION('',(0.986765348683312,0,-0.16215469970957228));
#7517=DIRECTION('',(-0.21818817503802854,0,-0.9759067169937784));
#7518=FACE_SURFACE('',(#7523),#7519,.T.);
#7519=PLANE('',#7520);
#7520=AXIS2_PLACEMENT_3D('',#464,#7521,#7522);
#7521=DIRECTION('',(-0,1,0));
#7522=DIRECTION('',(0.292599940095211,0,0.9562349476233751));
#7523=FACE_BOUND('',#7524,.T.);
#7524=EDGE_LOOP('',(#7525,#7526,#7527));
#7525=ORIENTED_EDGE('',*,*,#7528,.T.);
#7526=ORIENTED_EDGE('',*,*,#7529,.T.);
#7527=ORIENTED_EDGE('',*,*,#7530,.T.);
#7528=EDGE_CURVE('',#465,#453,#7531,.F.);
#7529=EDGE_CURVE('',#453,#451,#7532,.T.);
#7530=EDGE_CURVE('',#451,#465,#7533,.T.);
#7531=LINE('',#464,#7534);
#7532=LINE('',#452,#7535);
#7533=LINE('',#450,#7536);
#7534=VECTOR('',#7537,1.0);
#7535=VECTOR('',#7538,1.0);
#7536=VECTOR('',#7539,1.0);
#7537=DIRECTION('',(0.292599940095211,0,0.9562349476233751));
#7538=DIRECTION('',(0.9158511145934385,0,-0.4015180393182309));
#7539=DIRECTION('',(-0.986765348683312,0,0.16215469970957228));
#7540=FACE_SURFACE('',(#7545),#7541,.T.);
#7541=PLANE('',#7542);
#7542=AXIS2_PLACEMENT_3D('',#466,#7543,#7544);
#7543=DIRECTION('',(0.9542521785935681,0,0.2990029759875794));
#7544=DIRECTION('',(0.29900297598757936,0,-0.954252178593568));
#7545=FACE_BOUND('',#7546,.T.);
#7546=EDGE_LOOP('',(#7547,#7548,#7549));
#7547=ORIENTED_EDGE('',*,*,#7550,.T.);
#7548=ORIENTED_EDGE('',*,*,#7551,.T.);
#7549=ORIENTED_EDGE('',*,*,#7552,.T.);
#7550=EDGE_CURVE('',#467,#455,#7553,.F.);
#7551=EDGE_CURVE('',#455,#457,#7554,.T.);
#7552=EDGE_CURVE('',#457,#467,#7555,.T.);
#7553=LINE('',#466,#7556);
#7554=LINE('',#454,#7557);
#7555=LINE('',#456,#7558);
#7556=VECTOR('',#7559,1.0);
#7557=VECTOR('',#7560,1.0);
#7558=VECTOR('',#7561,1.0);
#7559=DIRECTION('',(0.29900297598757936,0,-0.954252178593568));
#7560=DIRECTION('',(0,1,0));
#7561=DIRECTION('',(-0.0049970771913699745,-0.9998603369804411,0.01594790747722561));
#7562=FACE_SURFACE('',(#7567),#7563,.T.);
#7563=PLANE('',#7564);
#7564=AXIS2_PLACEMENT_3D('',#468,#7565,#7566);
#7565=DIRECTION('',(0.9542521785935681,0,0.2990029759875794));
#7566=DIRECTION('',(0,-1,0));
#7567=FACE_BOUND('',#7568,.T.);
#7568=EDGE_LOOP('',(#7569,#7570,#7571));
#7569=ORIENTED_EDGE('',*,*,#7572,.T.);
#7570=ORIENTED_EDGE('',*,*,#7573,.T.);
#7571=ORIENTED_EDGE('',*,*,#7574,.T.);
#7572=EDGE_CURVE('',#469,#467,#7575,.F.);
#7573=EDGE_CURVE('',#467,#457,#7576,.T.);
#7574=EDGE_CURVE('',#457,#469,#7577,.T.);
#7575=LINE('',#468,#7578);
#7576=LINE('',#466,#7579);
#7577=LINE('',#456,#7580);
#7578=VECTOR('',#7581,1.0);
#7579=VECTOR('',#7582,1.0);
#7580=VECTOR('',#7583,1.0);
#7581=DIRECTION('',(0,-1,0));
#7582=DIRECTION('',(0.0049970771913699745,0.9998603369804411,-0.01594790747722561));
#7583=DIRECTION('',(-0.29900297598757936,0,0.954252178593568));
#7584=FACE_SURFACE('',(#7589),#7585,.T.);
#7585=PLANE('',#7586);
#7586=AXIS2_PLACEMENT_3D('',#458,#7587,#7588);
#7587=DIRECTION('',(0,1,-0));
#7588=DIRECTION('',(-0.48429572571862745,0,0.874904366231343));
#7589=FACE_BOUND('',#7590,.T.);
#7590=EDGE_LOOP('',(#7591,#7592,#7593));
#7591=ORIENTED_EDGE('',*,*,#7594,.T.);
#7592=ORIENTED_EDGE('',*,*,#7595,.T.);
#7593=ORIENTED_EDGE('',*,*,#7596,.T.);
#7594=EDGE_CURVE('',#459,#471,#7597,.F.);
#7595=EDGE_CURVE('',#471,#457,#7598,.T.);
#7596=EDGE_CURVE('',#457,#459,#7599,.T.);
#7597=LINE('',#458,#7600);
#7598=LINE('',#470,#7601);
#7599=LINE('',#456,#7602);
#7600=VECTOR('',#7603,1.0);
#7601=VECTOR('',#7604,1.0);
#7602=VECTOR('',#7605,1.0);
#7603=DIRECTION('',(-0.48429572571862745,0,0.874904366231343));
#7604=DIRECTION('',(0.8868063669248262,0,0.4621411771110541));
#7605=DIRECTION('',(-0.7472273426786024,0,-0.6645685053878754));
#7606=FACE_SURFACE('',(#7611),#7607,.T.);
#7607=PLANE('',#7608);
#7608=AXIS2_PLACEMENT_3D('',#470,#7609,#7610);
#7609=DIRECTION('',(0,1,-0));
#7610=DIRECTION('',(-0.36331249116825615,0,0.9316673407183038));
#7611=FACE_BOUND('',#7612,.T.);
#7612=EDGE_LOOP('',(#7613,#7614,#7615));
#7613=ORIENTED_EDGE('',*,*,#7616,.T.);
#7614=ORIENTED_EDGE('',*,*,#7617,.T.);
#7615=ORIENTED_EDGE('',*,*,#7618,.T.);
#7616=EDGE_CURVE('',#471,#473,#7619,.F.);
#7617=EDGE_CURVE('',#473,#457,#7620,.T.);
#7618=EDGE_CURVE('',#457,#471,#7621,.T.);
#7619=LINE('',#470,#7622);
#7620=LINE('',#472,#7623);
#7621=LINE('',#456,#7624);
#7622=VECTOR('',#7625,1.0);
#7623=VECTOR('',#7626,1.0);
#7624=VECTOR('',#7627,1.0);
#7625=DIRECTION('',(-0.36331249116825615,0,0.9316673407183038));
#7626=DIRECTION('',(0.9736235167360995,0,0.22816057428580921));
#7627=DIRECTION('',(-0.8868063669248262,0,-0.4621411771110541));
#7628=FACE_SURFACE('',(#7633),#7629,.T.);
#7629=PLANE('',#7630);
#7630=AXIS2_PLACEMENT_3D('',#472,#7631,#7632);
#7631=DIRECTION('',(0,1,0));
#7632=DIRECTION('',(0.927953942148934,0,0.37269489029265324));
#7633=FACE_BOUND('',#7634,.T.);
#7634=EDGE_LOOP('',(#7635,#7636,#7637));
#7635=ORIENTED_EDGE('',*,*,#7638,.T.);
#7636=ORIENTED_EDGE('',*,*,#7639,.T.);
#7637=ORIENTED_EDGE('',*,*,#7640,.T.);
#7638=EDGE_CURVE('',#473,#469,#7641,.F.);
#7639=EDGE_CURVE('',#469,#457,#7642,.T.);
#7640=EDGE_CURVE('',#457,#473,#7643,.T.);
#7641=LINE('',#472,#7644);
#7642=LINE('',#468,#7645);
#7643=LINE('',#456,#7646);
#7644=VECTOR('',#7647,1.0);
#7645=VECTOR('',#7648,1.0);
#7646=VECTOR('',#7649,1.0);
#7647=DIRECTION('',(0.927953942148934,0,0.37269489029265324));
#7648=DIRECTION('',(0.29900297598757936,0,-0.954252178593568));
#7649=DIRECTION('',(-0.9736235167360995,0,-0.22816057428580921));
#7650=FACE_SURFACE('',(#7655),#7651,.T.);
#7651=PLANE('',#7652);
#7652=AXIS2_PLACEMENT_3D('',#474,#7653,#7654);
#7653=DIRECTION('',(0.9989691524917158,0,-0.04539418872480234));
#7654=DIRECTION('',(-0.0007586528723475692,0.9998603355008502,-0.01669532682958544));
#7655=FACE_BOUND('',#7656,.T.);
#7656=EDGE_LOOP('',(#7657,#7658,#7659));
#7657=ORIENTED_EDGE('',*,*,#7660,.T.);
#7658=ORIENTED_EDGE('',*,*,#7661,.T.);
#7659=ORIENTED_EDGE('',*,*,#7662,.T.);
#7660=EDGE_CURVE('',#475,#477,#7663,.F.);
#7661=EDGE_CURVE('',#477,#463,#7664,.T.);
#7662=EDGE_CURVE('',#463,#475,#7665,.T.);
#7663=LINE('',#474,#7666);
#7664=LINE('',#476,#7667);
#7665=LINE('',#462,#7668);
#7666=VECTOR('',#7669,1.0);
#7667=VECTOR('',#7670,1.0);
#7668=VECTOR('',#7671,1.0);
#7669=DIRECTION('',(-0.0007586528723475692,0.9998603355008502,-0.01669532682958544));
#7670=DIRECTION('',(0.04539418872480234,0,0.9989691524917159));
#7671=DIRECTION('',(0,-1,0));
#7672=FACE_SURFACE('',(#7677),#7673,.T.);
#7673=PLANE('',#7674);
#7674=AXIS2_PLACEMENT_3D('',#460,#7675,#7676);
#7675=DIRECTION('',(0.9759067169937784,0,-0.2181881750380285));
#7676=DIRECTION('',(-0.21818817503802854,0,-0.9759067169937784));
#7677=FACE_BOUND('',#7678,.T.);
#7678=EDGE_LOOP('',(#7679,#7680,#7681));
#7679=ORIENTED_EDGE('',*,*,#7682,.T.);
#7680=ORIENTED_EDGE('',*,*,#7683,.T.);
#7681=ORIENTED_EDGE('',*,*,#7684,.T.);
#7682=EDGE_CURVE('',#461,#475,#7685,.F.);
#7683=EDGE_CURVE('',#475,#463,#7686,.T.);
#7684=EDGE_CURVE('',#463,#461,#7687,.T.);
#7685=LINE('',#460,#7688);
#7686=LINE('',#474,#7689);
#7687=LINE('',#462,#7690);
#7688=VECTOR('',#7691,1.0);
#7689=VECTOR('',#7692,1.0);
#7690=VECTOR('',#7693,1.0);
#7691=DIRECTION('',(-0.21818817503802854,0,-0.9759067169937784));
#7692=DIRECTION('',(0,1,0));
#7693=DIRECTION('',(0.0036464451866325812,-0.9998603383102478,0.016309730580789418));
#7694=FACE_SURFACE('',(#7699),#7695,.T.);
#7695=PLANE('',#7696);
#7696=AXIS2_PLACEMENT_3D('',#476,#7697,#7698);
#7697=DIRECTION('',(0,1,-0));
#7698=DIRECTION('',(-0.9994358524436251,0,-0.03358536660935145));
#7699=FACE_BOUND('',#7700,.T.);
#7700=EDGE_LOOP('',(#7701,#7702,#7703));
#7701=ORIENTED_EDGE('',*,*,#7704,.T.);
#7702=ORIENTED_EDGE('',*,*,#7705,.T.);
#7703=ORIENTED_EDGE('',*,*,#7706,.T.);
#7704=EDGE_CURVE('',#477,#479,#7707,.F.);
#7705=EDGE_CURVE('',#479,#463,#7708,.T.);
#7706=EDGE_CURVE('',#463,#477,#7709,.T.);
#7707=LINE('',#476,#7710);
#7708=LINE('',#478,#7711);
#7709=LINE('',#462,#7712);
#7710=VECTOR('',#7713,1.0);
#7711=VECTOR('',#7714,1.0);
#7712=VECTOR('',#7715,1.0);
#7713=DIRECTION('',(-0.9994358524436251,0,-0.03358536660935145));
#7714=DIRECTION('',(0.9833544115885718,0,0.18169782940171206));
#7715=DIRECTION('',(-0.04539418872480234,0,-0.9989691524917159));
#7716=FACE_SURFACE('',(#7721),#7717,.T.);
#7717=PLANE('',#7718);
#7718=AXIS2_PLACEMENT_3D('',#478,#7719,#7720);
#7719=DIRECTION('',(0,1,0));
#7720=DIRECTION('',(0.02943707566993064,0,0.9995666353855568));
#7721=FACE_BOUND('',#7722,.T.);
#7722=EDGE_LOOP('',(#7723,#7724,#7725));
#7723=ORIENTED_EDGE('',*,*,#7726,.T.);
#7724=ORIENTED_EDGE('',*,*,#7727,.T.);
#7725=ORIENTED_EDGE('',*,*,#7728,.T.);
#7726=EDGE_CURVE('',#479,#481,#7729,.F.);
#7727=EDGE_CURVE('',#481,#463,#7730,.T.);
#7728=EDGE_CURVE('',#463,#479,#7731,.T.);
#7729=LINE('',#478,#7732);
#7730=LINE('',#480,#7733);
#7731=LINE('',#462,#7734);
#7732=VECTOR('',#7735,1.0);
#7733=VECTOR('',#7736,1.0);
#7734=VECTOR('',#7737,1.0);
#7735=DIRECTION('',(0.02943707566993064,0,0.9995666353855568));
#7736=DIRECTION('',(0.9979202613490977,0,-0.06446046842017575));
#7737=DIRECTION('',(-0.9833544115885718,0,-0.18169782940171206));
#7738=FACE_SURFACE('',(#7743),#7739,.T.);
#7739=PLANE('',#7740);
#7740=AXIS2_PLACEMENT_3D('',#480,#7741,#7742);
#7741=DIRECTION('',(-0,1,0));
#7742=DIRECTION('',(0.16244695076987314,0,0.9867172787508945));
#7743=FACE_BOUND('',#7744,.T.);
#7744=EDGE_LOOP('',(#7745,#7746,#7747));
#7745=ORIENTED_EDGE('',*,*,#7748,.T.);
#7746=ORIENTED_EDGE('',*,*,#7749,.T.);
#7747=ORIENTED_EDGE('',*,*,#7750,.T.);
#7748=EDGE_CURVE('',#481,#465,#7751,.F.);
#7749=EDGE_CURVE('',#465,#463,#7752,.T.);
#7750=EDGE_CURVE('',#463,#481,#7753,.T.);
#7751=LINE('',#480,#7754);
#7752=LINE('',#464,#7755);
#7753=LINE('',#462,#7756);
#7754=VECTOR('',#7757,1.0);
#7755=VECTOR('',#7758,1.0);
#7756=VECTOR('',#7759,1.0);
#7757=DIRECTION('',(0.16244695076987314,0,0.9867172787508945));
#7758=DIRECTION('',(0.9509330733314463,0,-0.3093966548694572));
#7759=DIRECTION('',(-0.9979202613490977,0,0.06446046842017575));
#7760=FACE_SURFACE('',(#7765),#7761,.T.);
#7761=PLANE('',#7762);
#7762=AXIS2_PLACEMENT_3D('',#482,#7763,#7764);
#7763=DIRECTION('',(0.9916779839719534,0,0.12874306235802346));
#7764=DIRECTION('',(0.12874306235802346,0,-0.9916779839719535));
#7765=FACE_BOUND('',#7766,.T.);
#7766=EDGE_LOOP('',(#7767,#7768,#7769));
#7767=ORIENTED_EDGE('',*,*,#7770,.T.);
#7768=ORIENTED_EDGE('',*,*,#7771,.T.);
#7769=ORIENTED_EDGE('',*,*,#7772,.T.);
#7770=EDGE_CURVE('',#483,#467,#7773,.F.);
#7771=EDGE_CURVE('',#467,#469,#7774,.T.);
#7772=EDGE_CURVE('',#469,#483,#7775,.T.);
#7773=LINE('',#482,#7776);
#7774=LINE('',#466,#7777);
#7775=LINE('',#468,#7778);
#7776=VECTOR('',#7779,1.0);
#7777=VECTOR('',#7780,1.0);
#7778=VECTOR('',#7781,1.0);
#7779=DIRECTION('',(0.12874306235802346,0,-0.9916779839719535));
#7780=DIRECTION('',(0,1,0));
#7781=DIRECTION('',(-0.0021516064297959873,-0.9998603379768664,0.016573325874970547));
#7782=FACE_SURFACE('',(#7787),#7783,.T.);
#7783=PLANE('',#7784);
#7784=AXIS2_PLACEMENT_3D('',#476,#7785,#7786);
#7785=DIRECTION('',(0.9916779839719534,0,0.12874306235802346));
#7786=DIRECTION('',(0,-1,0));
#7787=FACE_BOUND('',#7788,.T.);
#7788=EDGE_LOOP('',(#7789,#7790,#7791));
#7789=ORIENTED_EDGE('',*,*,#7792,.T.);
#7790=ORIENTED_EDGE('',*,*,#7793,.T.);
#7791=ORIENTED_EDGE('',*,*,#7794,.T.);
#7792=EDGE_CURVE('',#477,#483,#7795,.F.);
#7793=EDGE_CURVE('',#483,#469,#7796,.T.);
#7794=EDGE_CURVE('',#469,#477,#7797,.T.);
#7795=LINE('',#476,#7798);
#7796=LINE('',#482,#7799);
#7797=LINE('',#468,#7800);
#7798=VECTOR('',#7801,1.0);
#7799=VECTOR('',#7802,1.0);
#7800=VECTOR('',#7803,1.0);
#7801=DIRECTION('',(0,-1,0));
#7802=DIRECTION('',(0.0021516064297959873,0.9998603379768664,-0.016573325874970547));
#7803=DIRECTION('',(-0.12874306235802346,0,0.9916779839719535));
#7804=FACE_SURFACE('',(#7809),#7805,.T.);
#7805=PLANE('',#7806);
#7806=AXIS2_PLACEMENT_3D('',#472,#7807,#7808);
#7807=DIRECTION('',(0,1,-0));
#7808=DIRECTION('',(-0.23580261833283336,0,0.9718009699456881));
#7809=FACE_BOUND('',#7810,.T.);
#7810=EDGE_LOOP('',(#7811,#7812,#7813));
#7811=ORIENTED_EDGE('',*,*,#7814,.T.);
#7812=ORIENTED_EDGE('',*,*,#7815,.T.);
#7813=ORIENTED_EDGE('',*,*,#7816,.T.);
#7814=EDGE_CURVE('',#473,#485,#7817,.F.);
#7815=EDGE_CURVE('',#485,#469,#7818,.T.);
#7816=EDGE_CURVE('',#469,#473,#7819,.T.);
#7817=LINE('',#472,#7820);
#7818=LINE('',#484,#7821);
#7819=LINE('',#468,#7822);
#7820=VECTOR('',#7823,1.0);
#7821=VECTOR('',#7824,1.0);
#7822=VECTOR('',#7825,1.0);
#7823=DIRECTION('',(-0.23580261833283336,0,0.9718009699456881));
#7824=DIRECTION('',(0.9913370913677853,0,0.13134219153973126));
#7825=DIRECTION('',(-0.927953942148934,0,-0.37269489029265324));
#7826=FACE_SURFACE('',(#7831),#7827,.T.);
#7827=PLANE('',#7828);
#7828=AXIS2_PLACEMENT_3D('',#484,#7829,#7830);
#7829=DIRECTION('',(0,1,0));
#7830=DIRECTION('',(0.9602863327031864,0,0.2790164138961453));
#7831=FACE_BOUND('',#7832,.T.);
#7832=EDGE_LOOP('',(#7833,#7834,#7835));
#7833=ORIENTED_EDGE('',*,*,#7836,.T.);
#7834=ORIENTED_EDGE('',*,*,#7837,.T.);
#7835=ORIENTED_EDGE('',*,*,#7838,.T.);
#7836=EDGE_CURVE('',#485,#477,#7839,.F.);
#7837=EDGE_CURVE('',#477,#469,#7840,.T.);
#7838=EDGE_CURVE('',#469,#485,#7841,.T.);
#7839=LINE('',#484,#7842);
#7840=LINE('',#476,#7843);
#7841=LINE('',#468,#7844);
#7842=VECTOR('',#7845,1.0);
#7843=VECTOR('',#7846,1.0);
#7844=VECTOR('',#7847,1.0);
#7845=DIRECTION('',(0.9602863327031864,0,0.2790164138961453));
#7846=DIRECTION('',(0.12874306235802346,0,-0.9916779839719535));
#7847=DIRECTION('',(-0.9913370913677853,0,-0.13134219153973126));
#7848=FACE_SURFACE('',(#7853),#7849,.T.);
#7849=PLANE('',#7850);
#7850=AXIS2_PLACEMENT_3D('',#474,#7851,#7852);
#7851=DIRECTION('',(0.9989691524917158,0,-0.04539418872480234));
#7852=DIRECTION('',(-0.04539418872480234,0,-0.9989691524917159));
#7853=FACE_BOUND('',#7854,.T.);
#7854=EDGE_LOOP('',(#7855,#7856,#7857));
#7855=ORIENTED_EDGE('',*,*,#7858,.T.);
#7856=ORIENTED_EDGE('',*,*,#7859,.T.);
#7857=ORIENTED_EDGE('',*,*,#7860,.T.);
#7858=EDGE_CURVE('',#475,#483,#7861,.F.);
#7859=EDGE_CURVE('',#483,#477,#7862,.T.);
#7860=EDGE_CURVE('',#477,#475,#7863,.T.);
#7861=LINE('',#474,#7864);
#7862=LINE('',#482,#7865);
#7863=LINE('',#476,#7866);
#7864=VECTOR('',#7867,1.0);
#7865=VECTOR('',#7868,1.0);
#7866=VECTOR('',#7869,1.0);
#7867=DIRECTION('',(-0.04539418872480234,0,-0.9989691524917159));
#7868=DIRECTION('',(0,1,0));
#7869=DIRECTION('',(0.0007586528723475692,-0.9998603355008502,0.01669532682958544));
#7870=FACE_SURFACE('',(#7875),#7871,.T.);
#7871=PLANE('',#7872);
#7872=AXIS2_PLACEMENT_3D('',#484,#7873,#7874);
#7873=DIRECTION('',(0,1,-0));
#7874=DIRECTION('',(-0.1041429521417284,0,0.9945623386792835));
#7875=FACE_BOUND('',#7876,.T.);
#7876=EDGE_LOOP('',(#7877,#7878,#7879));
#7877=ORIENTED_EDGE('',*,*,#7880,.T.);
#7878=ORIENTED_EDGE('',*,*,#7881,.T.);
#7879=ORIENTED_EDGE('',*,*,#7882,.T.);
#7880=EDGE_CURVE('',#485,#479,#7883,.F.);
#7881=EDGE_CURVE('',#479,#477,#7884,.T.);
#7882=EDGE_CURVE('',#477,#485,#7885,.T.);
#7883=LINE('',#484,#7886);
#7884=LINE('',#478,#7887);
#7885=LINE('',#476,#7888);
#7886=VECTOR('',#7889,1.0);
#7887=VECTOR('',#7890,1.0);
#7888=VECTOR('',#7891,1.0);
#7889=DIRECTION('',(-0.1041429521417284,0,0.9945623386792835));
#7890=DIRECTION('',(0.9994358524436251,0,0.03358536660935145));
#7891=DIRECTION('',(-0.9602863327031864,0,-0.2790164138961453));
#7892=FACE_SURFACE('',(#7897),#7893,.T.);
#7893=PLANE('',#7894);
#7894=AXIS2_PLACEMENT_3D('',#486,#7895,#7896);
#7895=DIRECTION('',(-0.4541190369843599,0,0.890941019511616));
#7896=DIRECTION('',(0.890941019511616,0,0.4541190369843599));
#7897=FACE_BOUND('',#7898,.T.);
#7898=EDGE_LOOP('',(#7899,#7900,#7901));
#7899=ORIENTED_EDGE('',*,*,#7902,.T.);
#7900=ORIENTED_EDGE('',*,*,#7903,.T.);
#7901=ORIENTED_EDGE('',*,*,#7904,.T.);
#7902=EDGE_CURVE('',#487,#433,#7905,.F.);
#7903=EDGE_CURVE('',#433,#393,#7906,.T.);
#7904=EDGE_CURVE('',#393,#487,#7907,.T.);
#7905=LINE('',#486,#7908);
#7906=LINE('',#432,#7909);
#7907=LINE('',#392,#7910);
#7908=VECTOR('',#7911,1.0);
#7909=VECTOR('',#7912,1.0);
#7910=VECTOR('',#7913,1.0);
#7911=DIRECTION('',(0.890941019511616,0,0.4541190369843599));
#7912=DIRECTION('',(-0.02445761673430673,0.9996231381224489,-0.012466222920574746));
#7913=DIRECTION('',(0,-1,0));
#7914=FACE_SURFACE('',(#7919),#7915,.T.);
#7915=PLANE('',#7916);
#7916=AXIS2_PLACEMENT_3D('',#406,#7917,#7918);
#7917=DIRECTION('',(-0.5688660843236387,0,0.8224301660969707));
#7918=DIRECTION('',(0.02257710526146003,-0.9996231310994859,0.015616340444320547));
#7919=FACE_BOUND('',#7920,.T.);
#7920=EDGE_LOOP('',(#7921,#7922,#7923));
#7921=ORIENTED_EDGE('',*,*,#7924,.T.);
#7922=ORIENTED_EDGE('',*,*,#7925,.T.);
#7923=ORIENTED_EDGE('',*,*,#7926,.T.);
#7924=EDGE_CURVE('',#407,#487,#7927,.F.);
#7925=EDGE_CURVE('',#487,#393,#7928,.T.);
#7926=EDGE_CURVE('',#393,#407,#7929,.T.);
#7927=LINE('',#406,#7930);
#7928=LINE('',#486,#7931);
#7929=LINE('',#392,#7932);
#7930=VECTOR('',#7933,1.0);
#7931=VECTOR('',#7934,1.0);
#7932=VECTOR('',#7935,1.0);
#7933=DIRECTION('',(0.02257710526146003,-0.9996231310994859,0.015616340444320547));
#7934=DIRECTION('',(0,1,0));
#7935=DIRECTION('',(-0.8224301660969707,0,-0.5688660843236387));
#7936=FACE_SURFACE('',(#7941),#7937,.T.);
#7937=PLANE('',#7938);
#7938=AXIS2_PLACEMENT_3D('',#488,#7939,#7940);
#7939=DIRECTION('',(-0.505735614788414,0,-0.8626885231267336));
#7940=DIRECTION('',(0,1,0));
#7941=FACE_BOUND('',#7942,.T.);
#7942=EDGE_LOOP('',(#7943,#7944,#7945));
#7943=ORIENTED_EDGE('',*,*,#7946,.T.);
#7944=ORIENTED_EDGE('',*,*,#7947,.T.);
#7945=ORIENTED_EDGE('',*,*,#7948,.T.);
#7946=EDGE_CURVE('',#489,#431,#7949,.F.);
#7947=EDGE_CURVE('',#431,#413,#7950,.T.);
#7948=EDGE_CURVE('',#413,#489,#7951,.T.);
#7949=LINE('',#488,#7952);
#7950=LINE('',#430,#7953);
#7951=LINE('',#412,#7954);
#7952=VECTOR('',#7955,1.0);
#7953=VECTOR('',#7956,1.0);
#7954=VECTOR('',#7957,1.0);
#7955=DIRECTION('',(0,1,0));
#7956=DIRECTION('',(0.8626885231267336,0,-0.505735614788414));
#7957=DIRECTION('',(-0.023682427892627825,-0.9996231259317793,0.013883396972235973));
#7958=FACE_SURFACE('',(#7963),#7959,.T.);
#7959=PLANE('',#7960);
#7960=AXIS2_PLACEMENT_3D('',#446,#7961,#7962);
#7961=DIRECTION('',(-0.505735614788414,0,-0.8626885231267336));
#7962=DIRECTION('',(-0.8626885231267336,0,0.505735614788414));
#7963=FACE_BOUND('',#7964,.T.);
#7964=EDGE_LOOP('',(#7965,#7966,#7967));
#7965=ORIENTED_EDGE('',*,*,#7968,.T.);
#7966=ORIENTED_EDGE('',*,*,#7969,.T.);
#7967=ORIENTED_EDGE('',*,*,#7970,.T.);
#7968=EDGE_CURVE('',#447,#489,#7971,.F.);
#7969=EDGE_CURVE('',#489,#413,#7972,.T.);
#7970=EDGE_CURVE('',#413,#447,#7973,.T.);
#7971=LINE('',#446,#7974);
#7972=LINE('',#488,#7975);
#7973=LINE('',#412,#7976);
#7974=VECTOR('',#7977,1.0);
#7975=VECTOR('',#7978,1.0);
#7976=VECTOR('',#7979,1.0);
#7977=DIRECTION('',(-0.8626885231267336,0,0.505735614788414));
#7978=DIRECTION('',(0.023682427892627825,0.9996231259317793,-0.013883396972235973));
#7979=DIRECTION('',(0,-1,0));
#7980=FACE_SURFACE('',(#7985),#7981,.T.);
#7981=PLANE('',#7982);
#7982=AXIS2_PLACEMENT_3D('',#490,#7983,#7984);
#7983=DIRECTION('',(-0.5688660843236387,0,0.8224301660969707));
#7984=DIRECTION('',(0.8224301660969707,0,0.5688660843236387));
#7985=FACE_BOUND('',#7986,.T.);
#7986=EDGE_LOOP('',(#7987,#7988,#7989));
#7987=ORIENTED_EDGE('',*,*,#7990,.T.);
#7988=ORIENTED_EDGE('',*,*,#7991,.T.);
#7989=ORIENTED_EDGE('',*,*,#7992,.T.);
#7990=EDGE_CURVE('',#491,#487,#7993,.F.);
#7991=EDGE_CURVE('',#487,#407,#7994,.T.);
#7992=EDGE_CURVE('',#407,#491,#7995,.T.);
#7993=LINE('',#490,#7996);
#7994=LINE('',#486,#7997);
#7995=LINE('',#406,#7998);
#7996=VECTOR('',#7999,1.0);
#7997=VECTOR('',#8000,1.0);
#7998=VECTOR('',#8001,1.0);
#7999=DIRECTION('',(0.8224301660969707,0,0.5688660843236387));
#8000=DIRECTION('',(-0.02257710526146003,0.9996231310994859,-0.015616340444320547));
#8001=DIRECTION('',(0,-1,0));
#8002=FACE_SURFACE('',(#8007),#8003,.T.);
#8003=PLANE('',#8004);
#8004=AXIS2_PLACEMENT_3D('',#422,#8005,#8006);
#8005=DIRECTION('',(-0.6734604206931972,0,0.7392232827500375));
#8006=DIRECTION('',(0.020292806491856694,-0.999623135871893,0.018487515634261535));
#8007=FACE_BOUND('',#8008,.T.);
#8008=EDGE_LOOP('',(#8009,#8010,#8011));
#8009=ORIENTED_EDGE('',*,*,#8012,.T.);
#8010=ORIENTED_EDGE('',*,*,#8013,.T.);
#8011=ORIENTED_EDGE('',*,*,#8014,.T.);
#8012=EDGE_CURVE('',#423,#491,#8015,.F.);
#8013=EDGE_CURVE('',#491,#407,#8016,.T.);
#8014=EDGE_CURVE('',#407,#423,#8017,.T.);
#8015=LINE('',#422,#8018);
#8016=LINE('',#490,#8019);
#8017=LINE('',#406,#8020);
#8018=VECTOR('',#8021,1.0);
#8019=VECTOR('',#8022,1.0);
#8020=VECTOR('',#8023,1.0);
#8021=DIRECTION('',(0.020292806491856694,-0.999623135871893,0.018487515634261535));
#8022=DIRECTION('',(0,1,0));
#8023=DIRECTION('',(-0.7392232827500375,0,-0.6734604206931972));
#8024=FACE_SURFACE('',(#8029),#8025,.T.);
#8025=PLANE('',#8026);
#8026=AXIS2_PLACEMENT_3D('',#492,#8027,#8028);
#8027=DIRECTION('',(-0.6162690102697339,0,-0.7875357179081864));
#8028=DIRECTION('',(0,1,0));
#8029=FACE_BOUND('',#8030,.T.);
#8030=EDGE_LOOP('',(#8031,#8032,#8033));
#8031=ORIENTED_EDGE('',*,*,#8034,.T.);
#8032=ORIENTED_EDGE('',*,*,#8035,.T.);
#8033=ORIENTED_EDGE('',*,*,#8036,.T.);
#8034=EDGE_CURVE('',#493,#429,#8037,.F.);
#8035=EDGE_CURVE('',#429,#431,#8038,.T.);
#8036=EDGE_CURVE('',#431,#493,#8039,.T.);
#8037=LINE('',#492,#8040);
#8038=LINE('',#428,#8041);
#8039=LINE('',#430,#8042);
#8040=VECTOR('',#8043,1.0);
#8041=VECTOR('',#8044,1.0);
#8042=VECTOR('',#8045,1.0);
#8043=DIRECTION('',(0,1,0));
#8044=DIRECTION('',(0.7875357179081864,0,-0.616269010269734));
#8045=DIRECTION('',(-0.02161908930492918,-0.9996231347285787,0.016917549853192763));
#8046=FACE_SURFACE('',(#8051),#8047,.T.);
#8047=PLANE('',#8048);
#8048=AXIS2_PLACEMENT_3D('',#488,#8049,#8050);
#8049=DIRECTION('',(-0.6162690102697339,0,-0.7875357179081864));
#8050=DIRECTION('',(-0.7875357179081864,0,0.616269010269734));
#8051=FACE_BOUND('',#8052,.T.);
#8052=EDGE_LOOP('',(#8053,#8054,#8055));
#8053=ORIENTED_EDGE('',*,*,#8056,.T.);
#8054=ORIENTED_EDGE('',*,*,#8057,.T.);
#8055=ORIENTED_EDGE('',*,*,#8058,.T.);
#8056=EDGE_CURVE('',#489,#493,#8059,.F.);
#8057=EDGE_CURVE('',#493,#431,#8060,.T.);
#8058=EDGE_CURVE('',#431,#489,#8061,.T.);
#8059=LINE('',#488,#8062);
#8060=LINE('',#492,#8063);
#8061=LINE('',#430,#8064);
#8062=VECTOR('',#8065,1.0);
#8063=VECTOR('',#8066,1.0);
#8064=VECTOR('',#8067,1.0);
#8065=DIRECTION('',(-0.7875357179081864,0,0.616269010269734));
#8066=DIRECTION('',(0.02161908930492918,0.9996231347285787,-0.016917549853192763));
#8067=DIRECTION('',(0,-1,0));
#8068=FACE_SURFACE('',(#8073),#8069,.T.);
#8069=PLANE('',#8070);
#8070=AXIS2_PLACEMENT_3D('',#494,#8071,#8072);
#8071=DIRECTION('',(-0.6734604206931972,0,0.7392232827500375));
#8072=DIRECTION('',(0.7392232827500375,0,0.6734604206931972));
#8073=FACE_BOUND('',#8074,.T.);
#8074=EDGE_LOOP('',(#8075,#8076,#8077));
#8075=ORIENTED_EDGE('',*,*,#8078,.T.);
#8076=ORIENTED_EDGE('',*,*,#8079,.T.);
#8077=ORIENTED_EDGE('',*,*,#8080,.T.);
#8078=EDGE_CURVE('',#495,#491,#8081,.F.);
#8079=EDGE_CURVE('',#491,#423,#8082,.T.);
#8080=EDGE_CURVE('',#423,#495,#8083,.T.);
#8081=LINE('',#494,#8084);
#8082=LINE('',#490,#8085);
#8083=LINE('',#422,#8086);
#8084=VECTOR('',#8087,1.0);
#8085=VECTOR('',#8088,1.0);
#8086=VECTOR('',#8089,1.0);
#8087=DIRECTION('',(0.7392232827500375,0,0.6734604206931972));
#8088=DIRECTION('',(-0.020292806491856694,0.999623135871893,-0.018487515634261535));
#8089=DIRECTION('',(0,-1,0));
#8090=FACE_SURFACE('',(#8095),#8091,.T.);
#8091=PLANE('',#8092);
#8092=AXIS2_PLACEMENT_3D('',#420,#8093,#8094);
#8093=DIRECTION('',(-0.7660144099319288,0,0.6428234001470692));
#8094=DIRECTION('',(0.017646509167328146,-0.9996231347410235,0.02102829533597661));
#8095=FACE_BOUND('',#8096,.T.);
#8096=EDGE_LOOP('',(#8097,#8098,#8099));
#8097=ORIENTED_EDGE('',*,*,#8100,.T.);
#8098=ORIENTED_EDGE('',*,*,#8101,.T.);
#8099=ORIENTED_EDGE('',*,*,#8102,.T.);
#8100=EDGE_CURVE('',#421,#495,#8103,.F.);
#8101=EDGE_CURVE('',#495,#423,#8104,.T.);
#8102=EDGE_CURVE('',#423,#421,#8105,.T.);
#8103=LINE('',#420,#8106);
#8104=LINE('',#494,#8107);
#8105=LINE('',#422,#8108);
#8106=VECTOR('',#8109,1.0);
#8107=VECTOR('',#8110,1.0);
#8108=VECTOR('',#8111,1.0);
#8109=DIRECTION('',(0.017646509167328146,-0.9996231347410235,0.02102829533597661));
#8110=DIRECTION('',(0,1,0));
#8111=DIRECTION('',(-0.6428234001470692,0,-0.7660144099319287));
#8112=FACE_SURFACE('',(#8117),#8113,.T.);
#8113=PLANE('',#8114);
#8114=AXIS2_PLACEMENT_3D('',#496,#8115,#8116);
#8115=DIRECTION('',(-0.7157821803602238,0,-0.6983236142926602));
#8116=DIRECTION('',(0,1,0));
#8117=FACE_BOUND('',#8118,.T.);
#8118=EDGE_LOOP('',(#8119,#8120,#8121));
#8119=ORIENTED_EDGE('',*,*,#8122,.T.);
#8120=ORIENTED_EDGE('',*,*,#8123,.T.);
#8121=ORIENTED_EDGE('',*,*,#8124,.T.);
#8122=EDGE_CURVE('',#497,#445,#8125,.F.);
#8123=EDGE_CURVE('',#445,#429,#8126,.T.);
#8124=EDGE_CURVE('',#429,#497,#8127,.T.);
#8125=LINE('',#496,#8128);
#8126=LINE('',#444,#8129);
#8127=LINE('',#428,#8130);
#8128=VECTOR('',#8131,1.0);
#8129=VECTOR('',#8132,1.0);
#8130=VECTOR('',#8133,1.0);
#8131=DIRECTION('',(0,1,0));
#8132=DIRECTION('',(0.6983236142926602,0,-0.7157821803602238));
#8133=DIRECTION('',(-0.019170245563808055,-0.9996231281111101,0.019649514762009473));
#8134=FACE_SURFACE('',(#8139),#8135,.T.);
#8135=PLANE('',#8136);
#8136=AXIS2_PLACEMENT_3D('',#492,#8137,#8138);
#8137=DIRECTION('',(-0.7157821803602238,0,-0.6983236142926602));
#8138=DIRECTION('',(-0.6983236142926602,0,0.7157821803602238));
#8139=FACE_BOUND('',#8140,.T.);
#8140=EDGE_LOOP('',(#8141,#8142,#8143));
#8141=ORIENTED_EDGE('',*,*,#8144,.T.);
#8142=ORIENTED_EDGE('',*,*,#8145,.T.);
#8143=ORIENTED_EDGE('',*,*,#8146,.T.);
#8144=EDGE_CURVE('',#493,#497,#8147,.F.);
#8145=EDGE_CURVE('',#497,#429,#8148,.T.);
#8146=EDGE_CURVE('',#429,#493,#8149,.T.);
#8147=LINE('',#492,#8150);
#8148=LINE('',#496,#8151);
#8149=LINE('',#428,#8152);
#8150=VECTOR('',#8153,1.0);
#8151=VECTOR('',#8154,1.0);
#8152=VECTOR('',#8155,1.0);
#8153=DIRECTION('',(-0.6983236142926602,0,0.7157821803602238));
#8154=DIRECTION('',(0.019170245563808055,0.9996231281111101,-0.019649514762009473));
#8155=DIRECTION('',(0,-1,0));
#8156=FACE_SURFACE('',(#8161),#8157,.T.);
#8157=PLANE('',#8158);
#8158=AXIS2_PLACEMENT_3D('',#498,#8159,#8160);
#8159=DIRECTION('',(-0.7660144099319288,0,0.6428234001470692));
#8160=DIRECTION('',(0.6428234001470692,0,0.7660144099319287));
#8161=FACE_BOUND('',#8162,.T.);
#8162=EDGE_LOOP('',(#8163,#8164,#8165));
#8163=ORIENTED_EDGE('',*,*,#8166,.T.);
#8164=ORIENTED_EDGE('',*,*,#8167,.T.);
#8165=ORIENTED_EDGE('',*,*,#8168,.T.);
#8166=EDGE_CURVE('',#499,#495,#8169,.F.);
#8167=EDGE_CURVE('',#495,#421,#8170,.T.);
#8168=EDGE_CURVE('',#421,#499,#8171,.T.);
#8169=LINE('',#498,#8172);
#8170=LINE('',#494,#8173);
#8171=LINE('',#420,#8174);
#8172=VECTOR('',#8175,1.0);
#8173=VECTOR('',#8176,1.0);
#8174=VECTOR('',#8177,1.0);
#8175=DIRECTION('',(0.6428234001470692,0,0.7660144099319287));
#8176=DIRECTION('',(-0.017646509167328146,0.9996231347410235,-0.02102829533597661));
#8177=DIRECTION('',(0,-1,0));
#8178=FACE_SURFACE('',(#8183),#8179,.T.);
#8179=PLANE('',#8180);
#8180=AXIS2_PLACEMENT_3D('',#438,#8181,#8182);
#8181=DIRECTION('',(-0.8448960486773962,0,0.5349305253295262));
#8182=DIRECTION('',(0.014684703840034154,-0.9996231335563858,0.023193756315924748));
#8183=FACE_BOUND('',#8184,.T.);
#8184=EDGE_LOOP('',(#8185,#8186,#8187));
#8185=ORIENTED_EDGE('',*,*,#8188,.T.);
#8186=ORIENTED_EDGE('',*,*,#8189,.T.);
#8187=ORIENTED_EDGE('',*,*,#8190,.T.);
#8188=EDGE_CURVE('',#439,#499,#8191,.F.);
#8189=EDGE_CURVE('',#499,#421,#8192,.T.);
#8190=EDGE_CURVE('',#421,#439,#8193,.T.);
#8191=LINE('',#438,#8194);
#8192=LINE('',#498,#8195);
#8193=LINE('',#420,#8196);
#8194=VECTOR('',#8197,1.0);
#8195=VECTOR('',#8198,1.0);
#8196=VECTOR('',#8199,1.0);
#8197=DIRECTION('',(0.014684703840034154,-0.9996231335563858,0.023193756315924748));
#8198=DIRECTION('',(0,1,0));
#8199=DIRECTION('',(-0.5349305253295263,0,-0.8448960486773962));
#8200=FACE_SURFACE('',(#8205),#8201,.T.);
#8201=PLANE('',#8202);
#8202=AXIS2_PLACEMENT_3D('',#500,#8203,#8204);
#8203=DIRECTION('',(-0.8025092975261727,0,-0.5966396126507599));
#8204=DIRECTION('',(0,1,0));
#8205=FACE_BOUND('',#8206,.T.);
#8206=EDGE_LOOP('',(#8207,#8208,#8209));
#8207=ORIENTED_EDGE('',*,*,#8210,.T.);
#8208=ORIENTED_EDGE('',*,*,#8211,.T.);
#8209=ORIENTED_EDGE('',*,*,#8212,.T.);
#8210=EDGE_CURVE('',#501,#459,#8213,.F.);
#8211=EDGE_CURVE('',#459,#445,#8214,.T.);
#8212=EDGE_CURVE('',#445,#501,#8215,.T.);
#8213=LINE('',#500,#8216);
#8214=LINE('',#458,#8217);
#8215=LINE('',#444,#8218);
#8216=VECTOR('',#8219,1.0);
#8217=VECTOR('',#8220,1.0);
#8218=VECTOR('',#8221,1.0);
#8219=DIRECTION('',(0,1,0));
#8220=DIRECTION('',(0.5966396126507599,0,-0.8025092975261728));
#8221=DIRECTION('',(-0.01637873109768595,-0.9996231329352054,0.022030189931870746));
#8222=FACE_SURFACE('',(#8227),#8223,.T.);
#8223=PLANE('',#8224);
#8224=AXIS2_PLACEMENT_3D('',#496,#8225,#8226);
#8225=DIRECTION('',(-0.8025092975261727,0,-0.5966396126507599));
#8226=DIRECTION('',(-0.5966396126507599,0,0.8025092975261728));
#8227=FACE_BOUND('',#8228,.T.);
#8228=EDGE_LOOP('',(#8229,#8230,#8231));
#8229=ORIENTED_EDGE('',*,*,#8232,.T.);
#8230=ORIENTED_EDGE('',*,*,#8233,.T.);
#8231=ORIENTED_EDGE('',*,*,#8234,.T.);
#8232=EDGE_CURVE('',#497,#501,#8235,.F.);
#8233=EDGE_CURVE('',#501,#445,#8236,.T.);
#8234=EDGE_CURVE('',#445,#497,#8237,.T.);
#8235=LINE('',#496,#8238);
#8236=LINE('',#500,#8239);
#8237=LINE('',#444,#8240);
#8238=VECTOR('',#8241,1.0);
#8239=VECTOR('',#8242,1.0);
#8240=VECTOR('',#8243,1.0);
#8241=DIRECTION('',(-0.5966396126507599,0,0.8025092975261728));
#8242=DIRECTION('',(0.01637873109768595,0.9996231329352054,-0.022030189931870746));
#8243=DIRECTION('',(0,-1,0));
#8244=FACE_SURFACE('',(#8249),#8245,.T.);
#8245=PLANE('',#8246);
#8246=AXIS2_PLACEMENT_3D('',#502,#8247,#8248);
#8247=DIRECTION('',(-0.8448960486773962,0,0.5349305253295262));
#8248=DIRECTION('',(0.5349305253295263,0,0.8448960486773962));
#8249=FACE_BOUND('',#8250,.T.);
#8250=EDGE_LOOP('',(#8251,#8252,#8253));
#8251=ORIENTED_EDGE('',*,*,#8254,.T.);
#8252=ORIENTED_EDGE('',*,*,#8255,.T.);
#8253=ORIENTED_EDGE('',*,*,#8256,.T.);
#8254=EDGE_CURVE('',#503,#499,#8257,.F.);
#8255=EDGE_CURVE('',#499,#439,#8258,.T.);
#8256=EDGE_CURVE('',#439,#503,#8259,.T.);
#8257=LINE('',#502,#8260);
#8258=LINE('',#498,#8261);
#8259=LINE('',#438,#8262);
#8260=VECTOR('',#8263,1.0);
#8261=VECTOR('',#8264,1.0);
#8262=VECTOR('',#8265,1.0);
#8263=DIRECTION('',(0.5349305253295263,0,0.8448960486773962));
#8264=DIRECTION('',(-0.014684703840034154,0.9996231335563858,-0.023193756315924748));
#8265=DIRECTION('',(0,-1,0));
#8266=FACE_SURFACE('',(#8271),#8267,.T.);
#8267=PLANE('',#8268);
#8268=AXIS2_PLACEMENT_3D('',#452,#8269,#8270);
#8269=DIRECTION('',(-0.9086842577971511,0,0.4174840351817543));
#8270=DIRECTION('',(0.011460671631880156,-0.9996231294145355,0.024944982365943707));
#8271=FACE_BOUND('',#8272,.T.);
#8272=EDGE_LOOP('',(#8273,#8274,#8275));
#8273=ORIENTED_EDGE('',*,*,#8276,.T.);
#8274=ORIENTED_EDGE('',*,*,#8277,.T.);
#8275=ORIENTED_EDGE('',*,*,#8278,.T.);
#8276=EDGE_CURVE('',#453,#503,#8279,.F.);
#8277=EDGE_CURVE('',#503,#439,#8280,.T.);
#8278=EDGE_CURVE('',#439,#453,#8281,.T.);
#8279=LINE('',#452,#8282);
#8280=LINE('',#502,#8283);
#8281=LINE('',#438,#8284);
#8282=VECTOR('',#8285,1.0);
#8283=VECTOR('',#8286,1.0);
#8284=VECTOR('',#8287,1.0);
#8285=DIRECTION('',(0.011460671631880156,-0.9996231294145355,0.024944982365943707));
#8286=DIRECTION('',(0,1,0));
#8287=DIRECTION('',(-0.4174840351817544,0,-0.9086842577971513));
#8288=FACE_SURFACE('',(#8293),#8289,.T.);
#8289=PLANE('',#8290);
#8290=AXIS2_PLACEMENT_3D('',#504,#8291,#8292);
#8291=DIRECTION('',(-0.874904366231343,0,-0.48429572571862745));
#8292=DIRECTION('',(0,1,0));
#8293=FACE_BOUND('',#8294,.T.);
#8294=EDGE_LOOP('',(#8295,#8296,#8297));
#8295=ORIENTED_EDGE('',*,*,#8298,.T.);
#8296=ORIENTED_EDGE('',*,*,#8299,.T.);
#8297=ORIENTED_EDGE('',*,*,#8300,.T.);
#8298=EDGE_CURVE('',#505,#471,#8301,.F.);
#8299=EDGE_CURVE('',#471,#459,#8302,.T.);
#8300=EDGE_CURVE('',#459,#505,#8303,.T.);
#8301=LINE('',#504,#8304);
#8302=LINE('',#470,#8305);
#8303=LINE('',#458,#8306);
#8304=VECTOR('',#8307,1.0);
#8305=VECTOR('',#8308,1.0);
#8306=VECTOR('',#8309,1.0);
#8307=DIRECTION('',(0,1,0));
#8308=DIRECTION('',(0.48429572571862745,0,-0.874904366231343));
#8309=DIRECTION('',(-0.01329469257003144,-0.9996231338131909,0.02401752474681508));
#8310=FACE_SURFACE('',(#8315),#8311,.T.);
#8311=PLANE('',#8312);
#8312=AXIS2_PLACEMENT_3D('',#500,#8313,#8314);
#8313=DIRECTION('',(-0.874904366231343,0,-0.48429572571862745));
#8314=DIRECTION('',(-0.48429572571862745,0,0.874904366231343));
#8315=FACE_BOUND('',#8316,.T.);
#8316=EDGE_LOOP('',(#8317,#8318,#8319));
#8317=ORIENTED_EDGE('',*,*,#8320,.T.);
#8318=ORIENTED_EDGE('',*,*,#8321,.T.);
#8319=ORIENTED_EDGE('',*,*,#8322,.T.);
#8320=EDGE_CURVE('',#501,#505,#8323,.F.);
#8321=EDGE_CURVE('',#505,#459,#8324,.T.);
#8322=EDGE_CURVE('',#459,#501,#8325,.T.);
#8323=LINE('',#500,#8326);
#8324=LINE('',#504,#8327);
#8325=LINE('',#458,#8328);
#8326=VECTOR('',#8329,1.0);
#8327=VECTOR('',#8330,1.0);
#8328=VECTOR('',#8331,1.0);
#8329=DIRECTION('',(-0.48429572571862745,0,0.874904366231343));
#8330=DIRECTION('',(0.01329469257003144,0.9996231338131909,-0.02401752474681508));
#8331=DIRECTION('',(0,-1,0));
#8332=FACE_SURFACE('',(#8337),#8333,.T.);
#8333=PLANE('',#8334);
#8334=AXIS2_PLACEMENT_3D('',#506,#8335,#8336);
#8335=DIRECTION('',(-0.9086842577971511,0,0.4174840351817543));
#8336=DIRECTION('',(0.4174840351817544,0,0.9086842577971513));
#8337=FACE_BOUND('',#8338,.T.);
#8338=EDGE_LOOP('',(#8339,#8340,#8341));
#8339=ORIENTED_EDGE('',*,*,#8342,.T.);
#8340=ORIENTED_EDGE('',*,*,#8343,.T.);
#8341=ORIENTED_EDGE('',*,*,#8344,.T.);
#8342=EDGE_CURVE('',#507,#503,#8345,.F.);
#8343=EDGE_CURVE('',#503,#453,#8346,.T.);
#8344=EDGE_CURVE('',#453,#507,#8347,.T.);
#8345=LINE('',#506,#8348);
#8346=LINE('',#502,#8349);
#8347=LINE('',#452,#8350);
#8348=VECTOR('',#8351,1.0);
#8349=VECTOR('',#8352,1.0);
#8350=VECTOR('',#8353,1.0);
#8351=DIRECTION('',(0.4174840351817544,0,0.9086842577971513));
#8352=DIRECTION('',(-0.011460671631880156,0.9996231294145355,-0.024944982365943707));
#8353=DIRECTION('',(0,-1,0));
#8354=FACE_SURFACE('',(#8359),#8355,.T.);
#8355=PLANE('',#8356);
#8356=AXIS2_PLACEMENT_3D('',#464,#8357,#8358);
#8357=DIRECTION('',(-0.9562349476233751,0,0.292599940095211));
#8358=DIRECTION('',(0.008032395054263617,-0.9996231283204887,0.026250370596469376));
#8359=FACE_BOUND('',#8360,.T.);
#8360=EDGE_LOOP('',(#8361,#8362,#8363));
#8361=ORIENTED_EDGE('',*,*,#8364,.T.);
#8362=ORIENTED_EDGE('',*,*,#8365,.T.);
#8363=ORIENTED_EDGE('',*,*,#8366,.T.);
#8364=EDGE_CURVE('',#465,#507,#8367,.F.);
#8365=EDGE_CURVE('',#507,#453,#8368,.T.);
#8366=EDGE_CURVE('',#453,#465,#8369,.T.);
#8367=LINE('',#464,#8370);
#8368=LINE('',#506,#8371);
#8369=LINE('',#452,#8372);
#8370=VECTOR('',#8373,1.0);
#8371=VECTOR('',#8374,1.0);
#8372=VECTOR('',#8375,1.0);
#8373=DIRECTION('',(0.008032395054263617,-0.9996231283204887,0.026250370596469376));
#8374=DIRECTION('',(0,1,0));
#8375=DIRECTION('',(-0.292599940095211,0,-0.9562349476233751));
#8376=FACE_SURFACE('',(#8381),#8377,.T.);
#8377=PLANE('',#8378);
#8378=AXIS2_PLACEMENT_3D('',#508,#8379,#8380);
#8379=DIRECTION('',(-0.9316673407183037,0,-0.36331249116825615));
#8380=DIRECTION('',(0,1,0));
#8381=FACE_BOUND('',#8382,.T.);
#8382=EDGE_LOOP('',(#8383,#8384,#8385));
#8383=ORIENTED_EDGE('',*,*,#8386,.T.);
#8384=ORIENTED_EDGE('',*,*,#8387,.T.);
#8385=ORIENTED_EDGE('',*,*,#8388,.T.);
#8386=EDGE_CURVE('',#509,#473,#8389,.F.);
#8387=EDGE_CURVE('',#473,#471,#8390,.T.);
#8388=EDGE_CURVE('',#471,#509,#8391,.T.);
#8389=LINE('',#508,#8392);
#8390=LINE('',#472,#8393);
#8391=LINE('',#470,#8394);
#8392=VECTOR('',#8395,1.0);
#8393=VECTOR('',#8396,1.0);
#8394=VECTOR('',#8397,1.0);
#8395=DIRECTION('',(0,1,0));
#8396=DIRECTION('',(0.36331249116825615,0,-0.9316673407183038));
#8397=DIRECTION('',(-0.009973500664158022,-0.9996231344585448,0.02557573732614953));
#8398=FACE_SURFACE('',(#8403),#8399,.T.);
#8399=PLANE('',#8400);
#8400=AXIS2_PLACEMENT_3D('',#504,#8401,#8402);
#8401=DIRECTION('',(-0.9316673407183037,0,-0.36331249116825615));
#8402=DIRECTION('',(-0.36331249116825615,0,0.9316673407183038));
#8403=FACE_BOUND('',#8404,.T.);
#8404=EDGE_LOOP('',(#8405,#8406,#8407));
#8405=ORIENTED_EDGE('',*,*,#8408,.T.);
#8406=ORIENTED_EDGE('',*,*,#8409,.T.);
#8407=ORIENTED_EDGE('',*,*,#8410,.T.);
#8408=EDGE_CURVE('',#505,#509,#8411,.F.);
#8409=EDGE_CURVE('',#509,#471,#8412,.T.);
#8410=EDGE_CURVE('',#471,#505,#8413,.T.);
#8411=LINE('',#504,#8414);
#8412=LINE('',#508,#8415);
#8413=LINE('',#470,#8416);
#8414=VECTOR('',#8417,1.0);
#8415=VECTOR('',#8418,1.0);
#8416=VECTOR('',#8419,1.0);
#8417=DIRECTION('',(-0.36331249116825615,0,0.9316673407183038));
#8418=DIRECTION('',(0.009973500664158022,0.9996231344585448,-0.02557573732614953));
#8419=DIRECTION('',(0,-1,0));
#8420=FACE_SURFACE('',(#8425),#8421,.T.);
#8421=PLANE('',#8422);
#8422=AXIS2_PLACEMENT_3D('',#510,#8423,#8424);
#8423=DIRECTION('',(-0.9562349476233751,0,0.292599940095211));
#8424=DIRECTION('',(0.292599940095211,0,0.9562349476233751));
#8425=FACE_BOUND('',#8426,.T.);
#8426=EDGE_LOOP('',(#8427,#8428,#8429));
#8427=ORIENTED_EDGE('',*,*,#8430,.T.);
#8428=ORIENTED_EDGE('',*,*,#8431,.T.);
#8429=ORIENTED_EDGE('',*,*,#8432,.T.);
#8430=EDGE_CURVE('',#511,#507,#8433,.F.);
#8431=EDGE_CURVE('',#507,#465,#8434,.T.);
#8432=EDGE_CURVE('',#465,#511,#8435,.T.);
#8433=LINE('',#510,#8436);
#8434=LINE('',#506,#8437);
#8435=LINE('',#464,#8438);
#8436=VECTOR('',#8439,1.0);
#8437=VECTOR('',#8440,1.0);
#8438=VECTOR('',#8441,1.0);
#8439=DIRECTION('',(0.292599940095211,0,0.9562349476233751));
#8440=DIRECTION('',(-0.008032395054263617,0.9996231283204887,-0.026250370596469376));
#8441=DIRECTION('',(0,-1,0));
#8442=FACE_SURFACE('',(#8447),#8443,.T.);
#8443=PLANE('',#8444);
#8444=AXIS2_PLACEMENT_3D('',#480,#8445,#8446);
#8445=DIRECTION('',(-0.9867172787508945,0,0.16244695076987314));
#8446=DIRECTION('',(0.0044594236206154225,-0.999623134675663,0.02708693711317822));
#8447=FACE_BOUND('',#8448,.T.);
#8448=EDGE_LOOP('',(#8449,#8450,#8451));
#8449=ORIENTED_EDGE('',*,*,#8452,.T.);
#8450=ORIENTED_EDGE('',*,*,#8453,.T.);
#8451=ORIENTED_EDGE('',*,*,#8454,.T.);
#8452=EDGE_CURVE('',#481,#511,#8455,.F.);
#8453=EDGE_CURVE('',#511,#465,#8456,.T.);
#8454=EDGE_CURVE('',#465,#481,#8457,.T.);
#8455=LINE('',#480,#8458);
#8456=LINE('',#510,#8459);
#8457=LINE('',#464,#8460);
#8458=VECTOR('',#8461,1.0);
#8459=VECTOR('',#8462,1.0);
#8460=VECTOR('',#8463,1.0);
#8461=DIRECTION('',(0.0044594236206154225,-0.999623134675663,0.02708693711317822));
#8462=DIRECTION('',(0,1,0));
#8463=DIRECTION('',(-0.16244695076987314,0,-0.9867172787508945));
#8464=FACE_SURFACE('',(#8469),#8465,.T.);
#8465=PLANE('',#8466);
#8466=AXIS2_PLACEMENT_3D('',#512,#8467,#8468);
#8467=DIRECTION('',(-0.9718009699456881,0,-0.23580261833283336));
#8468=DIRECTION('',(0,1,0));
#8469=FACE_BOUND('',#8470,.T.);
#8470=EDGE_LOOP('',(#8471,#8472,#8473));
#8471=ORIENTED_EDGE('',*,*,#8474,.T.);
#8472=ORIENTED_EDGE('',*,*,#8475,.T.);
#8473=ORIENTED_EDGE('',*,*,#8476,.T.);
#8474=EDGE_CURVE('',#513,#485,#8477,.F.);
#8475=EDGE_CURVE('',#485,#473,#8478,.T.);
#8476=EDGE_CURVE('',#473,#513,#8479,.T.);
#8477=LINE('',#512,#8480);
#8478=LINE('',#484,#8481);
#8479=LINE('',#472,#8482);
#8480=VECTOR('',#8483,1.0);
#8481=VECTOR('',#8484,1.0);
#8482=VECTOR('',#8485,1.0);
#8483=DIRECTION('',(0,1,0));
#8484=DIRECTION('',(0.23580261833283336,0,-0.9718009699456881));
#8485=DIRECTION('',(-0.006473137823172418,-0.9996231362992762,0.026677403582821734));
#8486=FACE_SURFACE('',(#8491),#8487,.T.);
#8487=PLANE('',#8488);
#8488=AXIS2_PLACEMENT_3D('',#508,#8489,#8490);
#8489=DIRECTION('',(-0.9718009699456881,0,-0.23580261833283336));
#8490=DIRECTION('',(-0.23580261833283336,0,0.9718009699456881));
#8491=FACE_BOUND('',#8492,.T.);
#8492=EDGE_LOOP('',(#8493,#8494,#8495));
#8493=ORIENTED_EDGE('',*,*,#8496,.T.);
#8494=ORIENTED_EDGE('',*,*,#8497,.T.);
#8495=ORIENTED_EDGE('',*,*,#8498,.T.);
#8496=EDGE_CURVE('',#509,#513,#8499,.F.);
#8497=EDGE_CURVE('',#513,#473,#8500,.T.);
#8498=EDGE_CURVE('',#473,#509,#8501,.T.);
#8499=LINE('',#508,#8502);
#8500=LINE('',#512,#8503);
#8501=LINE('',#472,#8504);
#8502=VECTOR('',#8505,1.0);
#8503=VECTOR('',#8506,1.0);
#8504=VECTOR('',#8507,1.0);
#8505=DIRECTION('',(-0.23580261833283336,0,0.9718009699456881));
#8506=DIRECTION('',(0.006473137823172418,0.9996231362992762,-0.026677403582821734));
#8507=DIRECTION('',(0,-1,0));
#8508=FACE_SURFACE('',(#8513),#8509,.T.);
#8509=PLANE('',#8510);
#8510=AXIS2_PLACEMENT_3D('',#514,#8511,#8512);
#8511=DIRECTION('',(-0.9867172787508945,0,0.16244695076987314));
#8512=DIRECTION('',(0.16244695076987314,0,0.9867172787508945));
#8513=FACE_BOUND('',#8514,.T.);
#8514=EDGE_LOOP('',(#8515,#8516,#8517));
#8515=ORIENTED_EDGE('',*,*,#8518,.T.);
#8516=ORIENTED_EDGE('',*,*,#8519,.T.);
#8517=ORIENTED_EDGE('',*,*,#8520,.T.);
#8518=EDGE_CURVE('',#515,#511,#8521,.F.);
#8519=EDGE_CURVE('',#511,#481,#8522,.T.);
#8520=EDGE_CURVE('',#481,#515,#8523,.T.);
#8521=LINE('',#514,#8524);
#8522=LINE('',#510,#8525);
#8523=LINE('',#480,#8526);
#8524=VECTOR('',#8527,1.0);
#8525=VECTOR('',#8528,1.0);
#8526=VECTOR('',#8529,1.0);
#8527=DIRECTION('',(0.16244695076987314,0,0.9867172787508945));
#8528=DIRECTION('',(-0.0044594236206154225,0.999623134675663,-0.02708693711317822));
#8529=DIRECTION('',(0,-1,0));
#8530=FACE_SURFACE('',(#8535),#8531,.T.);
#8531=PLANE('',#8532);
#8532=AXIS2_PLACEMENT_3D('',#478,#8533,#8534);
#8533=DIRECTION('',(-0.9995666353855568,0,0.02943707566993064));
#8534=DIRECTION('',(0.0008080974953691925,-0.9996231313248212,0.027439794073525328));
#8535=FACE_BOUND('',#8536,.T.);
#8536=EDGE_LOOP('',(#8537,#8538,#8539));
#8537=ORIENTED_EDGE('',*,*,#8540,.T.);
#8538=ORIENTED_EDGE('',*,*,#8541,.T.);
#8539=ORIENTED_EDGE('',*,*,#8542,.T.);
#8540=EDGE_CURVE('',#479,#515,#8543,.F.);
#8541=EDGE_CURVE('',#515,#481,#8544,.T.);
#8542=EDGE_CURVE('',#481,#479,#8545,.T.);
#8543=LINE('',#478,#8546);
#8544=LINE('',#514,#8547);
#8545=LINE('',#480,#8548);
#8546=VECTOR('',#8549,1.0);
#8547=VECTOR('',#8550,1.0);
#8548=VECTOR('',#8551,1.0);
#8549=DIRECTION('',(0.0008080974953691925,-0.9996231313248212,0.027439794073525328));
#8550=DIRECTION('',(0,1,0));
#8551=DIRECTION('',(-0.02943707566993064,0,-0.9995666353855568));
#8552=FACE_SURFACE('',(#8557),#8553,.T.);
#8553=PLANE('',#8554);
#8554=AXIS2_PLACEMENT_3D('',#516,#8555,#8556);
#8555=DIRECTION('',(-0.9945623386792835,0,-0.1041429521417284));
#8556=DIRECTION('',(0,1,0));
#8557=FACE_BOUND('',#8558,.T.);
#8558=EDGE_LOOP('',(#8559,#8560,#8561));
#8559=ORIENTED_EDGE('',*,*,#8562,.T.);
#8560=ORIENTED_EDGE('',*,*,#8563,.T.);
#8561=ORIENTED_EDGE('',*,*,#8564,.T.);
#8562=EDGE_CURVE('',#517,#479,#8565,.F.);
#8563=EDGE_CURVE('',#479,#485,#8566,.T.);
#8564=EDGE_CURVE('',#485,#517,#8567,.T.);
#8565=LINE('',#516,#8568);
#8566=LINE('',#478,#8569);
#8567=LINE('',#484,#8570);
#8568=VECTOR('',#8571,1.0);
#8569=VECTOR('',#8572,1.0);
#8570=VECTOR('',#8573,1.0);
#8571=DIRECTION('',(0,1,0));
#8572=DIRECTION('',(0.1041429521417284,0,-0.9945623386792835));
#8573=DIRECTION('',(-0.0028588995428661286,-0.9996231314736125,0.027302412279733956));
#8574=FACE_SURFACE('',(#8579),#8575,.T.);
#8575=PLANE('',#8576);
#8576=AXIS2_PLACEMENT_3D('',#512,#8577,#8578);
#8577=DIRECTION('',(-0.9945623386792835,0,-0.1041429521417284));
#8578=DIRECTION('',(-0.1041429521417284,0,0.9945623386792835));
#8579=FACE_BOUND('',#8580,.T.);
#8580=EDGE_LOOP('',(#8581,#8582,#8583));
#8581=ORIENTED_EDGE('',*,*,#8584,.T.);
#8582=ORIENTED_EDGE('',*,*,#8585,.T.);
#8583=ORIENTED_EDGE('',*,*,#8586,.T.);
#8584=EDGE_CURVE('',#513,#517,#8587,.F.);
#8585=EDGE_CURVE('',#517,#485,#8588,.T.);
#8586=EDGE_CURVE('',#485,#513,#8589,.T.);
#8587=LINE('',#512,#8590);
#8588=LINE('',#516,#8591);
#8589=LINE('',#484,#8592);
#8590=VECTOR('',#8593,1.0);
#8591=VECTOR('',#8594,1.0);
#8592=VECTOR('',#8595,1.0);
#8593=DIRECTION('',(-0.1041429521417284,0,0.9945623386792835));
#8594=DIRECTION('',(0.0028588995428661286,0.9996231314736125,-0.027302412279733956));
#8595=DIRECTION('',(0,-1,0));
#8596=FACE_SURFACE('',(#8601),#8597,.T.);
#8597=PLANE('',#8598);
#8598=AXIS2_PLACEMENT_3D('',#516,#8599,#8600);
#8599=DIRECTION('',(-0.9995666353855568,0,0.02943707566993064));
#8600=DIRECTION('',(0.02943707566993064,0,0.9995666353855568));
#8601=FACE_BOUND('',#8602,.T.);
#8602=EDGE_LOOP('',(#8603,#8604,#8605));
#8603=ORIENTED_EDGE('',*,*,#8606,.T.);
#8604=ORIENTED_EDGE('',*,*,#8607,.T.);
#8605=ORIENTED_EDGE('',*,*,#8608,.T.);
#8606=EDGE_CURVE('',#517,#515,#8609,.F.);
#8607=EDGE_CURVE('',#515,#479,#8610,.T.);
#8608=EDGE_CURVE('',#479,#517,#8611,.T.);
#8609=LINE('',#516,#8612);
#8610=LINE('',#514,#8613);
#8611=LINE('',#478,#8614);
#8612=VECTOR('',#8615,1.0);
#8613=VECTOR('',#8616,1.0);
#8614=VECTOR('',#8617,1.0);
#8615=DIRECTION('',(0.02943707566993064,0,0.9995666353855568));
#8616=DIRECTION('',(-0.0008080974953691925,0.9996231313248212,-0.027439794073525328));
#8617=DIRECTION('',(0,-1,0));
#8618=FACE_SURFACE('',(#8623),#8619,.T.);
#8619=PLANE('',#8620);
#8620=AXIS2_PLACEMENT_3D('',#518,#8621,#8622);
#8621=DIRECTION('',(0.004855733787170119,-0.993238552384312,-0.11598965430978896));
#8622=DIRECTION('',(-0.9991248734727693,0,-0.04182687184122726));
#8623=FACE_BOUND('',#8624,.T.);
#8624=EDGE_LOOP('',(#8625,#8626,#8627));
#8625=ORIENTED_EDGE('',*,*,#8628,.T.);
#8626=ORIENTED_EDGE('',*,*,#8629,.T.);
#8627=ORIENTED_EDGE('',*,*,#8630,.T.);
#8628=EDGE_CURVE('',#519,#121,#8631,.F.);
#8629=EDGE_CURVE('',#121,#521,#8632,.T.);
#8630=EDGE_CURVE('',#521,#519,#8633,.T.);
#8631=LINE('',#518,#8634);
#8632=LINE('',#120,#8635);
#8633=LINE('',#520,#8636);
#8634=VECTOR('',#8637,1.0);
#8635=VECTOR('',#8638,1.0);
#8636=VECTOR('',#8639,1.0);
#8637=DIRECTION('',(-0.9991248734727693,0,-0.04182687184122726));
#8638=DIRECTION('',(0.9936925153602034,0.017787680570652747,-0.1107193900679921));
#8639=DIRECTION('',(-0.041561913607900104,-0.11609124882269808,0.992368595474502));
#8640=FACE_SURFACE('',(#8645),#8641,.T.);
#8641=PLANE('',#8642);
#8642=AXIS2_PLACEMENT_3D('',#120,#8643,#8644);
#8643=DIRECTION('',(0.004855841628245188,-0.9932386628108616,-0.11598870419042064));
#8644=DIRECTION('',(0.041561575368676024,0.11609030404873279,-0.992368720163401));
#8645=FACE_BOUND('',#8646,.T.);
#8646=EDGE_LOOP('',(#8647,#8648,#8649));
#8647=ORIENTED_EDGE('',*,*,#8650,.T.);
#8648=ORIENTED_EDGE('',*,*,#8651,.T.);
#8649=ORIENTED_EDGE('',*,*,#8652,.T.);
#8650=EDGE_CURVE('',#121,#119,#8653,.F.);
#8651=EDGE_CURVE('',#119,#521,#8654,.T.);
#8652=EDGE_CURVE('',#521,#121,#8655,.T.);
#8653=LINE('',#120,#8656);
#8654=LINE('',#118,#8657);
#8655=LINE('',#520,#8658);
#8656=VECTOR('',#8659,1.0);
#8657=VECTOR('',#8660,1.0);
#8658=VECTOR('',#8661,1.0);
#8659=DIRECTION('',(0.041561575368676024,0.11609030404873279,-0.992368720163401));
#8660=DIRECTION('',(0.9991248203329075,0,0.041828141181925654));
#8661=DIRECTION('',(-0.9936925153602034,-0.017787680570652747,0.1107193900679921));
#8662=FACE_SURFACE('',(#8667),#8663,.T.);
#8663=PLANE('',#8664);
#8664=AXIS2_PLACEMENT_3D('',#118,#8665,#8666);
#8665=DIRECTION('',(0,-1,0));
#8666=DIRECTION('',(0.9937360545252344,0,-0.11175264621752994));
#8667=FACE_BOUND('',#8668,.T.);
#8668=EDGE_LOOP('',(#8669,#8670,#8671));
#8669=ORIENTED_EDGE('',*,*,#8672,.T.);
#8670=ORIENTED_EDGE('',*,*,#8673,.T.);
#8671=ORIENTED_EDGE('',*,*,#8674,.T.);
#8672=EDGE_CURVE('',#119,#523,#8675,.F.);
#8673=EDGE_CURVE('',#523,#521,#8676,.T.);
#8674=EDGE_CURVE('',#521,#119,#8677,.T.);
#8675=LINE('',#118,#8678);
#8676=LINE('',#522,#8679);
#8677=LINE('',#520,#8680);
#8678=VECTOR('',#8681,1.0);
#8679=VECTOR('',#8682,1.0);
#8680=VECTOR('',#8683,1.0);
#8681=DIRECTION('',(0.9937360545252344,0,-0.11175264621752994));
#8682=DIRECTION('',(-0.041824636848404866,0,0.9991249670349046));
#8683=DIRECTION('',(-0.9991248203329075,0,-0.041828141181925654));
#8684=FACE_SURFACE('',(#8689),#8685,.T.);
#8685=PLANE('',#8686);
#8686=AXIS2_PLACEMENT_3D('',#522,#8687,#8688);
#8687=DIRECTION('',(-0.999124967033122,1.8889318282178282E-06,-0.041824636848330245));
#8688=DIRECTION('',(-0.0024337767766811798,-0.9983081494449109,0.058094022777551234));
#8689=FACE_BOUND('',#8690,.T.);
#8690=EDGE_LOOP('',(#8691,#8692,#8693));
#8691=ORIENTED_EDGE('',*,*,#8694,.T.);
#8692=ORIENTED_EDGE('',*,*,#8695,.T.);
#8693=ORIENTED_EDGE('',*,*,#8696,.T.);
#8694=EDGE_CURVE('',#523,#525,#8697,.F.);
#8695=EDGE_CURVE('',#525,#521,#8698,.T.);
#8696=EDGE_CURVE('',#521,#523,#8699,.T.);
#8697=LINE('',#522,#8700);
#8698=LINE('',#524,#8701);
#8699=LINE('',#520,#8702);
#8700=VECTOR('',#8703,1.0);
#8701=VECTOR('',#8704,1.0);
#8702=VECTOR('',#8705,1.0);
#8703=DIRECTION('',(-0.0024337767766811798,-0.9983081494449109,0.058094022777551234));
#8704=DIRECTION('',(-0.0024299622367069834,0.9983082140146561,0.05809307286067735));
#8705=DIRECTION('',(0.041824636848404866,0,-0.9991249670349046));
#8706=FACE_SURFACE('',(#8711),#8707,.T.);
#8707=PLANE('',#8708);
#8708=AXIS2_PLACEMENT_3D('',#524,#8709,#8710);
#8709=DIRECTION('',(-0.999124135771233,3.0462171460659893E-06,-0.041844489602660066));
#8710=DIRECTION('',(-0.007263183214162696,0.9848079166717767,0.17349528359639182));
#8711=FACE_BOUND('',#8712,.T.);
#8712=EDGE_LOOP('',(#8713,#8714,#8715));
#8713=ORIENTED_EDGE('',*,*,#8716,.T.);
#8714=ORIENTED_EDGE('',*,*,#8717,.T.);
#8715=ORIENTED_EDGE('',*,*,#8718,.T.);
#8716=EDGE_CURVE('',#525,#519,#8719,.F.);
#8717=EDGE_CURVE('',#519,#521,#8720,.T.);
#8718=EDGE_CURVE('',#521,#525,#8721,.T.);
#8719=LINE('',#524,#8722);
#8720=LINE('',#518,#8723);
#8721=LINE('',#520,#8724);
#8722=VECTOR('',#8725,1.0);
#8723=VECTOR('',#8726,1.0);
#8724=VECTOR('',#8727,1.0);
#8725=DIRECTION('',(-0.007263183214162696,0.9848079166717767,0.17349528359639182));
#8726=DIRECTION('',(0.041561913607900104,0.11609124882269808,-0.992368595474502));
#8727=DIRECTION('',(0.0024299622367069834,-0.9983082140146561,-0.05809307286067735));
#8728=FACE_SURFACE('',(#8733),#8729,.T.);
#8729=PLANE('',#8730);
#8730=AXIS2_PLACEMENT_3D('',#118,#8731,#8732);
#8731=DIRECTION('',(0,-1,0));
#8732=DIRECTION('',(0.041824294151298194,0,-0.9991249813805807));
#8733=FACE_BOUND('',#8734,.T.);
#8734=EDGE_LOOP('',(#8735,#8736,#8737));
#8735=ORIENTED_EDGE('',*,*,#8738,.T.);
#8736=ORIENTED_EDGE('',*,*,#8739,.T.);
#8737=ORIENTED_EDGE('',*,*,#8740,.T.);
#8738=EDGE_CURVE('',#119,#135,#8741,.F.);
#8739=EDGE_CURVE('',#135,#523,#8742,.T.);
#8740=EDGE_CURVE('',#523,#119,#8743,.T.);
#8741=LINE('',#118,#8744);
#8742=LINE('',#134,#8745);
#8743=LINE('',#522,#8746);
#8744=VECTOR('',#8747,1.0);
#8745=VECTOR('',#8748,1.0);
#8746=VECTOR('',#8749,1.0);
#8747=DIRECTION('',(0.041824294151298194,0,-0.9991249813805807));
#8748=DIRECTION('',(0.9991247671914388,0,0.04182941052242151));
#8749=DIRECTION('',(-0.9937360545252344,0,0.11175264621752994));
#8750=FACE_SURFACE('',(#8755),#8751,.T.);
#8751=PLANE('',#8752);
#8752=AXIS2_PLACEMENT_3D('',#134,#8753,#8754);
#8753=DIRECTION('',(-0.004856035123778361,-0.9932385338921724,0.11598980004554062));
#8754=DIRECTION('',(0.9936927286474114,-0.01778777436082179,-0.11071746075732758));
#8755=FACE_BOUND('',#8756,.T.);
#8756=EDGE_LOOP('',(#8757,#8758,#8759));
#8757=ORIENTED_EDGE('',*,*,#8760,.T.);
#8758=ORIENTED_EDGE('',*,*,#8761,.T.);
#8759=ORIENTED_EDGE('',*,*,#8762,.T.);
#8760=EDGE_CURVE('',#135,#527,#8763,.F.);
#8761=EDGE_CURVE('',#527,#523,#8764,.T.);
#8762=EDGE_CURVE('',#523,#135,#8765,.T.);
#8763=LINE('',#134,#8766);
#8764=LINE('',#526,#8767);
#8765=LINE('',#522,#8768);
#8766=VECTOR('',#8769,1.0);
#8767=VECTOR('',#8770,1.0);
#8768=VECTOR('',#8771,1.0);
#8769=DIRECTION('',(0.9936927286474114,-0.01778777436082179,-0.11071746075732758));
#8770=DIRECTION('',(-0.04152916680072499,0.11609140703614988,0.9923699479111631));
#8771=DIRECTION('',(-0.9991247671914388,0,-0.04182941052242151));
#8772=FACE_SURFACE('',(#8777),#8773,.T.);
#8773=PLANE('',#8774);
#8774=AXIS2_PLACEMENT_3D('',#526,#8775,#8776);
#8775=DIRECTION('',(-0.999125488339353,2.614994952260524E-06,-0.04181218176334645));
#8776=DIRECTION('',(-0.0072631820124080156,-0.9848077537270336,0.1734962085642484));
#8777=FACE_BOUND('',#8778,.T.);
#8778=EDGE_LOOP('',(#8779,#8780,#8781));
#8779=ORIENTED_EDGE('',*,*,#8782,.T.);
#8780=ORIENTED_EDGE('',*,*,#8783,.T.);
#8781=ORIENTED_EDGE('',*,*,#8784,.T.);
#8782=EDGE_CURVE('',#527,#525,#8785,.F.);
#8783=EDGE_CURVE('',#525,#523,#8786,.T.);
#8784=EDGE_CURVE('',#523,#527,#8787,.T.);
#8785=LINE('',#526,#8788);
#8786=LINE('',#524,#8789);
#8787=LINE('',#522,#8790);
#8788=VECTOR('',#8791,1.0);
#8789=VECTOR('',#8792,1.0);
#8790=VECTOR('',#8793,1.0);
#8791=DIRECTION('',(-0.0072631820124080156,-0.9848077537270336,0.1734962085642484));
#8792=DIRECTION('',(0.0024337767766811798,0.9983081494449109,-0.058094022777551234));
#8793=DIRECTION('',(0.04152916680072499,-0.11609140703614988,-0.9923699479111631));
#8794=FACE_SURFACE('',(#8799),#8795,.T.);
#8795=PLANE('',#8796);
#8796=AXIS2_PLACEMENT_3D('',#132,#8797,#8798);
#8797=DIRECTION('',(-0.004856035123778361,-0.9932385338921724,0.11598980004554062));
#8798=DIRECTION('',(0.9991247671914388,0,0.04182941052242151));
#8799=FACE_BOUND('',#8800,.T.);
#8800=EDGE_LOOP('',(#8801,#8802,#8803));
#8801=ORIENTED_EDGE('',*,*,#8804,.T.);
#8802=ORIENTED_EDGE('',*,*,#8805,.T.);
#8803=ORIENTED_EDGE('',*,*,#8806,.T.);
#8804=EDGE_CURVE('',#133,#527,#8807,.F.);
#8805=EDGE_CURVE('',#527,#135,#8808,.T.);
#8806=EDGE_CURVE('',#135,#133,#8809,.T.);
#8807=LINE('',#132,#8810);
#8808=LINE('',#526,#8811);
#8809=LINE('',#134,#8812);
#8810=VECTOR('',#8813,1.0);
#8811=VECTOR('',#8814,1.0);
#8812=VECTOR('',#8815,1.0);
#8813=DIRECTION('',(0.9991247671914388,0,0.04182941052242151));
#8814=DIRECTION('',(-0.9936927286474114,0.01778777436082179,0.11071746075732758));
#8815=DIRECTION('',(0.04152916680072499,-0.11609140703614988,-0.9923699479111631));
#8816=FACE_SURFACE('',(#8821),#8817,.T.);
#8817=PLANE('',#8818);
#8818=AXIS2_PLACEMENT_3D('',#528,#8819,#8820);
#8819=DIRECTION('',(0.009646196877819209,-0.9730467349488876,-0.23040616851791026));
#8820=DIRECTION('',(-0.9991247671914388,0,-0.04182941052242151));
#8821=FACE_BOUND('',#8822,.T.);
#8822=EDGE_LOOP('',(#8823,#8824,#8825));
#8823=ORIENTED_EDGE('',*,*,#8826,.T.);
#8824=ORIENTED_EDGE('',*,*,#8827,.T.);
#8825=ORIENTED_EDGE('',*,*,#8828,.T.);
#8826=EDGE_CURVE('',#529,#123,#8829,.F.);
#8827=EDGE_CURVE('',#123,#519,#8830,.T.);
#8828=EDGE_CURVE('',#519,#529,#8831,.T.);
#8829=LINE('',#528,#8832);
#8830=LINE('',#122,#8833);
#8831=LINE('',#518,#8834);
#8832=VECTOR('',#8835,1.0);
#8833=VECTOR('',#8836,1.0);
#8834=VECTOR('',#8837,1.0);
#8835=DIRECTION('',(-0.9991247671914388,0,-0.04182941052242151));
#8836=DIRECTION('',(0.9935633623523833,0.035334158436931225,-0.10762593664438241));
#8837=DIRECTION('',(-0.04070903744187049,-0.23060800420334368,0.9721947966677805));
#8838=FACE_SURFACE('',(#8843),#8839,.T.);
#8839=PLANE('',#8840);
#8840=AXIS2_PLACEMENT_3D('',#122,#8841,#8842);
#8841=DIRECTION('',(0.009645765245847763,-0.9730458634466045,-0.23040986706795785));
#8842=DIRECTION('',(0.040709686584165794,0.2306116814558304,-0.972193897221297));
#8843=FACE_BOUND('',#8844,.T.);
#8844=EDGE_LOOP('',(#8845,#8846,#8847));
#8845=ORIENTED_EDGE('',*,*,#8848,.T.);
#8846=ORIENTED_EDGE('',*,*,#8849,.T.);
#8847=ORIENTED_EDGE('',*,*,#8850,.T.);
#8848=EDGE_CURVE('',#123,#121,#8851,.F.);
#8849=EDGE_CURVE('',#121,#519,#8852,.T.);
#8850=EDGE_CURVE('',#519,#123,#8853,.T.);
#8851=LINE('',#122,#8854);
#8852=LINE('',#120,#8855);
#8853=LINE('',#518,#8856);
#8854=VECTOR('',#8857,1.0);
#8855=VECTOR('',#8858,1.0);
#8856=VECTOR('',#8859,1.0);
#8857=DIRECTION('',(0.040709686584165794,0.2306116814558304,-0.972193897221297));
#8858=DIRECTION('',(0.9991248734727693,0,0.04182687184122726));
#8859=DIRECTION('',(-0.9935633623523833,-0.035334158436931225,0.10762593664438241));
#8860=FACE_SURFACE('',(#8865),#8861,.T.);
#8861=PLANE('',#8862);
#8862=AXIS2_PLACEMENT_3D('',#524,#8863,#8864);
#8863=DIRECTION('',(-0.9991244790010834,1.5997737594230005E-06,-0.04183629355301872));
#8864=DIRECTION('',(-0.01199721234284549,0.9579898033314156,0.28655122335986705));
#8865=FACE_BOUND('',#8866,.T.);
#8866=EDGE_LOOP('',(#8867,#8868,#8869));
#8867=ORIENTED_EDGE('',*,*,#8870,.T.);
#8868=ORIENTED_EDGE('',*,*,#8871,.T.);
#8869=ORIENTED_EDGE('',*,*,#8872,.T.);
#8870=EDGE_CURVE('',#525,#529,#8873,.F.);
#8871=EDGE_CURVE('',#529,#519,#8874,.T.);
#8872=EDGE_CURVE('',#519,#525,#8875,.T.);
#8873=LINE('',#524,#8876);
#8874=LINE('',#528,#8877);
#8875=LINE('',#518,#8878);
#8876=VECTOR('',#8879,1.0);
#8877=VECTOR('',#8880,1.0);
#8878=VECTOR('',#8881,1.0);
#8879=DIRECTION('',(-0.01199721234284549,0.9579898033314156,0.28655122335986705));
#8880=DIRECTION('',(0.04070903744187049,0.23060800420334368,-0.9721947966677805));
#8881=DIRECTION('',(0.007263183214162696,-0.9848079166717767,-0.17349528359639182));
#8882=FACE_SURFACE('',(#8887),#8883,.T.);
#8883=PLANE('',#8884);
#8884=AXIS2_PLACEMENT_3D('',#132,#8885,#8886);
#8885=DIRECTION('',(-0.009646196877819209,-0.9730467349488876,0.23040616851791026));
#8886=DIRECTION('',(0.9935633623523833,-0.035334158436931225,-0.10762593664438241));
#8887=FACE_BOUND('',#8888,.T.);
#8888=EDGE_LOOP('',(#8889,#8890,#8891));
#8889=ORIENTED_EDGE('',*,*,#8892,.T.);
#8890=ORIENTED_EDGE('',*,*,#8893,.T.);
#8891=ORIENTED_EDGE('',*,*,#8894,.T.);
#8892=EDGE_CURVE('',#133,#531,#8895,.F.);
#8893=EDGE_CURVE('',#531,#527,#8896,.T.);
#8894=EDGE_CURVE('',#527,#133,#8897,.T.);
#8895=LINE('',#132,#8898);
#8896=LINE('',#530,#8899);
#8897=LINE('',#526,#8900);
#8898=VECTOR('',#8901,1.0);
#8899=VECTOR('',#8902,1.0);
#8900=VECTOR('',#8903,1.0);
#8901=DIRECTION('',(0.9935633623523833,-0.035334158436931225,-0.10762593664438241));
#8902=DIRECTION('',(-0.04070903744187049,0.23060800420334368,0.9721947966677805));
#8903=DIRECTION('',(-0.9991247671914388,0,-0.04182941052242151));
#8904=FACE_SURFACE('',(#8909),#8905,.T.);
#8905=PLANE('',#8906);
#8906=AXIS2_PLACEMENT_3D('',#530,#8907,#8908);
#8907=DIRECTION('',(-0.9991244793866018,-1.6386623379524315E-06,-0.04183628434465489));
#8908=DIRECTION('',(-0.01199720906428756,-0.9579895415351768,0.28655209872532683));
#8909=FACE_BOUND('',#8910,.T.);
#8910=EDGE_LOOP('',(#8911,#8912,#8913));
#8911=ORIENTED_EDGE('',*,*,#8914,.T.);
#8912=ORIENTED_EDGE('',*,*,#8915,.T.);
#8913=ORIENTED_EDGE('',*,*,#8916,.T.);
#8914=EDGE_CURVE('',#531,#525,#8917,.F.);
#8915=EDGE_CURVE('',#525,#527,#8918,.T.);
#8916=EDGE_CURVE('',#527,#531,#8919,.T.);
#8917=LINE('',#530,#8920);
#8918=LINE('',#524,#8921);
#8919=LINE('',#526,#8922);
#8920=VECTOR('',#8923,1.0);
#8921=VECTOR('',#8924,1.0);
#8922=VECTOR('',#8925,1.0);
#8923=DIRECTION('',(-0.01199720906428756,-0.9579895415351768,0.28655209872532683));
#8924=DIRECTION('',(0.0072631820124080156,0.9848077537270336,-0.1734962085642484));
#8925=DIRECTION('',(0.04070903744187049,-0.23060800420334368,-0.9721947966677805));
#8926=FACE_SURFACE('',(#8931),#8927,.T.);
#8927=PLANE('',#8928);
#8928=AXIS2_PLACEMENT_3D('',#166,#8929,#8930);
#8929=DIRECTION('',(-0.009646196877819209,-0.9730467349488876,0.23040616851791026));
#8930=DIRECTION('',(0.9991247671914388,0,0.04182941052242151));
#8931=FACE_BOUND('',#8932,.T.);
#8932=EDGE_LOOP('',(#8933,#8934,#8935));
#8933=ORIENTED_EDGE('',*,*,#8936,.T.);
#8934=ORIENTED_EDGE('',*,*,#8937,.T.);
#8935=ORIENTED_EDGE('',*,*,#8938,.T.);
#8936=EDGE_CURVE('',#167,#531,#8939,.F.);
#8937=EDGE_CURVE('',#531,#133,#8940,.T.);
#8938=EDGE_CURVE('',#133,#167,#8941,.T.);
#8939=LINE('',#166,#8942);
#8940=LINE('',#530,#8943);
#8941=LINE('',#132,#8944);
#8942=VECTOR('',#8945,1.0);
#8943=VECTOR('',#8946,1.0);
#8944=VECTOR('',#8947,1.0);
#8945=DIRECTION('',(0.9991247671914388,0,0.04182941052242151));
#8946=DIRECTION('',(-0.9935633623523833,0.035334158436931225,0.10762593664438241));
#8947=DIRECTION('',(0.04070903744187049,-0.23060800420334368,-0.9721947966677805));
#8948=FACE_SURFACE('',(#8953),#8949,.T.);
#8949=PLANE('',#8950);
#8950=AXIS2_PLACEMENT_3D('',#532,#8951,#8952);
#8951=DIRECTION('',(0.014306506342813987,-0.9396925741407794,-0.34172092411928606));
#8952=DIRECTION('',(-0.9991247671914388,0,-0.04182941052242151));
#8953=FACE_BOUND('',#8954,.T.);
#8954=EDGE_LOOP('',(#8955,#8956,#8957));
#8955=ORIENTED_EDGE('',*,*,#8958,.T.);
#8956=ORIENTED_EDGE('',*,*,#8959,.T.);
#8957=ORIENTED_EDGE('',*,*,#8960,.T.);
#8958=EDGE_CURVE('',#533,#125,#8961,.F.);
#8959=EDGE_CURVE('',#125,#529,#8962,.T.);
#8960=EDGE_CURVE('',#529,#533,#8963,.T.);
#8961=LINE('',#532,#8964);
#8962=LINE('',#124,#8965);
#8963=LINE('',#528,#8966);
#8964=VECTOR('',#8967,1.0);
#8965=VECTOR('',#8968,1.0);
#8966=VECTOR('',#8969,1.0);
#8967=DIRECTION('',(-0.9991247671914388,0,-0.04182941052242151));
#8968=DIRECTION('',(0.993349317943317,0.05240574326045112,-0.10252204940824357));
#8969=DIRECTION('',(-0.039297970097307816,-0.34202027146876457,0.938870493439145));
#8970=FACE_SURFACE('',(#8975),#8971,.T.);
#8971=PLANE('',#8972);
#8972=AXIS2_PLACEMENT_3D('',#124,#8973,#8974);
#8973=DIRECTION('',(0.014306506342813987,-0.9396925741407794,-0.34172092411928606));
#8974=DIRECTION('',(0.039297970097307816,0.34202027146876457,-0.938870493439145));
#8975=FACE_BOUND('',#8976,.T.);
#8976=EDGE_LOOP('',(#8977,#8978,#8979));
#8977=ORIENTED_EDGE('',*,*,#8980,.T.);
#8978=ORIENTED_EDGE('',*,*,#8981,.T.);
#8979=ORIENTED_EDGE('',*,*,#8982,.T.);
#8980=EDGE_CURVE('',#125,#123,#8983,.F.);
#8981=EDGE_CURVE('',#123,#529,#8984,.T.);
#8982=EDGE_CURVE('',#529,#125,#8985,.T.);
#8983=LINE('',#124,#8986);
#8984=LINE('',#122,#8987);
#8985=LINE('',#528,#8988);
#8986=VECTOR('',#8989,1.0);
#8987=VECTOR('',#8990,1.0);
#8988=VECTOR('',#8991,1.0);
#8989=DIRECTION('',(0.039297970097307816,0.34202027146876457,-0.938870493439145));
#8990=DIRECTION('',(0.9991247671914388,0,0.04182941052242151));
#8991=DIRECTION('',(-0.993349317943317,-0.05240574326045112,0.10252204940824357));
#8992=FACE_SURFACE('',(#8997),#8993,.T.);
#8993=PLANE('',#8994);
#8994=AXIS2_PLACEMENT_3D('',#524,#8995,#8996);
#8995=DIRECTION('',(-0.9991251149995326,-2.952260233168277E-06,-0.041821101951706276));
#8996=DIRECTION('',(-0.016567216491396704,0.9182159441772147,0.39573350527403306));
#8997=FACE_BOUND('',#8998,.T.);
#8998=EDGE_LOOP('',(#8999,#9000,#9001));
#8999=ORIENTED_EDGE('',*,*,#9002,.T.);
#9000=ORIENTED_EDGE('',*,*,#9003,.T.);
#9001=ORIENTED_EDGE('',*,*,#9004,.T.);
#9002=EDGE_CURVE('',#525,#533,#9005,.F.);
#9003=EDGE_CURVE('',#533,#529,#9006,.T.);
#9004=EDGE_CURVE('',#529,#525,#9007,.T.);
#9005=LINE('',#524,#9008);
#9006=LINE('',#532,#9009);
#9007=LINE('',#528,#9010);
#9008=VECTOR('',#9011,1.0);
#9009=VECTOR('',#9012,1.0);
#9010=VECTOR('',#9013,1.0);
#9011=DIRECTION('',(-0.016567216491396704,0.9182159441772147,0.39573350527403306));
#9012=DIRECTION('',(0.039297970097307816,0.34202027146876457,-0.938870493439145));
#9013=DIRECTION('',(0.01199721234284549,-0.9579898033314156,-0.28655122335986705));
#9014=FACE_SURFACE('',(#9019),#9015,.T.);
#9015=PLANE('',#9016);
#9016=AXIS2_PLACEMENT_3D('',#166,#9017,#9018);
#9017=DIRECTION('',(-0.01430672664999848,-0.9396906571644281,0.34172618631068835));
#9018=DIRECTION('',(0.9933495738752423,-0.05240575676255206,-0.10251956271862796));
#9019=FACE_BOUND('',#9020,.T.);
#9020=EDGE_LOOP('',(#9021,#9022,#9023));
#9021=ORIENTED_EDGE('',*,*,#9024,.T.);
#9022=ORIENTED_EDGE('',*,*,#9025,.T.);
#9023=ORIENTED_EDGE('',*,*,#9026,.T.);
#9024=EDGE_CURVE('',#167,#535,#9027,.F.);
#9025=EDGE_CURVE('',#535,#531,#9028,.T.);
#9026=EDGE_CURVE('',#531,#167,#9029,.T.);
#9027=LINE('',#166,#9030);
#9028=LINE('',#534,#9031);
#9029=LINE('',#530,#9032);
#9030=VECTOR('',#9033,1.0);
#9031=VECTOR('',#9034,1.0);
#9032=VECTOR('',#9035,1.0);
#9033=DIRECTION('',(0.9933495738752423,-0.05240575676255206,-0.10251956271862796));
#9034=DIRECTION('',(-0.039298575250530536,0.3420255382718336,0.9388685494536181));
#9035=DIRECTION('',(-0.9991247671914388,0,-0.04182941052242151));
#9036=FACE_SURFACE('',(#9041),#9037,.T.);
#9037=PLANE('',#9038);
#9038=AXIS2_PLACEMENT_3D('',#534,#9039,#9040);
#9039=DIRECTION('',(-0.9991250880432849,2.717655491068176E-06,-0.04182174595963918));
#9040=DIRECTION('',(-0.01656722274386961,-0.9182162907122116,0.39573270095010127));
#9041=FACE_BOUND('',#9042,.T.);
#9042=EDGE_LOOP('',(#9043,#9044,#9045));
#9043=ORIENTED_EDGE('',*,*,#9046,.T.);
#9044=ORIENTED_EDGE('',*,*,#9047,.T.);
#9045=ORIENTED_EDGE('',*,*,#9048,.T.);
#9046=EDGE_CURVE('',#535,#525,#9049,.F.);
#9047=EDGE_CURVE('',#525,#531,#9050,.T.);
#9048=EDGE_CURVE('',#531,#535,#9051,.T.);
#9049=LINE('',#534,#9052);
#9050=LINE('',#524,#9053);
#9051=LINE('',#530,#9054);
#9052=VECTOR('',#9055,1.0);
#9053=VECTOR('',#9056,1.0);
#9054=VECTOR('',#9057,1.0);
#9055=DIRECTION('',(-0.01656722274386961,-0.9182162907122116,0.39573270095010127));
#9056=DIRECTION('',(0.01199720906428756,0.9579895415351768,-0.28655209872532683));
#9057=DIRECTION('',(0.039298575250530536,-0.3420255382718336,-0.9388685494536181));
#9058=FACE_SURFACE('',(#9063),#9059,.T.);
#9059=PLANE('',#9060);
#9060=AXIS2_PLACEMENT_3D('',#158,#9061,#9062);
#9061=DIRECTION('',(-0.01430672664999848,-0.9396906571644281,0.34172618631068835));
#9062=DIRECTION('',(0.9991247671914388,0,0.04182941052242151));
#9063=FACE_BOUND('',#9064,.T.);
#9064=EDGE_LOOP('',(#9065,#9066,#9067));
#9065=ORIENTED_EDGE('',*,*,#9068,.T.);
#9066=ORIENTED_EDGE('',*,*,#9069,.T.);
#9067=ORIENTED_EDGE('',*,*,#9070,.T.);
#9068=EDGE_CURVE('',#159,#535,#9071,.F.);
#9069=EDGE_CURVE('',#535,#167,#9072,.T.);
#9070=EDGE_CURVE('',#167,#159,#9073,.T.);
#9071=LINE('',#158,#9074);
#9072=LINE('',#534,#9075);
#9073=LINE('',#166,#9076);
#9074=VECTOR('',#9077,1.0);
#9075=VECTOR('',#9078,1.0);
#9076=VECTOR('',#9079,1.0);
#9077=DIRECTION('',(0.9991247671914388,0,0.04182941052242151));
#9078=DIRECTION('',(-0.9933495738752423,0.05240575676255206,0.10251956271862796));
#9079=DIRECTION('',(0.039298575250530536,-0.3420255382718336,-0.9388685494536181));
#9080=FACE_SURFACE('',(#9085),#9081,.T.);
#9081=PLANE('',#9082);
#9082=AXIS2_PLACEMENT_3D('',#536,#9083,#9084);
#9083=DIRECTION('',(0.018773161812783337,-0.8936307593729095,-0.44841011841633116));
#9084=DIRECTION('',(-0.9991247671914388,0,-0.04182941052242151));
#9085=FACE_BOUND('',#9086,.T.);
#9086=EDGE_LOOP('',(#9087,#9088,#9089));
#9087=ORIENTED_EDGE('',*,*,#9090,.T.);
#9088=ORIENTED_EDGE('',*,*,#9091,.T.);
#9089=ORIENTED_EDGE('',*,*,#9092,.T.);
#9090=EDGE_CURVE('',#537,#127,#9093,.F.);
#9091=EDGE_CURVE('',#127,#533,#9094,.T.);
#9092=EDGE_CURVE('',#533,#537,#9095,.T.);
#9093=LINE('',#536,#9096);
#9094=LINE('',#126,#9097);
#9095=LINE('',#532,#9098);
#9096=VECTOR('',#9099,1.0);
#9097=VECTOR('',#9100,1.0);
#9098=VECTOR('',#9101,1.0);
#9099=DIRECTION('',(-0.9991247671914388,0,-0.04182941052242151));
#9100=DIRECTION('',(0.9930544245207193,0.06876616023829038,-0.09546792731543234));
#9101=DIRECTION('',(-0.03736333969439847,-0.4488029253985186,0.8928493237946774));
#9102=FACE_SURFACE('',(#9107),#9103,.T.);
#9103=PLANE('',#9104);
#9104=AXIS2_PLACEMENT_3D('',#126,#9105,#9106);
#9105=DIRECTION('',(0.018773161812783337,-0.8936307593729095,-0.44841011841633116));
#9106=DIRECTION('',(0.03736333969439847,0.4488029253985186,-0.8928493237946774));
#9107=FACE_BOUND('',#9108,.T.);
#9108=EDGE_LOOP('',(#9109,#9110,#9111));
#9109=ORIENTED_EDGE('',*,*,#9112,.T.);
#9110=ORIENTED_EDGE('',*,*,#9113,.T.);
#9111=ORIENTED_EDGE('',*,*,#9114,.T.);
#9112=EDGE_CURVE('',#127,#125,#9115,.F.);
#9113=EDGE_CURVE('',#125,#533,#9116,.T.);
#9114=EDGE_CURVE('',#533,#127,#9117,.T.);
#9115=LINE('',#126,#9118);
#9116=LINE('',#124,#9119);
#9117=LINE('',#532,#9120);
#9118=VECTOR('',#9121,1.0);
#9119=VECTOR('',#9122,1.0);
#9120=VECTOR('',#9123,1.0);
#9121=DIRECTION('',(0.03736333969439847,0.4488029253985186,-0.8928493237946774));
#9122=DIRECTION('',(0.9991247671914388,0,0.04182941052242151));
#9123=DIRECTION('',(-0.9930544245207193,-0.06876616023829038,0.09546792731543234));
#9124=FACE_SURFACE('',(#9129),#9125,.T.);
#9125=PLANE('',#9126);
#9126=AXIS2_PLACEMENT_3D('',#524,#9127,#9128);
#9127=DIRECTION('',(-0.9991254213986718,-6.112999065451274E-06,-0.04181378095267107));
#9128=DIRECTION('',(-0.02091216333980031,0.8660256318812761,0.4995620945879358));
#9129=FACE_BOUND('',#9130,.T.);
#9130=EDGE_LOOP('',(#9131,#9132,#9133));
#9131=ORIENTED_EDGE('',*,*,#9134,.T.);
#9132=ORIENTED_EDGE('',*,*,#9135,.T.);
#9133=ORIENTED_EDGE('',*,*,#9136,.T.);
#9134=EDGE_CURVE('',#525,#537,#9137,.F.);
#9135=EDGE_CURVE('',#537,#533,#9138,.T.);
#9136=EDGE_CURVE('',#533,#525,#9139,.T.);
#9137=LINE('',#524,#9140);
#9138=LINE('',#536,#9141);
#9139=LINE('',#532,#9142);
#9140=VECTOR('',#9143,1.0);
#9141=VECTOR('',#9144,1.0);
#9142=VECTOR('',#9145,1.0);
#9143=DIRECTION('',(-0.02091216333980031,0.8660256318812761,0.4995620945879358));
#9144=DIRECTION('',(0.03736333969439847,0.4488029253985186,-0.8928493237946774));
#9145=DIRECTION('',(0.016567216491396704,-0.9182159441772147,-0.39573350527403306));
#9146=FACE_SURFACE('',(#9151),#9147,.T.);
#9147=PLANE('',#9148);
#9148=AXIS2_PLACEMENT_3D('',#158,#9149,#9150);
#9149=DIRECTION('',(-0.018773001334022366,-0.8936326861481808,0.4484062852687278));
#9150=DIRECTION('',(0.9930543749706717,-0.06876580875795262,-0.09546869590328118));
#9151=FACE_BOUND('',#9152,.T.);
#9152=EDGE_LOOP('',(#9153,#9154,#9155));
#9153=ORIENTED_EDGE('',*,*,#9156,.T.);
#9154=ORIENTED_EDGE('',*,*,#9157,.T.);
#9155=ORIENTED_EDGE('',*,*,#9158,.T.);
#9156=EDGE_CURVE('',#159,#539,#9159,.F.);
#9157=EDGE_CURVE('',#539,#535,#9160,.T.);
#9158=EDGE_CURVE('',#535,#159,#9161,.T.);
#9159=LINE('',#158,#9162);
#9160=LINE('',#538,#9163);
#9161=LINE('',#534,#9164);
#9162=VECTOR('',#9165,1.0);
#9163=VECTOR('',#9166,1.0);
#9164=VECTOR('',#9167,1.0);
#9165=DIRECTION('',(0.9930543749706717,-0.06876580875795262,-0.09546869590328118));
#9166=DIRECTION('',(-0.03739582365577777,0.4487990889004592,0.8928498922972572));
#9167=DIRECTION('',(-0.9991247671914388,0,-0.04182941052242151));
#9168=FACE_SURFACE('',(#9173),#9169,.T.);
#9169=PLANE('',#9170);
#9170=AXIS2_PLACEMENT_3D('',#538,#9171,#9172);
#9171=DIRECTION('',(-0.9991241729019325,-6.71862401586822E-06,-0.041843602592147915));
#9172=DIRECTION('',(-0.02091597636708249,-0.8660255627890483,0.4995620547324664));
#9173=FACE_BOUND('',#9174,.T.);
#9174=EDGE_LOOP('',(#9175,#9176,#9177));
#9175=ORIENTED_EDGE('',*,*,#9178,.T.);
#9176=ORIENTED_EDGE('',*,*,#9179,.T.);
#9177=ORIENTED_EDGE('',*,*,#9180,.T.);
#9178=EDGE_CURVE('',#539,#525,#9181,.F.);
#9179=EDGE_CURVE('',#525,#535,#9182,.T.);
#9180=EDGE_CURVE('',#535,#539,#9183,.T.);
#9181=LINE('',#538,#9184);
#9182=LINE('',#524,#9185);
#9183=LINE('',#534,#9186);
#9184=VECTOR('',#9187,1.0);
#9185=VECTOR('',#9188,1.0);
#9186=VECTOR('',#9189,1.0);
#9187=DIRECTION('',(-0.02091597636708249,-0.8660255627890483,0.4995620547324664));
#9188=DIRECTION('',(0.01656722274386961,0.9182162907122116,-0.39573270095010127));
#9189=DIRECTION('',(0.03739582365577777,-0.4487990889004592,-0.8928498922972572));
#9190=FACE_SURFACE('',(#9195),#9191,.T.);
#9191=PLANE('',#9192);
#9192=AXIS2_PLACEMENT_3D('',#156,#9193,#9194);
#9193=DIRECTION('',(-0.018773001334022366,-0.8936326861481808,0.4484062852687278));
#9194=DIRECTION('',(0.9991247671914388,0,0.04182941052242151));
#9195=FACE_BOUND('',#9196,.T.);
#9196=EDGE_LOOP('',(#9197,#9198,#9199));
#9197=ORIENTED_EDGE('',*,*,#9200,.T.);
#9198=ORIENTED_EDGE('',*,*,#9201,.T.);
#9199=ORIENTED_EDGE('',*,*,#9202,.T.);
#9200=EDGE_CURVE('',#157,#539,#9203,.F.);
#9201=EDGE_CURVE('',#539,#159,#9204,.T.);
#9202=EDGE_CURVE('',#159,#157,#9205,.T.);
#9203=LINE('',#156,#9206);
#9204=LINE('',#538,#9207);
#9205=LINE('',#158,#9208);
#9206=VECTOR('',#9209,1.0);
#9207=VECTOR('',#9210,1.0);
#9208=VECTOR('',#9211,1.0);
#9209=DIRECTION('',(0.9991247671914388,0,0.04182941052242151));
#9210=DIRECTION('',(-0.9930543749706717,0.06876580875795262,0.09546869590328118));
#9211=DIRECTION('',(0.03739582365577777,-0.4487990889004592,-0.8928498922972572));
#9212=FACE_SURFACE('',(#9217),#9213,.T.);
#9213=PLANE('',#9214);
#9214=AXIS2_PLACEMENT_3D('',#540,#9215,#9216);
#9215=DIRECTION('',(0.022985699809059124,-0.8354868179983954,-0.5490295388730956));
#9216=DIRECTION('',(-0.9991247671914388,0,-0.04182941052242151));
#9217=FACE_BOUND('',#9218,.T.);
#9218=EDGE_LOOP('',(#9219,#9220,#9221));
#9219=ORIENTED_EDGE('',*,*,#9222,.T.);
#9220=ORIENTED_EDGE('',*,*,#9223,.T.);
#9221=ORIENTED_EDGE('',*,*,#9224,.T.);
#9222=EDGE_CURVE('',#541,#129,#9225,.F.);
#9223=EDGE_CURVE('',#129,#537,#9226,.T.);
#9224=EDGE_CURVE('',#537,#541,#9227,.T.);
#9225=LINE('',#540,#9228);
#9226=LINE('',#128,#9229);
#9227=LINE('',#536,#9230);
#9228=VECTOR('',#9231,1.0);
#9229=VECTOR('',#9232,1.0);
#9230=VECTOR('',#9233,1.0);
#9231=DIRECTION('',(-0.9991247671914388,0,-0.04182941052242151));
#9232=DIRECTION('',(0.992681888590056,0.08419616336399795,-0.08656601030463759));
#9233=DIRECTION('',(-0.03496870015188753,-0.549510488362424,0.8347547024062684));
#9234=FACE_SURFACE('',(#9239),#9235,.T.);
#9235=PLANE('',#9236);
#9236=AXIS2_PLACEMENT_3D('',#128,#9237,#9238);
#9237=DIRECTION('',(0.022985699809059124,-0.8354868179983954,-0.5490295388730956));
#9238=DIRECTION('',(0.03496870015188753,0.549510488362424,-0.8347547024062684));
#9239=FACE_BOUND('',#9240,.T.);
#9240=EDGE_LOOP('',(#9241,#9242,#9243));
#9241=ORIENTED_EDGE('',*,*,#9244,.T.);
#9242=ORIENTED_EDGE('',*,*,#9245,.T.);
#9243=ORIENTED_EDGE('',*,*,#9246,.T.);
#9244=EDGE_CURVE('',#129,#127,#9247,.F.);
#9245=EDGE_CURVE('',#127,#537,#9248,.T.);
#9246=EDGE_CURVE('',#537,#129,#9249,.T.);
#9247=LINE('',#128,#9250);
#9248=LINE('',#126,#9251);
#9249=LINE('',#536,#9252);
#9250=VECTOR('',#9253,1.0);
#9251=VECTOR('',#9254,1.0);
#9252=VECTOR('',#9255,1.0);
#9253=DIRECTION('',(0.03496870015188753,0.549510488362424,-0.8347547024062684));
#9254=DIRECTION('',(0.9991247671914388,0,0.04182941052242151));
#9255=DIRECTION('',(-0.992681888590056,-0.08419616336399795,0.08656601030463759));
#9256=FACE_SURFACE('',(#9261),#9257,.T.);
#9257=PLANE('',#9258);
#9258=AXIS2_PLACEMENT_3D('',#524,#9259,#9260);
#9259=DIRECTION('',(-0.9991240705068605,1.2531610659700121E-05,-0.041846046130559485));
#9260=DIRECTION('',(-0.024978637155522936,0.8021240061035612,0.5966348519138207));
#9261=FACE_BOUND('',#9262,.T.);
#9262=EDGE_LOOP('',(#9263,#9264,#9265));
#9263=ORIENTED_EDGE('',*,*,#9266,.T.);
#9264=ORIENTED_EDGE('',*,*,#9267,.T.);
#9265=ORIENTED_EDGE('',*,*,#9268,.T.);
#9266=EDGE_CURVE('',#525,#541,#9269,.F.);
#9267=EDGE_CURVE('',#541,#537,#9270,.T.);
#9268=EDGE_CURVE('',#537,#525,#9271,.T.);
#9269=LINE('',#524,#9272);
#9270=LINE('',#540,#9273);
#9271=LINE('',#536,#9274);
#9272=VECTOR('',#9275,1.0);
#9273=VECTOR('',#9276,1.0);
#9274=VECTOR('',#9277,1.0);
#9275=DIRECTION('',(-0.024978637155522936,0.8021240061035612,0.5966348519138207));
#9276=DIRECTION('',(0.03496870015188753,0.549510488362424,-0.8347547024062684));
#9277=DIRECTION('',(0.02091216333980031,-0.8660256318812761,-0.4995620945879358));
#9278=FACE_SURFACE('',(#9283),#9279,.T.);
#9279=PLANE('',#9280);
#9280=AXIS2_PLACEMENT_3D('',#156,#9281,#9282);
#9281=DIRECTION('',(-0.022985568806336343,-0.8354888778369797,0.549026409781309));
#9282=DIRECTION('',(0.9926817073142559,-0.08419657429620486,-0.08656768935600456));
#9283=FACE_BOUND('',#9284,.T.);
#9284=EDGE_LOOP('',(#9285,#9286,#9287));
#9285=ORIENTED_EDGE('',*,*,#9288,.T.);
#9286=ORIENTED_EDGE('',*,*,#9289,.T.);
#9287=ORIENTED_EDGE('',*,*,#9290,.T.);
#9288=EDGE_CURVE('',#157,#543,#9291,.F.);
#9289=EDGE_CURVE('',#543,#539,#9292,.T.);
#9290=EDGE_CURVE('',#539,#157,#9293,.T.);
#9291=LINE('',#156,#9294);
#9292=LINE('',#542,#9295);
#9293=LINE('',#538,#9296);
#9294=VECTOR('',#9297,1.0);
#9295=VECTOR('',#9298,1.0);
#9296=VECTOR('',#9299,1.0);
#9297=DIRECTION('',(0.9926817073142559,-0.08419657429620486,-0.08656768935600456));
#9298=DIRECTION('',(-0.03493569738746505,0.5495073566066861,0.8347581458621315));
#9299=DIRECTION('',(-0.9991247671914388,0,-0.04182941052242151));
#9300=FACE_SURFACE('',(#9305),#9301,.T.);
#9301=PLANE('',#9302);
#9302=AXIS2_PLACEMENT_3D('',#542,#9303,#9304);
#9303=DIRECTION('',(-0.9991251846338343,7.2451376308474326E-06,-0.04181943780007885));
#9304=DIRECTION('',(-0.024978622942796007,-0.8021235496987785,0.5966354661051524));
#9305=FACE_BOUND('',#9306,.T.);
#9306=EDGE_LOOP('',(#9307,#9308,#9309));
#9307=ORIENTED_EDGE('',*,*,#9310,.T.);
#9308=ORIENTED_EDGE('',*,*,#9311,.T.);
#9309=ORIENTED_EDGE('',*,*,#9312,.T.);
#9310=EDGE_CURVE('',#543,#525,#9313,.F.);
#9311=EDGE_CURVE('',#525,#539,#9314,.T.);
#9312=EDGE_CURVE('',#539,#543,#9315,.T.);
#9313=LINE('',#542,#9316);
#9314=LINE('',#524,#9317);
#9315=LINE('',#538,#9318);
#9316=VECTOR('',#9319,1.0);
#9317=VECTOR('',#9320,1.0);
#9318=VECTOR('',#9321,1.0);
#9319=DIRECTION('',(-0.024978622942796007,-0.8021235496987785,0.5966354661051524));
#9320=DIRECTION('',(0.02091597636708249,0.8660255627890483,-0.4995620547324664));
#9321=DIRECTION('',(0.03493569738746505,-0.5495073566066861,-0.8347581458621315));
#9322=FACE_SURFACE('',(#9327),#9323,.T.);
#9323=PLANE('',#9324);
#9324=AXIS2_PLACEMENT_3D('',#154,#9325,#9326);
#9325=DIRECTION('',(-0.022985568806336343,-0.8354888778369797,0.549026409781309));
#9326=DIRECTION('',(0.9991247671914388,0,0.04182941052242151));
#9327=FACE_BOUND('',#9328,.T.);
#9328=EDGE_LOOP('',(#9329,#9330,#9331));
#9329=ORIENTED_EDGE('',*,*,#9332,.T.);
#9330=ORIENTED_EDGE('',*,*,#9333,.T.);
#9331=ORIENTED_EDGE('',*,*,#9334,.T.);
#9332=EDGE_CURVE('',#155,#543,#9335,.F.);
#9333=EDGE_CURVE('',#543,#157,#9336,.T.);
#9334=EDGE_CURVE('',#157,#155,#9337,.T.);
#9335=LINE('',#154,#9338);
#9336=LINE('',#542,#9339);
#9337=LINE('',#156,#9340);
#9338=VECTOR('',#9341,1.0);
#9339=VECTOR('',#9342,1.0);
#9340=VECTOR('',#9343,1.0);
#9341=DIRECTION('',(0.9991247671914388,0,0.04182941052242151));
#9342=DIRECTION('',(-0.9926817073142559,0.08419657429620486,0.08656768935600456));
#9343=DIRECTION('',(0.03493569738746505,-0.5495073566066861,-0.8347581458621315));
#9344=FACE_SURFACE('',(#9349),#9345,.T.);
#9345=PLANE('',#9346);
#9346=AXIS2_PLACEMENT_3D('',#544,#9347,#9348);
#9347=DIRECTION('',(0.026887468396044216,-0.766043608785929,-0.6422260143294434));
#9348=DIRECTION('',(-0.9991247671914388,0,-0.04182941052242151));
#9349=FACE_BOUND('',#9350,.T.);
#9350=EDGE_LOOP('',(#9351,#9352,#9353));
#9351=ORIENTED_EDGE('',*,*,#9354,.T.);
#9352=ORIENTED_EDGE('',*,*,#9355,.T.);
#9353=ORIENTED_EDGE('',*,*,#9356,.T.);
#9354=EDGE_CURVE('',#545,#131,#9357,.F.);
#9355=EDGE_CURVE('',#131,#541,#9358,.T.);
#9356=EDGE_CURVE('',#541,#545,#9359,.T.);
#9357=LINE('',#544,#9360);
#9358=LINE('',#130,#9361);
#9359=LINE('',#540,#9362);
#9360=VECTOR('',#9363,1.0);
#9361=VECTOR('',#9364,1.0);
#9362=VECTOR('',#9365,1.0);
#9363=DIRECTION('',(-0.9991247671914388,0,-0.04182941052242151));
#9364=DIRECTION('',(0.9922363317389646,0.09849081387036761,-0.07593827467328973));
#9365=DIRECTION('',(-0.03204840224050736,-0.6427886039957647,0.765372922494));
#9366=FACE_SURFACE('',(#9371),#9367,.T.);
#9367=PLANE('',#9368);
#9368=AXIS2_PLACEMENT_3D('',#130,#9369,#9370);
#9369=DIRECTION('',(0.026887468396044216,-0.766043608785929,-0.6422260143294434));
#9370=DIRECTION('',(0.03204840224050736,0.6427886039957647,-0.765372922494));
#9371=FACE_BOUND('',#9372,.T.);
#9372=EDGE_LOOP('',(#9373,#9374,#9375));
#9373=ORIENTED_EDGE('',*,*,#9376,.T.);
#9374=ORIENTED_EDGE('',*,*,#9377,.T.);
#9375=ORIENTED_EDGE('',*,*,#9378,.T.);
#9376=EDGE_CURVE('',#131,#129,#9379,.F.);
#9377=EDGE_CURVE('',#129,#541,#9380,.T.);
#9378=EDGE_CURVE('',#541,#131,#9381,.T.);
#9379=LINE('',#130,#9382);
#9380=LINE('',#128,#9383);
#9381=LINE('',#540,#9384);
#9382=VECTOR('',#9385,1.0);
#9383=VECTOR('',#9386,1.0);
#9384=VECTOR('',#9387,1.0);
#9385=DIRECTION('',(0.03204840224050736,0.6427886039957647,-0.765372922494));
#9386=DIRECTION('',(0.9991247671914388,0,0.04182941052242151));
#9387=DIRECTION('',(-0.9922363317389646,-0.09849081387036761,0.07593827467328973));
#9388=FACE_SURFACE('',(#9393),#9389,.T.);
#9389=PLANE('',#9390);
#9390=AXIS2_PLACEMENT_3D('',#524,#9391,#9392);
#9391=DIRECTION('',(-0.9991245935252157,3.2266647049261914E-06,-0.04183355833133656));
#9392=DIRECTION('',(-0.028705601969525565,0.7273732510222247,0.6856414092752324));
#9393=FACE_BOUND('',#9394,.T.);
#9394=EDGE_LOOP('',(#9395,#9396,#9397));
#9395=ORIENTED_EDGE('',*,*,#9398,.T.);
#9396=ORIENTED_EDGE('',*,*,#9399,.T.);
#9397=ORIENTED_EDGE('',*,*,#9400,.T.);
#9398=EDGE_CURVE('',#525,#545,#9401,.F.);
#9399=EDGE_CURVE('',#545,#541,#9402,.T.);
#9400=EDGE_CURVE('',#541,#525,#9403,.T.);
#9401=LINE('',#524,#9404);
#9402=LINE('',#544,#9405);
#9403=LINE('',#540,#9406);
#9404=VECTOR('',#9407,1.0);
#9405=VECTOR('',#9408,1.0);
#9406=VECTOR('',#9409,1.0);
#9407=DIRECTION('',(-0.028705601969525565,0.7273732510222247,0.6856414092752324));
#9408=DIRECTION('',(0.03204840224050736,0.6427886039957647,-0.765372922494));
#9409=DIRECTION('',(0.024978637155522936,-0.8021240061035612,-0.5966348519138207));
#9410=FACE_SURFACE('',(#9415),#9411,.T.);
#9411=PLANE('',#9412);
#9412=AXIS2_PLACEMENT_3D('',#154,#9413,#9414);
#9413=DIRECTION('',(-0.026887637158845377,-0.766040223370427,0.6422300453471487));
#9414=DIRECTION('',(0.992236426417538,-0.09849082326829979,-0.0759370253702784));
#9415=FACE_BOUND('',#9416,.T.);
#9416=EDGE_LOOP('',(#9417,#9418,#9419));
#9417=ORIENTED_EDGE('',*,*,#9420,.T.);
#9418=ORIENTED_EDGE('',*,*,#9421,.T.);
#9419=ORIENTED_EDGE('',*,*,#9422,.T.);
#9420=EDGE_CURVE('',#155,#547,#9423,.F.);
#9421=EDGE_CURVE('',#547,#543,#9424,.T.);
#9422=EDGE_CURVE('',#543,#155,#9425,.T.);
#9423=LINE('',#154,#9426);
#9424=LINE('',#546,#9427);
#9425=LINE('',#542,#9428);
#9426=VECTOR('',#9429,1.0);
#9427=VECTOR('',#9430,1.0);
#9428=VECTOR('',#9431,1.0);
#9429=DIRECTION('',(0.992236426417538,-0.09849082326829979,-0.0759370253702784));
#9430=DIRECTION('',(-0.03204860339654226,0.642792638543443,0.7653695256898394));
#9431=DIRECTION('',(-0.9991247671914388,0,-0.04182941052242151));
#9432=FACE_SURFACE('',(#9437),#9433,.T.);
#9433=PLANE('',#9434);
#9434=AXIS2_PLACEMENT_3D('',#546,#9435,#9436);
#9435=DIRECTION('',(-0.9991245830676464,-3.4624908305939538E-06,-0.04183380807328996));
#9436=DIRECTION('',(-0.028705601969525565,-0.7273732510222247,0.6856414092752324));
#9437=FACE_BOUND('',#9438,.T.);
#9438=EDGE_LOOP('',(#9439,#9440,#9441));
#9439=ORIENTED_EDGE('',*,*,#9442,.T.);
#9440=ORIENTED_EDGE('',*,*,#9443,.T.);
#9441=ORIENTED_EDGE('',*,*,#9444,.T.);
#9442=EDGE_CURVE('',#547,#525,#9445,.F.);
#9443=EDGE_CURVE('',#525,#543,#9446,.T.);
#9444=EDGE_CURVE('',#543,#547,#9447,.T.);
#9445=LINE('',#546,#9448);
#9446=LINE('',#524,#9449);
#9447=LINE('',#542,#9450);
#9448=VECTOR('',#9451,1.0);
#9449=VECTOR('',#9452,1.0);
#9450=VECTOR('',#9453,1.0);
#9451=DIRECTION('',(-0.028705601969525565,-0.7273732510222247,0.6856414092752324));
#9452=DIRECTION('',(0.024978622942796007,0.8021235496987785,-0.5966354661051524));
#9453=DIRECTION('',(0.03204860339654226,-0.642792638543443,-0.7653695256898394));
#9454=FACE_SURFACE('',(#9459),#9455,.T.);
#9455=PLANE('',#9456);
#9456=AXIS2_PLACEMENT_3D('',#152,#9457,#9458);
#9457=DIRECTION('',(-0.026887637158845377,-0.766040223370427,0.6422300453471487));
#9458=DIRECTION('',(0.9991247671914388,0,0.04182941052242151));
#9459=FACE_BOUND('',#9460,.T.);
#9460=EDGE_LOOP('',(#9461,#9462,#9463));
#9461=ORIENTED_EDGE('',*,*,#9464,.T.);
#9462=ORIENTED_EDGE('',*,*,#9465,.T.);
#9463=ORIENTED_EDGE('',*,*,#9466,.T.);
#9464=EDGE_CURVE('',#153,#547,#9467,.F.);
#9465=EDGE_CURVE('',#547,#155,#9468,.T.);
#9466=EDGE_CURVE('',#155,#153,#9469,.T.);
#9467=LINE('',#152,#9470);
#9468=LINE('',#546,#9471);
#9469=LINE('',#154,#9472);
#9470=VECTOR('',#9473,1.0);
#9471=VECTOR('',#9474,1.0);
#9472=VECTOR('',#9475,1.0);
#9473=DIRECTION('',(0.9991247671914388,0,0.04182941052242151));
#9474=DIRECTION('',(-0.992236426417538,0.09849082326829979,0.0759370253702784));
#9475=DIRECTION('',(0.03204860339654226,-0.642792638543443,-0.7653695256898394));
#9476=FACE_SURFACE('',(#9481),#9477,.T.);
#9477=PLANE('',#9478);
#9478=AXIS2_PLACEMENT_3D('',#548,#9479,#9480);
#9479=DIRECTION('',(0.030425481387583768,-0.6862449134702115,-0.7267339326181184));
#9480=DIRECTION('',(-0.9991247671914388,0,-0.04182941052242151));
#9481=FACE_BOUND('',#9482,.T.);
#9482=EDGE_LOOP('',(#9483,#9484,#9485));
#9483=ORIENTED_EDGE('',*,*,#9486,.T.);
#9484=ORIENTED_EDGE('',*,*,#9487,.T.);
#9485=ORIENTED_EDGE('',*,*,#9488,.T.);
#9486=EDGE_CURVE('',#549,#137,#9489,.F.);
#9487=EDGE_CURVE('',#137,#545,#9490,.T.);
#9488=EDGE_CURVE('',#545,#549,#9491,.T.);
#9489=LINE('',#548,#9492);
#9490=LINE('',#136,#9493);
#9491=LINE('',#544,#9494);
#9492=VECTOR('',#9495,1.0);
#9493=VECTOR('',#9496,1.0);
#9494=VECTOR('',#9497,1.0);
#9495=DIRECTION('',(-0.9991247671914388,0,-0.04182941052242151));
#9496=DIRECTION('',(0.9917252774102702,0.11144852764750382,-0.06371969735275124));
#9497=DIRECTION('',(-0.028703147103008874,-0.727370551186934,0.6856443761983314));
#9498=FACE_SURFACE('',(#9503),#9499,.T.);
#9499=PLANE('',#9500);
#9500=AXIS2_PLACEMENT_3D('',#136,#9501,#9502);
#9501=DIRECTION('',(0.030425481387583768,-0.6862449134702115,-0.7267339326181184));
#9502=DIRECTION('',(0.028703147103008874,0.727370551186934,-0.6856443761983314));
#9503=FACE_BOUND('',#9504,.T.);
#9504=EDGE_LOOP('',(#9505,#9506,#9507));
#9505=ORIENTED_EDGE('',*,*,#9508,.T.);
#9506=ORIENTED_EDGE('',*,*,#9509,.T.);
#9507=ORIENTED_EDGE('',*,*,#9510,.T.);
#9508=EDGE_CURVE('',#137,#131,#9511,.F.);
#9509=EDGE_CURVE('',#131,#545,#9512,.T.);
#9510=EDGE_CURVE('',#545,#137,#9513,.T.);
#9511=LINE('',#136,#9514);
#9512=LINE('',#130,#9515);
#9513=LINE('',#544,#9516);
#9514=VECTOR('',#9517,1.0);
#9515=VECTOR('',#9518,1.0);
#9516=VECTOR('',#9519,1.0);
#9517=DIRECTION('',(0.028703147103008874,0.727370551186934,-0.6856443761983314));
#9518=DIRECTION('',(0.9991247671914388,0,0.04182941052242151));
#9519=DIRECTION('',(-0.9917252774102702,-0.11144852764750382,0.06371969735275124));
#9520=FACE_SURFACE('',(#9525),#9521,.T.);
#9521=PLANE('',#9522);
#9522=AXIS2_PLACEMENT_3D('',#524,#9523,#9524);
#9523=DIRECTION('',(-0.9991248151302,-1.7713217252443184E-06,-0.04182826541832881));
#9524=DIRECTION('',(-0.032043444992472234,0.6427876918531605,0.7653738961024872));
#9525=FACE_BOUND('',#9526,.T.);
#9526=EDGE_LOOP('',(#9527,#9528,#9529));
#9527=ORIENTED_EDGE('',*,*,#9530,.T.);
#9528=ORIENTED_EDGE('',*,*,#9531,.T.);
#9529=ORIENTED_EDGE('',*,*,#9532,.T.);
#9530=EDGE_CURVE('',#525,#549,#9533,.F.);
#9531=EDGE_CURVE('',#549,#545,#9534,.T.);
#9532=EDGE_CURVE('',#545,#525,#9535,.T.);
#9533=LINE('',#524,#9536);
#9534=LINE('',#548,#9537);
#9535=LINE('',#544,#9538);
#9536=VECTOR('',#9539,1.0);
#9537=VECTOR('',#9540,1.0);
#9538=VECTOR('',#9541,1.0);
#9539=DIRECTION('',(-0.032043444992472234,0.6427876918531605,0.7653738961024872));
#9540=DIRECTION('',(0.028703147103008874,0.727370551186934,-0.6856443761983314));
#9541=DIRECTION('',(0.028705601969525565,-0.7273732510222247,-0.6856414092752324));
#9542=FACE_SURFACE('',(#9547),#9543,.T.);
#9543=PLANE('',#9544);
#9544=AXIS2_PLACEMENT_3D('',#152,#9545,#9546);
#9545=DIRECTION('',(-0.030425481387583768,-0.6862449134702115,0.7267339326181184));
#9546=DIRECTION('',(0.9917252774102702,-0.11144852764750382,-0.06371969735275124));
#9547=FACE_BOUND('',#9548,.T.);
#9548=EDGE_LOOP('',(#9549,#9550,#9551));
#9549=ORIENTED_EDGE('',*,*,#9552,.T.);
#9550=ORIENTED_EDGE('',*,*,#9553,.T.);
#9551=ORIENTED_EDGE('',*,*,#9554,.T.);
#9552=EDGE_CURVE('',#153,#551,#9555,.F.);
#9553=EDGE_CURVE('',#551,#547,#9556,.T.);
#9554=EDGE_CURVE('',#547,#153,#9557,.T.);
#9555=LINE('',#152,#9558);
#9556=LINE('',#550,#9559);
#9557=LINE('',#546,#9560);
#9558=VECTOR('',#9561,1.0);
#9559=VECTOR('',#9562,1.0);
#9560=VECTOR('',#9563,1.0);
#9561=DIRECTION('',(0.9917252774102702,-0.11144852764750382,-0.06371969735275124));
#9562=DIRECTION('',(-0.028703147103008874,0.727370551186934,0.6856443761983314));
#9563=DIRECTION('',(-0.9991247671914388,0,-0.04182941052242151));
#9564=FACE_SURFACE('',(#9569),#9565,.T.);
#9565=PLANE('',#9566);
#9566=AXIS2_PLACEMENT_3D('',#550,#9567,#9568);
#9567=DIRECTION('',(-0.9991248151302,1.7713217252443184E-06,-0.04182826541832881));
#9568=DIRECTION('',(-0.032043444992472234,-0.6427876918531605,0.7653738961024872));
#9569=FACE_BOUND('',#9570,.T.);
#9570=EDGE_LOOP('',(#9571,#9572,#9573));
#9571=ORIENTED_EDGE('',*,*,#9574,.T.);
#9572=ORIENTED_EDGE('',*,*,#9575,.T.);
#9573=ORIENTED_EDGE('',*,*,#9576,.T.);
#9574=EDGE_CURVE('',#551,#525,#9577,.F.);
#9575=EDGE_CURVE('',#525,#547,#9578,.T.);
#9576=EDGE_CURVE('',#547,#551,#9579,.T.);
#9577=LINE('',#550,#9580);
#9578=LINE('',#524,#9581);
#9579=LINE('',#546,#9582);
#9580=VECTOR('',#9583,1.0);
#9581=VECTOR('',#9584,1.0);
#9582=VECTOR('',#9585,1.0);
#9583=DIRECTION('',(-0.032043444992472234,-0.6427876918531605,0.7653738961024872));
#9584=DIRECTION('',(0.028705601969525565,0.7273732510222247,-0.6856414092752324));
#9585=DIRECTION('',(0.028703147103008874,-0.727370551186934,-0.6856443761983314));
#9586=FACE_SURFACE('',(#9591),#9587,.T.);
#9587=PLANE('',#9588);
#9588=AXIS2_PLACEMENT_3D('',#150,#9589,#9590);
#9589=DIRECTION('',(-0.030425481387583768,-0.6862449134702115,0.7267339326181184));
#9590=DIRECTION('',(0.9991247671914388,0,0.04182941052242151));
#9591=FACE_BOUND('',#9592,.T.);
#9592=EDGE_LOOP('',(#9593,#9594,#9595));
#9593=ORIENTED_EDGE('',*,*,#9596,.T.);
#9594=ORIENTED_EDGE('',*,*,#9597,.T.);
#9595=ORIENTED_EDGE('',*,*,#9598,.T.);
#9596=EDGE_CURVE('',#151,#551,#9599,.F.);
#9597=EDGE_CURVE('',#551,#153,#9600,.T.);
#9598=EDGE_CURVE('',#153,#151,#9601,.T.);
#9599=LINE('',#150,#9602);
#9600=LINE('',#550,#9603);
#9601=LINE('',#152,#9604);
#9602=VECTOR('',#9605,1.0);
#9603=VECTOR('',#9606,1.0);
#9604=VECTOR('',#9607,1.0);
#9605=DIRECTION('',(0.9991247671914388,0,0.04182941052242151));
#9606=DIRECTION('',(-0.9917252774102702,0.11144852764750382,0.06371969735275124));
#9607=DIRECTION('',(0.028703147103008874,-0.727370551186934,-0.6856443761983314));
#9608=FACE_SURFACE('',(#9613),#9609,.T.);
#9609=PLANE('',#9610);
#9610=AXIS2_PLACEMENT_3D('',#552,#9611,#9612);
#9611=DIRECTION('',(0.03355253638962514,-0.5971522954079264,-0.8014258314971308));
#9612=DIRECTION('',(-0.9991247671914388,0,-0.04182941052242151));
#9613=FACE_BOUND('',#9614,.T.);
#9614=EDGE_LOOP('',(#9615,#9616,#9617));
#9615=ORIENTED_EDGE('',*,*,#9618,.T.);
#9616=ORIENTED_EDGE('',*,*,#9619,.T.);
#9617=ORIENTED_EDGE('',*,*,#9620,.T.);
#9618=EDGE_CURVE('',#553,#139,#9621,.F.);
#9619=EDGE_CURVE('',#139,#549,#9622,.T.);
#9620=EDGE_CURVE('',#549,#553,#9623,.T.);
#9621=LINE('',#552,#9624);
#9622=LINE('',#138,#9625);
#9623=LINE('',#548,#9626);
#9624=VECTOR('',#9627,1.0);
#9625=VECTOR('',#9628,1.0);
#9626=VECTOR('',#9629,1.0);
#9627=DIRECTION('',(-0.9991247671914388,0,-0.04182941052242151));
#9628=DIRECTION('',(0.9911541802569437,0.1229034802392172,-0.050081189126001846));
#9629=DIRECTION('',(-0.02496347272111395,-0.8021278800434151,0.596630278385835));
#9630=FACE_SURFACE('',(#9635),#9631,.T.);
#9631=PLANE('',#9632);
#9632=AXIS2_PLACEMENT_3D('',#138,#9633,#9634);
#9633=DIRECTION('',(0.03355253638962514,-0.5971522954079264,-0.8014258314971308));
#9634=DIRECTION('',(0.02496347272111395,0.8021278800434151,-0.596630278385835));
#9635=FACE_BOUND('',#9636,.T.);
#9636=EDGE_LOOP('',(#9637,#9638,#9639));
#9637=ORIENTED_EDGE('',*,*,#9640,.T.);
#9638=ORIENTED_EDGE('',*,*,#9641,.T.);
#9639=ORIENTED_EDGE('',*,*,#9642,.T.);
#9640=EDGE_CURVE('',#139,#137,#9643,.F.);
#9641=EDGE_CURVE('',#137,#549,#9644,.T.);
#9642=EDGE_CURVE('',#549,#139,#9645,.T.);
#9643=LINE('',#138,#9646);
#9644=LINE('',#136,#9647);
#9645=LINE('',#548,#9648);
#9646=VECTOR('',#9649,1.0);
#9647=VECTOR('',#9650,1.0);
#9648=VECTOR('',#9651,1.0);
#9649=DIRECTION('',(0.02496347272111395,0.8021278800434151,-0.596630278385835));
#9650=DIRECTION('',(0.9991247671914388,0,0.04182941052242151));
#9651=DIRECTION('',(-0.9911541802569437,-0.1229034802392172,0.050081189126001846));
#9652=FACE_SURFACE('',(#9657),#9653,.T.);
#9653=PLANE('',#9654);
#9654=AXIS2_PLACEMENT_3D('',#524,#9655,#9656);
#9655=DIRECTION('',(-0.9991251641715091,-1.1718961543008598E-05,-0.041819925656567454));
#9656=DIRECTION('',(-0.034946461629755746,0.5495093626238544,0.8347563747634907));
#9657=FACE_BOUND('',#9658,.T.);
#9658=EDGE_LOOP('',(#9659,#9660,#9661));
#9659=ORIENTED_EDGE('',*,*,#9662,.T.);
#9660=ORIENTED_EDGE('',*,*,#9663,.T.);
#9661=ORIENTED_EDGE('',*,*,#9664,.T.);
#9662=EDGE_CURVE('',#525,#553,#9665,.F.);
#9663=EDGE_CURVE('',#553,#549,#9666,.T.);
#9664=EDGE_CURVE('',#549,#525,#9667,.T.);
#9665=LINE('',#524,#9668);
#9666=LINE('',#552,#9669);
#9667=LINE('',#548,#9670);
#9668=VECTOR('',#9671,1.0);
#9669=VECTOR('',#9672,1.0);
#9670=VECTOR('',#9673,1.0);
#9671=DIRECTION('',(-0.034946461629755746,0.5495093626238544,0.8347563747634907));
#9672=DIRECTION('',(0.02496347272111395,0.8021278800434151,-0.596630278385835));
#9673=DIRECTION('',(0.032043444992472234,-0.6427876918531605,-0.7653738961024872));
#9674=FACE_SURFACE('',(#9679),#9675,.T.);
#9675=PLANE('',#9676);
#9676=AXIS2_PLACEMENT_3D('',#150,#9677,#9678);
#9677=DIRECTION('',(-0.03355234472857058,-0.597158450111715,0.8014212535386054));
#9678=DIRECTION('',(0.9911542064117611,-0.12290286023328628,-0.05008219303054996));
#9679=FACE_BOUND('',#9680,.T.);
#9680=EDGE_LOOP('',(#9681,#9682,#9683));
#9681=ORIENTED_EDGE('',*,*,#9684,.T.);
#9682=ORIENTED_EDGE('',*,*,#9685,.T.);
#9683=ORIENTED_EDGE('',*,*,#9686,.T.);
#9684=EDGE_CURVE('',#151,#555,#9687,.F.);
#9685=EDGE_CURVE('',#555,#551,#9688,.T.);
#9686=EDGE_CURVE('',#551,#151,#9689,.T.);
#9687=LINE('',#150,#9690);
#9688=LINE('',#554,#9691);
#9689=LINE('',#550,#9692);
#9690=VECTOR('',#9693,1.0);
#9691=VECTOR('',#9694,1.0);
#9692=VECTOR('',#9695,1.0);
#9693=DIRECTION('',(0.9911542064117611,-0.12290286023328628,-0.05008219303054996));
#9694=DIRECTION('',(-0.02499613344689139,0.802123298044766,0.5966350710832314));
#9695=DIRECTION('',(-0.9991247671914388,0,-0.04182941052242151));
#9696=FACE_SURFACE('',(#9701),#9697,.T.);
#9697=PLANE('',#9698);
#9698=AXIS2_PLACEMENT_3D('',#554,#9699,#9700);
#9699=DIRECTION('',(-0.9991242906516812,-1.3167240013030204E-05,-0.041840789385463824));
#9700=DIRECTION('',(-0.03495024384631575,-0.5495088519082849,0.8347565526125096));
#9701=FACE_BOUND('',#9702,.T.);
#9702=EDGE_LOOP('',(#9703,#9704,#9705));
#9703=ORIENTED_EDGE('',*,*,#9706,.T.);
#9704=ORIENTED_EDGE('',*,*,#9707,.T.);
#9705=ORIENTED_EDGE('',*,*,#9708,.T.);
#9706=EDGE_CURVE('',#555,#525,#9709,.F.);
#9707=EDGE_CURVE('',#525,#551,#9710,.T.);
#9708=EDGE_CURVE('',#551,#555,#9711,.T.);
#9709=LINE('',#554,#9712);
#9710=LINE('',#524,#9713);
#9711=LINE('',#550,#9714);
#9712=VECTOR('',#9715,1.0);
#9713=VECTOR('',#9716,1.0);
#9714=VECTOR('',#9717,1.0);
#9715=DIRECTION('',(-0.03495024384631575,-0.5495088519082849,0.8347565526125096));
#9716=DIRECTION('',(0.032043444992472234,0.6427876918531605,-0.7653738961024872));
#9717=DIRECTION('',(0.02499613344689139,-0.802123298044766,-0.5966350710832314));
#9718=FACE_SURFACE('',(#9723),#9719,.T.);
#9719=PLANE('',#9720);
#9720=AXIS2_PLACEMENT_3D('',#148,#9721,#9722);
#9721=DIRECTION('',(-0.03355234472857058,-0.597158450111715,0.8014212535386054));
#9722=DIRECTION('',(0.9991247671914388,0,0.04182941052242151));
#9723=FACE_BOUND('',#9724,.T.);
#9724=EDGE_LOOP('',(#9725,#9726,#9727));
#9725=ORIENTED_EDGE('',*,*,#9728,.T.);
#9726=ORIENTED_EDGE('',*,*,#9729,.T.);
#9727=ORIENTED_EDGE('',*,*,#9730,.T.);
#9728=EDGE_CURVE('',#149,#555,#9731,.F.);
#9729=EDGE_CURVE('',#555,#151,#9732,.T.);
#9730=EDGE_CURVE('',#151,#149,#9733,.T.);
#9731=LINE('',#148,#9734);
#9732=LINE('',#554,#9735);
#9733=LINE('',#150,#9736);
#9734=VECTOR('',#9737,1.0);
#9735=VECTOR('',#9738,1.0);
#9736=VECTOR('',#9739,1.0);
#9737=DIRECTION('',(0.9991247671914388,0,0.04182941052242151));
#9738=DIRECTION('',(-0.9911542064117611,0.12290286023328628,0.05008219303054996));
#9739=DIRECTION('',(0.02499613344689139,-0.802123298044766,-0.5966350710832314));
#9740=FACE_SURFACE('',(#9745),#9741,.T.);
#9741=PLANE('',#9742);
#9742=AXIS2_PLACEMENT_3D('',#556,#9743,#9744);
#9743=DIRECTION('',(0.03622531879195897,-0.5000005526150713,-0.8652671111645491));
#9744=DIRECTION('',(-0.9991247671914388,0,-0.04182941052242151));
#9745=FACE_BOUND('',#9746,.T.);
#9746=EDGE_LOOP('',(#9747,#9748,#9749));
#9747=ORIENTED_EDGE('',*,*,#9750,.T.);
#9748=ORIENTED_EDGE('',*,*,#9751,.T.);
#9749=ORIENTED_EDGE('',*,*,#9752,.T.);
#9750=EDGE_CURVE('',#557,#107,#9753,.F.);
#9751=EDGE_CURVE('',#107,#553,#9754,.T.);
#9752=EDGE_CURVE('',#553,#557,#9755,.T.);
#9753=LINE('',#556,#9756);
#9754=LINE('',#106,#9757);
#9755=LINE('',#552,#9758);
#9756=VECTOR('',#9759,1.0);
#9757=VECTOR('',#9760,1.0);
#9758=VECTOR('',#9761,1.0);
#9759=DIRECTION('',(-0.9991247671914388,0,-0.04182941052242151));
#9760=DIRECTION('',(0.9905315138405195,0.13269394862410383,-0.035208466131772025));
#9761=DIRECTION('',(-0.02092854317175946,-0.8660250846489587,0.49956235730834614));
#9762=FACE_SURFACE('',(#9767),#9763,.T.);
#9763=PLANE('',#9764);
#9764=AXIS2_PLACEMENT_3D('',#106,#9765,#9766);
#9765=DIRECTION('',(0.03622531879195897,-0.5000005526150713,-0.8652671111645491));
#9766=DIRECTION('',(0.02092854317175946,0.8660250846489587,-0.49956235730834614));
#9767=FACE_BOUND('',#9768,.T.);
#9768=EDGE_LOOP('',(#9769,#9770,#9771));
#9769=ORIENTED_EDGE('',*,*,#9772,.T.);
#9770=ORIENTED_EDGE('',*,*,#9773,.T.);
#9771=ORIENTED_EDGE('',*,*,#9774,.T.);
#9772=EDGE_CURVE('',#107,#139,#9775,.F.);
#9773=EDGE_CURVE('',#139,#553,#9776,.T.);
#9774=EDGE_CURVE('',#553,#107,#9777,.T.);
#9775=LINE('',#106,#9778);
#9776=LINE('',#138,#9779);
#9777=LINE('',#552,#9780);
#9778=VECTOR('',#9781,1.0);
#9779=VECTOR('',#9782,1.0);
#9780=VECTOR('',#9783,1.0);
#9781=DIRECTION('',(0.02092854317175946,0.8660250846489587,-0.49956235730834614));
#9782=DIRECTION('',(0.9991247671914388,0,0.04182941052242151));
#9783=DIRECTION('',(-0.9905315138405195,-0.13269394862410383,0.035208466131772025));
#9784=FACE_SURFACE('',(#9789),#9785,.T.);
#9785=PLANE('',#9786);
#9786=AXIS2_PLACEMENT_3D('',#524,#9787,#9788);
#9787=DIRECTION('',(-0.9991245028673529,1.2318917323702207E-05,-0.04183572179739751));
#9788=DIRECTION('',(-0.03738023857299309,0.4487993742333541,0.8928504014962282));
#9789=FACE_BOUND('',#9790,.T.);
#9790=EDGE_LOOP('',(#9791,#9792,#9793));
#9791=ORIENTED_EDGE('',*,*,#9794,.T.);
#9792=ORIENTED_EDGE('',*,*,#9795,.T.);
#9793=ORIENTED_EDGE('',*,*,#9796,.T.);
#9794=EDGE_CURVE('',#525,#557,#9797,.F.);
#9795=EDGE_CURVE('',#557,#553,#9798,.T.);
#9796=EDGE_CURVE('',#553,#525,#9799,.T.);
#9797=LINE('',#524,#9800);
#9798=LINE('',#556,#9801);
#9799=LINE('',#552,#9802);
#9800=VECTOR('',#9803,1.0);
#9801=VECTOR('',#9804,1.0);
#9802=VECTOR('',#9805,1.0);
#9803=DIRECTION('',(-0.03738023857299309,0.4487993742333541,0.8928504014962282));
#9804=DIRECTION('',(0.02092854317175946,0.8660250846489587,-0.49956235730834614));
#9805=DIRECTION('',(0.034946461629755746,-0.5495093626238544,-0.8347563747634907));
#9806=FACE_SURFACE('',(#9811),#9807,.T.);
#9807=PLANE('',#9808);
#9808=AXIS2_PLACEMENT_3D('',#148,#9809,#9810);
#9809=DIRECTION('',(-0.036225343645176176,-0.4999995235058864,0.8652677048010491));
#9810=DIRECTION('',(0.9905314191095865,-0.13269460925749665,-0.035208641421517174));
#9811=FACE_BOUND('',#9812,.T.);
#9812=EDGE_LOOP('',(#9813,#9814,#9815));
#9813=ORIENTED_EDGE('',*,*,#9816,.T.);
#9814=ORIENTED_EDGE('',*,*,#9817,.T.);
#9815=ORIENTED_EDGE('',*,*,#9818,.T.);
#9816=EDGE_CURVE('',#149,#559,#9819,.F.);
#9817=EDGE_CURVE('',#559,#555,#9820,.T.);
#9818=EDGE_CURVE('',#555,#149,#9821,.T.);
#9819=LINE('',#148,#9822);
#9820=LINE('',#558,#9823);
#9821=LINE('',#554,#9824);
#9822=VECTOR('',#9825,1.0);
#9823=VECTOR('',#9826,1.0);
#9824=VECTOR('',#9827,1.0);
#9825=DIRECTION('',(0.9905314191095865,-0.13269460925749665,-0.035208641421517174));
#9826=DIRECTION('',(-0.020895754146807808,0.8660256787328093,0.49956270000272546));
#9827=DIRECTION('',(-0.9991247671914388,0,-0.04182941052242151));
#9828=FACE_SURFACE('',(#9833),#9829,.T.);
#9829=PLANE('',#9830);
#9830=AXIS2_PLACEMENT_3D('',#558,#9831,#9832);
#9831=DIRECTION('',(-0.9991251205521606,1.699924622002446E-05,-0.04182096594599501));
#9832=DIRECTION('',(-0.03738020674415652,-0.44879899208592866,0.8928505949185557));
#9833=FACE_BOUND('',#9834,.T.);
#9834=EDGE_LOOP('',(#9835,#9836,#9837));
#9835=ORIENTED_EDGE('',*,*,#9838,.T.);
#9836=ORIENTED_EDGE('',*,*,#9839,.T.);
#9837=ORIENTED_EDGE('',*,*,#9840,.T.);
#9838=EDGE_CURVE('',#559,#525,#9841,.F.);
#9839=EDGE_CURVE('',#525,#555,#9842,.T.);
#9840=EDGE_CURVE('',#555,#559,#9843,.T.);
#9841=LINE('',#558,#9844);
#9842=LINE('',#524,#9845);
#9843=LINE('',#554,#9846);
#9844=VECTOR('',#9847,1.0);
#9845=VECTOR('',#9848,1.0);
#9846=VECTOR('',#9849,1.0);
#9847=DIRECTION('',(-0.03738020674415652,-0.44879899208592866,0.8928505949185557));
#9848=DIRECTION('',(0.03495024384631575,0.5495088519082849,-0.8347565526125096));
#9849=DIRECTION('',(0.020895754146807808,-0.8660256787328093,-0.49956270000272546));
#9850=FACE_SURFACE('',(#9855),#9851,.T.);
#9851=PLANE('',#9852);
#9852=AXIS2_PLACEMENT_3D('',#146,#9853,#9854);
#9853=DIRECTION('',(-0.036225343645176176,-0.4999995235058864,0.8652677048010491));
#9854=DIRECTION('',(0.9991247671914388,0,0.04182941052242151));
#9855=FACE_BOUND('',#9856,.T.);
#9856=EDGE_LOOP('',(#9857,#9858,#9859));
#9857=ORIENTED_EDGE('',*,*,#9860,.T.);
#9858=ORIENTED_EDGE('',*,*,#9861,.T.);
#9859=ORIENTED_EDGE('',*,*,#9862,.T.);
#9860=EDGE_CURVE('',#147,#559,#9863,.F.);
#9861=EDGE_CURVE('',#559,#149,#9864,.T.);
#9862=EDGE_CURVE('',#149,#147,#9865,.T.);
#9863=LINE('',#146,#9866);
#9864=LINE('',#558,#9867);
#9865=LINE('',#148,#9868);
#9866=VECTOR('',#9869,1.0);
#9867=VECTOR('',#9870,1.0);
#9868=VECTOR('',#9871,1.0);
#9869=DIRECTION('',(0.9991247671914388,0,0.04182941052242151));
#9870=DIRECTION('',(-0.9905314191095865,0.13269460925749665,0.035208641421517174));
#9871=DIRECTION('',(0.020895754146807808,-0.8660256787328093,-0.49956270000272546));
#9872=FACE_SURFACE('',(#9877),#9873,.T.);
#9873=PLANE('',#9874);
#9874=AXIS2_PLACEMENT_3D('',#560,#9875,#9876);
#9875=DIRECTION('',(0.038408333408568876,-0.39608558940056715,-0.9174099442419303));
#9876=DIRECTION('',(-0.9991247671914388,0,-0.04182941052242151));
#9877=FACE_BOUND('',#9878,.T.);
#9878=EDGE_LOOP('',(#9879,#9880,#9881));
#9879=ORIENTED_EDGE('',*,*,#9882,.T.);
#9880=ORIENTED_EDGE('',*,*,#9883,.T.);
#9881=ORIENTED_EDGE('',*,*,#9884,.T.);
#9882=EDGE_CURVE('',#561,#109,#9885,.F.);
#9883=EDGE_CURVE('',#109,#557,#9886,.T.);
#9884=EDGE_CURVE('',#557,#561,#9887,.T.);
#9885=LINE('',#560,#9888);
#9886=LINE('',#108,#9889);
#9887=LINE('',#556,#9890);
#9888=VECTOR('',#9891,1.0);
#9889=VECTOR('',#9892,1.0);
#9890=VECTOR('',#9893,1.0);
#9891=DIRECTION('',(-0.9991247671914388,0,-0.04182941052242151));
#9892=DIRECTION('',(0.9898654154513746,0.1406909570714435,-0.019300618943405786));
#9893=DIRECTION('',(-0.016565666914097606,-0.9182135949028973,0.3957390210924228));
#9894=FACE_SURFACE('',(#9899),#9895,.T.);
#9895=PLANE('',#9896);
#9896=AXIS2_PLACEMENT_3D('',#108,#9897,#9898);
#9897=DIRECTION('',(0.038408333408568876,-0.39608558940056715,-0.9174099442419303));
#9898=DIRECTION('',(0.016565666914097606,0.9182135949028973,-0.3957390210924228));
#9899=FACE_BOUND('',#9900,.T.);
#9900=EDGE_LOOP('',(#9901,#9902,#9903));
#9901=ORIENTED_EDGE('',*,*,#9904,.T.);
#9902=ORIENTED_EDGE('',*,*,#9905,.T.);
#9903=ORIENTED_EDGE('',*,*,#9906,.T.);
#9904=EDGE_CURVE('',#109,#107,#9907,.F.);
#9905=EDGE_CURVE('',#107,#557,#9908,.T.);
#9906=EDGE_CURVE('',#557,#109,#9909,.T.);
#9907=LINE('',#108,#9910);
#9908=LINE('',#106,#9911);
#9909=LINE('',#556,#9912);
#9910=VECTOR('',#9913,1.0);
#9911=VECTOR('',#9914,1.0);
#9912=VECTOR('',#9915,1.0);
#9913=DIRECTION('',(0.016565666914097606,0.9182135949028973,-0.3957390210924228));
#9914=DIRECTION('',(0.9991247671914388,0,0.04182941052242151));
#9915=DIRECTION('',(-0.9898654154513746,-0.1406909570714435,0.019300618943405786));
#9916=FACE_SURFACE('',(#9921),#9917,.T.);
#9917=PLANE('',#9918);
#9918=AXIS2_PLACEMENT_3D('',#524,#9919,#9920);
#9919=DIRECTION('',(-0.999124807133335,-2.1603199227500696E-06,-0.04182845641557127));
#9920=DIRECTION('',(-0.03930663275365823,0.3420199662989001,0.9388702419794059));
#9921=FACE_BOUND('',#9922,.T.);
#9922=EDGE_LOOP('',(#9923,#9924,#9925));
#9923=ORIENTED_EDGE('',*,*,#9926,.T.);
#9924=ORIENTED_EDGE('',*,*,#9927,.T.);
#9925=ORIENTED_EDGE('',*,*,#9928,.T.);
#9926=EDGE_CURVE('',#525,#561,#9929,.F.);
#9927=EDGE_CURVE('',#561,#557,#9930,.T.);
#9928=EDGE_CURVE('',#557,#525,#9931,.T.);
#9929=LINE('',#524,#9932);
#9930=LINE('',#560,#9933);
#9931=LINE('',#556,#9934);
#9932=VECTOR('',#9935,1.0);
#9933=VECTOR('',#9936,1.0);
#9934=VECTOR('',#9937,1.0);
#9935=DIRECTION('',(-0.03930663275365823,0.3420199662989001,0.9388702419794059));
#9936=DIRECTION('',(0.016565666914097606,0.9182135949028973,-0.3957390210924228));
#9937=DIRECTION('',(0.03738023857299309,-0.4487993742333541,-0.8928504014962282));
#9938=FACE_SURFACE('',(#9943),#9939,.T.);
#9939=PLANE('',#9940);
#9940=AXIS2_PLACEMENT_3D('',#146,#9941,#9942);
#9941=DIRECTION('',(-0.038408458057743476,-0.3960786811698829,0.9174129215747687));
#9942=DIRECTION('',(0.9898654394570146,-0.1406909604833987,-0.019299362860730227));
#9943=FACE_BOUND('',#9944,.T.);
#9944=EDGE_LOOP('',(#9945,#9946,#9947));
#9945=ORIENTED_EDGE('',*,*,#9948,.T.);
#9946=ORIENTED_EDGE('',*,*,#9949,.T.);
#9947=ORIENTED_EDGE('',*,*,#9950,.T.);
#9948=EDGE_CURVE('',#147,#563,#9951,.F.);
#9949=EDGE_CURVE('',#563,#559,#9952,.T.);
#9950=EDGE_CURVE('',#559,#147,#9953,.T.);
#9951=LINE('',#146,#9954);
#9952=LINE('',#562,#9955);
#9953=LINE('',#558,#9956);
#9954=VECTOR('',#9957,1.0);
#9955=VECTOR('',#9958,1.0);
#9956=VECTOR('',#9959,1.0);
#9957=DIRECTION('',(0.9898654394570146,-0.1406909604833987,-0.019299362860730227));
#9958=DIRECTION('',(-0.01656572067579468,0.9182165748445679,0.3957321045596397));
#9959=DIRECTION('',(-0.9991247671914388,0,-0.04182941052242151));
#9960=FACE_SURFACE('',(#9965),#9961,.T.);
#9961=PLANE('',#9962);
#9962=AXIS2_PLACEMENT_3D('',#562,#9963,#9964);
#9963=DIRECTION('',(-0.9991248022182266,1.83743184921667E-06,-0.041828573834322806));
#9964=DIRECTION('',(-0.03930663275365823,-0.3420199662989001,0.9388702419794059));
#9965=FACE_BOUND('',#9966,.T.);
#9966=EDGE_LOOP('',(#9967,#9968,#9969));
#9967=ORIENTED_EDGE('',*,*,#9970,.T.);
#9968=ORIENTED_EDGE('',*,*,#9971,.T.);
#9969=ORIENTED_EDGE('',*,*,#9972,.T.);
#9970=EDGE_CURVE('',#563,#525,#9973,.F.);
#9971=EDGE_CURVE('',#525,#559,#9974,.T.);
#9972=EDGE_CURVE('',#559,#563,#9975,.T.);
#9973=LINE('',#562,#9976);
#9974=LINE('',#524,#9977);
#9975=LINE('',#558,#9978);
#9976=VECTOR('',#9979,1.0);
#9977=VECTOR('',#9980,1.0);
#9978=VECTOR('',#9981,1.0);
#9979=DIRECTION('',(-0.03930663275365823,-0.3420199662989001,0.9388702419794059));
#9980=DIRECTION('',(0.03738020674415652,0.44879899208592866,-0.8928505949185557));
#9981=DIRECTION('',(0.01656572067579468,-0.9182165748445679,-0.3957321045596397));
#9982=FACE_SURFACE('',(#9987),#9983,.T.);
#9983=PLANE('',#9984);
#9984=AXIS2_PLACEMENT_3D('',#144,#9985,#9986);
#9985=DIRECTION('',(-0.038408458057743476,-0.3960786811698829,0.9174129215747687));
#9986=DIRECTION('',(0.9991247671914388,0,0.04182941052242151));
#9987=FACE_BOUND('',#9988,.T.);
#9988=EDGE_LOOP('',(#9989,#9990,#9991));
#9989=ORIENTED_EDGE('',*,*,#9992,.T.);
#9990=ORIENTED_EDGE('',*,*,#9993,.T.);
#9991=ORIENTED_EDGE('',*,*,#9994,.T.);
#9992=EDGE_CURVE('',#145,#563,#9995,.F.);
#9993=EDGE_CURVE('',#563,#147,#9996,.T.);
#9994=EDGE_CURVE('',#147,#145,#9997,.T.);
#9995=LINE('',#144,#9998);
#9996=LINE('',#562,#9999);
#9997=LINE('',#146,#10000);
#9998=VECTOR('',#10001,1.0);
#9999=VECTOR('',#10002,1.0);
#10000=VECTOR('',#10003,1.0);
#10001=DIRECTION('',(0.9991247671914388,0,0.04182941052242151));
#10002=DIRECTION('',(-0.9898654394570146,0.1406909604833987,0.019299362860730227));
#10003=DIRECTION('',(0.01656572067579468,-0.9182165748445679,-0.3957321045596397));
#10004=FACE_SURFACE('',(#10009),#10005,.T.);
#10005=PLANE('',#10006);
#10006=AXIS2_PLACEMENT_3D('',#564,#10007,#10008);
#10007=DIRECTION('',(0.040072129619019896,-0.2868037891149419,-0.9571508820332919));
#10008=DIRECTION('',(-0.9991247671914388,0,-0.04182941052242151));
#10009=FACE_BOUND('',#10010,.T.);
#10010=EDGE_LOOP('',(#10011,#10012,#10013));
#10011=ORIENTED_EDGE('',*,*,#10014,.T.);
#10012=ORIENTED_EDGE('',*,*,#10015,.T.);
#10013=ORIENTED_EDGE('',*,*,#10016,.T.);
#10014=EDGE_CURVE('',#565,#111,#10017,.F.);
#10015=EDGE_CURVE('',#111,#561,#10018,.T.);
#10016=EDGE_CURVE('',#561,#565,#10019,.T.);
#10017=LINE('',#564,#10020);
#10018=LINE('',#110,#10021);
#10019=LINE('',#560,#10022);
#10020=VECTOR('',#10023,1.0);
#10021=VECTOR('',#10024,1.0);
#10022=VECTOR('',#10025,1.0);
#10023=DIRECTION('',(-0.9991247671914388,0,-0.04182941052242151));
#10024=DIRECTION('',(0.9891649744360755,0.1467857069498181,-0.002570911145898916));
#10025=DIRECTION('',(-0.01197322665035986,-0.9579893454715325,0.2865537572718317));
#10026=FACE_SURFACE('',(#10031),#10027,.T.);
#10027=PLANE('',#10028);
#10028=AXIS2_PLACEMENT_3D('',#110,#10029,#10030);
#10029=DIRECTION('',(0.040072129619019896,-0.2868037891149419,-0.9571508820332919));
#10030=DIRECTION('',(0.01197322665035986,0.9579893454715325,-0.2865537572718317));
#10031=FACE_BOUND('',#10032,.T.);
#10032=EDGE_LOOP('',(#10033,#10034,#10035));
#10033=ORIENTED_EDGE('',*,*,#10036,.T.);
#10034=ORIENTED_EDGE('',*,*,#10037,.T.);
#10035=ORIENTED_EDGE('',*,*,#10038,.T.);
#10036=EDGE_CURVE('',#111,#109,#10039,.F.);
#10037=EDGE_CURVE('',#109,#561,#10040,.T.);
#10038=EDGE_CURVE('',#561,#111,#10041,.T.);
#10039=LINE('',#110,#10042);
#10040=LINE('',#108,#10043);
#10041=LINE('',#560,#10044);
#10042=VECTOR('',#10045,1.0);
#10043=VECTOR('',#10046,1.0);
#10044=VECTOR('',#10047,1.0);
#10045=DIRECTION('',(0.01197322665035986,0.9579893454715325,-0.2865537572718317));
#10046=DIRECTION('',(0.9991247671914388,0,0.04182941052242151));
#10047=DIRECTION('',(-0.9891649744360755,-0.1467857069498181,0.002570911145898916));
#10048=FACE_SURFACE('',(#10053),#10049,.T.);
#10049=PLANE('',#10050);
#10050=AXIS2_PLACEMENT_3D('',#524,#10051,#10052);
#10051=DIRECTION('',(-0.9991251118717163,-2.2194647605484664E-05,-0.041821170891402554));
#10052=DIRECTION('',(-0.04069899298799326,0.2306155470608903,0.9721934279882628));
#10053=FACE_BOUND('',#10054,.T.);
#10054=EDGE_LOOP('',(#10055,#10056,#10057));
#10055=ORIENTED_EDGE('',*,*,#10058,.T.);
#10056=ORIENTED_EDGE('',*,*,#10059,.T.);
#10057=ORIENTED_EDGE('',*,*,#10060,.T.);
#10058=EDGE_CURVE('',#525,#565,#10061,.F.);
#10059=EDGE_CURVE('',#565,#561,#10062,.T.);
#10060=EDGE_CURVE('',#561,#525,#10063,.T.);
#10061=LINE('',#524,#10064);
#10062=LINE('',#564,#10065);
#10063=LINE('',#560,#10066);
#10064=VECTOR('',#10067,1.0);
#10065=VECTOR('',#10068,1.0);
#10066=VECTOR('',#10069,1.0);
#10067=DIRECTION('',(-0.04069899298799326,0.2306155470608903,0.9721934279882628));
#10068=DIRECTION('',(0.01197322665035986,0.9579893454715325,-0.2865537572718317));
#10069=DIRECTION('',(0.03930663275365823,-0.3420199662989001,-0.9388702419794059));
#10070=FACE_SURFACE('',(#10075),#10071,.T.);
#10071=PLANE('',#10072);
#10072=AXIS2_PLACEMENT_3D('',#144,#10073,#10074);
#10073=DIRECTION('',(-0.04007211384914767,-0.2868050483916933,0.9571505053588486));
#10074=DIRECTION('',(0.9891650827636288,-0.1467849771700949,-0.0025708983640084764));
#10075=FACE_BOUND('',#10076,.T.);
#10076=EDGE_LOOP('',(#10077,#10078,#10079));
#10077=ORIENTED_EDGE('',*,*,#10080,.T.);
#10078=ORIENTED_EDGE('',*,*,#10081,.T.);
#10079=ORIENTED_EDGE('',*,*,#10082,.T.);
#10080=EDGE_CURVE('',#145,#567,#10083,.F.);
#10081=EDGE_CURVE('',#567,#563,#10084,.T.);
#10082=EDGE_CURVE('',#563,#145,#10085,.T.);
#10083=LINE('',#144,#10086);
#10084=LINE('',#566,#10087);
#10085=LINE('',#562,#10088);
#10086=VECTOR('',#10089,1.0);
#10087=VECTOR('',#10090,1.0);
#10088=VECTOR('',#10091,1.0);
#10089=DIRECTION('',(0.9891650827636288,-0.1467849771700949,-0.0025708983640084764));
#10090=DIRECTION('',(-0.012006025289075729,0.9579889686944469,0.28655364457027604));
#10091=DIRECTION('',(-0.9991247671914388,0,-0.04182941052242151));
#10092=FACE_SURFACE('',(#10097),#10093,.T.);
#10093=PLANE('',#10094);
#10094=AXIS2_PLACEMENT_3D('',#566,#10095,#10096);
#10095=DIRECTION('',(-0.9991246424250344,-8.65563994342687E-06,-0.041832389653557865));
#10096=DIRECTION('',(-0.04070280136454088,-0.23061551125516744,0.9721932770440229));
#10097=FACE_BOUND('',#10098,.T.);
#10098=EDGE_LOOP('',(#10099,#10100,#10101));
#10099=ORIENTED_EDGE('',*,*,#10102,.T.);
#10100=ORIENTED_EDGE('',*,*,#10103,.T.);
#10101=ORIENTED_EDGE('',*,*,#10104,.T.);
#10102=EDGE_CURVE('',#567,#525,#10105,.F.);
#10103=EDGE_CURVE('',#525,#563,#10106,.T.);
#10104=EDGE_CURVE('',#563,#567,#10107,.T.);
#10105=LINE('',#566,#10108);
#10106=LINE('',#524,#10109);
#10107=LINE('',#562,#10110);
#10108=VECTOR('',#10111,1.0);
#10109=VECTOR('',#10112,1.0);
#10110=VECTOR('',#10113,1.0);
#10111=DIRECTION('',(-0.04070280136454088,-0.23061551125516744,0.9721932770440229));
#10112=DIRECTION('',(0.03930663275365823,0.3420199662989001,-0.9388702419794059));
#10113=DIRECTION('',(0.012006025289075729,-0.9579889686944469,-0.28655364457027604));
#10114=FACE_SURFACE('',(#10119),#10115,.T.);
#10115=PLANE('',#10116);
#10116=AXIS2_PLACEMENT_3D('',#142,#10117,#10118);
#10117=DIRECTION('',(-0.04007211384914767,-0.2868050483916933,0.9571505053588486));
#10118=DIRECTION('',(0.9991247671914388,0,0.04182941052242151));
#10119=FACE_BOUND('',#10120,.T.);
#10120=EDGE_LOOP('',(#10121,#10122,#10123));
#10121=ORIENTED_EDGE('',*,*,#10124,.T.);
#10122=ORIENTED_EDGE('',*,*,#10125,.T.);
#10123=ORIENTED_EDGE('',*,*,#10126,.T.);
#10124=EDGE_CURVE('',#143,#567,#10127,.F.);
#10125=EDGE_CURVE('',#567,#145,#10128,.T.);
#10126=EDGE_CURVE('',#145,#143,#10129,.T.);
#10127=LINE('',#142,#10130);
#10128=LINE('',#566,#10131);
#10129=LINE('',#144,#10132);
#10130=VECTOR('',#10133,1.0);
#10131=VECTOR('',#10134,1.0);
#10132=VECTOR('',#10135,1.0);
#10133=DIRECTION('',(0.9991247671914388,0,0.04182941052242151));
#10134=DIRECTION('',(-0.9891650827636288,0.1467849771700949,0.0025708983640084764));
#10135=DIRECTION('',(0.012006025289075729,-0.9579889686944469,-0.28655364457027604));
#10136=FACE_SURFACE('',(#10141),#10137,.T.);
#10137=PLANE('',#10138);
#10138=AXIS2_PLACEMENT_3D('',#568,#10139,#10140);
#10139=DIRECTION('',(0.04119391451179116,-0.17364997744626592,-0.9839454998830507));
#10140=DIRECTION('',(-0.9991247671914388,0,-0.04182941052242151));
#10141=FACE_BOUND('',#10142,.T.);
#10142=EDGE_LOOP('',(#10143,#10144,#10145));
#10143=ORIENTED_EDGE('',*,*,#10146,.T.);
#10144=ORIENTED_EDGE('',*,*,#10147,.T.);
#10145=ORIENTED_EDGE('',*,*,#10148,.T.);
#10146=EDGE_CURVE('',#569,#113,#10149,.F.);
#10147=EDGE_CURVE('',#113,#565,#10150,.T.);
#10148=EDGE_CURVE('',#565,#569,#10151,.T.);
#10149=LINE('',#568,#10152);
#10150=LINE('',#112,#10153);
#10151=LINE('',#564,#10154);
#10152=VECTOR('',#10155,1.0);
#10153=VECTOR('',#10156,1.0);
#10154=VECTOR('',#10157,1.0);
#10155=DIRECTION('',(-0.9991247671914388,0,-0.04182941052242151));
#10156=DIRECTION('',(0.988439922438796,0.15089367903414208,0.014751859432913312));
#10157=DIRECTION('',(-0.007282356000816077,-0.9848074354887381,0.17349721120863165));
#10158=FACE_SURFACE('',(#10163),#10159,.T.);
#10159=PLANE('',#10160);
#10160=AXIS2_PLACEMENT_3D('',#112,#10161,#10162);
#10161=DIRECTION('',(0.04119391451179116,-0.17364997744626592,-0.9839454998830507));
#10162=DIRECTION('',(0.007282356000816077,0.9848074354887381,-0.17349721120863165));
#10163=FACE_BOUND('',#10164,.T.);
#10164=EDGE_LOOP('',(#10165,#10166,#10167));
#10165=ORIENTED_EDGE('',*,*,#10168,.T.);
#10166=ORIENTED_EDGE('',*,*,#10169,.T.);
#10167=ORIENTED_EDGE('',*,*,#10170,.T.);
#10168=EDGE_CURVE('',#113,#111,#10171,.F.);
#10169=EDGE_CURVE('',#111,#565,#10172,.T.);
#10170=EDGE_CURVE('',#565,#113,#10173,.T.);
#10171=LINE('',#112,#10174);
#10172=LINE('',#110,#10175);
#10173=LINE('',#564,#10176);
#10174=VECTOR('',#10177,1.0);
#10175=VECTOR('',#10178,1.0);
#10176=VECTOR('',#10179,1.0);
#10177=DIRECTION('',(0.007282356000816077,0.9848074354887381,-0.17349721120863165));
#10178=DIRECTION('',(0.9991247671914388,0,0.04182941052242151));
#10179=DIRECTION('',(-0.988439922438796,-0.15089367903414208,-0.014751859432913312));
#10180=FACE_SURFACE('',(#10185),#10181,.T.);
#10181=PLANE('',#10182);
#10182=AXIS2_PLACEMENT_3D('',#524,#10183,#10184);
#10183=DIRECTION('',(-0.9991247062736982,1.872854522984237E-05,-0.04183086136739332));
#10184=DIRECTION('',(-0.041545845158392415,0.11609261828164139,0.9923691081097739));
#10185=FACE_BOUND('',#10186,.T.);
#10186=EDGE_LOOP('',(#10187,#10188,#10189));
#10187=ORIENTED_EDGE('',*,*,#10190,.T.);
#10188=ORIENTED_EDGE('',*,*,#10191,.T.);
#10189=ORIENTED_EDGE('',*,*,#10192,.T.);
#10190=EDGE_CURVE('',#525,#569,#10193,.F.);
#10191=EDGE_CURVE('',#569,#565,#10194,.T.);
#10192=EDGE_CURVE('',#565,#525,#10195,.T.);
#10193=LINE('',#524,#10196);
#10194=LINE('',#568,#10197);
#10195=LINE('',#564,#10198);
#10196=VECTOR('',#10199,1.0);
#10197=VECTOR('',#10200,1.0);
#10198=VECTOR('',#10201,1.0);
#10199=DIRECTION('',(-0.041545845158392415,0.11609261828164139,0.9923691081097739));
#10200=DIRECTION('',(0.007282356000816077,0.9848074354887381,-0.17349721120863165));
#10201=DIRECTION('',(0.04069899298799326,-0.2306155470608903,-0.9721934279882628));
#10202=FACE_SURFACE('',(#10207),#10203,.T.);
#10203=PLANE('',#10204);
#10204=AXIS2_PLACEMENT_3D('',#142,#10205,#10206);
#10205=DIRECTION('',(-0.0411939829374765,-0.1736407000531099,0.9839471342784697));
#10206=DIRECTION('',(0.9884397885803045,-0.15089442589312158,0.014753189001308566));
#10207=FACE_BOUND('',#10208,.T.);
#10208=EDGE_LOOP('',(#10209,#10210,#10211));
#10209=ORIENTED_EDGE('',*,*,#10212,.T.);
#10210=ORIENTED_EDGE('',*,*,#10213,.T.);
#10211=ORIENTED_EDGE('',*,*,#10214,.T.);
#10212=EDGE_CURVE('',#143,#571,#10215,.F.);
#10213=EDGE_CURVE('',#571,#567,#10216,.T.);
#10214=EDGE_CURVE('',#567,#143,#10217,.T.);
#10215=LINE('',#142,#10218);
#10216=LINE('',#570,#10219);
#10217=LINE('',#566,#10220);
#10218=VECTOR('',#10221,1.0);
#10219=VECTOR('',#10222,1.0);
#10220=VECTOR('',#10223,1.0);
#10221=DIRECTION('',(0.9884397885803045,-0.15089442589312158,0.014753189001308566));
#10222=DIRECTION('',(-0.0072495646379534115,0.9848090713951057,0.1734892985474032));
#10223=DIRECTION('',(-0.9991247671914388,0,-0.04182941052242151));
#10224=FACE_SURFACE('',(#10229),#10225,.T.);
#10225=PLANE('',#10226);
#10226=AXIS2_PLACEMENT_3D('',#570,#10227,#10228);
#10227=DIRECTION('',(-0.9991248624676753,1.3545377458460141E-05,-0.04182713252748294));
#10228=DIRECTION('',(-0.04154588447726814,-0.116092728151382,0.9923690936105228));
#10229=FACE_BOUND('',#10230,.T.);
#10230=EDGE_LOOP('',(#10231,#10232,#10233));
#10231=ORIENTED_EDGE('',*,*,#10234,.T.);
#10232=ORIENTED_EDGE('',*,*,#10235,.T.);
#10233=ORIENTED_EDGE('',*,*,#10236,.T.);
#10234=EDGE_CURVE('',#571,#525,#10237,.F.);
#10235=EDGE_CURVE('',#525,#567,#10238,.T.);
#10236=EDGE_CURVE('',#567,#571,#10239,.T.);
#10237=LINE('',#570,#10240);
#10238=LINE('',#524,#10241);
#10239=LINE('',#566,#10242);
#10240=VECTOR('',#10243,1.0);
#10241=VECTOR('',#10244,1.0);
#10242=VECTOR('',#10245,1.0);
#10243=DIRECTION('',(-0.04154588447726814,-0.116092728151382,0.9923690936105228));
#10244=DIRECTION('',(0.04070280136454088,0.23061551125516744,-0.9721932770440229));
#10245=DIRECTION('',(0.0072495646379534115,-0.9848090713951057,-0.1734892985474032));
#10246=FACE_SURFACE('',(#10251),#10247,.T.);
#10247=PLANE('',#10248);
#10248=AXIS2_PLACEMENT_3D('',#140,#10249,#10250);
#10249=DIRECTION('',(-0.0411939829374765,-0.1736407000531099,0.9839471342784697));
#10250=DIRECTION('',(0.9991247671914388,0,0.04182941052242151));
#10251=FACE_BOUND('',#10252,.T.);
#10252=EDGE_LOOP('',(#10253,#10254,#10255));
#10253=ORIENTED_EDGE('',*,*,#10256,.T.);
#10254=ORIENTED_EDGE('',*,*,#10257,.T.);
#10255=ORIENTED_EDGE('',*,*,#10258,.T.);
#10256=EDGE_CURVE('',#141,#571,#10259,.F.);
#10257=EDGE_CURVE('',#571,#143,#10260,.T.);
#10258=EDGE_CURVE('',#143,#141,#10261,.T.);
#10259=LINE('',#140,#10262);
#10260=LINE('',#570,#10263);
#10261=LINE('',#142,#10264);
#10262=VECTOR('',#10265,1.0);
#10263=VECTOR('',#10266,1.0);
#10264=VECTOR('',#10267,1.0);
#10265=DIRECTION('',(0.9991247671914388,0,0.04182941052242151));
#10266=DIRECTION('',(-0.9884397885803045,0.15089442589312158,-0.014753189001308566));
#10267=DIRECTION('',(0.0072495646379534115,-0.9848090713951057,-0.1734892985474032));
#10268=FACE_SURFACE('',(#10273),#10269,.T.);
#10269=PLANE('',#10270);
#10270=AXIS2_PLACEMENT_3D('',#572,#10271,#10272);
#10271=DIRECTION('',(0.041758639794015354,-0.05814564416054218,-0.9974343587764105));
#10272=DIRECTION('',(-0.9991247671914388,0,-0.04182941052242151));
#10273=FACE_BOUND('',#10274,.T.);
#10274=EDGE_LOOP('',(#10275,#10276,#10277));
#10275=ORIENTED_EDGE('',*,*,#10278,.T.);
#10276=ORIENTED_EDGE('',*,*,#10279,.T.);
#10277=ORIENTED_EDGE('',*,*,#10280,.T.);
#10278=EDGE_CURVE('',#573,#115,#10281,.F.);
#10279=EDGE_CURVE('',#115,#569,#10282,.T.);
#10280=EDGE_CURVE('',#569,#573,#10283,.T.);
#10281=LINE('',#572,#10284);
#10282=LINE('',#114,#10285);
#10283=LINE('',#568,#10286);
#10284=VECTOR('',#10287,1.0);
#10285=VECTOR('',#10288,1.0);
#10286=VECTOR('',#10289,1.0);
#10287=DIRECTION('',(-0.9991247671914388,0,-0.04182941052242151));
#10288=DIRECTION('',(0.9876996005428,0.15296250543646142,0.03243410270369288));
#10289=DIRECTION('',(-0.002427457043258376,-0.9983081107767859,0.05809495167041329));
#10290=FACE_SURFACE('',(#10295),#10291,.T.);
#10291=PLANE('',#10292);
#10292=AXIS2_PLACEMENT_3D('',#114,#10293,#10294);
#10293=DIRECTION('',(0.041758639794015354,-0.05814564416054218,-0.9974343587764105));
#10294=DIRECTION('',(0.002427457043258376,0.9983081107767859,-0.05809495167041329));
#10295=FACE_BOUND('',#10296,.T.);
#10296=EDGE_LOOP('',(#10297,#10298,#10299));
#10297=ORIENTED_EDGE('',*,*,#10300,.T.);
#10298=ORIENTED_EDGE('',*,*,#10301,.T.);
#10299=ORIENTED_EDGE('',*,*,#10302,.T.);
#10300=EDGE_CURVE('',#115,#113,#10303,.F.);
#10301=EDGE_CURVE('',#113,#569,#10304,.T.);
#10302=EDGE_CURVE('',#569,#115,#10305,.T.);
#10303=LINE('',#114,#10306);
#10304=LINE('',#112,#10307);
#10305=LINE('',#568,#10308);
#10306=VECTOR('',#10309,1.0);
#10307=VECTOR('',#10310,1.0);
#10308=VECTOR('',#10311,1.0);
#10309=DIRECTION('',(0.002427457043258376,0.9983081107767859,-0.05809495167041329));
#10310=DIRECTION('',(0.9991247671914388,0,0.04182941052242151));
#10311=DIRECTION('',(-0.9876996005428,-0.15296250543646142,-0.03243410270369288));
#10312=FACE_SURFACE('',(#10317),#10313,.T.);
#10313=PLANE('',#10314);
#10314=AXIS2_PLACEMENT_3D('',#524,#10315,#10316);
#10315=DIRECTION('',(-0.9991248208781538,-4.678400400031858E-06,-0.041828127896305786));
#10316=DIRECTION('',(-0.041828127896763545,0,0.9991248208890879));
#10317=FACE_BOUND('',#10318,.T.);
#10318=EDGE_LOOP('',(#10319,#10320,#10321));
#10319=ORIENTED_EDGE('',*,*,#10322,.T.);
#10320=ORIENTED_EDGE('',*,*,#10323,.T.);
#10321=ORIENTED_EDGE('',*,*,#10324,.T.);
#10322=EDGE_CURVE('',#525,#573,#10325,.F.);
#10323=EDGE_CURVE('',#573,#569,#10326,.T.);
#10324=EDGE_CURVE('',#569,#525,#10327,.T.);
#10325=LINE('',#524,#10328);
#10326=LINE('',#572,#10329);
#10327=LINE('',#568,#10330);
#10328=VECTOR('',#10331,1.0);
#10329=VECTOR('',#10332,1.0);
#10330=VECTOR('',#10333,1.0);
#10331=DIRECTION('',(-0.041828127896763545,0,0.9991248208890879));
#10332=DIRECTION('',(0.002427457043258376,0.9983081107767859,-0.05809495167041329));
#10333=DIRECTION('',(0.041545845158392415,-0.11609261828164139,-0.9923691081097739));
#10334=FACE_SURFACE('',(#10339),#10335,.T.);
#10335=PLANE('',#10336);
#10336=AXIS2_PLACEMENT_3D('',#140,#10337,#10338);
#10337=DIRECTION('',(-0.04175863646228243,-0.05814701167121686,0.9974342791956361));
#10338=DIRECTION('',(0.9876997234300865,-0.15296174607603555,0.03243394168924054));
#10339=FACE_BOUND('',#10340,.T.);
#10340=EDGE_LOOP('',(#10341,#10342,#10343));
#10341=ORIENTED_EDGE('',*,*,#10344,.T.);
#10342=ORIENTED_EDGE('',*,*,#10345,.T.);
#10343=ORIENTED_EDGE('',*,*,#10346,.T.);
#10344=EDGE_CURVE('',#141,#575,#10347,.F.);
#10345=EDGE_CURVE('',#575,#571,#10348,.T.);
#10346=EDGE_CURVE('',#571,#141,#10349,.T.);
#10347=LINE('',#140,#10350);
#10348=LINE('',#574,#10351);
#10349=LINE('',#570,#10352);
#10350=VECTOR('',#10353,1.0);
#10351=VECTOR('',#10354,1.0);
#10352=VECTOR('',#10355,1.0);
#10353=DIRECTION('',(0.9876997234300865,-0.15296174607603555,0.03243394168924054));
#10354=DIRECTION('',(-0.0024602603195841006,0.9983080307453724,0.05809494701311257));
#10355=DIRECTION('',(-0.9991247671914388,0,-0.04182941052242151));
#10356=FACE_SURFACE('',(#10361),#10357,.T.);
#10357=PLANE('',#10358);
#10358=AXIS2_PLACEMENT_3D('',#574,#10359,#10360);
#10359=DIRECTION('',(-0.9991246594014819,-2.7927591281686416E-05,-0.04183197575925216));
#10360=DIRECTION('',(-0.04183197577556559,0,0.9991246597911156));
#10361=FACE_BOUND('',#10362,.T.);
#10362=EDGE_LOOP('',(#10363,#10364,#10365));
#10363=ORIENTED_EDGE('',*,*,#10366,.T.);
#10364=ORIENTED_EDGE('',*,*,#10367,.T.);
#10365=ORIENTED_EDGE('',*,*,#10368,.T.);
#10366=EDGE_CURVE('',#575,#525,#10369,.F.);
#10367=EDGE_CURVE('',#525,#571,#10370,.T.);
#10368=EDGE_CURVE('',#571,#575,#10371,.T.);
#10369=LINE('',#574,#10372);
#10370=LINE('',#524,#10373);
#10371=LINE('',#570,#10374);
#10372=VECTOR('',#10375,1.0);
#10373=VECTOR('',#10376,1.0);
#10374=VECTOR('',#10377,1.0);
#10375=DIRECTION('',(-0.04183197577556559,0,0.9991246597911156));
#10376=DIRECTION('',(0.04154588447726814,0.116092728151382,-0.9923690936105228));
#10377=DIRECTION('',(0.0024602603195841006,-0.9983080307453724,-0.05809494701311257));
#10378=FACE_SURFACE('',(#10383),#10379,.T.);
#10379=PLANE('',#10380);
#10380=AXIS2_PLACEMENT_3D('',#164,#10381,#10382);
#10381=DIRECTION('',(-0.04175863646228243,-0.05814701167121686,0.9974342791956361));
#10382=DIRECTION('',(0.9991247671914388,0,0.04182941052242151));
#10383=FACE_BOUND('',#10384,.T.);
#10384=EDGE_LOOP('',(#10385,#10386,#10387));
#10385=ORIENTED_EDGE('',*,*,#10388,.T.);
#10386=ORIENTED_EDGE('',*,*,#10389,.T.);
#10387=ORIENTED_EDGE('',*,*,#10390,.T.);
#10388=EDGE_CURVE('',#165,#575,#10391,.F.);
#10389=EDGE_CURVE('',#575,#141,#10392,.T.);
#10390=EDGE_CURVE('',#141,#165,#10393,.T.);
#10391=LINE('',#164,#10394);
#10392=LINE('',#574,#10395);
#10393=LINE('',#140,#10396);
#10394=VECTOR('',#10397,1.0);
#10395=VECTOR('',#10398,1.0);
#10396=VECTOR('',#10399,1.0);
#10397=DIRECTION('',(0.9991247671914388,0,0.04182941052242151));
#10398=DIRECTION('',(-0.9876997234300865,0.15296174607603555,-0.03243394168924054));
#10399=DIRECTION('',(0.0024602603195841006,-0.9983080307453724,-0.05809494701311257));
#10400=FACE_SURFACE('',(#10405),#10401,.T.);
#10401=PLANE('',#10402);
#10402=AXIS2_PLACEMENT_3D('',#576,#10403,#10404);
#10403=DIRECTION('',(0.041758639794015354,0.05814564416054218,-0.9974343587764105));
#10404=DIRECTION('',(-0.9991247671914388,0,-0.04182941052242151));
#10405=FACE_BOUND('',#10406,.T.);
#10406=EDGE_LOOP('',(#10407,#10408,#10409));
#10407=ORIENTED_EDGE('',*,*,#10410,.T.);
#10408=ORIENTED_EDGE('',*,*,#10411,.T.);
#10409=ORIENTED_EDGE('',*,*,#10412,.T.);
#10410=EDGE_CURVE('',#577,#579,#10413,.F.);
#10411=EDGE_CURVE('',#579,#573,#10414,.T.);
#10412=EDGE_CURVE('',#573,#577,#10415,.T.);
#10413=LINE('',#576,#10416);
#10414=LINE('',#578,#10417);
#10415=LINE('',#572,#10418);
#10416=VECTOR('',#10419,1.0);
#10417=VECTOR('',#10420,1.0);
#10418=VECTOR('',#10421,1.0);
#10419=DIRECTION('',(-0.9991247671914388,0,-0.04182941052242151));
#10420=DIRECTION('',(0.9869543039629647,0.15296228563828493,0.050236849635417406));
#10421=DIRECTION('',(0.002427457043258376,-0.9983081107767859,-0.05809495167041329));
#10422=FACE_SURFACE('',(#10427),#10423,.T.);
#10423=PLANE('',#10424);
#10424=AXIS2_PLACEMENT_3D('',#578,#10425,#10426);
#10425=DIRECTION('',(0.041758639794015354,0.05814564416054218,-0.9974343587764105));
#10426=DIRECTION('',(-0.002427457043258376,0.9983081107767859,0.05809495167041329));
#10427=FACE_BOUND('',#10428,.T.);
#10428=EDGE_LOOP('',(#10429,#10430,#10431));
#10429=ORIENTED_EDGE('',*,*,#10432,.T.);
#10430=ORIENTED_EDGE('',*,*,#10433,.T.);
#10431=ORIENTED_EDGE('',*,*,#10434,.T.);
#10432=EDGE_CURVE('',#579,#115,#10435,.F.);
#10433=EDGE_CURVE('',#115,#573,#10436,.T.);
#10434=EDGE_CURVE('',#573,#579,#10437,.T.);
#10435=LINE('',#578,#10438);
#10436=LINE('',#114,#10439);
#10437=LINE('',#572,#10440);
#10438=VECTOR('',#10441,1.0);
#10439=VECTOR('',#10442,1.0);
#10440=VECTOR('',#10443,1.0);
#10441=DIRECTION('',(-0.002427457043258376,0.9983081107767859,0.05809495167041329));
#10442=DIRECTION('',(0.9991247671914388,0,0.04182941052242151));
#10443=DIRECTION('',(-0.9869543039629647,-0.15296228563828493,-0.050236849635417406));
#10444=FACE_SURFACE('',(#10449),#10445,.T.);
#10445=PLANE('',#10446);
#10446=AXIS2_PLACEMENT_3D('',#524,#10447,#10448);
#10447=DIRECTION('',(-0.9991248208781538,4.678400400031858E-06,-0.041828127896305786));
#10448=DIRECTION('',(-0.041545845158392415,-0.11609261828164139,0.9923691081097739));
#10449=FACE_BOUND('',#10450,.T.);
#10450=EDGE_LOOP('',(#10451,#10452,#10453));
#10451=ORIENTED_EDGE('',*,*,#10454,.T.);
#10452=ORIENTED_EDGE('',*,*,#10455,.T.);
#10453=ORIENTED_EDGE('',*,*,#10456,.T.);
#10454=EDGE_CURVE('',#525,#577,#10457,.F.);
#10455=EDGE_CURVE('',#577,#573,#10458,.T.);
#10456=EDGE_CURVE('',#573,#525,#10459,.T.);
#10457=LINE('',#524,#10460);
#10458=LINE('',#576,#10461);
#10459=LINE('',#572,#10462);
#10460=VECTOR('',#10463,1.0);
#10461=VECTOR('',#10464,1.0);
#10462=VECTOR('',#10465,1.0);
#10463=DIRECTION('',(-0.041545845158392415,-0.11609261828164139,0.9923691081097739));
#10464=DIRECTION('',(-0.002427457043258376,0.9983081107767859,0.05809495167041329));
#10465=DIRECTION('',(0.041828127896763545,0,-0.9991248208890879));
#10466=FACE_SURFACE('',(#10471),#10467,.T.);
#10467=PLANE('',#10468);
#10468=AXIS2_PLACEMENT_3D('',#574,#10469,#10470);
#10469=DIRECTION('',(-0.9991246594014819,2.7927591281686416E-05,-0.04183197575925216));
#10470=DIRECTION('',(-0.0024602603195841006,-0.9983080307453724,0.05809494701311257));
#10471=FACE_BOUND('',#10472,.T.);
#10472=EDGE_LOOP('',(#10473,#10474,#10475));
#10473=ORIENTED_EDGE('',*,*,#10476,.T.);
#10474=ORIENTED_EDGE('',*,*,#10477,.T.);
#10475=ORIENTED_EDGE('',*,*,#10478,.T.);
#10476=EDGE_CURVE('',#575,#581,#10479,.F.);
#10477=EDGE_CURVE('',#581,#525,#10480,.T.);
#10478=EDGE_CURVE('',#525,#575,#10481,.T.);
#10479=LINE('',#574,#10482);
#10480=LINE('',#580,#10483);
#10481=LINE('',#524,#10484);
#10482=VECTOR('',#10485,1.0);
#10483=VECTOR('',#10486,1.0);
#10484=VECTOR('',#10487,1.0);
#10485=DIRECTION('',(-0.0024602603195841006,-0.9983080307453724,0.05809494701311257));
#10486=DIRECTION('',(-0.04154588447726814,0.116092728151382,0.9923690936105228));
#10487=DIRECTION('',(0.04183197577556559,0,-0.9991246597911156));
#10488=FACE_SURFACE('',(#10493),#10489,.T.);
#10489=PLANE('',#10490);
#10490=AXIS2_PLACEMENT_3D('',#582,#10491,#10492);
#10491=DIRECTION('',(-0.9991247062736982,-1.872854522984237E-05,-0.04183086136739332));
#10492=DIRECTION('',(-0.007282356000816077,0.9848074354887381,0.17349721120863165));
#10493=FACE_BOUND('',#10494,.T.);
#10494=EDGE_LOOP('',(#10495,#10496,#10497));
#10495=ORIENTED_EDGE('',*,*,#10498,.T.);
#10496=ORIENTED_EDGE('',*,*,#10499,.T.);
#10497=ORIENTED_EDGE('',*,*,#10500,.T.);
#10498=EDGE_CURVE('',#583,#577,#10501,.F.);
#10499=EDGE_CURVE('',#577,#525,#10502,.T.);
#10500=EDGE_CURVE('',#525,#583,#10503,.T.);
#10501=LINE('',#582,#10504);
#10502=LINE('',#576,#10505);
#10503=LINE('',#524,#10506);
#10504=VECTOR('',#10507,1.0);
#10505=VECTOR('',#10508,1.0);
#10506=VECTOR('',#10509,1.0);
#10507=DIRECTION('',(-0.007282356000816077,0.9848074354887381,0.17349721120863165));
#10508=DIRECTION('',(0.041545845158392415,0.11609261828164139,-0.9923691081097739));
#10509=DIRECTION('',(-0.04069899298799326,-0.2306155470608903,0.9721934279882628));
#10510=FACE_SURFACE('',(#10515),#10511,.T.);
#10511=PLANE('',#10512);
#10512=AXIS2_PLACEMENT_3D('',#584,#10513,#10514);
#10513=DIRECTION('',(-0.9991245028673529,-1.2318917323702207E-05,-0.04183572179739751));
#10514=DIRECTION('',(-0.02092854317175946,0.8660250846489587,0.49956235730834614));
#10515=FACE_BOUND('',#10516,.T.);
#10516=EDGE_LOOP('',(#10517,#10518,#10519));
#10517=ORIENTED_EDGE('',*,*,#10520,.T.);
#10518=ORIENTED_EDGE('',*,*,#10521,.T.);
#10519=ORIENTED_EDGE('',*,*,#10522,.T.);
#10520=EDGE_CURVE('',#585,#587,#10523,.F.);
#10521=EDGE_CURVE('',#587,#525,#10524,.T.);
#10522=EDGE_CURVE('',#525,#585,#10525,.T.);
#10523=LINE('',#584,#10526);
#10524=LINE('',#586,#10527);
#10525=LINE('',#524,#10528);
#10526=VECTOR('',#10529,1.0);
#10527=VECTOR('',#10530,1.0);
#10528=VECTOR('',#10531,1.0);
#10529=DIRECTION('',(-0.02092854317175946,0.8660250846489587,0.49956235730834614));
#10530=DIRECTION('',(0.03738023857299309,0.4487993742333541,-0.8928504014962282));
#10531=DIRECTION('',(-0.034946461629755746,-0.5495093626238544,0.8347563747634907));
#10532=FACE_SURFACE('',(#10537),#10533,.T.);
#10533=PLANE('',#10534);
#10534=AXIS2_PLACEMENT_3D('',#586,#10535,#10536);
#10535=DIRECTION('',(-0.999124807133335,2.1603199227500696E-06,-0.04182845641557127));
#10536=DIRECTION('',(-0.016565666914097606,0.9182135949028973,0.3957390210924228));
#10537=FACE_BOUND('',#10538,.T.);
#10538=EDGE_LOOP('',(#10539,#10540,#10541));
#10539=ORIENTED_EDGE('',*,*,#10542,.T.);
#10540=ORIENTED_EDGE('',*,*,#10543,.T.);
#10541=ORIENTED_EDGE('',*,*,#10544,.T.);
#10542=EDGE_CURVE('',#587,#589,#10545,.F.);
#10543=EDGE_CURVE('',#589,#525,#10546,.T.);
#10544=EDGE_CURVE('',#525,#587,#10547,.T.);
#10545=LINE('',#586,#10548);
#10546=LINE('',#588,#10549);
#10547=LINE('',#524,#10550);
#10548=VECTOR('',#10551,1.0);
#10549=VECTOR('',#10552,1.0);
#10550=VECTOR('',#10553,1.0);
#10551=DIRECTION('',(-0.016565666914097606,0.9182135949028973,0.3957390210924228));
#10552=DIRECTION('',(0.03930663275365823,0.3420199662989001,-0.9388702419794059));
#10553=DIRECTION('',(-0.03738023857299309,-0.4487993742333541,0.8928504014962282));
#10554=FACE_SURFACE('',(#10559),#10555,.T.);
#10555=PLANE('',#10556);
#10556=AXIS2_PLACEMENT_3D('',#588,#10557,#10558);
#10557=DIRECTION('',(-0.9991251118717163,2.2194647605484664E-05,-0.041821170891402554));
#10558=DIRECTION('',(-0.01197322665035986,0.9579893454715325,0.2865537572718317));
#10559=FACE_BOUND('',#10560,.T.);
#10560=EDGE_LOOP('',(#10561,#10562,#10563));
#10561=ORIENTED_EDGE('',*,*,#10564,.T.);
#10562=ORIENTED_EDGE('',*,*,#10565,.T.);
#10563=ORIENTED_EDGE('',*,*,#10566,.T.);
#10564=EDGE_CURVE('',#589,#583,#10567,.F.);
#10565=EDGE_CURVE('',#583,#525,#10568,.T.);
#10566=EDGE_CURVE('',#525,#589,#10569,.T.);
#10567=LINE('',#588,#10570);
#10568=LINE('',#582,#10571);
#10569=LINE('',#524,#10572);
#10570=VECTOR('',#10573,1.0);
#10571=VECTOR('',#10574,1.0);
#10572=VECTOR('',#10575,1.0);
#10573=DIRECTION('',(-0.01197322665035986,0.9579893454715325,0.2865537572718317));
#10574=DIRECTION('',(0.04069899298799326,0.2306155470608903,-0.9721934279882628));
#10575=DIRECTION('',(-0.03930663275365823,-0.3420199662989001,0.9388702419794059));
#10576=FACE_SURFACE('',(#10581),#10577,.T.);
#10577=PLANE('',#10578);
#10578=AXIS2_PLACEMENT_3D('',#590,#10579,#10580);
#10579=DIRECTION('',(-0.9991245935236024,-3.226701084134798E-06,-0.04183355836986246));
#10580=DIRECTION('',(-0.03204874011678579,0.6427789791078992,0.7653809915812737));
#10581=FACE_BOUND('',#10582,.T.);
#10582=EDGE_LOOP('',(#10583,#10584,#10585));
#10583=ORIENTED_EDGE('',*,*,#10586,.T.);
#10584=ORIENTED_EDGE('',*,*,#10587,.T.);
#10585=ORIENTED_EDGE('',*,*,#10588,.T.);
#10586=EDGE_CURVE('',#591,#593,#10589,.F.);
#10587=EDGE_CURVE('',#593,#525,#10590,.T.);
#10588=EDGE_CURVE('',#525,#591,#10591,.T.);
#10589=LINE('',#590,#10592);
#10590=LINE('',#592,#10593);
#10591=LINE('',#524,#10594);
#10592=VECTOR('',#10595,1.0);
#10593=VECTOR('',#10596,1.0);
#10594=VECTOR('',#10597,1.0);
#10595=DIRECTION('',(-0.03204874011678579,0.6427789791078992,0.7653809915812737));
#10596=DIRECTION('',(0.028705601969525565,0.7273732510222247,-0.6856414092752324));
#10597=DIRECTION('',(-0.024978675371133876,-0.8021233259470643,0.5966357647244449));
#10598=FACE_SURFACE('',(#10603),#10599,.T.);
#10599=PLANE('',#10600);
#10600=AXIS2_PLACEMENT_3D('',#592,#10601,#10602);
#10601=DIRECTION('',(-0.9991248151302,1.7713217252443184E-06,-0.04182826541832881));
#10602=DIRECTION('',(-0.028703147103008874,0.727370551186934,0.6856443761983314));
#10603=FACE_BOUND('',#10604,.T.);
#10604=EDGE_LOOP('',(#10605,#10606,#10607));
#10605=ORIENTED_EDGE('',*,*,#10608,.T.);
#10606=ORIENTED_EDGE('',*,*,#10609,.T.);
#10607=ORIENTED_EDGE('',*,*,#10610,.T.);
#10608=EDGE_CURVE('',#593,#595,#10611,.F.);
#10609=EDGE_CURVE('',#595,#525,#10612,.T.);
#10610=EDGE_CURVE('',#525,#593,#10613,.T.);
#10611=LINE('',#592,#10614);
#10612=LINE('',#594,#10615);
#10613=LINE('',#524,#10616);
#10614=VECTOR('',#10617,1.0);
#10615=VECTOR('',#10618,1.0);
#10616=VECTOR('',#10619,1.0);
#10617=DIRECTION('',(-0.028703147103008874,0.727370551186934,0.6856443761983314));
#10618=DIRECTION('',(0.032043444992472234,0.6427876918531605,-0.7653738961024872));
#10619=DIRECTION('',(-0.028705601969525565,-0.7273732510222247,0.6856414092752324));
#10620=FACE_SURFACE('',(#10625),#10621,.T.);
#10621=PLANE('',#10622);
#10622=AXIS2_PLACEMENT_3D('',#594,#10623,#10624);
#10623=DIRECTION('',(-0.9991251641715091,1.1718961543008598E-05,-0.041819925656567454));
#10624=DIRECTION('',(-0.02496347272111395,0.8021278800434151,0.596630278385835));
#10625=FACE_BOUND('',#10626,.T.);
#10626=EDGE_LOOP('',(#10627,#10628,#10629));
#10627=ORIENTED_EDGE('',*,*,#10630,.T.);
#10628=ORIENTED_EDGE('',*,*,#10631,.T.);
#10629=ORIENTED_EDGE('',*,*,#10632,.T.);
#10630=EDGE_CURVE('',#595,#585,#10633,.F.);
#10631=EDGE_CURVE('',#585,#525,#10634,.T.);
#10632=EDGE_CURVE('',#525,#595,#10635,.T.);
#10633=LINE('',#594,#10636);
#10634=LINE('',#584,#10637);
#10635=LINE('',#524,#10638);
#10636=VECTOR('',#10639,1.0);
#10637=VECTOR('',#10640,1.0);
#10638=VECTOR('',#10641,1.0);
#10639=DIRECTION('',(-0.02496347272111395,0.8021278800434151,0.596630278385835));
#10640=DIRECTION('',(0.034946461629755746,0.5495093626238544,-0.8347563747634907));
#10641=DIRECTION('',(-0.032043444992472234,-0.6427876918531605,0.7653738961024872));
#10642=FACE_SURFACE('',(#10647),#10643,.T.);
#10643=PLANE('',#10644);
#10644=AXIS2_PLACEMENT_3D('',#596,#10645,#10646);
#10645=DIRECTION('',(-0.9991251149994518,2.952265533539901E-06,-0.04182110195363376));
#10646=DIRECTION('',(-0.039297970097307816,0.34202027146876457,0.938870493439145));
#10647=FACE_BOUND('',#10648,.T.);
#10648=EDGE_LOOP('',(#10649,#10650,#10651));
#10649=ORIENTED_EDGE('',*,*,#10652,.T.);
#10650=ORIENTED_EDGE('',*,*,#10653,.T.);
#10651=ORIENTED_EDGE('',*,*,#10654,.T.);
#10652=EDGE_CURVE('',#597,#599,#10655,.F.);
#10653=EDGE_CURVE('',#599,#525,#10656,.T.);
#10654=EDGE_CURVE('',#525,#597,#10657,.T.);
#10655=LINE('',#596,#10658);
#10656=LINE('',#598,#10659);
#10657=LINE('',#524,#10660);
#10658=VECTOR('',#10661,1.0);
#10659=VECTOR('',#10662,1.0);
#10660=VECTOR('',#10663,1.0);
#10661=DIRECTION('',(-0.039297970097307816,0.34202027146876457,0.938870493439145));
#10662=DIRECTION('',(0.01656724550654465,0.9182156449528154,-0.3957341983455704));
#10663=DIRECTION('',(-0.011997234264417294,-0.9579896464411382,0.28655174695260166));
#10664=FACE_SURFACE('',(#10669),#10665,.T.);
#10665=PLANE('',#10666);
#10666=AXIS2_PLACEMENT_3D('',#598,#10667,#10668);
#10667=DIRECTION('',(-0.9991254214023083,6.113049282916679E-06,-0.04181378086576783));
#10668=DIRECTION('',(-0.03736361473081161,0.4487898271573605,0.8928558961749169));
#10669=FACE_BOUND('',#10670,.T.);
#10670=EDGE_LOOP('',(#10671,#10672,#10673));
#10671=ORIENTED_EDGE('',*,*,#10674,.T.);
#10672=ORIENTED_EDGE('',*,*,#10675,.T.);
#10673=ORIENTED_EDGE('',*,*,#10676,.T.);
#10674=EDGE_CURVE('',#599,#601,#10677,.F.);
#10675=EDGE_CURVE('',#601,#525,#10678,.T.);
#10676=EDGE_CURVE('',#525,#599,#10679,.T.);
#10677=LINE('',#598,#10680);
#10678=LINE('',#600,#10681);
#10679=LINE('',#524,#10682);
#10680=VECTOR('',#10683,1.0);
#10681=VECTOR('',#10684,1.0);
#10682=VECTOR('',#10685,1.0);
#10683=DIRECTION('',(-0.03736361473081161,0.4487898271573605,0.8928558961749169));
#10684=DIRECTION('',(0.02091216333980031,0.8660256318812761,-0.4995620945879358));
#10685=DIRECTION('',(-0.01656724550654465,-0.9182156449528154,0.3957341983455704));
#10686=FACE_SURFACE('',(#10691),#10687,.T.);
#10687=PLANE('',#10688);
#10688=AXIS2_PLACEMENT_3D('',#600,#10689,#10690);
#10689=DIRECTION('',(-0.9991240705143231,-1.2531507715777519E-05,-0.041846045952411426));
#10690=DIRECTION('',(-0.03496838497934597,0.5495219373114482,0.8347471787705599));
#10691=FACE_BOUND('',#10692,.T.);
#10692=EDGE_LOOP('',(#10693,#10694,#10695));
#10693=ORIENTED_EDGE('',*,*,#10696,.T.);
#10694=ORIENTED_EDGE('',*,*,#10697,.T.);
#10695=ORIENTED_EDGE('',*,*,#10698,.T.);
#10696=EDGE_CURVE('',#601,#591,#10699,.F.);
#10697=EDGE_CURVE('',#591,#525,#10700,.T.);
#10698=EDGE_CURVE('',#525,#601,#10701,.T.);
#10699=LINE('',#600,#10702);
#10700=LINE('',#590,#10703);
#10701=LINE('',#524,#10704);
#10702=VECTOR('',#10705,1.0);
#10703=VECTOR('',#10706,1.0);
#10704=VECTOR('',#10707,1.0);
#10705=DIRECTION('',(-0.03496838497934597,0.5495219373114482,0.8347471787705599));
#10706=DIRECTION('',(0.024978675371133876,0.8021233259470643,-0.5966357647244449));
#10707=DIRECTION('',(-0.02091216333980031,-0.8660256318812761,0.4995620945879358));
#10708=FACE_SURFACE('',(#10713),#10709,.T.);
#10709=PLANE('',#10710);
#10710=AXIS2_PLACEMENT_3D('',#602,#10711,#10712);
#10711=DIRECTION('',(-0.999124967033122,-1.8889318282178282E-06,-0.041824636848330245));
#10712=DIRECTION('',(-0.041824636848404866,0,0.9991249670349046));
#10713=FACE_BOUND('',#10714,.T.);
#10714=EDGE_LOOP('',(#10715,#10716,#10717));
#10715=ORIENTED_EDGE('',*,*,#10718,.T.);
#10716=ORIENTED_EDGE('',*,*,#10719,.T.);
#10717=ORIENTED_EDGE('',*,*,#10720,.T.);
#10718=EDGE_CURVE('',#603,#605,#10721,.F.);
#10719=EDGE_CURVE('',#605,#525,#10722,.T.);
#10720=EDGE_CURVE('',#525,#603,#10723,.T.);
#10721=LINE('',#602,#10724);
#10722=LINE('',#604,#10725);
#10723=LINE('',#524,#10726);
#10724=VECTOR('',#10727,1.0);
#10725=VECTOR('',#10728,1.0);
#10726=VECTOR('',#10729,1.0);
#10727=DIRECTION('',(-0.041824636848404866,0,0.9991249670349046));
#10728=DIRECTION('',(0.0024299622367069834,0.9983082140146561,-0.05809307286067735));
#10729=DIRECTION('',(0.0024337767766811798,-0.9983081494449109,-0.058094022777551234));
#10730=FACE_SURFACE('',(#10735),#10731,.T.);
#10731=PLANE('',#10732);
#10732=AXIS2_PLACEMENT_3D('',#604,#10733,#10734);
#10733=DIRECTION('',(-0.999124135771233,-3.0462171460659893E-06,-0.041844489602660066));
#10734=DIRECTION('',(-0.041561913607900104,0.11609124882269808,0.992368595474502));
#10735=FACE_BOUND('',#10736,.T.);
#10736=EDGE_LOOP('',(#10737,#10738,#10739));
#10737=ORIENTED_EDGE('',*,*,#10740,.T.);
#10738=ORIENTED_EDGE('',*,*,#10741,.T.);
#10739=ORIENTED_EDGE('',*,*,#10742,.T.);
#10740=EDGE_CURVE('',#605,#607,#10743,.F.);
#10741=EDGE_CURVE('',#607,#525,#10744,.T.);
#10742=EDGE_CURVE('',#525,#605,#10745,.T.);
#10743=LINE('',#604,#10746);
#10744=LINE('',#606,#10747);
#10745=LINE('',#524,#10748);
#10746=VECTOR('',#10749,1.0);
#10747=VECTOR('',#10750,1.0);
#10748=VECTOR('',#10751,1.0);
#10749=DIRECTION('',(-0.041561913607900104,0.11609124882269808,0.992368595474502));
#10750=DIRECTION('',(0.007263183214162696,0.9848079166717767,-0.17349528359639182));
#10751=DIRECTION('',(-0.0024299622367069834,-0.9983082140146561,0.05809307286067735));
#10752=FACE_SURFACE('',(#10757),#10753,.T.);
#10753=PLANE('',#10754);
#10754=AXIS2_PLACEMENT_3D('',#606,#10755,#10756);
#10755=DIRECTION('',(-0.9991244790021664,-1.5997691953824518E-06,-0.04183629352715728));
#10756=DIRECTION('',(-0.0407088834608309,0.23062353357886514,0.972191119362325));
#10757=FACE_BOUND('',#10758,.T.);
#10758=EDGE_LOOP('',(#10759,#10760,#10761));
#10759=ORIENTED_EDGE('',*,*,#10762,.T.);
#10760=ORIENTED_EDGE('',*,*,#10763,.T.);
#10761=ORIENTED_EDGE('',*,*,#10764,.T.);
#10762=EDGE_CURVE('',#607,#597,#10765,.F.);
#10763=EDGE_CURVE('',#597,#525,#10766,.T.);
#10764=EDGE_CURVE('',#525,#607,#10767,.T.);
#10765=LINE('',#606,#10768);
#10766=LINE('',#596,#10769);
#10767=LINE('',#524,#10770);
#10768=VECTOR('',#10771,1.0);
#10769=VECTOR('',#10772,1.0);
#10770=VECTOR('',#10773,1.0);
#10771=DIRECTION('',(-0.0407088834608309,0.23062353357886514,0.972191119362325));
#10772=DIRECTION('',(0.011997234264417294,0.9579896464411382,-0.28655174695260166));
#10773=DIRECTION('',(-0.007263183214162696,-0.9848079166717767,0.17349528359639182));
#10774=FACE_SURFACE('',(#10779),#10775,.T.);
#10775=PLANE('',#10776);
#10776=AXIS2_PLACEMENT_3D('',#608,#10777,#10778);
#10777=DIRECTION('',(-0.9991250880432105,-2.7176603702297427E-06,-0.041821745961413526));
#10778=DIRECTION('',(-0.039298575250530536,-0.3420255382718336,0.9388685494536181));
#10779=FACE_BOUND('',#10780,.T.);
#10780=EDGE_LOOP('',(#10781,#10782,#10783));
#10781=ORIENTED_EDGE('',*,*,#10784,.T.);
#10782=ORIENTED_EDGE('',*,*,#10785,.T.);
#10783=ORIENTED_EDGE('',*,*,#10786,.T.);
#10784=EDGE_CURVE('',#609,#611,#10787,.F.);
#10785=EDGE_CURVE('',#611,#525,#10788,.T.);
#10786=EDGE_CURVE('',#525,#609,#10789,.T.);
#10787=LINE('',#608,#10790);
#10788=LINE('',#610,#10791);
#10789=LINE('',#524,#10792);
#10790=VECTOR('',#10793,1.0);
#10791=VECTOR('',#10794,1.0);
#10792=VECTOR('',#10795,1.0);
#10793=DIRECTION('',(-0.039298575250530536,-0.3420255382718336,0.9388685494536181));
#10794=DIRECTION('',(-0.011997230985841392,0.9579893846439856,0.2865526223193748));
#10795=DIRECTION('',(0.01656725175905041,-0.9182159914889131,-0.395733394020753));
#10796=FACE_SURFACE('',(#10801),#10797,.T.);
#10797=PLANE('',#10798);
#10798=AXIS2_PLACEMENT_3D('',#610,#10799,#10800);
#10799=DIRECTION('',(-0.999124479387711,1.6386576629409154E-06,-0.041836284318164794));
#10800=DIRECTION('',(-0.0407088834608309,-0.23062353357886514,0.972191119362325));
#10801=FACE_BOUND('',#10802,.T.);
#10802=EDGE_LOOP('',(#10803,#10804,#10805));
#10803=ORIENTED_EDGE('',*,*,#10806,.T.);
#10804=ORIENTED_EDGE('',*,*,#10807,.T.);
#10805=ORIENTED_EDGE('',*,*,#10808,.T.);
#10806=EDGE_CURVE('',#611,#613,#10809,.F.);
#10807=EDGE_CURVE('',#613,#525,#10810,.T.);
#10808=EDGE_CURVE('',#525,#611,#10811,.T.);
#10809=LINE('',#610,#10812);
#10810=LINE('',#612,#10813);
#10811=LINE('',#524,#10814);
#10812=VECTOR('',#10815,1.0);
#10813=VECTOR('',#10816,1.0);
#10814=VECTOR('',#10817,1.0);
#10815=DIRECTION('',(-0.0407088834608309,-0.23062353357886514,0.972191119362325));
#10816=DIRECTION('',(-0.0072631820124080156,0.9848077537270336,0.1734962085642484));
#10817=DIRECTION('',(0.011997230985841392,-0.9579893846439856,-0.2865526223193748));
#10818=FACE_SURFACE('',(#10823),#10819,.T.);
#10819=PLANE('',#10820);
#10820=AXIS2_PLACEMENT_3D('',#612,#10821,#10822);
#10821=DIRECTION('',(-0.999125488339353,-2.614994952260524E-06,-0.04181218176334645));
#10822=DIRECTION('',(-0.04152916680072499,-0.11609140703614988,0.9923699479111631));
#10823=FACE_BOUND('',#10824,.T.);
#10824=EDGE_LOOP('',(#10825,#10826,#10827));
#10825=ORIENTED_EDGE('',*,*,#10828,.T.);
#10826=ORIENTED_EDGE('',*,*,#10829,.T.);
#10827=ORIENTED_EDGE('',*,*,#10830,.T.);
#10828=EDGE_CURVE('',#613,#603,#10831,.F.);
#10829=EDGE_CURVE('',#603,#525,#10832,.T.);
#10830=EDGE_CURVE('',#525,#613,#10833,.T.);
#10831=LINE('',#612,#10834);
#10832=LINE('',#602,#10835);
#10833=LINE('',#524,#10836);
#10834=VECTOR('',#10837,1.0);
#10835=VECTOR('',#10838,1.0);
#10836=VECTOR('',#10839,1.0);
#10837=DIRECTION('',(-0.04152916680072499,-0.11609140703614988,0.9923699479111631));
#10838=DIRECTION('',(-0.0024337767766811798,0.9983081494449109,0.058094022777551234));
#10839=DIRECTION('',(0.0072631820124080156,-0.9848077537270336,-0.1734962085642484));
#10840=FACE_SURFACE('',(#10845),#10841,.T.);
#10841=PLANE('',#10842);
#10842=AXIS2_PLACEMENT_3D('',#614,#10843,#10844);
#10843=DIRECTION('',(-0.9991245830659153,3.4625298688702355E-06,-0.04183380811463184));
#10844=DIRECTION('',(-0.03204894127918296,-0.6427830136802355,0.7653775948425964));
#10845=FACE_BOUND('',#10846,.T.);
#10846=EDGE_LOOP('',(#10847,#10848,#10849));
#10847=ORIENTED_EDGE('',*,*,#10850,.T.);
#10848=ORIENTED_EDGE('',*,*,#10851,.T.);
#10849=ORIENTED_EDGE('',*,*,#10852,.T.);
#10850=EDGE_CURVE('',#615,#617,#10853,.F.);
#10851=EDGE_CURVE('',#617,#525,#10854,.T.);
#10852=EDGE_CURVE('',#525,#615,#10855,.T.);
#10853=LINE('',#614,#10856);
#10854=LINE('',#616,#10857);
#10855=LINE('',#524,#10858);
#10856=VECTOR('',#10859,1.0);
#10857=VECTOR('',#10860,1.0);
#10858=VECTOR('',#10861,1.0);
#10859=DIRECTION('',(-0.03204894127918296,-0.6427830136802355,0.7653775948425964));
#10860=DIRECTION('',(-0.024978661158341717,0.8021228695412722,0.5966363789156777));
#10861=DIRECTION('',(0.028705601969525565,-0.7273732510222247,-0.6856414092752324));
#10862=FACE_SURFACE('',(#10867),#10863,.T.);
#10863=PLANE('',#10864);
#10864=AXIS2_PLACEMENT_3D('',#616,#10865,#10866);
#10865=DIRECTION('',(-0.9991251846295237,-7.2450781142643746E-06,-0.04181943790307451));
#10866=DIRECTION('',(-0.03493538251596607,-0.5495188055469141,0.8347506222811432));
#10867=FACE_BOUND('',#10868,.T.);
#10868=EDGE_LOOP('',(#10869,#10870,#10871));
#10869=ORIENTED_EDGE('',*,*,#10872,.T.);
#10870=ORIENTED_EDGE('',*,*,#10873,.T.);
#10871=ORIENTED_EDGE('',*,*,#10874,.T.);
#10872=EDGE_CURVE('',#617,#619,#10875,.F.);
#10873=EDGE_CURVE('',#619,#525,#10876,.T.);
#10874=EDGE_CURVE('',#525,#617,#10877,.T.);
#10875=LINE('',#616,#10878);
#10876=LINE('',#618,#10879);
#10877=LINE('',#524,#10880);
#10878=VECTOR('',#10881,1.0);
#10879=VECTOR('',#10882,1.0);
#10880=VECTOR('',#10883,1.0);
#10881=DIRECTION('',(-0.03493538251596607,-0.5495188055469141,0.8347506222811432));
#10882=DIRECTION('',(-0.02091597636708249,0.8660255627890483,0.4995620547324664));
#10883=DIRECTION('',(0.024978661158341717,-0.8021228695412722,-0.5966363789156777));
#10884=FACE_SURFACE('',(#10889),#10885,.T.);
#10885=PLANE('',#10886);
#10886=AXIS2_PLACEMENT_3D('',#618,#10887,#10888);
#10887=DIRECTION('',(-0.999124172897932,6.7186792080168124E-06,-0.041843602687659846));
#10888=DIRECTION('',(-0.03739609892660327,-0.4487859907147889,0.8928564645693153));
#10889=FACE_BOUND('',#10890,.T.);
#10890=EDGE_LOOP('',(#10891,#10892,#10893));
#10891=ORIENTED_EDGE('',*,*,#10894,.T.);
#10892=ORIENTED_EDGE('',*,*,#10895,.T.);
#10893=ORIENTED_EDGE('',*,*,#10896,.T.);
#10894=EDGE_CURVE('',#619,#609,#10897,.F.);
#10895=EDGE_CURVE('',#609,#525,#10898,.T.);
#10896=EDGE_CURVE('',#525,#619,#10899,.T.);
#10897=LINE('',#618,#10900);
#10898=LINE('',#608,#10901);
#10899=LINE('',#524,#10902);
#10900=VECTOR('',#10903,1.0);
#10901=VECTOR('',#10904,1.0);
#10902=VECTOR('',#10905,1.0);
#10903=DIRECTION('',(-0.03739609892660327,-0.4487859907147889,0.8928564645693153));
#10904=DIRECTION('',(-0.01656725175905041,0.9182159914889131,0.395733394020753));
#10905=DIRECTION('',(0.02091597636708249,-0.8660255627890483,-0.4995620547324664));
#10906=FACE_SURFACE('',(#10911),#10907,.T.);
#10907=PLANE('',#10908);
#10908=AXIS2_PLACEMENT_3D('',#620,#10909,#10910);
#10909=DIRECTION('',(-0.9991251205521606,-1.699924622002446E-05,-0.04182096594599501));
#10910=DIRECTION('',(-0.020895754146807808,-0.8660256787328093,0.49956270000272546));
#10911=FACE_BOUND('',#10912,.T.);
#10912=EDGE_LOOP('',(#10913,#10914,#10915));
#10913=ORIENTED_EDGE('',*,*,#10916,.T.);
#10914=ORIENTED_EDGE('',*,*,#10917,.T.);
#10915=ORIENTED_EDGE('',*,*,#10918,.T.);
#10916=EDGE_CURVE('',#621,#623,#10919,.F.);
#10917=EDGE_CURVE('',#623,#525,#10920,.T.);
#10918=EDGE_CURVE('',#525,#621,#10921,.T.);
#10919=LINE('',#620,#10922);
#10920=LINE('',#622,#10923);
#10921=LINE('',#524,#10924);
#10922=VECTOR('',#10925,1.0);
#10923=VECTOR('',#10926,1.0);
#10924=VECTOR('',#10927,1.0);
#10925=DIRECTION('',(-0.020895754146807808,-0.8660256787328093,0.49956270000272546));
#10926=DIRECTION('',(-0.03495024384631575,0.5495088519082849,0.8347565526125096));
#10927=DIRECTION('',(0.03738020674415652,-0.44879899208592866,-0.8928505949185557));
#10928=FACE_SURFACE('',(#10933),#10929,.T.);
#10929=PLANE('',#10930);
#10930=AXIS2_PLACEMENT_3D('',#622,#10931,#10932);
#10931=DIRECTION('',(-0.9991242906516812,1.3167240013030204E-05,-0.041840789385463824));
#10932=DIRECTION('',(-0.02499613344689139,-0.802123298044766,0.5966350710832314));
#10933=FACE_BOUND('',#10934,.T.);
#10934=EDGE_LOOP('',(#10935,#10936,#10937));
#10935=ORIENTED_EDGE('',*,*,#10938,.T.);
#10936=ORIENTED_EDGE('',*,*,#10939,.T.);
#10937=ORIENTED_EDGE('',*,*,#10940,.T.);
#10938=EDGE_CURVE('',#623,#625,#10941,.F.);
#10939=EDGE_CURVE('',#625,#525,#10942,.T.);
#10940=EDGE_CURVE('',#525,#623,#10943,.T.);
#10941=LINE('',#622,#10944);
#10942=LINE('',#624,#10945);
#10943=LINE('',#524,#10946);
#10944=VECTOR('',#10947,1.0);
#10945=VECTOR('',#10948,1.0);
#10946=VECTOR('',#10949,1.0);
#10947=DIRECTION('',(-0.02499613344689139,-0.802123298044766,0.5966350710832314));
#10948=DIRECTION('',(-0.032043444992472234,0.6427876918531605,0.7653738961024872));
#10949=DIRECTION('',(0.03495024384631575,-0.5495088519082849,-0.8347565526125096));
#10950=FACE_SURFACE('',(#10955),#10951,.T.);
#10951=PLANE('',#10952);
#10952=AXIS2_PLACEMENT_3D('',#624,#10953,#10954);
#10953=DIRECTION('',(-0.9991248151302,-1.7713217252443184E-06,-0.04182826541832881));
#10954=DIRECTION('',(-0.028703147103008874,-0.727370551186934,0.6856443761983314));
#10955=FACE_BOUND('',#10956,.T.);
#10956=EDGE_LOOP('',(#10957,#10958,#10959));
#10957=ORIENTED_EDGE('',*,*,#10960,.T.);
#10958=ORIENTED_EDGE('',*,*,#10961,.T.);
#10959=ORIENTED_EDGE('',*,*,#10962,.T.);
#10960=EDGE_CURVE('',#625,#615,#10963,.F.);
#10961=EDGE_CURVE('',#615,#525,#10964,.T.);
#10962=EDGE_CURVE('',#525,#625,#10965,.T.);
#10963=LINE('',#624,#10966);
#10964=LINE('',#614,#10967);
#10965=LINE('',#524,#10968);
#10966=VECTOR('',#10969,1.0);
#10967=VECTOR('',#10970,1.0);
#10968=VECTOR('',#10971,1.0);
#10969=DIRECTION('',(-0.028703147103008874,-0.727370551186934,0.6856443761983314));
#10970=DIRECTION('',(-0.028705601969525565,0.7273732510222247,0.6856414092752324));
#10971=DIRECTION('',(0.032043444992472234,-0.6427876918531605,-0.7653738961024872));
#10972=FACE_SURFACE('',(#10977),#10973,.T.);
#10973=PLANE('',#10974);
#10974=AXIS2_PLACEMENT_3D('',#580,#10975,#10976);
#10975=DIRECTION('',(-0.9991248624676753,-1.3545377458460141E-05,-0.04182713252748294));
#10976=DIRECTION('',(-0.0072495646379534115,-0.9848090713951057,0.1734892985474032));
#10977=FACE_BOUND('',#10978,.T.);
#10978=EDGE_LOOP('',(#10979,#10980,#10981));
#10979=ORIENTED_EDGE('',*,*,#10982,.T.);
#10980=ORIENTED_EDGE('',*,*,#10983,.T.);
#10981=ORIENTED_EDGE('',*,*,#10984,.T.);
#10982=EDGE_CURVE('',#581,#627,#10985,.F.);
#10983=EDGE_CURVE('',#627,#525,#10986,.T.);
#10984=EDGE_CURVE('',#525,#581,#10987,.T.);
#10985=LINE('',#580,#10988);
#10986=LINE('',#626,#10989);
#10987=LINE('',#524,#10990);
#10988=VECTOR('',#10991,1.0);
#10989=VECTOR('',#10992,1.0);
#10990=VECTOR('',#10993,1.0);
#10991=DIRECTION('',(-0.0072495646379534115,-0.9848090713951057,0.1734892985474032));
#10992=DIRECTION('',(-0.04070280136454088,0.23061551125516744,0.9721932770440229));
#10993=DIRECTION('',(0.04154588447726814,-0.116092728151382,-0.9923690936105228));
#10994=FACE_SURFACE('',(#10999),#10995,.T.);
#10995=PLANE('',#10996);
#10996=AXIS2_PLACEMENT_3D('',#626,#10997,#10998);
#10997=DIRECTION('',(-0.9991246424250344,8.65563994342687E-06,-0.041832389653557865));
#10998=DIRECTION('',(-0.012006025289075729,-0.9579889686944469,0.28655364457027604));
#10999=FACE_BOUND('',#11000,.T.);
#11000=EDGE_LOOP('',(#11001,#11002,#11003));
#11001=ORIENTED_EDGE('',*,*,#11004,.T.);
#11002=ORIENTED_EDGE('',*,*,#11005,.T.);
#11003=ORIENTED_EDGE('',*,*,#11006,.T.);
#11004=EDGE_CURVE('',#627,#629,#11007,.F.);
#11005=EDGE_CURVE('',#629,#525,#11008,.T.);
#11006=EDGE_CURVE('',#525,#627,#11009,.T.);
#11007=LINE('',#626,#11010);
#11008=LINE('',#628,#11011);
#11009=LINE('',#524,#11012);
#11010=VECTOR('',#11013,1.0);
#11011=VECTOR('',#11014,1.0);
#11012=VECTOR('',#11015,1.0);
#11013=DIRECTION('',(-0.012006025289075729,-0.9579889686944469,0.28655364457027604));
#11014=DIRECTION('',(-0.03930663275365823,0.3420199662989001,0.9388702419794059));
#11015=DIRECTION('',(0.04070280136454088,-0.23061551125516744,-0.9721932770440229));
#11016=FACE_SURFACE('',(#11021),#11017,.T.);
#11017=PLANE('',#11018);
#11018=AXIS2_PLACEMENT_3D('',#628,#11019,#11020);
#11019=DIRECTION('',(-0.9991248022182266,-1.83743184921667E-06,-0.041828573834322806));
#11020=DIRECTION('',(-0.01656572067579468,-0.9182165748445679,0.3957321045596397));
#11021=FACE_BOUND('',#11022,.T.);
#11022=EDGE_LOOP('',(#11023,#11024,#11025));
#11023=ORIENTED_EDGE('',*,*,#11026,.T.);
#11024=ORIENTED_EDGE('',*,*,#11027,.T.);
#11025=ORIENTED_EDGE('',*,*,#11028,.T.);
#11026=EDGE_CURVE('',#629,#621,#11029,.F.);
#11027=EDGE_CURVE('',#621,#525,#11030,.T.);
#11028=EDGE_CURVE('',#525,#629,#11031,.T.);
#11029=LINE('',#628,#11032);
#11030=LINE('',#620,#11033);
#11031=LINE('',#524,#11034);
#11032=VECTOR('',#11035,1.0);
#11033=VECTOR('',#11036,1.0);
#11034=VECTOR('',#11037,1.0);
#11035=DIRECTION('',(-0.01656572067579468,-0.9182165748445679,0.3957321045596397));
#11036=DIRECTION('',(-0.03738020674415652,0.44879899208592866,0.8928505949185557));
#11037=DIRECTION('',(0.03930663275365823,-0.3420199662989001,-0.9388702419794059));
#11038=FACE_SURFACE('',(#11043),#11039,.T.);
#11039=PLANE('',#11040);
#11040=AXIS2_PLACEMENT_3D('',#164,#11041,#11042);
#11041=DIRECTION('',(-0.04175863646228243,0.05814701167121686,0.9974342791956361));
#11042=DIRECTION('',(0.9869541736769005,-0.152963044430967,0.05023709884295059));
#11043=FACE_BOUND('',#11044,.T.);
#11044=EDGE_LOOP('',(#11045,#11046,#11047));
#11045=ORIENTED_EDGE('',*,*,#11048,.T.);
#11046=ORIENTED_EDGE('',*,*,#11049,.T.);
#11047=ORIENTED_EDGE('',*,*,#11050,.T.);
#11048=EDGE_CURVE('',#165,#581,#11051,.F.);
#11049=EDGE_CURVE('',#581,#575,#11052,.T.);
#11050=EDGE_CURVE('',#575,#165,#11053,.T.);
#11051=LINE('',#164,#11054);
#11052=LINE('',#580,#11055);
#11053=LINE('',#574,#11056);
#11054=VECTOR('',#11057,1.0);
#11055=VECTOR('',#11058,1.0);
#11056=VECTOR('',#11059,1.0);
#11057=DIRECTION('',(0.9869541736769005,-0.152963044430967,0.05023709884295059));
#11058=DIRECTION('',(0.0024602603195841006,0.9983080307453724,-0.05809494701311257));
#11059=DIRECTION('',(-0.9991247671914388,0,-0.04182941052242151));
#11060=FACE_SURFACE('',(#11065),#11061,.T.);
#11061=PLANE('',#11062);
#11062=AXIS2_PLACEMENT_3D('',#578,#11063,#11064);
#11063=DIRECTION('',(-0.9991265715411802,2.239456108041218E-06,-0.04178629004053267));
#11064=DIRECTION('',(-0.001909386390212165,-0.9989579249923921,0.045600639672125826));
#11065=FACE_BOUND('',#11066,.T.);
#11066=EDGE_LOOP('',(#11067,#11068,#11069));
#11067=ORIENTED_EDGE('',*,*,#11070,.T.);
#11068=ORIENTED_EDGE('',*,*,#11071,.T.);
#11069=ORIENTED_EDGE('',*,*,#11072,.T.);
#11070=EDGE_CURVE('',#579,#117,#11073,.F.);
#11071=EDGE_CURVE('',#117,#115,#11074,.T.);
#11072=EDGE_CURVE('',#115,#579,#11075,.T.);
#11073=LINE('',#578,#11076);
#11074=LINE('',#116,#11077);
#11075=LINE('',#114,#11078);
#11076=VECTOR('',#11079,1.0);
#11077=VECTOR('',#11080,1.0);
#11078=VECTOR('',#11081,1.0);
#11079=DIRECTION('',(-0.001909386390212165,-0.9989579249923921,0.045600639672125826));
#11080=DIRECTION('',(0.0017418053504790884,0.999133089269125,-0.04159370194699845));
#11081=DIRECTION('',(0.002427457043258376,-0.9983081107767859,-0.05809495167041329));
#11082=FACE_SURFACE('',(#11087),#11083,.T.);
#11083=PLANE('',#11084);
#11084=AXIS2_PLACEMENT_3D('',#162,#11085,#11086);
#11085=DIRECTION('',(-0.04175863646228243,0.05814701167121686,0.9974342791956361));
#11086=DIRECTION('',(0.9991247671914388,0,0.04182941052242151));
#11087=FACE_BOUND('',#11088,.T.);
#11088=EDGE_LOOP('',(#11089,#11090,#11091));
#11089=ORIENTED_EDGE('',*,*,#11092,.T.);
#11090=ORIENTED_EDGE('',*,*,#11093,.T.);
#11091=ORIENTED_EDGE('',*,*,#11094,.T.);
#11092=EDGE_CURVE('',#163,#581,#11095,.F.);
#11093=EDGE_CURVE('',#581,#165,#11096,.T.);
#11094=EDGE_CURVE('',#165,#163,#11097,.T.);
#11095=LINE('',#162,#11098);
#11096=LINE('',#580,#11099);
#11097=LINE('',#164,#11100);
#11098=VECTOR('',#11101,1.0);
#11099=VECTOR('',#11102,1.0);
#11100=VECTOR('',#11103,1.0);
#11101=DIRECTION('',(0.9991247671914388,0,0.04182941052242151));
#11102=DIRECTION('',(-0.9869541736769005,0.152963044430967,-0.05023709884295059));
#11103=DIRECTION('',(-0.0024602603195841006,-0.9983080307453724,0.05809494701311257));
#11104=FACE_SURFACE('',(#11109),#11105,.T.);
#11105=PLANE('',#11106);
#11106=AXIS2_PLACEMENT_3D('',#582,#11107,#11108);
#11107=DIRECTION('',(0.04119391451179116,0.17364997744626592,-0.9839454998830507));
#11108=DIRECTION('',(-0.9991247671914388,0,-0.04182941052242151));
#11109=FACE_BOUND('',#11110,.T.);
#11110=EDGE_LOOP('',(#11111,#11112,#11113));
#11111=ORIENTED_EDGE('',*,*,#11114,.T.);
#11112=ORIENTED_EDGE('',*,*,#11115,.T.);
#11113=ORIENTED_EDGE('',*,*,#11116,.T.);
#11114=EDGE_CURVE('',#583,#631,#11117,.F.);
#11115=EDGE_CURVE('',#631,#577,#11118,.T.);
#11116=EDGE_CURVE('',#577,#583,#11119,.T.);
#11117=LINE('',#582,#11120);
#11118=LINE('',#630,#11121);
#11119=LINE('',#576,#11122);
#11120=VECTOR('',#11123,1.0);
#11121=VECTOR('',#11124,1.0);
#11122=VECTOR('',#11125,1.0);
#11123=DIRECTION('',(-0.9991247671914388,0,-0.04182941052242151));
#11124=DIRECTION('',(0.9862138789279246,0.1508945333474405,0.06791925217340784));
#11125=DIRECTION('',(0.007282356000816077,-0.9848074354887381,-0.17349721120863165));
#11126=FACE_SURFACE('',(#11131),#11127,.T.);
#11127=PLANE('',#11128);
#11128=AXIS2_PLACEMENT_3D('',#630,#11129,#11130);
#11129=DIRECTION('',(0.04119391451179116,0.17364997744626592,-0.9839454998830507));
#11130=DIRECTION('',(-0.007282356000816077,0.9848074354887381,0.17349721120863165));
#11131=FACE_BOUND('',#11132,.T.);
#11132=EDGE_LOOP('',(#11133,#11134,#11135));
#11133=ORIENTED_EDGE('',*,*,#11136,.T.);
#11134=ORIENTED_EDGE('',*,*,#11137,.T.);
#11135=ORIENTED_EDGE('',*,*,#11138,.T.);
#11136=EDGE_CURVE('',#631,#579,#11139,.F.);
#11137=EDGE_CURVE('',#579,#577,#11140,.T.);
#11138=EDGE_CURVE('',#577,#631,#11141,.T.);
#11139=LINE('',#630,#11142);
#11140=LINE('',#578,#11143);
#11141=LINE('',#576,#11144);
#11142=VECTOR('',#11145,1.0);
#11143=VECTOR('',#11146,1.0);
#11144=VECTOR('',#11147,1.0);
#11145=DIRECTION('',(-0.007282356000816077,0.9848074354887381,0.17349721120863165));
#11146=DIRECTION('',(0.9991247671914388,0,0.04182941052242151));
#11147=DIRECTION('',(-0.9862138789279246,-0.1508945333474405,-0.06791925217340784));
#11148=FACE_SURFACE('',(#11153),#11149,.T.);
#11149=PLANE('',#11150);
#11150=AXIS2_PLACEMENT_3D('',#162,#11151,#11152);
#11151=DIRECTION('',(-0.0411939829374765,0.1736407000531099,0.9839471342784697));
#11152=DIRECTION('',(0.9862141007217146,-0.1508937982560811,0.06791766475308895));
#11153=FACE_BOUND('',#11154,.T.);
#11154=EDGE_LOOP('',(#11155,#11156,#11157));
#11155=ORIENTED_EDGE('',*,*,#11158,.T.);
#11156=ORIENTED_EDGE('',*,*,#11159,.T.);
#11157=ORIENTED_EDGE('',*,*,#11160,.T.);
#11158=EDGE_CURVE('',#163,#627,#11161,.F.);
#11159=EDGE_CURVE('',#627,#581,#11162,.T.);
#11160=EDGE_CURVE('',#581,#163,#11163,.T.);
#11161=LINE('',#162,#11164);
#11162=LINE('',#626,#11165);
#11163=LINE('',#580,#11166);
#11164=VECTOR('',#11167,1.0);
#11165=VECTOR('',#11168,1.0);
#11166=VECTOR('',#11169,1.0);
#11167=DIRECTION('',(0.9862141007217146,-0.1508937982560811,0.06791766475308895));
#11168=DIRECTION('',(0.0072495646379534115,0.9848090713951057,-0.1734892985474032));
#11169=DIRECTION('',(-0.9991247671914388,0,-0.04182941052242151));
#11170=FACE_SURFACE('',(#11175),#11171,.T.);
#11171=PLANE('',#11172);
#11172=AXIS2_PLACEMENT_3D('',#630,#11173,#11174);
#11173=DIRECTION('',(-0.9991211361869575,-3.6942225778874154E-06,-0.041916049561426076));
#11174=DIRECTION('',(-0.0022927656587616516,-0.9984980690063808,0.05473892048773543));
#11175=FACE_BOUND('',#11176,.T.);
#11176=EDGE_LOOP('',(#11177,#11178,#11179));
#11177=ORIENTED_EDGE('',*,*,#11180,.T.);
#11178=ORIENTED_EDGE('',*,*,#11181,.T.);
#11179=ORIENTED_EDGE('',*,*,#11182,.T.);
#11180=EDGE_CURVE('',#631,#117,#11183,.F.);
#11181=EDGE_CURVE('',#117,#579,#11184,.T.);
#11182=EDGE_CURVE('',#579,#631,#11185,.T.);
#11183=LINE('',#630,#11186);
#11184=LINE('',#116,#11187);
#11185=LINE('',#578,#11188);
#11186=VECTOR('',#11189,1.0);
#11187=VECTOR('',#11190,1.0);
#11188=VECTOR('',#11191,1.0);
#11189=DIRECTION('',(-0.0022927656587616516,-0.9984980690063808,0.05473892048773543));
#11190=DIRECTION('',(0.001909386390212165,0.9989579249923921,-0.045600639672125826));
#11191=DIRECTION('',(0.007282356000816077,-0.9848074354887381,-0.17349721120863165));
#11192=FACE_SURFACE('',(#11197),#11193,.T.);
#11193=PLANE('',#11194);
#11194=AXIS2_PLACEMENT_3D('',#160,#11195,#11196);
#11195=DIRECTION('',(-0.9991257026716016,-1.0002886198372853E-05,-0.04180705874515309));
#11196=DIRECTION('',(-0.017514844163605707,0.9081118967850351,0.41836110377449076));
#11197=FACE_BOUND('',#11198,.T.);
#11198=EDGE_LOOP('',(#11199,#11200,#11201));
#11199=ORIENTED_EDGE('',*,*,#11202,.T.);
#11200=ORIENTED_EDGE('',*,*,#11203,.T.);
#11201=ORIENTED_EDGE('',*,*,#11204,.T.);
#11202=EDGE_CURVE('',#161,#633,#11205,.F.);
#11203=EDGE_CURVE('',#633,#163,#11206,.T.);
#11204=EDGE_CURVE('',#163,#161,#11207,.T.);
#11205=LINE('',#160,#11208);
#11206=LINE('',#632,#11209);
#11207=LINE('',#162,#11210);
#11208=VECTOR('',#11211,1.0);
#11209=VECTOR('',#11212,1.0);
#11210=VECTOR('',#11213,1.0);
#11211=DIRECTION('',(-0.017514844163605707,0.9081118967850351,0.41836110377449076));
#11212=DIRECTION('',(0.0072495646379534115,0.9848090713951057,-0.1734892985474032));
#11213=DIRECTION('',(0.016711014044107787,-0.9167339022082173,-0.39914871232626126));
#11214=FACE_SURFACE('',(#11219),#11215,.T.);
#11215=PLANE('',#11216);
#11216=AXIS2_PLACEMENT_3D('',#632,#11217,#11218);
#11217=DIRECTION('',(-0.0411939829374765,0.1736407000531099,0.9839471342784697));
#11218=DIRECTION('',(0.9991247671914388,0,0.04182941052242151));
#11219=FACE_BOUND('',#11220,.T.);
#11220=EDGE_LOOP('',(#11221,#11222,#11223));
#11221=ORIENTED_EDGE('',*,*,#11224,.T.);
#11222=ORIENTED_EDGE('',*,*,#11225,.T.);
#11223=ORIENTED_EDGE('',*,*,#11226,.T.);
#11224=EDGE_CURVE('',#633,#627,#11227,.F.);
#11225=EDGE_CURVE('',#627,#163,#11228,.T.);
#11226=EDGE_CURVE('',#163,#633,#11229,.T.);
#11227=LINE('',#632,#11230);
#11228=LINE('',#626,#11231);
#11229=LINE('',#162,#11232);
#11230=VECTOR('',#11233,1.0);
#11231=VECTOR('',#11234,1.0);
#11232=VECTOR('',#11235,1.0);
#11233=DIRECTION('',(0.9991247671914388,0,0.04182941052242151));
#11234=DIRECTION('',(-0.9862141007217146,0.1508937982560811,-0.06791766475308895));
#11235=DIRECTION('',(-0.0072495646379534115,-0.9848090713951057,0.1734892985474032));
#11236=FACE_SURFACE('',(#11241),#11237,.T.);
#11237=PLANE('',#11238);
#11238=AXIS2_PLACEMENT_3D('',#588,#11239,#11240);
#11239=DIRECTION('',(0.040072129619019896,0.2868037891149419,-0.9571508820332919));
#11240=DIRECTION('',(-0.9991247671914388,0,-0.04182941052242151));
#11241=FACE_BOUND('',#11242,.T.);
#11242=EDGE_LOOP('',(#11243,#11244,#11245));
#11243=ORIENTED_EDGE('',*,*,#11246,.T.);
#11244=ORIENTED_EDGE('',*,*,#11247,.T.);
#11245=ORIENTED_EDGE('',*,*,#11248,.T.);
#11246=EDGE_CURVE('',#589,#635,#11249,.F.);
#11247=EDGE_CURVE('',#635,#583,#11250,.T.);
#11248=EDGE_CURVE('',#583,#589,#11251,.T.);
#11249=LINE('',#588,#11252);
#11250=LINE('',#634,#11253);
#11251=LINE('',#582,#11254);
#11252=VECTOR('',#11255,1.0);
#11253=VECTOR('',#11256,1.0);
#11254=VECTOR('',#11257,1.0);
#11255=DIRECTION('',(-0.9991247671914388,0,-0.04182941052242151));
#11256=DIRECTION('',(0.9854887831841114,0.1467846567014438,0.08524155544884729));
#11257=DIRECTION('',(0.01197322665035986,-0.9579893454715325,-0.2865537572718317));
#11258=FACE_SURFACE('',(#11263),#11259,.T.);
#11259=PLANE('',#11260);
#11260=AXIS2_PLACEMENT_3D('',#634,#11261,#11262);
#11261=DIRECTION('',(0.040072129619019896,0.2868037891149419,-0.9571508820332919));
#11262=DIRECTION('',(-0.01197322665035986,0.9579893454715325,0.2865537572718317));
#11263=FACE_BOUND('',#11264,.T.);
#11264=EDGE_LOOP('',(#11265,#11266,#11267));
#11265=ORIENTED_EDGE('',*,*,#11268,.T.);
#11266=ORIENTED_EDGE('',*,*,#11269,.T.);
#11267=ORIENTED_EDGE('',*,*,#11270,.T.);
#11268=EDGE_CURVE('',#635,#631,#11271,.F.);
#11269=EDGE_CURVE('',#631,#583,#11272,.T.);
#11270=EDGE_CURVE('',#583,#635,#11273,.T.);
#11271=LINE('',#634,#11274);
#11272=LINE('',#630,#11275);
#11273=LINE('',#582,#11276);
#11274=VECTOR('',#11277,1.0);
#11275=VECTOR('',#11278,1.0);
#11276=VECTOR('',#11279,1.0);
#11277=DIRECTION('',(-0.01197322665035986,0.9579893454715325,0.2865537572718317));
#11278=DIRECTION('',(0.9991247671914388,0,0.04182941052242151));
#11279=DIRECTION('',(-0.9854887831841114,-0.1467846567014438,-0.08524155544884729));
#11280=FACE_SURFACE('',(#11285),#11281,.T.);
#11281=PLANE('',#11282);
#11282=AXIS2_PLACEMENT_3D('',#632,#11283,#11284);
#11283=DIRECTION('',(-0.04007211384914767,0.2868050483916933,0.9571505053588486));
#11284=DIRECTION('',(0.9854886383693552,-0.14678538376568903,0.08524197767340787));
#11285=FACE_BOUND('',#11286,.T.);
#11286=EDGE_LOOP('',(#11287,#11288,#11289));
#11287=ORIENTED_EDGE('',*,*,#11290,.T.);
#11288=ORIENTED_EDGE('',*,*,#11291,.T.);
#11289=ORIENTED_EDGE('',*,*,#11292,.T.);
#11290=EDGE_CURVE('',#633,#629,#11293,.F.);
#11291=EDGE_CURVE('',#629,#627,#11294,.T.);
#11292=EDGE_CURVE('',#627,#633,#11295,.T.);
#11293=LINE('',#632,#11296);
#11294=LINE('',#628,#11297);
#11295=LINE('',#626,#11298);
#11296=VECTOR('',#11299,1.0);
#11297=VECTOR('',#11300,1.0);
#11298=VECTOR('',#11301,1.0);
#11299=DIRECTION('',(0.9854886383693552,-0.14678538376568903,0.08524197767340787));
#11300=DIRECTION('',(0.012006025289075729,0.9579889686944469,-0.28655364457027604));
#11301=DIRECTION('',(-0.9991247671914388,0,-0.04182941052242151));
#11302=FACE_SURFACE('',(#11307),#11303,.T.);
#11303=PLANE('',#11304);
#11304=AXIS2_PLACEMENT_3D('',#634,#11305,#11306);
#11305=DIRECTION('',(-0.999127551598655,4.719118310588055E-06,-0.04176284968973172));
#11306=DIRECTION('',(-0.0029092376350736597,-0.9975785872647622,0.0694873986217926));
#11307=FACE_BOUND('',#11308,.T.);
#11308=EDGE_LOOP('',(#11309,#11310,#11311));
#11309=ORIENTED_EDGE('',*,*,#11312,.T.);
#11310=ORIENTED_EDGE('',*,*,#11313,.T.);
#11311=ORIENTED_EDGE('',*,*,#11314,.T.);
#11312=EDGE_CURVE('',#635,#117,#11315,.F.);
#11313=EDGE_CURVE('',#117,#631,#11316,.T.);
#11314=EDGE_CURVE('',#631,#635,#11317,.T.);
#11315=LINE('',#634,#11318);
#11316=LINE('',#116,#11319);
#11317=LINE('',#630,#11320);
#11318=VECTOR('',#11321,1.0);
#11319=VECTOR('',#11322,1.0);
#11320=VECTOR('',#11323,1.0);
#11321=DIRECTION('',(-0.0029092376350736597,-0.9975785872647622,0.0694873986217926));
#11322=DIRECTION('',(0.0022927656587616516,0.9984980690063808,-0.05473892048773543));
#11323=DIRECTION('',(0.01197322665035986,-0.9579893454715325,-0.2865537572718317));
#11324=FACE_SURFACE('',(#11329),#11325,.T.);
#11325=PLANE('',#11326);
#11326=AXIS2_PLACEMENT_3D('',#160,#11327,#11328);
#11327=DIRECTION('',(-0.9991242590915295,5.912389316261379E-06,-0.041841544663717894));
#11328=DIRECTION('',(-0.018495478159005364,0.8969347891859495,0.441775849538684));
#11329=FACE_BOUND('',#11330,.T.);
#11330=EDGE_LOOP('',(#11331,#11332,#11333));
#11331=ORIENTED_EDGE('',*,*,#11334,.T.);
#11332=ORIENTED_EDGE('',*,*,#11335,.T.);
#11333=ORIENTED_EDGE('',*,*,#11336,.T.);
#11334=EDGE_CURVE('',#161,#637,#11337,.F.);
#11335=EDGE_CURVE('',#637,#633,#11338,.T.);
#11336=EDGE_CURVE('',#633,#161,#11339,.T.);
#11337=LINE('',#160,#11340);
#11338=LINE('',#636,#11341);
#11339=LINE('',#632,#11342);
#11340=VECTOR('',#11343,1.0);
#11341=VECTOR('',#11344,1.0);
#11342=VECTOR('',#11345,1.0);
#11343=DIRECTION('',(-0.018495478159005364,0.8969347891859495,0.441775849538684));
#11344=DIRECTION('',(0.012006025289075729,0.9579889686944469,-0.28655364457027604));
#11345=DIRECTION('',(0.017514844163605707,-0.9081118967850351,-0.41836110377449076));
#11346=FACE_SURFACE('',(#11351),#11347,.T.);
#11347=PLANE('',#11348);
#11348=AXIS2_PLACEMENT_3D('',#636,#11349,#11350);
#11349=DIRECTION('',(-0.04007211384914767,0.2868050483916933,0.9571505053588486));
#11350=DIRECTION('',(0.9991247671914388,0,0.04182941052242151));
#11351=FACE_BOUND('',#11352,.T.);
#11352=EDGE_LOOP('',(#11353,#11354,#11355));
#11353=ORIENTED_EDGE('',*,*,#11356,.T.);
#11354=ORIENTED_EDGE('',*,*,#11357,.T.);
#11355=ORIENTED_EDGE('',*,*,#11358,.T.);
#11356=EDGE_CURVE('',#637,#629,#11359,.F.);
#11357=EDGE_CURVE('',#629,#633,#11360,.T.);
#11358=EDGE_CURVE('',#633,#637,#11361,.T.);
#11359=LINE('',#636,#11362);
#11360=LINE('',#628,#11363);
#11361=LINE('',#632,#11364);
#11362=VECTOR('',#11365,1.0);
#11363=VECTOR('',#11366,1.0);
#11364=VECTOR('',#11367,1.0);
#11365=DIRECTION('',(0.9991247671914388,0,0.04182941052242151));
#11366=DIRECTION('',(-0.9854886383693552,0.14678538376568903,-0.08524197767340787));
#11367=DIRECTION('',(-0.012006025289075729,-0.9579889686944469,0.28655364457027604));
#11368=FACE_SURFACE('',(#11373),#11369,.T.);
#11369=PLANE('',#11370);
#11370=AXIS2_PLACEMENT_3D('',#586,#11371,#11372);
#11371=DIRECTION('',(0.038408333408568876,0.39608558940056715,-0.9174099442419303));
#11372=DIRECTION('',(-0.9991247671914388,0,-0.04182941052242151));
#11373=FACE_BOUND('',#11374,.T.);
#11374=EDGE_LOOP('',(#11375,#11376,#11377));
#11375=ORIENTED_EDGE('',*,*,#11378,.T.);
#11376=ORIENTED_EDGE('',*,*,#11379,.T.);
#11377=ORIENTED_EDGE('',*,*,#11380,.T.);
#11378=EDGE_CURVE('',#587,#639,#11381,.F.);
#11379=EDGE_CURVE('',#639,#589,#11382,.T.);
#11380=EDGE_CURVE('',#589,#587,#11383,.T.);
#11381=LINE('',#586,#11384);
#11382=LINE('',#638,#11385);
#11383=LINE('',#588,#11386);
#11384=VECTOR('',#11387,1.0);
#11385=VECTOR('',#11388,1.0);
#11386=VECTOR('',#11389,1.0);
#11387=DIRECTION('',(-0.9991247671914388,0,-0.04182941052242151));
#11388=DIRECTION('',(0.9847882462153176,0.14069085644403417,0.10197153048377419));
#11389=DIRECTION('',(0.016565666914097606,-0.9182135949028973,-0.3957390210924228));
#11390=FACE_SURFACE('',(#11395),#11391,.T.);
#11391=PLANE('',#11392);
#11392=AXIS2_PLACEMENT_3D('',#638,#11393,#11394);
#11393=DIRECTION('',(0.038408333408568876,0.39608558940056715,-0.9174099442419303));
#11394=DIRECTION('',(-0.016565666914097606,0.9182135949028973,0.3957390210924228));
#11395=FACE_BOUND('',#11396,.T.);
#11396=EDGE_LOOP('',(#11397,#11398,#11399));
#11397=ORIENTED_EDGE('',*,*,#11400,.T.);
#11398=ORIENTED_EDGE('',*,*,#11401,.T.);
#11399=ORIENTED_EDGE('',*,*,#11402,.T.);
#11400=EDGE_CURVE('',#639,#635,#11403,.F.);
#11401=EDGE_CURVE('',#635,#589,#11404,.T.);
#11402=EDGE_CURVE('',#589,#639,#11405,.T.);
#11403=LINE('',#638,#11406);
#11404=LINE('',#634,#11407);
#11405=LINE('',#588,#11408);
#11406=VECTOR('',#11409,1.0);
#11407=VECTOR('',#11410,1.0);
#11408=VECTOR('',#11411,1.0);
#11409=DIRECTION('',(-0.016565666914097606,0.9182135949028973,0.3957390210924228));
#11410=DIRECTION('',(0.9991247671914388,0,0.04182941052242151));
#11411=DIRECTION('',(-0.9847882462153176,-0.14069085644403417,-0.10197153048377419));
#11412=FACE_SURFACE('',(#11417),#11413,.T.);
#11413=PLANE('',#11414);
#11414=AXIS2_PLACEMENT_3D('',#636,#11415,#11416);
#11415=DIRECTION('',(-0.038408458057743476,0.3960786811698829,0.9174129215747687));
#11416=DIRECTION('',(0.9847883723977549,-0.14069087447097067,0.10197028699956898));
#11417=FACE_BOUND('',#11418,.T.);
#11418=EDGE_LOOP('',(#11419,#11420,#11421));
#11419=ORIENTED_EDGE('',*,*,#11422,.T.);
#11420=ORIENTED_EDGE('',*,*,#11423,.T.);
#11421=ORIENTED_EDGE('',*,*,#11424,.T.);
#11422=EDGE_CURVE('',#637,#621,#11425,.F.);
#11423=EDGE_CURVE('',#621,#629,#11426,.T.);
#11424=EDGE_CURVE('',#629,#637,#11427,.T.);
#11425=LINE('',#636,#11428);
#11426=LINE('',#620,#11429);
#11427=LINE('',#628,#11430);
#11428=VECTOR('',#11431,1.0);
#11429=VECTOR('',#11432,1.0);
#11430=VECTOR('',#11433,1.0);
#11431=DIRECTION('',(0.9847883723977549,-0.14069087447097067,0.10197028699956898));
#11432=DIRECTION('',(0.01656572067579468,0.9182165748445679,-0.3957321045596397));
#11433=DIRECTION('',(-0.9991247671914388,0,-0.04182941052242151));
#11434=FACE_SURFACE('',(#11439),#11435,.T.);
#11435=PLANE('',#11436);
#11436=AXIS2_PLACEMENT_3D('',#638,#11437,#11438);
#11437=DIRECTION('',(-0.9991249756752053,4.2213324544802257E-07,-0.04182443044253304));
#11438=DIRECTION('',(-0.0037779590412471533,-0.9959128906280464,0.09023990972054223));
#11439=FACE_BOUND('',#11440,.T.);
#11440=EDGE_LOOP('',(#11441,#11442,#11443));
#11441=ORIENTED_EDGE('',*,*,#11444,.T.);
#11442=ORIENTED_EDGE('',*,*,#11445,.T.);
#11443=ORIENTED_EDGE('',*,*,#11446,.T.);
#11444=EDGE_CURVE('',#639,#117,#11447,.F.);
#11445=EDGE_CURVE('',#117,#635,#11448,.T.);
#11446=EDGE_CURVE('',#635,#639,#11449,.T.);
#11447=LINE('',#638,#11450);
#11448=LINE('',#116,#11451);
#11449=LINE('',#634,#11452);
#11450=VECTOR('',#11453,1.0);
#11451=VECTOR('',#11454,1.0);
#11452=VECTOR('',#11455,1.0);
#11453=DIRECTION('',(-0.0037779590412471533,-0.9959128906280464,0.09023990972054223));
#11454=DIRECTION('',(0.0029092376350736597,0.9975785872647622,-0.0694873986217926));
#11455=DIRECTION('',(0.016565666914097606,-0.9182135949028973,-0.3957390210924228));
#11456=FACE_SURFACE('',(#11461),#11457,.T.);
#11457=PLANE('',#11458);
#11458=AXIS2_PLACEMENT_3D('',#160,#11459,#11460);
#11459=DIRECTION('',(-0.9991248633085162,-1.2074381162172443E-06,-0.04182711461816026));
#11460=DIRECTION('',(-0.019636231675402717,0.8829663344543254,0.46902544773805455));
#11461=FACE_BOUND('',#11462,.T.);
#11462=EDGE_LOOP('',(#11463,#11464,#11465));
#11463=ORIENTED_EDGE('',*,*,#11466,.T.);
#11464=ORIENTED_EDGE('',*,*,#11467,.T.);
#11465=ORIENTED_EDGE('',*,*,#11468,.T.);
#11466=EDGE_CURVE('',#161,#641,#11469,.F.);
#11467=EDGE_CURVE('',#641,#637,#11470,.T.);
#11468=EDGE_CURVE('',#637,#161,#11471,.T.);
#11469=LINE('',#160,#11472);
#11470=LINE('',#640,#11473);
#11471=LINE('',#636,#11474);
#11472=VECTOR('',#11475,1.0);
#11473=VECTOR('',#11476,1.0);
#11474=VECTOR('',#11477,1.0);
#11475=DIRECTION('',(-0.019636231675402717,0.8829663344543254,0.46902544773805455));
#11476=DIRECTION('',(0.01656572067579468,0.9182165748445679,-0.3957321045596397));
#11477=DIRECTION('',(0.018495478159005364,-0.8969347891859495,-0.441775849538684));
#11478=FACE_SURFACE('',(#11483),#11479,.T.);
#11479=PLANE('',#11480);
#11480=AXIS2_PLACEMENT_3D('',#640,#11481,#11482);
#11481=DIRECTION('',(-0.038408458057743476,0.3960786811698829,0.9174129215747687));
#11482=DIRECTION('',(0.9991247671914388,0,0.04182941052242151));
#11483=FACE_BOUND('',#11484,.T.);
#11484=EDGE_LOOP('',(#11485,#11486,#11487));
#11485=ORIENTED_EDGE('',*,*,#11488,.T.);
#11486=ORIENTED_EDGE('',*,*,#11489,.T.);
#11487=ORIENTED_EDGE('',*,*,#11490,.T.);
#11488=EDGE_CURVE('',#641,#621,#11491,.F.);
#11489=EDGE_CURVE('',#621,#637,#11492,.T.);
#11490=EDGE_CURVE('',#637,#641,#11493,.T.);
#11491=LINE('',#640,#11494);
#11492=LINE('',#620,#11495);
#11493=LINE('',#636,#11496);
#11494=VECTOR('',#11497,1.0);
#11495=VECTOR('',#11498,1.0);
#11496=VECTOR('',#11499,1.0);
#11497=DIRECTION('',(0.9991247671914388,0,0.04182941052242151));
#11498=DIRECTION('',(-0.9847883723977549,0.14069087447097067,-0.10197028699956898));
#11499=DIRECTION('',(-0.01656572067579468,-0.9182165748445679,0.3957321045596397));
#11500=FACE_SURFACE('',(#11505),#11501,.T.);
#11501=PLANE('',#11502);
#11502=AXIS2_PLACEMENT_3D('',#584,#11503,#11504);
#11503=DIRECTION('',(0.03622531879195897,0.5000005526150713,-0.8652671111645491));
#11504=DIRECTION('',(-0.9991247671914388,0,-0.04182941052242151));
#11505=FACE_BOUND('',#11506,.T.);
#11506=EDGE_LOOP('',(#11507,#11508,#11509));
#11507=ORIENTED_EDGE('',*,*,#11510,.T.);
#11508=ORIENTED_EDGE('',*,*,#11511,.T.);
#11509=ORIENTED_EDGE('',*,*,#11512,.T.);
#11510=EDGE_CURVE('',#585,#643,#11513,.F.);
#11511=EDGE_CURVE('',#643,#587,#11514,.T.);
#11512=EDGE_CURVE('',#587,#585,#11515,.T.);
#11513=LINE('',#584,#11516);
#11514=LINE('',#642,#11517);
#11515=LINE('',#586,#11518);
#11516=VECTOR('',#11519,1.0);
#11517=VECTOR('',#11520,1.0);
#11518=VECTOR('',#11521,1.0);
#11519=DIRECTION('',(-0.9991247671914388,0,-0.04182941052242151));
#11520=DIRECTION('',(0.9841222151062876,0.13269450423351387,0.11787974499682205));
#11521=DIRECTION('',(0.02092854317175946,-0.8660250846489587,-0.49956235730834614));
#11522=FACE_SURFACE('',(#11527),#11523,.T.);
#11523=PLANE('',#11524);
#11524=AXIS2_PLACEMENT_3D('',#642,#11525,#11526);
#11525=DIRECTION('',(0.03622531879195897,0.5000005526150713,-0.8652671111645491));
#11526=DIRECTION('',(-0.02092854317175946,0.8660250846489587,0.49956235730834614));
#11527=FACE_BOUND('',#11528,.T.);
#11528=EDGE_LOOP('',(#11529,#11530,#11531));
#11529=ORIENTED_EDGE('',*,*,#11532,.T.);
#11530=ORIENTED_EDGE('',*,*,#11533,.T.);
#11531=ORIENTED_EDGE('',*,*,#11534,.T.);
#11532=EDGE_CURVE('',#643,#639,#11535,.F.);
#11533=EDGE_CURVE('',#639,#587,#11536,.T.);
#11534=EDGE_CURVE('',#587,#643,#11537,.T.);
#11535=LINE('',#642,#11538);
#11536=LINE('',#638,#11539);
#11537=LINE('',#586,#11540);
#11538=VECTOR('',#11541,1.0);
#11539=VECTOR('',#11542,1.0);
#11540=VECTOR('',#11543,1.0);
#11541=DIRECTION('',(-0.02092854317175946,0.8660250846489587,0.49956235730834614));
#11542=DIRECTION('',(0.9991247671914388,0,0.04182941052242151));
#11543=DIRECTION('',(-0.9841222151062876,-0.13269450423351387,-0.11787974499682205));
#11544=FACE_SURFACE('',(#11549),#11545,.T.);
#11545=PLANE('',#11546);
#11546=AXIS2_PLACEMENT_3D('',#640,#11547,#11548);
#11547=DIRECTION('',(-0.036225343645176176,0.4999995235058864,0.8652677048010491));
#11548=DIRECTION('',(0.9841223734482035,-0.1326938478757261,0.11787916191850172));
#11549=FACE_BOUND('',#11550,.T.);
#11550=EDGE_LOOP('',(#11551,#11552,#11553));
#11551=ORIENTED_EDGE('',*,*,#11554,.T.);
#11552=ORIENTED_EDGE('',*,*,#11555,.T.);
#11553=ORIENTED_EDGE('',*,*,#11556,.T.);
#11554=EDGE_CURVE('',#641,#623,#11557,.F.);
#11555=EDGE_CURVE('',#623,#621,#11558,.T.);
#11556=EDGE_CURVE('',#621,#641,#11559,.T.);
#11557=LINE('',#640,#11560);
#11558=LINE('',#622,#11561);
#11559=LINE('',#620,#11562);
#11560=VECTOR('',#11563,1.0);
#11561=VECTOR('',#11564,1.0);
#11562=VECTOR('',#11565,1.0);
#11563=DIRECTION('',(0.9841223734482035,-0.1326938478757261,0.11787916191850172));
#11564=DIRECTION('',(0.020895754146807808,0.8660256787328093,-0.49956270000272546));
#11565=DIRECTION('',(-0.9991247671914388,0,-0.04182941052242151));
#11566=FACE_SURFACE('',(#11571),#11567,.T.);
#11567=PLANE('',#11568);
#11568=AXIS2_PLACEMENT_3D('',#642,#11569,#11570);
#11569=DIRECTION('',(-0.9991237690693262,-2.193293514035778E-06,-0.04185324450855689));
#11570=DIRECTION('',(-0.00490840836057606,-0.9930931418202803,0.11722593227136414));
#11571=FACE_BOUND('',#11572,.T.);
#11572=EDGE_LOOP('',(#11573,#11574,#11575));
#11573=ORIENTED_EDGE('',*,*,#11576,.T.);
#11574=ORIENTED_EDGE('',*,*,#11577,.T.);
#11575=ORIENTED_EDGE('',*,*,#11578,.T.);
#11576=EDGE_CURVE('',#643,#117,#11579,.F.);
#11577=EDGE_CURVE('',#117,#639,#11580,.T.);
#11578=EDGE_CURVE('',#639,#643,#11581,.T.);
#11579=LINE('',#642,#11582);
#11580=LINE('',#116,#11583);
#11581=LINE('',#638,#11584);
#11582=VECTOR('',#11585,1.0);
#11583=VECTOR('',#11586,1.0);
#11584=VECTOR('',#11587,1.0);
#11585=DIRECTION('',(-0.00490840836057606,-0.9930931418202803,0.11722593227136414));
#11586=DIRECTION('',(0.0037779590412471533,0.9959128906280464,-0.09023990972054223));
#11587=DIRECTION('',(0.02092854317175946,-0.8660250846489587,-0.49956235730834614));
#11588=FACE_SURFACE('',(#11593),#11589,.T.);
#11589=PLANE('',#11590);
#11590=AXIS2_PLACEMENT_3D('',#160,#11591,#11592);
#11591=DIRECTION('',(-0.9991255927087213,-1.048135589672742E-05,-0.04180968649233745));
#11592=DIRECTION('',(-0.020910811190550764,0.8660682307416366,0.49948829583425114));
#11593=FACE_BOUND('',#11594,.T.);
#11594=EDGE_LOOP('',(#11595,#11596,#11597));
#11595=ORIENTED_EDGE('',*,*,#11598,.T.);
#11596=ORIENTED_EDGE('',*,*,#11599,.T.);
#11597=ORIENTED_EDGE('',*,*,#11600,.T.);
#11598=EDGE_CURVE('',#161,#645,#11601,.F.);
#11599=EDGE_CURVE('',#645,#641,#11602,.T.);
#11600=EDGE_CURVE('',#641,#161,#11603,.T.);
#11601=LINE('',#160,#11604);
#11602=LINE('',#644,#11605);
#11603=LINE('',#640,#11606);
#11604=VECTOR('',#11607,1.0);
#11605=VECTOR('',#11608,1.0);
#11606=VECTOR('',#11609,1.0);
#11607=DIRECTION('',(-0.020910811190550764,0.8660682307416366,0.49948829583425114));
#11608=DIRECTION('',(0.020895754146807808,0.8660256787328093,-0.49956270000272546));
#11609=DIRECTION('',(0.019636231675402717,-0.8829663344543254,-0.46902544773805455));
#11610=FACE_SURFACE('',(#11615),#11611,.T.);
#11611=PLANE('',#11612);
#11612=AXIS2_PLACEMENT_3D('',#644,#11613,#11614);
#11613=DIRECTION('',(-0.036225343645176176,0.4999995235058864,0.8652677048010491));
#11614=DIRECTION('',(0.9991247671914388,0,0.04182941052242151));
#11615=FACE_BOUND('',#11616,.T.);
#11616=EDGE_LOOP('',(#11617,#11618,#11619));
#11617=ORIENTED_EDGE('',*,*,#11620,.T.);
#11618=ORIENTED_EDGE('',*,*,#11621,.T.);
#11619=ORIENTED_EDGE('',*,*,#11622,.T.);
#11620=EDGE_CURVE('',#645,#623,#11623,.F.);
#11621=EDGE_CURVE('',#623,#641,#11624,.T.);
#11622=EDGE_CURVE('',#641,#645,#11625,.T.);
#11623=LINE('',#644,#11626);
#11624=LINE('',#622,#11627);
#11625=LINE('',#640,#11628);
#11626=VECTOR('',#11629,1.0);
#11627=VECTOR('',#11630,1.0);
#11628=VECTOR('',#11631,1.0);
#11629=DIRECTION('',(0.9991247671914388,0,0.04182941052242151));
#11630=DIRECTION('',(-0.9841223734482035,0.1326938478757261,-0.11787916191850172));
#11631=DIRECTION('',(-0.020895754146807808,-0.8660256787328093,0.49956270000272546));
#11632=FACE_SURFACE('',(#11637),#11633,.T.);
#11633=PLANE('',#11634);
#11634=AXIS2_PLACEMENT_3D('',#594,#11635,#11636);
#11635=DIRECTION('',(0.03355253638962514,0.5971522954079264,-0.8014258314971308));
#11636=DIRECTION('',(-0.9991247671914388,0,-0.04182941052242151));
#11637=FACE_BOUND('',#11638,.T.);
#11638=EDGE_LOOP('',(#11639,#11640,#11641));
#11639=ORIENTED_EDGE('',*,*,#11642,.T.);
#11640=ORIENTED_EDGE('',*,*,#11643,.T.);
#11641=ORIENTED_EDGE('',*,*,#11644,.T.);
#11642=EDGE_CURVE('',#595,#647,#11645,.F.);
#11643=EDGE_CURVE('',#647,#585,#11646,.T.);
#11644=EDGE_CURVE('',#585,#595,#11647,.T.);
#11645=LINE('',#594,#11648);
#11646=LINE('',#646,#11649);
#11647=LINE('',#584,#11650);
#11648=VECTOR('',#11651,1.0);
#11649=VECTOR('',#11652,1.0);
#11650=VECTOR('',#11653,1.0);
#11651=DIRECTION('',(-0.9991247671914388,0,-0.04182941052242151));
#11652=DIRECTION('',(0.9834997956756569,0.12290291940083813,0.1327517393810423));
#11653=DIRECTION('',(0.02496347272111395,-0.8021278800434151,-0.596630278385835));
#11654=FACE_SURFACE('',(#11659),#11655,.T.);
#11655=PLANE('',#11656);
#11656=AXIS2_PLACEMENT_3D('',#646,#11657,#11658);
#11657=DIRECTION('',(0.03355253638962514,0.5971522954079264,-0.8014258314971308));
#11658=DIRECTION('',(-0.02496347272111395,0.8021278800434151,0.596630278385835));
#11659=FACE_BOUND('',#11660,.T.);
#11660=EDGE_LOOP('',(#11661,#11662,#11663));
#11661=ORIENTED_EDGE('',*,*,#11664,.T.);
#11662=ORIENTED_EDGE('',*,*,#11665,.T.);
#11663=ORIENTED_EDGE('',*,*,#11666,.T.);
#11664=EDGE_CURVE('',#647,#643,#11667,.F.);
#11665=EDGE_CURVE('',#643,#585,#11668,.T.);
#11666=EDGE_CURVE('',#585,#647,#11669,.T.);
#11667=LINE('',#646,#11670);
#11668=LINE('',#642,#11671);
#11669=LINE('',#584,#11672);
#11670=VECTOR('',#11673,1.0);
#11671=VECTOR('',#11674,1.0);
#11672=VECTOR('',#11675,1.0);
#11673=DIRECTION('',(-0.02496347272111395,0.8021278800434151,0.596630278385835));
#11674=DIRECTION('',(0.9991247671914388,0,0.04182941052242151));
#11675=DIRECTION('',(-0.9834997956756569,-0.12290291940083813,-0.1327517393810423));
#11676=FACE_SURFACE('',(#11681),#11677,.T.);
#11677=PLANE('',#11678);
#11678=AXIS2_PLACEMENT_3D('',#644,#11679,#11680);
#11679=DIRECTION('',(-0.03355234472857058,0.597158450111715,0.8014212535386054));
#11680=DIRECTION('',(0.983499467117689,-0.12290350644283497,0.13275363001921145));
#11681=FACE_BOUND('',#11682,.T.);
#11682=EDGE_LOOP('',(#11683,#11684,#11685));
#11683=ORIENTED_EDGE('',*,*,#11686,.T.);
#11684=ORIENTED_EDGE('',*,*,#11687,.T.);
#11685=ORIENTED_EDGE('',*,*,#11688,.T.);
#11686=EDGE_CURVE('',#645,#625,#11689,.F.);
#11687=EDGE_CURVE('',#625,#623,#11690,.T.);
#11688=EDGE_CURVE('',#623,#645,#11691,.T.);
#11689=LINE('',#644,#11692);
#11690=LINE('',#624,#11693);
#11691=LINE('',#622,#11694);
#11692=VECTOR('',#11695,1.0);
#11693=VECTOR('',#11696,1.0);
#11694=VECTOR('',#11697,1.0);
#11695=DIRECTION('',(0.983499467117689,-0.12290350644283497,0.13275363001921145));
#11696=DIRECTION('',(0.02499613344689139,0.802123298044766,-0.5966350710832314));
#11697=DIRECTION('',(-0.9991247671914388,0,-0.04182941052242151));
#11698=FACE_SURFACE('',(#11703),#11699,.T.);
#11699=PLANE('',#11700);
#11700=AXIS2_PLACEMENT_3D('',#646,#11701,#11702);
#11701=DIRECTION('',(-0.999125647638325,3.1124411372802634E-06,-0.04180837501757613));
#11702=DIRECTION('',(-0.006297070823437351,-0.9886033223719052,0.15041216006119773));
#11703=FACE_BOUND('',#11704,.T.);
#11704=EDGE_LOOP('',(#11705,#11706,#11707));
#11705=ORIENTED_EDGE('',*,*,#11708,.T.);
#11706=ORIENTED_EDGE('',*,*,#11709,.T.);
#11707=ORIENTED_EDGE('',*,*,#11710,.T.);
#11708=EDGE_CURVE('',#647,#117,#11711,.F.);
#11709=EDGE_CURVE('',#117,#643,#11712,.T.);
#11710=EDGE_CURVE('',#643,#647,#11713,.T.);
#11711=LINE('',#646,#11714);
#11712=LINE('',#116,#11715);
#11713=LINE('',#642,#11716);
#11714=VECTOR('',#11717,1.0);
#11715=VECTOR('',#11718,1.0);
#11716=VECTOR('',#11719,1.0);
#11717=DIRECTION('',(-0.006297070823437351,-0.9886033223719052,0.15041216006119773));
#11718=DIRECTION('',(0.00490840836057606,0.9930931418202803,-0.11722593227136414));
#11719=DIRECTION('',(0.02496347272111395,-0.8021278800434151,-0.596630278385835));
#11720=FACE_SURFACE('',(#11725),#11721,.T.);
#11721=PLANE('',#11722);
#11722=AXIS2_PLACEMENT_3D('',#160,#11723,#11724);
#11723=DIRECTION('',(-0.9991241108965481,9.968367601775625E-06,-0.04184508245677221));
#11724=DIRECTION('',(-0.02228487059639382,0.8462676869935495,0.5322916366927906));
#11725=FACE_BOUND('',#11726,.T.);
#11726=EDGE_LOOP('',(#11727,#11728,#11729));
#11727=ORIENTED_EDGE('',*,*,#11730,.T.);
#11728=ORIENTED_EDGE('',*,*,#11731,.T.);
#11729=ORIENTED_EDGE('',*,*,#11732,.T.);
#11730=EDGE_CURVE('',#161,#649,#11733,.F.);
#11731=EDGE_CURVE('',#649,#645,#11734,.T.);
#11732=EDGE_CURVE('',#645,#161,#11735,.T.);
#11733=LINE('',#160,#11736);
#11734=LINE('',#648,#11737);
#11735=LINE('',#644,#11738);
#11736=VECTOR('',#11739,1.0);
#11737=VECTOR('',#11740,1.0);
#11738=VECTOR('',#11741,1.0);
#11739=DIRECTION('',(-0.02228487059639382,0.8462676869935495,0.5322916366927906));
#11740=DIRECTION('',(0.02499613344689139,0.802123298044766,-0.5966350710832314));
#11741=DIRECTION('',(0.020910811190550764,-0.8660682307416366,-0.49948829583425114));
#11742=FACE_SURFACE('',(#11747),#11743,.T.);
#11743=PLANE('',#11744);
#11744=AXIS2_PLACEMENT_3D('',#648,#11745,#11746);
#11745=DIRECTION('',(-0.03355234472857058,0.597158450111715,0.8014212535386054));
#11746=DIRECTION('',(0.9991247671914388,0,0.04182941052242151));
#11747=FACE_BOUND('',#11748,.T.);
#11748=EDGE_LOOP('',(#11749,#11750,#11751));
#11749=ORIENTED_EDGE('',*,*,#11752,.T.);
#11750=ORIENTED_EDGE('',*,*,#11753,.T.);
#11751=ORIENTED_EDGE('',*,*,#11754,.T.);
#11752=EDGE_CURVE('',#649,#625,#11755,.F.);
#11753=EDGE_CURVE('',#625,#645,#11756,.T.);
#11754=EDGE_CURVE('',#645,#649,#11757,.T.);
#11755=LINE('',#648,#11758);
#11756=LINE('',#624,#11759);
#11757=LINE('',#644,#11760);
#11758=VECTOR('',#11761,1.0);
#11759=VECTOR('',#11762,1.0);
#11760=VECTOR('',#11763,1.0);
#11761=DIRECTION('',(0.9991247671914388,0,0.04182941052242151));
#11762=DIRECTION('',(-0.983499467117689,0.12290350644283497,-0.13275363001921145));
#11763=DIRECTION('',(-0.02499613344689139,-0.802123298044766,0.5966350710832314));
#11764=FACE_SURFACE('',(#11769),#11765,.T.);
#11765=PLANE('',#11766);
#11766=AXIS2_PLACEMENT_3D('',#592,#11767,#11768);
#11767=DIRECTION('',(0.030425481387583768,0.6862449134702115,-0.7267339326181184));
#11768=DIRECTION('',(-0.9991247671914388,0,-0.04182941052242151));
#11769=FACE_BOUND('',#11770,.T.);
#11770=EDGE_LOOP('',(#11771,#11772,#11773));
#11771=ORIENTED_EDGE('',*,*,#11774,.T.);
#11772=ORIENTED_EDGE('',*,*,#11775,.T.);
#11773=ORIENTED_EDGE('',*,*,#11776,.T.);
#11774=EDGE_CURVE('',#593,#651,#11777,.F.);
#11775=EDGE_CURVE('',#651,#595,#11778,.T.);
#11776=EDGE_CURVE('',#595,#593,#11779,.T.);
#11777=LINE('',#592,#11780);
#11778=LINE('',#650,#11781);
#11779=LINE('',#594,#11782);
#11780=VECTOR('',#11783,1.0);
#11781=VECTOR('',#11784,1.0);
#11782=VECTOR('',#11785,1.0);
#11783=DIRECTION('',(-0.9991247671914388,0,-0.04182941052242151));
#11784=DIRECTION('',(0.9829288033348782,0.11144845762061925,0.14639060375806012));
#11785=DIRECTION('',(0.028703147103008874,-0.727370551186934,-0.6856443761983314));
#11786=FACE_SURFACE('',(#11791),#11787,.T.);
#11787=PLANE('',#11788);
#11788=AXIS2_PLACEMENT_3D('',#650,#11789,#11790);
#11789=DIRECTION('',(0.030425481387583768,0.6862449134702115,-0.7267339326181184));
#11790=DIRECTION('',(-0.028703147103008874,0.727370551186934,0.6856443761983314));
#11791=FACE_BOUND('',#11792,.T.);
#11792=EDGE_LOOP('',(#11793,#11794,#11795));
#11793=ORIENTED_EDGE('',*,*,#11796,.T.);
#11794=ORIENTED_EDGE('',*,*,#11797,.T.);
#11795=ORIENTED_EDGE('',*,*,#11798,.T.);
#11796=EDGE_CURVE('',#651,#647,#11799,.F.);
#11797=EDGE_CURVE('',#647,#595,#11800,.T.);
#11798=EDGE_CURVE('',#595,#651,#11801,.T.);
#11799=LINE('',#650,#11802);
#11800=LINE('',#646,#11803);
#11801=LINE('',#594,#11804);
#11802=VECTOR('',#11805,1.0);
#11803=VECTOR('',#11806,1.0);
#11804=VECTOR('',#11807,1.0);
#11805=DIRECTION('',(-0.028703147103008874,0.727370551186934,0.6856443761983314));
#11806=DIRECTION('',(0.9991247671914388,0,0.04182941052242151));
#11807=DIRECTION('',(-0.9829288033348782,-0.11144845762061925,-0.14639060375806012));
#11808=FACE_SURFACE('',(#11813),#11809,.T.);
#11809=PLANE('',#11810);
#11810=AXIS2_PLACEMENT_3D('',#648,#11811,#11812);
#11811=DIRECTION('',(-0.030425481387583768,0.6862449134702115,0.7267339326181184));
#11812=DIRECTION('',(0.9829288033348782,-0.11144845762061925,0.14639060375806012));
#11813=FACE_BOUND('',#11814,.T.);
#11814=EDGE_LOOP('',(#11815,#11816,#11817));
#11815=ORIENTED_EDGE('',*,*,#11818,.T.);
#11816=ORIENTED_EDGE('',*,*,#11819,.T.);
#11817=ORIENTED_EDGE('',*,*,#11820,.T.);
#11818=EDGE_CURVE('',#649,#615,#11821,.F.);
#11819=EDGE_CURVE('',#615,#625,#11822,.T.);
#11820=EDGE_CURVE('',#625,#649,#11823,.T.);
#11821=LINE('',#648,#11824);
#11822=LINE('',#614,#11825);
#11823=LINE('',#624,#11826);
#11824=VECTOR('',#11827,1.0);
#11825=VECTOR('',#11828,1.0);
#11826=VECTOR('',#11829,1.0);
#11827=DIRECTION('',(0.9829288033348782,-0.11144845762061925,0.14639060375806012));
#11828=DIRECTION('',(0.028703147103008874,0.727370551186934,-0.6856443761983314));
#11829=DIRECTION('',(-0.9991247671914388,0,-0.04182941052242151));
#11830=FACE_SURFACE('',(#11835),#11831,.T.);
#11831=PLANE('',#11832);
#11832=AXIS2_PLACEMENT_3D('',#650,#11833,#11834);
#11833=DIRECTION('',(-0.9991248796602821,3.1581714901507397E-07,-0.04182672403771502));
#11834=DIRECTION('',(-0.007929043215222966,-0.9818688641045035,0.18939552258652623));
#11835=FACE_BOUND('',#11836,.T.);
#11836=EDGE_LOOP('',(#11837,#11838,#11839));
#11837=ORIENTED_EDGE('',*,*,#11840,.T.);
#11838=ORIENTED_EDGE('',*,*,#11841,.T.);
#11839=ORIENTED_EDGE('',*,*,#11842,.T.);
#11840=EDGE_CURVE('',#651,#117,#11843,.F.);
#11841=EDGE_CURVE('',#117,#647,#11844,.T.);
#11842=EDGE_CURVE('',#647,#651,#11845,.T.);
#11843=LINE('',#650,#11846);
#11844=LINE('',#116,#11847);
#11845=LINE('',#646,#11848);
#11846=VECTOR('',#11849,1.0);
#11847=VECTOR('',#11850,1.0);
#11848=VECTOR('',#11851,1.0);
#11849=DIRECTION('',(-0.007929043215222966,-0.9818688641045035,0.18939552258652623));
#11850=DIRECTION('',(0.006297070823437351,0.9886033223719052,-0.15041216006119773));
#11851=DIRECTION('',(0.028703147103008874,-0.727370551186934,-0.6856443761983314));
#11852=FACE_SURFACE('',(#11857),#11853,.T.);
#11853=PLANE('',#11854);
#11854=AXIS2_PLACEMENT_3D('',#160,#11855,#11856);
#11855=DIRECTION('',(-0.9991248455366392,-1.085503656855981E-06,-0.04182753913642057));
#11856=DIRECTION('',(-0.023711061061224756,0.8238172880422515,0.5663593042460422));
#11857=FACE_BOUND('',#11858,.T.);
#11858=EDGE_LOOP('',(#11859,#11860,#11861));
#11859=ORIENTED_EDGE('',*,*,#11862,.T.);
#11860=ORIENTED_EDGE('',*,*,#11863,.T.);
#11861=ORIENTED_EDGE('',*,*,#11864,.T.);
#11862=EDGE_CURVE('',#161,#653,#11865,.F.);
#11863=EDGE_CURVE('',#653,#649,#11866,.T.);
#11864=EDGE_CURVE('',#649,#161,#11867,.T.);
#11865=LINE('',#160,#11868);
#11866=LINE('',#652,#11869);
#11867=LINE('',#648,#11870);
#11868=VECTOR('',#11871,1.0);
#11869=VECTOR('',#11872,1.0);
#11870=VECTOR('',#11873,1.0);
#11871=DIRECTION('',(-0.023711061061224756,0.8238172880422515,0.5663593042460422));
#11872=DIRECTION('',(0.028703147103008874,0.727370551186934,-0.6856443761983314));
#11873=DIRECTION('',(0.02228487059639382,-0.8462676869935495,-0.5322916366927906));
#11874=FACE_SURFACE('',(#11879),#11875,.T.);
#11875=PLANE('',#11876);
#11876=AXIS2_PLACEMENT_3D('',#652,#11877,#11878);
#11877=DIRECTION('',(-0.030425481387583768,0.6862449134702115,0.7267339326181184));
#11878=DIRECTION('',(0.9991247671914388,0,0.04182941052242151));
#11879=FACE_BOUND('',#11880,.T.);
#11880=EDGE_LOOP('',(#11881,#11882,#11883));
#11881=ORIENTED_EDGE('',*,*,#11884,.T.);
#11882=ORIENTED_EDGE('',*,*,#11885,.T.);
#11883=ORIENTED_EDGE('',*,*,#11886,.T.);
#11884=EDGE_CURVE('',#653,#615,#11887,.F.);
#11885=EDGE_CURVE('',#615,#649,#11888,.T.);
#11886=EDGE_CURVE('',#649,#653,#11889,.T.);
#11887=LINE('',#652,#11890);
#11888=LINE('',#614,#11891);
#11889=LINE('',#648,#11892);
#11890=VECTOR('',#11893,1.0);
#11891=VECTOR('',#11894,1.0);
#11892=VECTOR('',#11895,1.0);
#11893=DIRECTION('',(0.9991247671914388,0,0.04182941052242151));
#11894=DIRECTION('',(-0.9829288033348782,0.11144845762061925,-0.14639060375806012));
#11895=DIRECTION('',(-0.028703147103008874,-0.727370551186934,0.6856443761983314));
#11896=FACE_SURFACE('',(#11901),#11897,.T.);
#11897=PLANE('',#11898);
#11898=AXIS2_PLACEMENT_3D('',#590,#11899,#11900);
#11899=DIRECTION('',(0.02688706579265846,0.7660516849440385,-0.6422163978655956));
#11900=DIRECTION('',(-0.9991247671914388,0,-0.04182941052242151));
#11901=FACE_BOUND('',#11902,.T.);
#11902=EDGE_LOOP('',(#11903,#11904,#11905));
#11903=ORIENTED_EDGE('',*,*,#11906,.T.);
#11904=ORIENTED_EDGE('',*,*,#11907,.T.);
#11905=ORIENTED_EDGE('',*,*,#11908,.T.);
#11906=EDGE_CURVE('',#591,#655,#11909,.F.);
#11907=EDGE_CURVE('',#655,#593,#11910,.T.);
#11908=EDGE_CURVE('',#593,#591,#11911,.T.);
#11909=LINE('',#590,#11912);
#11910=LINE('',#654,#11913);
#11911=LINE('',#592,#11914);
#11912=VECTOR('',#11915,1.0);
#11913=VECTOR('',#11916,1.0);
#11914=VECTOR('',#11917,1.0);
#11915=DIRECTION('',(-0.9991247671914388,0,-0.04182941052242151));
#11916=DIRECTION('',(0.9824169520654983,0.09848848185923104,0.15860942984387977));
#11917=DIRECTION('',(0.03204874011678579,-0.6427789791078992,-0.7653809915812737));
#11918=FACE_SURFACE('',(#11923),#11919,.T.);
#11919=PLANE('',#11920);
#11920=AXIS2_PLACEMENT_3D('',#654,#11921,#11922);
#11921=DIRECTION('',(0.02688706579265846,0.7660516849440385,-0.6422163978655956));
#11922=DIRECTION('',(-0.03204874011678579,0.6427789791078992,0.7653809915812737));
#11923=FACE_BOUND('',#11924,.T.);
#11924=EDGE_LOOP('',(#11925,#11926,#11927));
#11925=ORIENTED_EDGE('',*,*,#11928,.T.);
#11926=ORIENTED_EDGE('',*,*,#11929,.T.);
#11927=ORIENTED_EDGE('',*,*,#11930,.T.);
#11928=EDGE_CURVE('',#655,#651,#11931,.F.);
#11929=EDGE_CURVE('',#651,#593,#11932,.T.);
#11930=EDGE_CURVE('',#593,#655,#11933,.T.);
#11931=LINE('',#654,#11934);
#11932=LINE('',#650,#11935);
#11933=LINE('',#592,#11936);
#11934=VECTOR('',#11937,1.0);
#11935=VECTOR('',#11938,1.0);
#11936=VECTOR('',#11939,1.0);
#11937=DIRECTION('',(-0.03204874011678579,0.6427789791078992,0.7653809915812737));
#11938=DIRECTION('',(0.9991247671914388,0,0.04182941052242151));
#11939=DIRECTION('',(-0.9824169520654983,-0.09848848185923104,-0.15860942984387977));
#11940=FACE_SURFACE('',(#11945),#11941,.T.);
#11941=PLANE('',#11942);
#11942=AXIS2_PLACEMENT_3D('',#652,#11943,#11944);
#11943=DIRECTION('',(-0.026887234556491054,0.7660482995942287,0.6422204289079373));
#11944=DIRECTION('',(0.9824171478613313,-0.09848850148799895,0.1586082049033257));
#11945=FACE_BOUND('',#11946,.T.);
#11946=EDGE_LOOP('',(#11947,#11948,#11949));
#11947=ORIENTED_EDGE('',*,*,#11950,.T.);
#11948=ORIENTED_EDGE('',*,*,#11951,.T.);
#11949=ORIENTED_EDGE('',*,*,#11952,.T.);
#11950=EDGE_CURVE('',#653,#617,#11953,.F.);
#11951=EDGE_CURVE('',#617,#615,#11954,.T.);
#11952=EDGE_CURVE('',#615,#653,#11955,.T.);
#11953=LINE('',#652,#11956);
#11954=LINE('',#616,#11957);
#11955=LINE('',#614,#11958);
#11956=VECTOR('',#11959,1.0);
#11957=VECTOR('',#11960,1.0);
#11958=VECTOR('',#11961,1.0);
#11959=DIRECTION('',(0.9824171478613313,-0.09848850148799895,0.1586082049033257));
#11960=DIRECTION('',(0.03204894127918296,0.6427830136802355,-0.7653775948425964));
#11961=DIRECTION('',(-0.9991247671914388,0,-0.04182941052242151));
#11962=FACE_SURFACE('',(#11967),#11963,.T.);
#11963=PLANE('',#11964);
#11964=AXIS2_PLACEMENT_3D('',#654,#11965,#11966);
#11965=DIRECTION('',(-0.9991245264067238,-1.3145460668048743E-06,-0.04183516141730162));
#11966=DIRECTION('',(-0.009768065516226202,-0.9723520234729865,0.23331551029466382));
#11967=FACE_BOUND('',#11968,.T.);
#11968=EDGE_LOOP('',(#11969,#11970,#11971));
#11969=ORIENTED_EDGE('',*,*,#11972,.T.);
#11970=ORIENTED_EDGE('',*,*,#11973,.T.);
#11971=ORIENTED_EDGE('',*,*,#11974,.T.);
#11972=EDGE_CURVE('',#655,#117,#11975,.F.);
#11973=EDGE_CURVE('',#117,#651,#11976,.T.);
#11974=EDGE_CURVE('',#651,#655,#11977,.T.);
#11975=LINE('',#654,#11978);
#11976=LINE('',#116,#11979);
#11977=LINE('',#650,#11980);
#11978=VECTOR('',#11981,1.0);
#11979=VECTOR('',#11982,1.0);
#11980=VECTOR('',#11983,1.0);
#11981=DIRECTION('',(-0.009768065516226202,-0.9723520234729865,0.23331551029466382));
#11982=DIRECTION('',(0.007929043215222966,0.9818688641045035,-0.18939552258652623));
#11983=DIRECTION('',(0.03204874011678579,-0.6427789791078992,-0.7653809915812737));
#11984=FACE_SURFACE('',(#11989),#11985,.T.);
#11985=PLANE('',#11986);
#11986=AXIS2_PLACEMENT_3D('',#160,#11987,#11988);
#11987=DIRECTION('',(-0.9991245779330942,3.316291357878549E-06,-0.04183393071441783));
#11988=DIRECTION('',(-0.025140849077843207,0.799225566934158,0.6005051464112683));
#11989=FACE_BOUND('',#11990,.T.);
#11990=EDGE_LOOP('',(#11991,#11992,#11993));
#11991=ORIENTED_EDGE('',*,*,#11994,.T.);
#11992=ORIENTED_EDGE('',*,*,#11995,.T.);
#11993=ORIENTED_EDGE('',*,*,#11996,.T.);
#11994=EDGE_CURVE('',#161,#657,#11997,.F.);
#11995=EDGE_CURVE('',#657,#653,#11998,.T.);
#11996=EDGE_CURVE('',#653,#161,#11999,.T.);
#11997=LINE('',#160,#12000);
#11998=LINE('',#656,#12001);
#11999=LINE('',#652,#12002);
#12000=VECTOR('',#12003,1.0);
#12001=VECTOR('',#12004,1.0);
#12002=VECTOR('',#12005,1.0);
#12003=DIRECTION('',(-0.025140849077843207,0.799225566934158,0.6005051464112683));
#12004=DIRECTION('',(0.03204894127918296,0.6427830136802355,-0.7653775948425964));
#12005=DIRECTION('',(0.023711061061224756,-0.8238172880422515,-0.5663593042460422));
#12006=FACE_SURFACE('',(#12011),#12007,.T.);
#12007=PLANE('',#12008);
#12008=AXIS2_PLACEMENT_3D('',#656,#12009,#12010);
#12009=DIRECTION('',(-0.026887234556491054,0.7660482995942287,0.6422204289079373));
#12010=DIRECTION('',(0.9991247671914388,0,0.04182941052242151));
#12011=FACE_BOUND('',#12012,.T.);
#12012=EDGE_LOOP('',(#12013,#12014,#12015));
#12013=ORIENTED_EDGE('',*,*,#12016,.T.);
#12014=ORIENTED_EDGE('',*,*,#12017,.T.);
#12015=ORIENTED_EDGE('',*,*,#12018,.T.);
#12016=EDGE_CURVE('',#657,#617,#12019,.F.);
#12017=EDGE_CURVE('',#617,#653,#12020,.T.);
#12018=EDGE_CURVE('',#653,#657,#12021,.T.);
#12019=LINE('',#656,#12022);
#12020=LINE('',#616,#12023);
#12021=LINE('',#652,#12024);
#12022=VECTOR('',#12025,1.0);
#12023=VECTOR('',#12026,1.0);
#12024=VECTOR('',#12027,1.0);
#12025=DIRECTION('',(0.9991247671914388,0,0.04182941052242151));
#12026=DIRECTION('',(-0.9824171478613313,0.09848850148799895,-0.1586082049033257));
#12027=DIRECTION('',(-0.03204894127918296,-0.6427830136802355,0.7653775948425964));
#12028=FACE_SURFACE('',(#12033),#12029,.T.);
#12029=PLANE('',#12030);
#12030=AXIS2_PLACEMENT_3D('',#600,#12031,#12032);
#12031=DIRECTION('',(0.022986178711847917,0.8354792877641334,-0.5490409778016242));
#12032=DIRECTION('',(-0.9991247671914388,0,-0.04182941052242151));
#12033=FACE_BOUND('',#12034,.T.);
#12034=EDGE_LOOP('',(#12035,#12036,#12037));
#12035=ORIENTED_EDGE('',*,*,#12038,.T.);
#12036=ORIENTED_EDGE('',*,*,#12039,.T.);
#12037=ORIENTED_EDGE('',*,*,#12040,.T.);
#12038=EDGE_CURVE('',#601,#659,#12041,.F.);
#12039=EDGE_CURVE('',#659,#591,#12042,.T.);
#12040=EDGE_CURVE('',#591,#601,#12043,.T.);
#12041=LINE('',#600,#12044);
#12042=LINE('',#658,#12045);
#12043=LINE('',#590,#12046);
#12044=VECTOR('',#12047,1.0);
#12045=VECTOR('',#12048,1.0);
#12046=VECTOR('',#12049,1.0);
#12047=DIRECTION('',(-0.9991247671914388,0,-0.04182941052242151));
#12048=DIRECTION('',(0.9819720354976991,0.08419918891670909,0.1692377560896915));
#12049=DIRECTION('',(0.03496838497934597,-0.5495219373114482,-0.8347471787705599));
#12050=FACE_SURFACE('',(#12055),#12051,.T.);
#12051=PLANE('',#12052);
#12052=AXIS2_PLACEMENT_3D('',#658,#12053,#12054);
#12053=DIRECTION('',(0.022986178711847917,0.8354792877641334,-0.5490409778016242));
#12054=DIRECTION('',(-0.03496838497934597,0.5495219373114482,0.8347471787705599));
#12055=FACE_BOUND('',#12056,.T.);
#12056=EDGE_LOOP('',(#12057,#12058,#12059));
#12057=ORIENTED_EDGE('',*,*,#12060,.T.);
#12058=ORIENTED_EDGE('',*,*,#12061,.T.);
#12059=ORIENTED_EDGE('',*,*,#12062,.T.);
#12060=EDGE_CURVE('',#659,#655,#12063,.F.);
#12061=EDGE_CURVE('',#655,#591,#12064,.T.);
#12062=EDGE_CURVE('',#591,#659,#12065,.T.);
#12063=LINE('',#658,#12066);
#12064=LINE('',#654,#12067);
#12065=LINE('',#590,#12068);
#12066=VECTOR('',#12069,1.0);
#12067=VECTOR('',#12070,1.0);
#12068=VECTOR('',#12071,1.0);
#12069=DIRECTION('',(-0.03496838497934597,0.5495219373114482,0.8347471787705599));
#12070=DIRECTION('',(0.9991247671914388,0,0.04182941052242151));
#12071=DIRECTION('',(-0.9819720354976991,-0.08419918891670909,-0.1692377560896915));
#12072=FACE_SURFACE('',(#12077),#12073,.T.);
#12073=PLANE('',#12074);
#12074=AXIS2_PLACEMENT_3D('',#656,#12075,#12076);
#12075=DIRECTION('',(-0.022986047708757187,0.8354813476699854,0.549037848701049));
#12076=DIRECTION('',(0.9819720062663893,-0.08419875543952046,0.16923814136180476));
#12077=FACE_BOUND('',#12078,.T.);
#12078=EDGE_LOOP('',(#12079,#12080,#12081));
#12079=ORIENTED_EDGE('',*,*,#12082,.T.);
#12080=ORIENTED_EDGE('',*,*,#12083,.T.);
#12081=ORIENTED_EDGE('',*,*,#12084,.T.);
#12082=EDGE_CURVE('',#657,#619,#12085,.F.);
#12083=EDGE_CURVE('',#619,#617,#12086,.T.);
#12084=EDGE_CURVE('',#617,#657,#12087,.T.);
#12085=LINE('',#656,#12088);
#12086=LINE('',#618,#12089);
#12087=LINE('',#616,#12090);
#12088=VECTOR('',#12091,1.0);
#12089=VECTOR('',#12092,1.0);
#12090=VECTOR('',#12093,1.0);
#12091=DIRECTION('',(0.9819720062663893,-0.08419875543952046,0.16923814136180476));
#12092=DIRECTION('',(0.03493538251596607,0.5495188055469141,-0.8347506222811432));
#12093=DIRECTION('',(-0.9991247671914388,0,-0.04182941052242151));
#12094=FACE_SURFACE('',(#12099),#12095,.T.);
#12095=PLANE('',#12096);
#12096=AXIS2_PLACEMENT_3D('',#658,#12097,#12098);
#12097=DIRECTION('',(-0.9991238661396785,-5.104105519728358E-06,-0.04185092691984245));
#12098=DIRECTION('',(-0.011758293729512218,-0.9596862354516831,0.28082747731151103));
#12099=FACE_BOUND('',#12100,.T.);
#12100=EDGE_LOOP('',(#12101,#12102,#12103));
#12101=ORIENTED_EDGE('',*,*,#12104,.T.);
#12102=ORIENTED_EDGE('',*,*,#12105,.T.);
#12103=ORIENTED_EDGE('',*,*,#12106,.T.);
#12104=EDGE_CURVE('',#659,#117,#12107,.F.);
#12105=EDGE_CURVE('',#117,#655,#12108,.T.);
#12106=EDGE_CURVE('',#655,#659,#12109,.T.);
#12107=LINE('',#658,#12110);
#12108=LINE('',#116,#12111);
#12109=LINE('',#654,#12112);
#12110=VECTOR('',#12113,1.0);
#12111=VECTOR('',#12114,1.0);
#12112=VECTOR('',#12115,1.0);
#12113=DIRECTION('',(-0.011758293729512218,-0.9596862354516831,0.28082747731151103));
#12114=DIRECTION('',(0.009768065516226202,0.9723520234729865,-0.23331551029466382));
#12115=DIRECTION('',(0.03496838497934597,-0.5495219373114482,-0.8347471787705599));
#12116=FACE_SURFACE('',(#12121),#12117,.T.);
#12117=PLANE('',#12118);
#12118=AXIS2_PLACEMENT_3D('',#160,#12119,#12120);
#12119=DIRECTION('',(-0.9991251782416081,-7.477254623411808E-06,-0.04181959047821529));
#12120=DIRECTION('',(-0.026524005314945094,0.7732426925439295,0.6335552190373517));
#12121=FACE_BOUND('',#12122,.T.);
#12122=EDGE_LOOP('',(#12123,#12124,#12125));
#12123=ORIENTED_EDGE('',*,*,#12126,.T.);
#12124=ORIENTED_EDGE('',*,*,#12127,.T.);
#12125=ORIENTED_EDGE('',*,*,#12128,.T.);
#12126=EDGE_CURVE('',#161,#661,#12129,.F.);
#12127=EDGE_CURVE('',#661,#657,#12130,.T.);
#12128=EDGE_CURVE('',#657,#161,#12131,.T.);
#12129=LINE('',#160,#12132);
#12130=LINE('',#660,#12133);
#12131=LINE('',#656,#12134);
#12132=VECTOR('',#12135,1.0);
#12133=VECTOR('',#12136,1.0);
#12134=VECTOR('',#12137,1.0);
#12135=DIRECTION('',(-0.026524005314945094,0.7732426925439295,0.6335552190373517));
#12136=DIRECTION('',(0.03493538251596607,0.5495188055469141,-0.8347506222811432));
#12137=DIRECTION('',(0.025140849077843207,-0.799225566934158,-0.6005051464112683));
#12138=FACE_SURFACE('',(#12143),#12139,.T.);
#12139=PLANE('',#12140);
#12140=AXIS2_PLACEMENT_3D('',#660,#12141,#12142);
#12141=DIRECTION('',(-0.022986047708757187,0.8354813476699854,0.549037848701049));
#12142=DIRECTION('',(0.9991247671914388,0,0.04182941052242151));
#12143=FACE_BOUND('',#12144,.T.);
#12144=EDGE_LOOP('',(#12145,#12146,#12147));
#12145=ORIENTED_EDGE('',*,*,#12148,.T.);
#12146=ORIENTED_EDGE('',*,*,#12149,.T.);
#12147=ORIENTED_EDGE('',*,*,#12150,.T.);
#12148=EDGE_CURVE('',#661,#619,#12151,.F.);
#12149=EDGE_CURVE('',#619,#657,#12152,.T.);
#12150=EDGE_CURVE('',#657,#661,#12153,.T.);
#12151=LINE('',#660,#12154);
#12152=LINE('',#618,#12155);
#12153=LINE('',#656,#12156);
#12154=VECTOR('',#12157,1.0);
#12155=VECTOR('',#12158,1.0);
#12156=VECTOR('',#12159,1.0);
#12157=DIRECTION('',(0.9991247671914388,0,0.04182941052242151));
#12158=DIRECTION('',(-0.9819720062663893,0.08419875543952046,-0.16923814136180476));
#12159=DIRECTION('',(-0.03493538251596607,-0.5495188055469141,0.8347506222811432));
#12160=FACE_SURFACE('',(#12165),#12161,.T.);
#12161=PLANE('',#12162);
#12162=AXIS2_PLACEMENT_3D('',#598,#12163,#12164);
#12163=DIRECTION('',(0.018772613921076774,0.8936373375054,-0.44839703163918254));
#12164=DIRECTION('',(-0.9991247671914388,0,-0.04182941052242151));
#12165=FACE_BOUND('',#12166,.T.);
#12166=EDGE_LOOP('',(#12167,#12168,#12169));
#12167=ORIENTED_EDGE('',*,*,#12170,.T.);
#12168=ORIENTED_EDGE('',*,*,#12171,.T.);
#12169=ORIENTED_EDGE('',*,*,#12172,.T.);
#12170=EDGE_CURVE('',#599,#663,#12173,.F.);
#12171=EDGE_CURVE('',#663,#601,#12174,.T.);
#12172=EDGE_CURVE('',#601,#599,#12175,.T.);
#12173=LINE('',#598,#12176);
#12174=LINE('',#662,#12177);
#12175=LINE('',#600,#12178);
#12176=VECTOR('',#12179,1.0);
#12177=VECTOR('',#12180,1.0);
#12178=VECTOR('',#12181,1.0);
#12179=DIRECTION('',(-0.9991247671914388,0,-0.04182941052242151));
#12180=DIRECTION('',(0.9815999055360177,0.06876331079145229,0.17813823997300288));
#12181=DIRECTION('',(0.03736361473081161,-0.4487898271573605,-0.8928558961749169));
#12182=FACE_SURFACE('',(#12187),#12183,.T.);
#12183=PLANE('',#12184);
#12184=AXIS2_PLACEMENT_3D('',#662,#12185,#12186);
#12185=DIRECTION('',(0.018772613921076774,0.8936373375054,-0.44839703163918254));
#12186=DIRECTION('',(-0.03736361473081161,0.4487898271573605,0.8928558961749169));
#12187=FACE_BOUND('',#12188,.T.);
#12188=EDGE_LOOP('',(#12189,#12190,#12191));
#12189=ORIENTED_EDGE('',*,*,#12192,.T.);
#12190=ORIENTED_EDGE('',*,*,#12193,.T.);
#12191=ORIENTED_EDGE('',*,*,#12194,.T.);
#12192=EDGE_CURVE('',#663,#659,#12195,.F.);
#12193=EDGE_CURVE('',#659,#601,#12196,.T.);
#12194=EDGE_CURVE('',#601,#663,#12197,.T.);
#12195=LINE('',#662,#12198);
#12196=LINE('',#658,#12199);
#12197=LINE('',#600,#12200);
#12198=VECTOR('',#12201,1.0);
#12199=VECTOR('',#12202,1.0);
#12200=VECTOR('',#12203,1.0);
#12201=DIRECTION('',(-0.03736361473081161,0.4487898271573605,0.8928558961749169));
#12202=DIRECTION('',(0.9991247671914388,0,0.04182941052242151));
#12203=DIRECTION('',(-0.9815999055360177,-0.06876331079145229,-0.17813823997300288));
#12204=FACE_SURFACE('',(#12209),#12205,.T.);
#12205=PLANE('',#12206);
#12206=AXIS2_PLACEMENT_3D('',#660,#12207,#12208);
#12207=DIRECTION('',(-0.018772453444636832,0.8936392641823897,0.44839319854701853));
#12208=DIRECTION('',(0.9815995025482459,-0.06876363465899227,0.17814033553780195));
#12209=FACE_BOUND('',#12210,.T.);
#12210=EDGE_LOOP('',(#12211,#12212,#12213));
#12211=ORIENTED_EDGE('',*,*,#12214,.T.);
#12212=ORIENTED_EDGE('',*,*,#12215,.T.);
#12213=ORIENTED_EDGE('',*,*,#12216,.T.);
#12214=EDGE_CURVE('',#661,#609,#12217,.F.);
#12215=EDGE_CURVE('',#609,#619,#12218,.T.);
#12216=EDGE_CURVE('',#619,#661,#12219,.T.);
#12217=LINE('',#660,#12220);
#12218=LINE('',#608,#12221);
#12219=LINE('',#618,#12222);
#12220=VECTOR('',#12223,1.0);
#12221=VECTOR('',#12224,1.0);
#12222=VECTOR('',#12225,1.0);
#12223=DIRECTION('',(0.9815995025482459,-0.06876363465899227,0.17814033553780195));
#12224=DIRECTION('',(0.03739609892660327,0.4487859907147889,-0.8928564645693153));
#12225=DIRECTION('',(-0.9991247671914388,0,-0.04182941052242151));
#12226=FACE_SURFACE('',(#12231),#12227,.T.);
#12227=PLANE('',#12228);
#12228=AXIS2_PLACEMENT_3D('',#662,#12229,#12230);
#12229=DIRECTION('',(-0.9991254274133415,5.826878433059979E-06,-0.04181363727487834));
#12230=DIRECTION('',(-0.013823615931440762,-0.943816760068227,0.33017999796610126));
#12231=FACE_BOUND('',#12232,.T.);
#12232=EDGE_LOOP('',(#12233,#12234,#12235));
#12233=ORIENTED_EDGE('',*,*,#12236,.T.);
#12234=ORIENTED_EDGE('',*,*,#12237,.T.);
#12235=ORIENTED_EDGE('',*,*,#12238,.T.);
#12236=EDGE_CURVE('',#663,#117,#12239,.F.);
#12237=EDGE_CURVE('',#117,#659,#12240,.T.);
#12238=EDGE_CURVE('',#659,#663,#12241,.T.);
#12239=LINE('',#662,#12242);
#12240=LINE('',#116,#12243);
#12241=LINE('',#658,#12244);
#12242=VECTOR('',#12245,1.0);
#12243=VECTOR('',#12246,1.0);
#12244=VECTOR('',#12247,1.0);
#12245=DIRECTION('',(-0.013823615931440762,-0.943816760068227,0.33017999796610126));
#12246=DIRECTION('',(0.011758293729512218,0.9596862354516831,-0.28082747731151103));
#12247=DIRECTION('',(0.03736361473081161,-0.4487898271573605,-0.8928558961749169));
#12248=FACE_SURFACE('',(#12253),#12249,.T.);
#12249=PLANE('',#12250);
#12250=AXIS2_PLACEMENT_3D('',#160,#12251,#12252);
#12251=DIRECTION('',(-0.9991242549167925,1.0623461903953992E-05,-0.041841643420235886));
#12252=DIRECTION('',(-0.02781901928983817,0.7467954080129451,0.6644717606765019));
#12253=FACE_BOUND('',#12254,.T.);
#12254=EDGE_LOOP('',(#12255,#12256,#12257));
#12255=ORIENTED_EDGE('',*,*,#12258,.T.);
#12256=ORIENTED_EDGE('',*,*,#12259,.T.);
#12257=ORIENTED_EDGE('',*,*,#12260,.T.);
#12258=EDGE_CURVE('',#161,#665,#12261,.F.);
#12259=EDGE_CURVE('',#665,#661,#12262,.T.);
#12260=EDGE_CURVE('',#661,#161,#12263,.T.);
#12261=LINE('',#160,#12264);
#12262=LINE('',#664,#12265);
#12263=LINE('',#660,#12266);
#12264=VECTOR('',#12267,1.0);
#12265=VECTOR('',#12268,1.0);
#12266=VECTOR('',#12269,1.0);
#12267=DIRECTION('',(-0.02781901928983817,0.7467954080129451,0.6644717606765019));
#12268=DIRECTION('',(0.03739609892660327,0.4487859907147889,-0.8928564645693153));
#12269=DIRECTION('',(0.026524005314945094,-0.7732426925439295,-0.6335552190373517));
#12270=FACE_SURFACE('',(#12275),#12271,.T.);
#12271=PLANE('',#12272);
#12272=AXIS2_PLACEMENT_3D('',#664,#12273,#12274);
#12273=DIRECTION('',(-0.018772453444636832,0.8936392641823897,0.44839319854701853));
#12274=DIRECTION('',(0.9991247671914388,0,0.04182941052242151));
#12275=FACE_BOUND('',#12276,.T.);
#12276=EDGE_LOOP('',(#12277,#12278,#12279));
#12277=ORIENTED_EDGE('',*,*,#12280,.T.);
#12278=ORIENTED_EDGE('',*,*,#12281,.T.);
#12279=ORIENTED_EDGE('',*,*,#12282,.T.);
#12280=EDGE_CURVE('',#665,#609,#12283,.F.);
#12281=EDGE_CURVE('',#609,#661,#12284,.T.);
#12282=EDGE_CURVE('',#661,#665,#12285,.T.);
#12283=LINE('',#664,#12286);
#12284=LINE('',#608,#12287);
#12285=LINE('',#660,#12288);
#12286=VECTOR('',#12289,1.0);
#12287=VECTOR('',#12290,1.0);
#12288=VECTOR('',#12291,1.0);
#12289=DIRECTION('',(0.9991247671914388,0,0.04182941052242151));
#12290=DIRECTION('',(-0.9815995025482459,0.06876363465899227,-0.17814033553780195));
#12291=DIRECTION('',(-0.03739609892660327,-0.4487859907147889,0.8928564645693153));
#12292=FACE_SURFACE('',(#12297),#12293,.T.);
#12293=PLANE('',#12294);
#12294=AXIS2_PLACEMENT_3D('',#596,#12295,#12296);
#12295=DIRECTION('',(0.014306506342813987,0.9396925741407794,-0.34172092411928606));
#12296=DIRECTION('',(-0.9991247671914388,0,-0.04182941052242151));
#12297=FACE_BOUND('',#12298,.T.);
#12298=EDGE_LOOP('',(#12299,#12300,#12301));
#12299=ORIENTED_EDGE('',*,*,#12302,.T.);
#12300=ORIENTED_EDGE('',*,*,#12303,.T.);
#12301=ORIENTED_EDGE('',*,*,#12304,.T.);
#12302=EDGE_CURVE('',#597,#667,#12305,.F.);
#12303=EDGE_CURVE('',#667,#599,#12306,.T.);
#12304=EDGE_CURVE('',#599,#597,#12307,.T.);
#12305=LINE('',#596,#12308);
#12306=LINE('',#666,#12309);
#12307=LINE('',#598,#12310);
#12308=VECTOR('',#12311,1.0);
#12309=VECTOR('',#12312,1.0);
#12310=VECTOR('',#12313,1.0);
#12311=DIRECTION('',(-0.9991247671914388,0,-0.04182941052242151));
#12312=DIRECTION('',(0.9813039046663938,0.05240560322275456,0.18519260092495116));
#12313=DIRECTION('',(0.039297970097307816,-0.34202027146876457,-0.938870493439145));
#12314=FACE_SURFACE('',(#12319),#12315,.T.);
#12315=PLANE('',#12316);
#12316=AXIS2_PLACEMENT_3D('',#666,#12317,#12318);
#12317=DIRECTION('',(0.014306506342813987,0.9396925741407794,-0.34172092411928606));
#12318=DIRECTION('',(-0.039297970097307816,0.34202027146876457,0.938870493439145));
#12319=FACE_BOUND('',#12320,.T.);
#12320=EDGE_LOOP('',(#12321,#12322,#12323));
#12321=ORIENTED_EDGE('',*,*,#12324,.T.);
#12322=ORIENTED_EDGE('',*,*,#12325,.T.);
#12323=ORIENTED_EDGE('',*,*,#12326,.T.);
#12324=EDGE_CURVE('',#667,#663,#12327,.F.);
#12325=EDGE_CURVE('',#663,#599,#12328,.T.);
#12326=EDGE_CURVE('',#599,#667,#12329,.T.);
#12327=LINE('',#666,#12330);
#12328=LINE('',#662,#12331);
#12329=LINE('',#598,#12332);
#12330=VECTOR('',#12333,1.0);
#12331=VECTOR('',#12334,1.0);
#12332=VECTOR('',#12335,1.0);
#12333=DIRECTION('',(-0.039297970097307816,0.34202027146876457,0.938870493439145));
#12334=DIRECTION('',(0.9991247671914388,0,0.04182941052242151));
#12335=DIRECTION('',(-0.9813039046663938,-0.05240560322275456,-0.18519260092495116));
#12336=FACE_SURFACE('',(#12341),#12337,.T.);
#12337=PLANE('',#12338);
#12338=AXIS2_PLACEMENT_3D('',#664,#12339,#12340);
#12339=DIRECTION('',(-0.01430672664999848,0.9396906571644281,0.34172618631068835));
#12340=DIRECTION('',(0.9813043613692164,-0.05240562761253514,0.1851901740165786));
#12341=FACE_BOUND('',#12342,.T.);
#12342=EDGE_LOOP('',(#12343,#12344,#12345));
#12343=ORIENTED_EDGE('',*,*,#12346,.T.);
#12344=ORIENTED_EDGE('',*,*,#12347,.T.);
#12345=ORIENTED_EDGE('',*,*,#12348,.T.);
#12346=EDGE_CURVE('',#665,#611,#12349,.F.);
#12347=EDGE_CURVE('',#611,#609,#12350,.T.);
#12348=EDGE_CURVE('',#609,#665,#12351,.T.);
#12349=LINE('',#664,#12352);
#12350=LINE('',#610,#12353);
#12351=LINE('',#608,#12354);
#12352=VECTOR('',#12355,1.0);
#12353=VECTOR('',#12356,1.0);
#12354=VECTOR('',#12357,1.0);
#12355=DIRECTION('',(0.9813043613692164,-0.05240562761253514,0.1851901740165786));
#12356=DIRECTION('',(0.039298575250530536,0.3420255382718336,-0.9388685494536181));
#12357=DIRECTION('',(-0.9991247671914388,0,-0.04182941052242151));
#12358=FACE_SURFACE('',(#12363),#12359,.T.);
#12359=PLANE('',#12360);
#12360=AXIS2_PLACEMENT_3D('',#666,#12361,#12362);
#12361=DIRECTION('',(-0.9991251115069364,3.1816631808711834E-06,-0.04182118537450746));
#12362=DIRECTION('',(-0.0158837148750586,-0.9250972099155416,0.3793980229366624));
#12363=FACE_BOUND('',#12364,.T.);
#12364=EDGE_LOOP('',(#12365,#12366,#12367));
#12365=ORIENTED_EDGE('',*,*,#12368,.T.);
#12366=ORIENTED_EDGE('',*,*,#12369,.T.);
#12367=ORIENTED_EDGE('',*,*,#12370,.T.);
#12368=EDGE_CURVE('',#667,#117,#12371,.F.);
#12369=EDGE_CURVE('',#117,#663,#12372,.T.);
#12370=EDGE_CURVE('',#663,#667,#12373,.T.);
#12371=LINE('',#666,#12374);
#12372=LINE('',#116,#12375);
#12373=LINE('',#662,#12376);
#12374=VECTOR('',#12377,1.0);
#12375=VECTOR('',#12378,1.0);
#12376=VECTOR('',#12379,1.0);
#12377=DIRECTION('',(-0.0158837148750586,-0.9250972099155416,0.3793980229366624));
#12378=DIRECTION('',(0.013823615931440762,0.943816760068227,-0.33017999796610126));
#12379=DIRECTION('',(0.039297970097307816,-0.34202027146876457,-0.938870493439145));
#12380=FACE_SURFACE('',(#12385),#12381,.T.);
#12381=PLANE('',#12382);
#12382=AXIS2_PLACEMENT_3D('',#160,#12383,#12384);
#12383=DIRECTION('',(-0.9991250375154912,-6.036015792782248E-06,-0.041822952708228986));
#12384=DIRECTION('',(-0.02899008386643695,0.7208817245221147,0.6924515248646931));
#12385=FACE_BOUND('',#12386,.T.);
#12386=EDGE_LOOP('',(#12387,#12388,#12389));
#12387=ORIENTED_EDGE('',*,*,#12390,.T.);
#12388=ORIENTED_EDGE('',*,*,#12391,.T.);
#12389=ORIENTED_EDGE('',*,*,#12392,.T.);
#12390=EDGE_CURVE('',#161,#669,#12393,.F.);
#12391=EDGE_CURVE('',#669,#665,#12394,.T.);
#12392=EDGE_CURVE('',#665,#161,#12395,.T.);
#12393=LINE('',#160,#12396);
#12394=LINE('',#668,#12397);
#12395=LINE('',#664,#12398);
#12396=VECTOR('',#12399,1.0);
#12397=VECTOR('',#12400,1.0);
#12398=VECTOR('',#12401,1.0);
#12399=DIRECTION('',(-0.02899008386643695,0.7208817245221147,0.6924515248646931));
#12400=DIRECTION('',(0.039298575250530536,0.3420255382718336,-0.9388685494536181));
#12401=DIRECTION('',(0.02781901928983817,-0.7467954080129451,-0.6644717606765019));
#12402=FACE_SURFACE('',(#12407),#12403,.T.);
#12403=PLANE('',#12404);
#12404=AXIS2_PLACEMENT_3D('',#668,#12405,#12406);
#12405=DIRECTION('',(-0.01430672664999848,0.9396906571644281,0.34172618631068835));
#12406=DIRECTION('',(0.9991247671914388,0,0.04182941052242151));
#12407=FACE_BOUND('',#12408,.T.);
#12408=EDGE_LOOP('',(#12409,#12410,#12411));
#12409=ORIENTED_EDGE('',*,*,#12412,.T.);
#12410=ORIENTED_EDGE('',*,*,#12413,.T.);
#12411=ORIENTED_EDGE('',*,*,#12414,.T.);
#12412=EDGE_CURVE('',#669,#611,#12415,.F.);
#12413=EDGE_CURVE('',#611,#665,#12416,.T.);
#12414=EDGE_CURVE('',#665,#669,#12417,.T.);
#12415=LINE('',#668,#12418);
#12416=LINE('',#610,#12419);
#12417=LINE('',#664,#12420);
#12418=VECTOR('',#12421,1.0);
#12419=VECTOR('',#12422,1.0);
#12420=VECTOR('',#12423,1.0);
#12421=DIRECTION('',(0.9991247671914388,0,0.04182941052242151));
#12422=DIRECTION('',(-0.9813043613692164,0.05240562761253514,-0.1851901740165786));
#12423=DIRECTION('',(-0.039298575250530536,-0.3420255382718336,0.9388685494536181));
#12424=FACE_SURFACE('',(#12429),#12425,.T.);
#12425=PLANE('',#12426);
#12426=AXIS2_PLACEMENT_3D('',#606,#12427,#12428);
#12427=DIRECTION('',(0.009646260983013558,0.9730430544198714,-0.23042170881732246));
#12428=DIRECTION('',(-0.9991248734727693,0,-0.04182687184122726));
#12429=FACE_BOUND('',#12430,.T.);
#12430=EDGE_LOOP('',(#12431,#12432,#12433));
#12431=ORIENTED_EDGE('',*,*,#12434,.T.);
#12432=ORIENTED_EDGE('',*,*,#12435,.T.);
#12433=ORIENTED_EDGE('',*,*,#12436,.T.);
#12434=EDGE_CURVE('',#607,#671,#12437,.F.);
#12435=EDGE_CURVE('',#671,#597,#12438,.T.);
#12436=EDGE_CURVE('',#597,#607,#12439,.T.);
#12437=LINE('',#606,#12440);
#12438=LINE('',#670,#12441);
#12439=LINE('',#596,#12442);
#12440=VECTOR('',#12443,1.0);
#12441=VECTOR('',#12444,1.0);
#12442=VECTOR('',#12445,1.0);
#12443=DIRECTION('',(-0.9991248734727693,0,-0.04182687184122726));
#12444=DIRECTION('',(0.9810908269221449,0.03533676097582489,0.19029477831238437));
#12445=DIRECTION('',(0.0407088834608309,-0.23062353357886514,-0.972191119362325));
#12446=FACE_SURFACE('',(#12451),#12447,.T.);
#12447=PLANE('',#12448);
#12448=AXIS2_PLACEMENT_3D('',#670,#12449,#12450);
#12449=DIRECTION('',(0.009647000288990506,0.973042182805844,-0.23042535855643714));
#12450=DIRECTION('',(-0.04070953259576002,0.230627211051161,0.9721902198019675));
#12451=FACE_BOUND('',#12452,.T.);
#12452=EDGE_LOOP('',(#12453,#12454,#12455));
#12453=ORIENTED_EDGE('',*,*,#12456,.T.);
#12454=ORIENTED_EDGE('',*,*,#12457,.T.);
#12455=ORIENTED_EDGE('',*,*,#12458,.T.);
#12456=EDGE_CURVE('',#671,#667,#12459,.F.);
#12457=EDGE_CURVE('',#667,#597,#12460,.T.);
#12458=EDGE_CURVE('',#597,#671,#12461,.T.);
#12459=LINE('',#670,#12462);
#12460=LINE('',#666,#12463);
#12461=LINE('',#596,#12464);
#12462=VECTOR('',#12465,1.0);
#12463=VECTOR('',#12466,1.0);
#12464=VECTOR('',#12467,1.0);
#12465=DIRECTION('',(-0.04070953259576002,0.230627211051161,0.9721902198019675));
#12466=DIRECTION('',(0.9991247671914388,0,0.04182941052242151));
#12467=DIRECTION('',(-0.9810908269221449,-0.03533676097582489,-0.19029477831238437));
#12468=FACE_SURFACE('',(#12473),#12469,.T.);
#12469=PLANE('',#12470);
#12470=AXIS2_PLACEMENT_3D('',#668,#12471,#12472);
#12471=DIRECTION('',(-0.009646846462443065,0.9730430544209941,0.2304216843016131));
#12472=DIRECTION('',(0.9810903577316845,-0.035336744076603435,0.19029720041025286));
#12473=FACE_BOUND('',#12474,.T.);
#12474=EDGE_LOOP('',(#12475,#12476,#12477));
#12475=ORIENTED_EDGE('',*,*,#12478,.T.);
#12476=ORIENTED_EDGE('',*,*,#12479,.T.);
#12477=ORIENTED_EDGE('',*,*,#12480,.T.);
#12478=EDGE_CURVE('',#669,#613,#12481,.F.);
#12479=EDGE_CURVE('',#613,#611,#12482,.T.);
#12480=EDGE_CURVE('',#611,#669,#12483,.T.);
#12481=LINE('',#668,#12484);
#12482=LINE('',#612,#12485);
#12483=LINE('',#610,#12486);
#12484=VECTOR('',#12487,1.0);
#12485=VECTOR('',#12488,1.0);
#12486=VECTOR('',#12489,1.0);
#12487=DIRECTION('',(0.9810903577316845,-0.035336744076603435,0.19029720041025286));
#12488=DIRECTION('',(0.0407088834608309,0.23062353357886514,-0.972191119362325));
#12489=DIRECTION('',(-0.9991247671914388,0,-0.04182941052242151));
#12490=FACE_SURFACE('',(#12495),#12491,.T.);
#12491=PLANE('',#12492);
#12492=AXIS2_PLACEMENT_3D('',#670,#12493,#12494);
#12493=DIRECTION('',(-0.9991244649932306,-3.162717325998355E-06,-0.041836627994953475));
#12494=DIRECTION('',(-0.017857530337020158,-0.9042950996839347,0.42653426743684386));
#12495=FACE_BOUND('',#12496,.T.);
#12496=EDGE_LOOP('',(#12497,#12498,#12499));
#12497=ORIENTED_EDGE('',*,*,#12500,.T.);
#12498=ORIENTED_EDGE('',*,*,#12501,.T.);
#12499=ORIENTED_EDGE('',*,*,#12502,.T.);
#12500=EDGE_CURVE('',#671,#117,#12503,.F.);
#12501=EDGE_CURVE('',#117,#667,#12504,.T.);
#12502=EDGE_CURVE('',#667,#671,#12505,.T.);
#12503=LINE('',#670,#12506);
#12504=LINE('',#116,#12507);
#12505=LINE('',#666,#12508);
#12506=VECTOR('',#12509,1.0);
#12507=VECTOR('',#12510,1.0);
#12508=VECTOR('',#12511,1.0);
#12509=DIRECTION('',(-0.017857530337020158,-0.9042950996839347,0.42653426743684386));
#12510=DIRECTION('',(0.0158837148750586,0.9250972099155416,-0.3793980229366624));
#12511=DIRECTION('',(0.04070953259576002,-0.230627211051161,-0.9721902198019675));
#12512=FACE_SURFACE('',(#12517),#12513,.T.);
#12513=PLANE('',#12514);
#12514=AXIS2_PLACEMENT_3D('',#160,#12515,#12516);
#12515=DIRECTION('',(-0.9991245209899585,5.8358691915110625E-06,-0.04183529039613279));
#12516=DIRECTION('',(-0.030016789866268025,0.6964592669996637,0.7169682571330585));
#12517=FACE_BOUND('',#12518,.T.);
#12518=EDGE_LOOP('',(#12519,#12520,#12521));
#12519=ORIENTED_EDGE('',*,*,#12522,.T.);
#12520=ORIENTED_EDGE('',*,*,#12523,.T.);
#12521=ORIENTED_EDGE('',*,*,#12524,.T.);
#12522=EDGE_CURVE('',#161,#673,#12525,.F.);
#12523=EDGE_CURVE('',#673,#669,#12526,.T.);
#12524=EDGE_CURVE('',#669,#161,#12527,.T.);
#12525=LINE('',#160,#12528);
#12526=LINE('',#672,#12529);
#12527=LINE('',#668,#12530);
#12528=VECTOR('',#12531,1.0);
#12529=VECTOR('',#12532,1.0);
#12530=VECTOR('',#12533,1.0);
#12531=DIRECTION('',(-0.030016789866268025,0.6964592669996637,0.7169682571330585));
#12532=DIRECTION('',(0.0407088834608309,0.23062353357886514,-0.972191119362325));
#12533=DIRECTION('',(0.02899008386643695,-0.7208817245221147,-0.6924515248646931));
#12534=FACE_SURFACE('',(#12539),#12535,.T.);
#12535=PLANE('',#12536);
#12536=AXIS2_PLACEMENT_3D('',#672,#12537,#12538);
#12537=DIRECTION('',(-0.009646846462443065,0.9730430544209941,0.2304216843016131));
#12538=DIRECTION('',(0.9991247671914388,0,0.04182941052242151));
#12539=FACE_BOUND('',#12540,.T.);
#12540=EDGE_LOOP('',(#12541,#12542,#12543));
#12541=ORIENTED_EDGE('',*,*,#12544,.T.);
#12542=ORIENTED_EDGE('',*,*,#12545,.T.);
#12543=ORIENTED_EDGE('',*,*,#12546,.T.);
#12544=EDGE_CURVE('',#673,#613,#12547,.F.);
#12545=EDGE_CURVE('',#613,#669,#12548,.T.);
#12546=EDGE_CURVE('',#669,#673,#12549,.T.);
#12547=LINE('',#672,#12550);
#12548=LINE('',#612,#12551);
#12549=LINE('',#668,#12552);
#12550=VECTOR('',#12553,1.0);
#12551=VECTOR('',#12554,1.0);
#12552=VECTOR('',#12555,1.0);
#12553=DIRECTION('',(0.9991247671914388,0,0.04182941052242151));
#12554=DIRECTION('',(-0.9810903577316845,0.035336744076603435,-0.19029720041025286));
#12555=DIRECTION('',(-0.0407088834608309,-0.23062353357886514,0.972191119362325));
#12556=FACE_SURFACE('',(#12561),#12557,.T.);
#12557=PLANE('',#12558);
#12558=AXIS2_PLACEMENT_3D('',#604,#12559,#12560);
#12559=DIRECTION('',(0.004855881146411384,0.9932385523846072,-0.11598964813819324));
#12560=DIRECTION('',(-0.9991248203329075,0,-0.041828141181925654));
#12561=FACE_BOUND('',#12562,.T.);
#12562=EDGE_LOOP('',(#12563,#12564,#12565));
#12563=ORIENTED_EDGE('',*,*,#12566,.T.);
#12564=ORIENTED_EDGE('',*,*,#12567,.T.);
#12565=ORIENTED_EDGE('',*,*,#12568,.T.);
#12566=EDGE_CURVE('',#605,#675,#12569,.F.);
#12567=EDGE_CURVE('',#675,#607,#12570,.T.);
#12568=EDGE_CURVE('',#607,#605,#12571,.T.);
#12569=LINE('',#604,#12572);
#12570=LINE('',#674,#12573);
#12571=LINE('',#606,#12574);
#12572=VECTOR('',#12575,1.0);
#12573=VECTOR('',#12576,1.0);
#12574=VECTOR('',#12577,1.0);
#12575=DIRECTION('',(-0.9991248203329075,0,-0.041828141181925654));
#12576=DIRECTION('',(0.9809612234457885,0.017787772493452574,0.19338736578552074));
#12577=DIRECTION('',(0.041561913607900104,-0.11609124882269808,-0.992368595474502));
#12578=FACE_SURFACE('',(#12583),#12579,.T.);
#12579=PLANE('',#12580);
#12580=AXIS2_PLACEMENT_3D('',#674,#12581,#12582);
#12581=DIRECTION('',(0.00485569427020106,0.9932386628105723,-0.11598871036191591));
#12582=DIRECTION('',(-0.041561575368676024,0.11609030404873279,0.992368720163401));
#12583=FACE_BOUND('',#12584,.T.);
#12584=EDGE_LOOP('',(#12585,#12586,#12587));
#12585=ORIENTED_EDGE('',*,*,#12588,.T.);
#12586=ORIENTED_EDGE('',*,*,#12589,.T.);
#12587=ORIENTED_EDGE('',*,*,#12590,.T.);
#12588=EDGE_CURVE('',#675,#671,#12591,.F.);
#12589=EDGE_CURVE('',#671,#607,#12592,.T.);
#12590=EDGE_CURVE('',#607,#675,#12593,.T.);
#12591=LINE('',#674,#12594);
#12592=LINE('',#670,#12595);
#12593=LINE('',#606,#12596);
#12594=VECTOR('',#12597,1.0);
#12595=VECTOR('',#12598,1.0);
#12596=VECTOR('',#12599,1.0);
#12597=DIRECTION('',(-0.041561575368676024,0.11609030404873279,0.992368720163401));
#12598=DIRECTION('',(0.9991248734727693,0,0.04182687184122726));
#12599=DIRECTION('',(-0.9809612234457885,-0.017787772493452574,-0.19338736578552074));
#12600=FACE_SURFACE('',(#12605),#12601,.T.);
#12601=PLANE('',#12602);
#12602=AXIS2_PLACEMENT_3D('',#672,#12603,#12604);
#12603=DIRECTION('',(-0.004856035123778361,0.9932385338921724,0.11598980004554062));
#12604=DIRECTION('',(0.9809611746349353,-0.017787680468478947,0.19338762184379654));
#12605=FACE_BOUND('',#12606,.T.);
#12606=EDGE_LOOP('',(#12607,#12608,#12609));
#12607=ORIENTED_EDGE('',*,*,#12610,.T.);
#12608=ORIENTED_EDGE('',*,*,#12611,.T.);
#12609=ORIENTED_EDGE('',*,*,#12612,.T.);
#12610=EDGE_CURVE('',#673,#603,#12613,.F.);
#12611=EDGE_CURVE('',#603,#613,#12614,.T.);
#12612=EDGE_CURVE('',#613,#673,#12615,.T.);
#12613=LINE('',#672,#12616);
#12614=LINE('',#602,#12617);
#12615=LINE('',#612,#12618);
#12616=VECTOR('',#12619,1.0);
#12617=VECTOR('',#12620,1.0);
#12618=VECTOR('',#12621,1.0);
#12619=DIRECTION('',(0.9809611746349353,-0.017787680468478947,0.19338762184379654));
#12620=DIRECTION('',(0.04152916680072499,0.11609140703614988,-0.9923699479111631));
#12621=DIRECTION('',(-0.9991247671914388,0,-0.04182941052242151));
#12622=FACE_SURFACE('',(#12627),#12623,.T.);
#12623=PLANE('',#12624);
#12624=AXIS2_PLACEMENT_3D('',#674,#12625,#12626);
#12625=DIRECTION('',(-0.9991241672128541,-6.522435305928074E-06,-0.041843738464416316));
#12626=DIRECTION('',(-0.01967516037524769,-0.8824836666761505,0.4699313419149921));
#12627=FACE_BOUND('',#12628,.T.);
#12628=EDGE_LOOP('',(#12629,#12630,#12631));
#12629=ORIENTED_EDGE('',*,*,#12632,.T.);
#12630=ORIENTED_EDGE('',*,*,#12633,.T.);
#12631=ORIENTED_EDGE('',*,*,#12634,.T.);
#12632=EDGE_CURVE('',#675,#117,#12635,.F.);
#12633=EDGE_CURVE('',#117,#671,#12636,.T.);
#12634=EDGE_CURVE('',#671,#675,#12637,.T.);
#12635=LINE('',#674,#12638);
#12636=LINE('',#116,#12639);
#12637=LINE('',#670,#12640);
#12638=VECTOR('',#12641,1.0);
#12639=VECTOR('',#12642,1.0);
#12640=VECTOR('',#12643,1.0);
#12641=DIRECTION('',(-0.01967516037524769,-0.8824836666761505,0.4699313419149921));
#12642=DIRECTION('',(0.017857530337020158,0.9042950996839347,-0.42653426743684386));
#12643=DIRECTION('',(0.041561575368676024,-0.11609030404873279,-0.992368720163401));
#12644=FACE_SURFACE('',(#12649),#12645,.T.);
#12645=PLANE('',#12646);
#12646=AXIS2_PLACEMENT_3D('',#160,#12647,#12648);
#12647=DIRECTION('',(-0.9991254211239103,-1.6341837545956355E-05,-0.04181378477145133));
#12648=DIRECTION('',(-0.030886846987029662,0.6743489036271347,0.7377666018871288));
#12649=FACE_BOUND('',#12650,.T.);
#12650=EDGE_LOOP('',(#12651,#12652,#12653));
#12651=ORIENTED_EDGE('',*,*,#12654,.T.);
#12652=ORIENTED_EDGE('',*,*,#12655,.T.);
#12653=ORIENTED_EDGE('',*,*,#12656,.T.);
#12654=EDGE_CURVE('',#161,#677,#12657,.F.);
#12655=EDGE_CURVE('',#677,#673,#12658,.T.);
#12656=EDGE_CURVE('',#673,#161,#12659,.T.);
#12657=LINE('',#160,#12660);
#12658=LINE('',#676,#12661);
#12659=LINE('',#672,#12662);
#12660=VECTOR('',#12663,1.0);
#12661=VECTOR('',#12664,1.0);
#12662=VECTOR('',#12665,1.0);
#12663=DIRECTION('',(-0.030886846987029662,0.6743489036271347,0.7377666018871288));
#12664=DIRECTION('',(0.04152916680072499,0.11609140703614988,-0.9923699479111631));
#12665=DIRECTION('',(0.030016789866268025,-0.6964592669996637,-0.7169682571330585));
#12666=FACE_SURFACE('',(#12671),#12667,.T.);
#12667=PLANE('',#12668);
#12668=AXIS2_PLACEMENT_3D('',#676,#12669,#12670);
#12669=DIRECTION('',(-0.004856035123778361,0.9932385338921724,0.11598980004554062));
#12670=DIRECTION('',(0.9991247671914388,0,0.04182941052242151));
#12671=FACE_BOUND('',#12672,.T.);
#12672=EDGE_LOOP('',(#12673,#12674,#12675));
#12673=ORIENTED_EDGE('',*,*,#12676,.T.);
#12674=ORIENTED_EDGE('',*,*,#12677,.T.);
#12675=ORIENTED_EDGE('',*,*,#12678,.T.);
#12676=EDGE_CURVE('',#677,#603,#12679,.F.);
#12677=EDGE_CURVE('',#603,#673,#12680,.T.);
#12678=EDGE_CURVE('',#673,#677,#12681,.T.);
#12679=LINE('',#676,#12682);
#12680=LINE('',#602,#12683);
#12681=LINE('',#672,#12684);
#12682=VECTOR('',#12685,1.0);
#12683=VECTOR('',#12686,1.0);
#12684=VECTOR('',#12687,1.0);
#12685=DIRECTION('',(0.9991247671914388,0,0.04182941052242151));
#12686=DIRECTION('',(-0.9809611746349353,0.017787680468478947,-0.19338762184379654));
#12687=DIRECTION('',(-0.04152916680072499,-0.11609140703614988,0.9923699479111631));
#12688=FACE_SURFACE('',(#12693),#12689,.T.);
#12689=PLANE('',#12690);
#12690=AXIS2_PLACEMENT_3D('',#602,#12691,#12692);
#12691=DIRECTION('',(0,1,0));
#12692=DIRECTION('',(-0.9991247671914388,0,-0.04182941052242151));
#12693=FACE_BOUND('',#12694,.T.);
#12694=EDGE_LOOP('',(#12695,#12696,#12697));
#12695=ORIENTED_EDGE('',*,*,#12698,.T.);
#12696=ORIENTED_EDGE('',*,*,#12699,.T.);
#12697=ORIENTED_EDGE('',*,*,#12700,.T.);
#12698=EDGE_CURVE('',#603,#677,#12701,.F.);
#12699=EDGE_CURVE('',#677,#605,#12702,.T.);
#12700=EDGE_CURVE('',#605,#603,#12703,.T.);
#12701=LINE('',#602,#12704);
#12702=LINE('',#676,#12705);
#12703=LINE('',#604,#12706);
#12704=VECTOR('',#12707,1.0);
#12705=VECTOR('',#12708,1.0);
#12706=VECTOR('',#12709,1.0);
#12707=DIRECTION('',(-0.9991247671914388,0,-0.04182941052242151));
#12708=DIRECTION('',(0.9809179497927779,0,0.19442215865053358));
#12709=DIRECTION('',(0.041824636848404866,0,-0.9991249670349046));
#12710=FACE_SURFACE('',(#12715),#12711,.T.);
#12711=PLANE('',#12712);
#12712=AXIS2_PLACEMENT_3D('',#676,#12713,#12714);
#12713=DIRECTION('',(0,1,-0));
#12714=DIRECTION('',(-0.041824294151298194,0,0.9991249813805807));
#12715=FACE_BOUND('',#12716,.T.);
#12716=EDGE_LOOP('',(#12717,#12718,#12719));
#12717=ORIENTED_EDGE('',*,*,#12720,.T.);
#12718=ORIENTED_EDGE('',*,*,#12721,.T.);
#12719=ORIENTED_EDGE('',*,*,#12722,.T.);
#12720=EDGE_CURVE('',#677,#675,#12723,.F.);
#12721=EDGE_CURVE('',#675,#605,#12724,.T.);
#12722=EDGE_CURVE('',#605,#677,#12725,.T.);
#12723=LINE('',#676,#12726);
#12724=LINE('',#674,#12727);
#12725=LINE('',#604,#12728);
#12726=VECTOR('',#12729,1.0);
#12727=VECTOR('',#12730,1.0);
#12728=VECTOR('',#12731,1.0);
#12729=DIRECTION('',(-0.041824294151298194,0,0.9991249813805807));
#12730=DIRECTION('',(0.9991248203329075,0,0.041828141181925654));
#12731=DIRECTION('',(-0.9809179497927779,0,-0.19442215865053358));
#12732=FACE_SURFACE('',(#12737),#12733,.T.);
#12733=PLANE('',#12734);
#12734=AXIS2_PLACEMENT_3D('',#676,#12735,#12736);
#12735=DIRECTION('',(-0.9991249813731758,3.850007134007785E-06,-0.04182429415098822));
#12736=DIRECTION('',(-0.02128490970254504,-0.8608650065963475,0.5083880339237197));
#12737=FACE_BOUND('',#12738,.T.);
#12738=EDGE_LOOP('',(#12739,#12740,#12741));
#12739=ORIENTED_EDGE('',*,*,#12742,.T.);
#12740=ORIENTED_EDGE('',*,*,#12743,.T.);
#12741=ORIENTED_EDGE('',*,*,#12744,.T.);
#12742=EDGE_CURVE('',#677,#117,#12745,.F.);
#12743=EDGE_CURVE('',#117,#675,#12746,.T.);
#12744=EDGE_CURVE('',#675,#677,#12747,.T.);
#12745=LINE('',#676,#12748);
#12746=LINE('',#116,#12749);
#12747=LINE('',#674,#12750);
#12748=VECTOR('',#12751,1.0);
#12749=VECTOR('',#12752,1.0);
#12750=VECTOR('',#12753,1.0);
#12751=DIRECTION('',(-0.02128490970254504,-0.8608650065963475,0.5083880339237197));
#12752=DIRECTION('',(0.01967516037524769,0.8824836666761505,-0.4699313419149921));
#12753=DIRECTION('',(0.041824294151298194,0,-0.9991249813805807));
#12754=FACE_SURFACE('',(#12759),#12755,.T.);
#12755=PLANE('',#12756);
#12756=AXIS2_PLACEMENT_3D('',#160,#12757,#12758);
#12757=DIRECTION('',(-0.9991247662022854,8.092407007528494E-07,-0.04182943414120884));
#12758=DIRECTION('',(-0.04182943414122253,0,0.9991247662026125));
#12759=FACE_BOUND('',#12760,.T.);
#12760=EDGE_LOOP('',(#12761,#12762,#12763));
#12761=ORIENTED_EDGE('',*,*,#12764,.T.);
#12762=ORIENTED_EDGE('',*,*,#12765,.T.);
#12763=ORIENTED_EDGE('',*,*,#12766,.T.);
#12764=EDGE_CURVE('',#161,#117,#12767,.F.);
#12765=EDGE_CURVE('',#117,#677,#12768,.T.);
#12766=EDGE_CURVE('',#677,#161,#12769,.T.);
#12767=LINE('',#160,#12770);
#12768=LINE('',#116,#12771);
#12769=LINE('',#676,#12772);
#12770=VECTOR('',#12773,1.0);
#12771=VECTOR('',#12774,1.0);
#12772=VECTOR('',#12775,1.0);
#12773=DIRECTION('',(-0.04182943414122253,0,0.9991247662026125));
#12774=DIRECTION('',(0.02128490970254504,0.8608650065963475,-0.5083880339237197));
#12775=DIRECTION('',(0.030886846987029662,-0.6743489036271347,-0.7377666018871288));
#12776=FACE_SURFACE('',(#12781),#12777,.T.);
#12777=PLANE('',#12778);
#12778=AXIS2_PLACEMENT_3D('',#678,#12779,#12780);
#12779=DIRECTION('',(0.04182889380307799,0,-0.9991247888243043));
#12780=DIRECTION('',(0,1,0));
#12781=FACE_BOUND('',#12782,.T.);
#12782=EDGE_LOOP('',(#12783,#12784,#12785));
#12783=ORIENTED_EDGE('',*,*,#12786,.T.);
#12784=ORIENTED_EDGE('',*,*,#12787,.T.);
#12785=ORIENTED_EDGE('',*,*,#12788,.T.);
#12786=EDGE_CURVE('',#679,#681,#12789,.F.);
#12787=EDGE_CURVE('',#681,#97,#12790,.T.);
#12788=EDGE_CURVE('',#97,#679,#12791,.T.);
#12789=LINE('',#678,#12792);
#12790=LINE('',#680,#12793);
#12791=LINE('',#96,#12794);
#12792=VECTOR('',#12795,1.0);
#12793=VECTOR('',#12796,1.0);
#12794=VECTOR('',#12797,1.0);
#12795=DIRECTION('',(0,1,0));
#12796=DIRECTION('',(0.9991247888243044,0,0.04182889380307799));
#12797=DIRECTION('',(-0.7423191747426692,-0.6693253515649742,-0.03107758938184027));
#12798=FACE_SURFACE('',(#12803),#12799,.T.);
#12799=PLANE('',#12800);
#12800=AXIS2_PLACEMENT_3D('',#88,#12801,#12802);
#12801=DIRECTION('',(0.04182934538407312,-5.017063538548154E-07,-0.9991247699183963));
#12802=DIRECTION('',(-0.999124769918522,0,-0.04182934538407838));
#12803=FACE_BOUND('',#12804,.T.);
#12804=EDGE_LOOP('',(#12805,#12806,#12807));
#12805=ORIENTED_EDGE('',*,*,#12808,.T.);
#12806=ORIENTED_EDGE('',*,*,#12809,.T.);
#12807=ORIENTED_EDGE('',*,*,#12810,.T.);
#12808=EDGE_CURVE('',#89,#679,#12811,.F.);
#12809=EDGE_CURVE('',#679,#97,#12812,.T.);
#12810=EDGE_CURVE('',#97,#89,#12813,.T.);
#12811=LINE('',#88,#12814);
#12812=LINE('',#678,#12815);
#12813=LINE('',#96,#12816);
#12814=VECTOR('',#12817,1.0);
#12815=VECTOR('',#12818,1.0);
#12816=VECTOR('',#12819,1.0);
#12817=DIRECTION('',(-0.999124769918522,0,-0.04182934538407838));
#12818=DIRECTION('',(0.7423191747426692,0.6693253515649742,0.03107758938184027));
#12819=DIRECTION('',(0.9619602522186702,-0.2702045783752302,0.04027355182320735));
#12820=FACE_SURFACE('',(#12825),#12821,.T.);
#12821=PLANE('',#12822);
#12822=AXIS2_PLACEMENT_3D('',#680,#12823,#12824);
#12823=DIRECTION('',(0,-1,0));
#12824=DIRECTION('',(0.9993156388972918,0,0.03698991558922087));
#12825=FACE_BOUND('',#12826,.T.);
#12826=EDGE_LOOP('',(#12827,#12828,#12829));
#12827=ORIENTED_EDGE('',*,*,#12830,.T.);
#12828=ORIENTED_EDGE('',*,*,#12831,.T.);
#12829=ORIENTED_EDGE('',*,*,#12832,.T.);
#12830=EDGE_CURVE('',#681,#207,#12833,.F.);
#12831=EDGE_CURVE('',#207,#97,#12834,.T.);
#12832=EDGE_CURVE('',#97,#681,#12835,.T.);
#12833=LINE('',#680,#12836);
#12834=LINE('',#206,#12837);
#12835=LINE('',#96,#12838);
#12836=VECTOR('',#12839,1.0);
#12837=VECTOR('',#12840,1.0);
#12838=VECTOR('',#12841,1.0);
#12839=DIRECTION('',(0.9993156388972918,0,0.03698991558922087));
#12840=DIRECTION('',(0.9962167147775326,0,0.08690372372838875));
#12841=DIRECTION('',(-0.9991247888243044,0,-0.04182889380307799));
#12842=FACE_SURFACE('',(#12847),#12843,.T.);
#12843=PLANE('',#12844);
#12844=AXIS2_PLACEMENT_3D('',#680,#12845,#12846);
#12845=DIRECTION('',(0,-1,0));
#12846=DIRECTION('',(0.9997957264151031,0,0.020211517560448516));
#12847=FACE_BOUND('',#12848,.T.);
#12848=EDGE_LOOP('',(#12849,#12850,#12851));
#12849=ORIENTED_EDGE('',*,*,#12852,.T.);
#12850=ORIENTED_EDGE('',*,*,#12853,.T.);
#12851=ORIENTED_EDGE('',*,*,#12854,.T.);
#12852=EDGE_CURVE('',#681,#211,#12855,.F.);
#12853=EDGE_CURVE('',#211,#207,#12856,.T.);
#12854=EDGE_CURVE('',#207,#681,#12857,.T.);
#12855=LINE('',#680,#12858);
#12856=LINE('',#210,#12859);
#12857=LINE('',#206,#12860);
#12858=VECTOR('',#12861,1.0);
#12859=VECTOR('',#12862,1.0);
#12860=VECTOR('',#12863,1.0);
#12861=DIRECTION('',(0.9997957264151031,0,0.020211517560448516));
#12862=DIRECTION('',(0.9843112537799079,0,0.17644079936971988));
#12863=DIRECTION('',(-0.9993156388972918,0,-0.03698991558922087));
#12864=FACE_SURFACE('',(#12869),#12865,.T.);
#12865=PLANE('',#12866);
#12866=AXIS2_PLACEMENT_3D('',#680,#12867,#12868);
#12867=DIRECTION('',(0,-1,0));
#12868=DIRECTION('',(0.9999150598058082,0,-0.013033540330510211));
#12869=FACE_BOUND('',#12870,.T.);
#12870=EDGE_LOOP('',(#12871,#12872,#12873));
#12871=ORIENTED_EDGE('',*,*,#12874,.T.);
#12872=ORIENTED_EDGE('',*,*,#12875,.T.);
#12873=ORIENTED_EDGE('',*,*,#12876,.T.);
#12874=EDGE_CURVE('',#681,#215,#12877,.F.);
#12875=EDGE_CURVE('',#215,#211,#12878,.T.);
#12876=EDGE_CURVE('',#211,#681,#12879,.T.);
#12877=LINE('',#680,#12880);
#12878=LINE('',#214,#12881);
#12879=LINE('',#210,#12882);
#12880=VECTOR('',#12883,1.0);
#12881=VECTOR('',#12884,1.0);
#12882=VECTOR('',#12885,1.0);
#12883=DIRECTION('',(0.9999150598058082,0,-0.013033540330510211));
#12884=DIRECTION('',(0.9643762327561608,0,0.264534462206789));
#12885=DIRECTION('',(-0.9997957264151031,0,-0.020211517560448516));
#12886=FACE_SURFACE('',(#12891),#12887,.T.);
#12887=PLANE('',#12888);
#12888=AXIS2_PLACEMENT_3D('',#680,#12889,#12890);
#12889=DIRECTION('',(0,-1,0));
#12890=DIRECTION('',(0.9975996535393322,0,-0.06924544214751169));
#12891=FACE_BOUND('',#12892,.T.);
#12892=EDGE_LOOP('',(#12893,#12894,#12895));
#12893=ORIENTED_EDGE('',*,*,#12896,.T.);
#12894=ORIENTED_EDGE('',*,*,#12897,.T.);
#12895=ORIENTED_EDGE('',*,*,#12898,.T.);
#12896=EDGE_CURVE('',#681,#219,#12899,.F.);
#12897=EDGE_CURVE('',#219,#215,#12900,.T.);
#12898=EDGE_CURVE('',#215,#681,#12901,.T.);
#12899=LINE('',#680,#12902);
#12900=LINE('',#218,#12903);
#12901=LINE('',#214,#12904);
#12902=VECTOR('',#12905,1.0);
#12903=VECTOR('',#12906,1.0);
#12904=VECTOR('',#12907,1.0);
#12905=DIRECTION('',(0.9975996535393322,0,-0.06924544214751169));
#12906=DIRECTION('',(0.9365747225287947,0,0.3504679573372027));
#12907=DIRECTION('',(-0.9999150598058082,0,0.013033540330510211));
#12908=FACE_SURFACE('',(#12913),#12909,.T.);
#12909=PLANE('',#12910);
#12910=AXIS2_PLACEMENT_3D('',#680,#12911,#12912);
#12911=DIRECTION('',(0,-1,0));
#12912=DIRECTION('',(0.9875802425198322,0,-0.15711544985923356));
#12913=FACE_BOUND('',#12914,.T.);
#12914=EDGE_LOOP('',(#12915,#12916,#12917));
#12915=ORIENTED_EDGE('',*,*,#12918,.T.);
#12916=ORIENTED_EDGE('',*,*,#12919,.T.);
#12917=ORIENTED_EDGE('',*,*,#12920,.T.);
#12918=EDGE_CURVE('',#681,#223,#12921,.F.);
#12919=EDGE_CURVE('',#223,#219,#12922,.T.);
#12920=EDGE_CURVE('',#219,#681,#12923,.T.);
#12921=LINE('',#680,#12924);
#12922=LINE('',#222,#12925);
#12923=LINE('',#218,#12926);
#12924=VECTOR('',#12927,1.0);
#12925=VECTOR('',#12928,1.0);
#12926=VECTOR('',#12929,1.0);
#12927=DIRECTION('',(0.9875802425198322,0,-0.15711544985923356));
#12928=DIRECTION('',(0.9011318624338869,0,0.4335451147302141));
#12929=DIRECTION('',(-0.9975996535393322,0,0.06924544214751169));
#12930=FACE_SURFACE('',(#12935),#12931,.T.);
#12931=PLANE('',#12932);
#12932=AXIS2_PLACEMENT_3D('',#680,#12933,#12934);
#12933=DIRECTION('',(0,-1,0));
#12934=DIRECTION('',(0.9583266273935097,0,-0.2856747717747946));
#12935=FACE_BOUND('',#12936,.T.);
#12936=EDGE_LOOP('',(#12937,#12938,#12939));
#12937=ORIENTED_EDGE('',*,*,#12940,.T.);
#12938=ORIENTED_EDGE('',*,*,#12941,.T.);
#12939=ORIENTED_EDGE('',*,*,#12942,.T.);
#12940=EDGE_CURVE('',#681,#227,#12943,.F.);
#12941=EDGE_CURVE('',#227,#223,#12944,.T.);
#12942=EDGE_CURVE('',#223,#681,#12945,.T.);
#12943=LINE('',#680,#12946);
#12944=LINE('',#226,#12947);
#12945=LINE('',#222,#12948);
#12946=VECTOR('',#12949,1.0);
#12947=VECTOR('',#12950,1.0);
#12948=VECTOR('',#12951,1.0);
#12949=DIRECTION('',(0.9583266273935097,0,-0.2856747717747946));
#12950=DIRECTION('',(0.8583399283878131,0,0.5130814431795441));
#12951=DIRECTION('',(-0.9875802425198322,0,0.15711544985923356));
#12952=FACE_SURFACE('',(#12957),#12953,.T.);
#12953=PLANE('',#12954);
#12954=AXIS2_PLACEMENT_3D('',#680,#12955,#12956);
#12955=DIRECTION('',(0,-1,0));
#12956=DIRECTION('',(0.8898577731675296,0,-0.4562380338522046));
#12957=FACE_BOUND('',#12958,.T.);
#12958=EDGE_LOOP('',(#12959,#12960,#12961));
#12959=ORIENTED_EDGE('',*,*,#12962,.T.);
#12960=ORIENTED_EDGE('',*,*,#12963,.T.);
#12961=ORIENTED_EDGE('',*,*,#12964,.T.);
#12962=EDGE_CURVE('',#681,#233,#12965,.F.);
#12963=EDGE_CURVE('',#233,#227,#12966,.T.);
#12964=EDGE_CURVE('',#227,#681,#12967,.T.);
#12965=LINE('',#680,#12968);
#12966=LINE('',#232,#12969);
#12967=LINE('',#226,#12970);
#12968=VECTOR('',#12971,1.0);
#12969=VECTOR('',#12972,1.0);
#12970=VECTOR('',#12973,1.0);
#12971=DIRECTION('',(0.8898577731675296,0,-0.4562380338522046));
#12972=DIRECTION('',(0.8085453682514143,0,0.588433842907752));
#12973=DIRECTION('',(-0.9583266273935097,0,0.2856747717747946));
#12974=FACE_SURFACE('',(#12979),#12975,.T.);
#12975=PLANE('',#12976);
#12976=AXIS2_PLACEMENT_3D('',#680,#12977,#12978);
#12977=DIRECTION('',(0,-1,-0));
#12978=DIRECTION('',(-0.3480289573979108,0,-0.9374837837597636));
#12979=FACE_BOUND('',#12980,.T.);
#12980=EDGE_LOOP('',(#12981,#12982,#12983));
#12981=ORIENTED_EDGE('',*,*,#12984,.T.);
#12982=ORIENTED_EDGE('',*,*,#12985,.T.);
#12983=ORIENTED_EDGE('',*,*,#12986,.T.);
#12984=EDGE_CURVE('',#681,#235,#12987,.F.);
#12985=EDGE_CURVE('',#235,#233,#12988,.T.);
#12986=EDGE_CURVE('',#233,#681,#12989,.T.);
#12987=LINE('',#680,#12990);
#12988=LINE('',#234,#12991);
#12989=LINE('',#232,#12992);
#12990=VECTOR('',#12993,1.0);
#12991=VECTOR('',#12994,1.0);
#12992=VECTOR('',#12995,1.0);
#12993=DIRECTION('',(-0.3480289573979108,0,-0.9374837837597636));
#12994=DIRECTION('',(0.781143583173273,0,0.6243514254546232));
#12995=DIRECTION('',(-0.8898577731675296,0,0.4562380338522046));
#12996=FACE_SURFACE('',(#13001),#12997,.T.);
#12997=PLANE('',#12998);
#12998=AXIS2_PLACEMENT_3D('',#682,#12999,#13000);
#12999=DIRECTION('',(0,-1,-0));
#13000=DIRECTION('',(-0.9917811335790199,0,-0.1279460162596482));
#13001=FACE_BOUND('',#13002,.T.);
#13002=EDGE_LOOP('',(#13003,#13004,#13005));
#13003=ORIENTED_EDGE('',*,*,#13006,.T.);
#13004=ORIENTED_EDGE('',*,*,#13007,.T.);
#13005=ORIENTED_EDGE('',*,*,#13008,.T.);
#13006=EDGE_CURVE('',#683,#287,#13009,.F.);
#13007=EDGE_CURVE('',#287,#685,#13010,.T.);
#13008=EDGE_CURVE('',#685,#683,#13011,.T.);
#13009=LINE('',#682,#13012);
#13010=LINE('',#286,#13013);
#13011=LINE('',#684,#13014);
#13012=VECTOR('',#13015,1.0);
#13013=VECTOR('',#13016,1.0);
#13014=VECTOR('',#13017,1.0);
#13015=DIRECTION('',(-0.9917811335790199,0,-0.1279460162596482));
#13016=DIRECTION('',(0.9973900065153143,0,-0.0722023192382436));
#13017=DIRECTION('',(-0.10248836407088222,0,0.9947342033076345));
#13018=FACE_SURFACE('',(#13023),#13019,.T.);
#13019=PLANE('',#13020);
#13020=AXIS2_PLACEMENT_3D('',#286,#13021,#13022);
#13021=DIRECTION('',(0,-1,0));
#13022=DIRECTION('',(0.12874306235802346,0,-0.9916779839719535));
#13023=FACE_BOUND('',#13024,.T.);
#13024=EDGE_LOOP('',(#13025,#13026,#13027));
#13025=ORIENTED_EDGE('',*,*,#13028,.T.);
#13026=ORIENTED_EDGE('',*,*,#13029,.T.);
#13027=ORIENTED_EDGE('',*,*,#13030,.T.);
#13028=EDGE_CURVE('',#287,#285,#13031,.F.);
#13029=EDGE_CURVE('',#285,#685,#13032,.T.);
#13030=EDGE_CURVE('',#685,#287,#13033,.T.);
#13031=LINE('',#286,#13034);
#13032=LINE('',#284,#13035);
#13033=LINE('',#684,#13036);
#13034=VECTOR('',#13037,1.0);
#13035=VECTOR('',#13038,1.0);
#13036=VECTOR('',#13039,1.0);
#13037=DIRECTION('',(0.12874306235802346,0,-0.9916779839719535));
#13038=DIRECTION('',(0.9991247861888418,0,0.04182895675367614));
#13039=DIRECTION('',(-0.9973900065153143,0,0.0722023192382436));
#13040=FACE_SURFACE('',(#13045),#13041,.T.);
#13041=PLANE('',#13042);
#13042=AXIS2_PLACEMENT_3D('',#284,#13043,#13044);
#13043=DIRECTION('',(0,-1,0));
#13044=DIRECTION('',(0.9872052059946036,0,-0.15945495055705294));
#13045=FACE_BOUND('',#13046,.T.);
#13046=EDGE_LOOP('',(#13047,#13048,#13049));
#13047=ORIENTED_EDGE('',*,*,#13050,.T.);
#13048=ORIENTED_EDGE('',*,*,#13051,.T.);
#13049=ORIENTED_EDGE('',*,*,#13052,.T.);
#13050=EDGE_CURVE('',#285,#687,#13053,.F.);
#13051=EDGE_CURVE('',#687,#685,#13054,.T.);
#13052=EDGE_CURVE('',#685,#285,#13055,.T.);
#13053=LINE('',#284,#13056);
#13054=LINE('',#686,#13057);
#13055=LINE('',#684,#13058);
#13056=VECTOR('',#13059,1.0);
#13057=VECTOR('',#13060,1.0);
#13058=VECTOR('',#13061,1.0);
#13059=DIRECTION('',(0.9872052059946036,0,-0.15945495055705294));
#13060=DIRECTION('',(0.019005757215700775,0,0.9998193742835041));
#13061=DIRECTION('',(-0.9991247861888418,0,-0.04182895675367614));
#13062=FACE_SURFACE('',(#13067),#13063,.T.);
#13063=PLANE('',#13064);
#13064=AXIS2_PLACEMENT_3D('',#686,#13065,#13066);
#13065=DIRECTION('',(-0.9998193742835042,0,0.019005757215700775));
#13066=DIRECTION('',(0,-1,0));
#13067=FACE_BOUND('',#13068,.T.);
#13068=EDGE_LOOP('',(#13069,#13070,#13071));
#13069=ORIENTED_EDGE('',*,*,#13072,.T.);
#13070=ORIENTED_EDGE('',*,*,#13073,.T.);
#13071=ORIENTED_EDGE('',*,*,#13074,.T.);
#13072=EDGE_CURVE('',#687,#689,#13075,.F.);
#13073=EDGE_CURVE('',#689,#685,#13076,.T.);
#13074=EDGE_CURVE('',#685,#687,#13077,.T.);
#13075=LINE('',#686,#13078);
#13076=LINE('',#688,#13079);
#13077=LINE('',#684,#13080);
#13078=VECTOR('',#13081,1.0);
#13079=VECTOR('',#13082,1.0);
#13080=VECTOR('',#13083,1.0);
#13081=DIRECTION('',(0,-1,0));
#13082=DIRECTION('',(0.0019157070599081926,0.9949070997614242,0.10077793861144395));
#13083=DIRECTION('',(-0.019005757215700775,0,-0.9998193742835041));
#13084=FACE_SURFACE('',(#13089),#13085,.T.);
#13085=PLANE('',#13086);
#13086=AXIS2_PLACEMENT_3D('',#688,#13087,#13088);
#13087=DIRECTION('',(-0.9998193742835042,0,0.019005757215700775));
#13088=DIRECTION('',(0.019005757215700775,0,0.9998193742835041));
#13089=FACE_BOUND('',#13090,.T.);
#13090=EDGE_LOOP('',(#13091,#13092,#13093));
#13091=ORIENTED_EDGE('',*,*,#13094,.T.);
#13092=ORIENTED_EDGE('',*,*,#13095,.T.);
#13093=ORIENTED_EDGE('',*,*,#13096,.T.);
#13094=EDGE_CURVE('',#689,#691,#13097,.F.);
#13095=EDGE_CURVE('',#691,#685,#13098,.T.);
#13096=EDGE_CURVE('',#685,#689,#13099,.T.);
#13097=LINE('',#688,#13100);
#13098=LINE('',#690,#13101);
#13099=LINE('',#684,#13102);
#13100=VECTOR('',#13103,1.0);
#13101=VECTOR('',#13104,1.0);
#13102=VECTOR('',#13105,1.0);
#13103=DIRECTION('',(0.019005757215700775,0,0.9998193742835041));
#13104=DIRECTION('',(0,1,0));
#13105=DIRECTION('',(-0.0019157070599081926,-0.9949070997614242,-0.10077793861144395));
#13106=FACE_SURFACE('',(#13111),#13107,.T.);
#13107=PLANE('',#13108);
#13108=AXIS2_PLACEMENT_3D('',#690,#13109,#13110);
#13109=DIRECTION('',(-0.9947342033076344,0,-0.1024883640708822));
#13110=DIRECTION('',(-0.010330360688998395,0.9949071702581069,0.10026468080556289));
#13111=FACE_BOUND('',#13112,.T.);
#13112=EDGE_LOOP('',(#13113,#13114,#13115));
#13113=ORIENTED_EDGE('',*,*,#13116,.T.);
#13114=ORIENTED_EDGE('',*,*,#13117,.T.);
#13115=ORIENTED_EDGE('',*,*,#13118,.T.);
#13116=EDGE_CURVE('',#691,#683,#13119,.F.);
#13117=EDGE_CURVE('',#683,#685,#13120,.T.);
#13118=EDGE_CURVE('',#685,#691,#13121,.T.);
#13119=LINE('',#690,#13122);
#13120=LINE('',#682,#13123);
#13121=LINE('',#684,#13124);
#13122=VECTOR('',#13125,1.0);
#13123=VECTOR('',#13126,1.0);
#13124=VECTOR('',#13127,1.0);
#13125=DIRECTION('',(-0.010330360688998395,0.9949071702581069,0.10026468080556289));
#13126=DIRECTION('',(0.10248836407088222,0,-0.9947342033076345));
#13127=DIRECTION('',(0,-1,0));
#13128=FACE_SURFACE('',(#13133),#13129,.T.);
#13129=PLANE('',#13130);
#13130=AXIS2_PLACEMENT_3D('',#692,#13131,#13132);
#13131=DIRECTION('',(0,-1,-0));
#13132=DIRECTION('',(-0.9457686193597161,0,-0.32484106673020324));
#13133=FACE_BOUND('',#13134,.T.);
#13134=EDGE_LOOP('',(#13135,#13136,#13137));
#13135=ORIENTED_EDGE('',*,*,#13138,.T.);
#13136=ORIENTED_EDGE('',*,*,#13139,.T.);
#13137=ORIENTED_EDGE('',*,*,#13140,.T.);
#13138=EDGE_CURVE('',#693,#287,#13141,.F.);
#13139=EDGE_CURVE('',#287,#683,#13142,.T.);
#13140=EDGE_CURVE('',#683,#693,#13143,.T.);
#13141=LINE('',#692,#13144);
#13142=LINE('',#286,#13145);
#13143=LINE('',#682,#13146);
#13144=VECTOR('',#13147,1.0);
#13145=VECTOR('',#13148,1.0);
#13146=VECTOR('',#13149,1.0);
#13147=DIRECTION('',(-0.9457686193597161,0,-0.32484106673020324));
#13148=DIRECTION('',(0.9917811335790199,0,0.1279460162596482));
#13149=DIRECTION('',(-0.2224382272197372,0,0.97494678576389));
#13150=FACE_SURFACE('',(#13155),#13151,.T.);
#13151=PLANE('',#13152);
#13152=AXIS2_PLACEMENT_3D('',#690,#13153,#13154);
#13153=DIRECTION('',(-0.9947342033076344,0,-0.1024883640708822));
#13154=DIRECTION('',(-0.10248836407088222,0,0.9947342033076345));
#13155=FACE_BOUND('',#13156,.T.);
#13156=EDGE_LOOP('',(#13157,#13158,#13159));
#13157=ORIENTED_EDGE('',*,*,#13160,.T.);
#13158=ORIENTED_EDGE('',*,*,#13161,.T.);
#13159=ORIENTED_EDGE('',*,*,#13162,.T.);
#13160=EDGE_CURVE('',#691,#695,#13163,.F.);
#13161=EDGE_CURVE('',#695,#683,#13164,.T.);
#13162=EDGE_CURVE('',#683,#691,#13165,.T.);
#13163=LINE('',#690,#13166);
#13164=LINE('',#694,#13167);
#13165=LINE('',#682,#13168);
#13166=VECTOR('',#13169,1.0);
#13167=VECTOR('',#13170,1.0);
#13168=VECTOR('',#13171,1.0);
#13169=DIRECTION('',(-0.10248836407088222,0,0.9947342033076345));
#13170=DIRECTION('',(0,1,0));
#13171=DIRECTION('',(0.010330360688998395,-0.9949071702581069,-0.10026468080556289));
#13172=FACE_SURFACE('',(#13177),#13173,.T.);
#13173=PLANE('',#13174);
#13174=AXIS2_PLACEMENT_3D('',#694,#13175,#13176);
#13175=DIRECTION('',(-0.97494678576389,0,-0.2224382272197372));
#13176=DIRECTION('',(-0.022421000811610386,0.9949070610425235,0.0982712501718298));
#13177=FACE_BOUND('',#13178,.T.);
#13178=EDGE_LOOP('',(#13179,#13180,#13181));
#13179=ORIENTED_EDGE('',*,*,#13182,.T.);
#13180=ORIENTED_EDGE('',*,*,#13183,.T.);
#13181=ORIENTED_EDGE('',*,*,#13184,.T.);
#13182=EDGE_CURVE('',#695,#693,#13185,.F.);
#13183=EDGE_CURVE('',#693,#683,#13186,.T.);
#13184=EDGE_CURVE('',#683,#695,#13187,.T.);
#13185=LINE('',#694,#13188);
#13186=LINE('',#692,#13189);
#13187=LINE('',#682,#13190);
#13188=VECTOR('',#13191,1.0);
#13189=VECTOR('',#13192,1.0);
#13190=VECTOR('',#13193,1.0);
#13191=DIRECTION('',(-0.022421000811610386,0.9949070610425235,0.0982712501718298));
#13192=DIRECTION('',(0.2224382272197372,0,-0.97494678576389));
#13193=DIRECTION('',(0,-1,0));
#13194=FACE_SURFACE('',(#13199),#13195,.T.);
#13195=PLANE('',#13196);
#13196=AXIS2_PLACEMENT_3D('',#284,#13197,#13198);
#13197=DIRECTION('',(0,-1,-0));
#13198=DIRECTION('',(-0.04539418872480234,0,-0.9989691524917159));
#13199=FACE_BOUND('',#13200,.T.);
#13200=EDGE_LOOP('',(#13201,#13202,#13203));
#13201=ORIENTED_EDGE('',*,*,#13204,.T.);
#13202=ORIENTED_EDGE('',*,*,#13205,.T.);
#13203=ORIENTED_EDGE('',*,*,#13206,.T.);
#13204=EDGE_CURVE('',#285,#283,#13207,.F.);
#13205=EDGE_CURVE('',#283,#687,#13208,.T.);
#13206=EDGE_CURVE('',#687,#285,#13209,.T.);
#13207=LINE('',#284,#13210);
#13208=LINE('',#282,#13211);
#13209=LINE('',#686,#13212);
#13210=VECTOR('',#13213,1.0);
#13211=VECTOR('',#13214,1.0);
#13212=VECTOR('',#13215,1.0);
#13213=DIRECTION('',(-0.04539418872480234,0,-0.9989691524917159));
#13214=DIRECTION('',(0.9990048777921398,0,-0.04460105545289359));
#13215=DIRECTION('',(-0.9872052059946036,0,0.15945495055705294));
#13216=FACE_SURFACE('',(#13221),#13217,.T.);
#13217=PLANE('',#13218);
#13218=AXIS2_PLACEMENT_3D('',#282,#13219,#13220);
#13219=DIRECTION('',(0,-1,0));
#13220=DIRECTION('',(0.9696113708170205,0,-0.24465034147194287));
#13221=FACE_BOUND('',#13222,.T.);
#13222=EDGE_LOOP('',(#13223,#13224,#13225));
#13223=ORIENTED_EDGE('',*,*,#13226,.T.);
#13224=ORIENTED_EDGE('',*,*,#13227,.T.);
#13225=ORIENTED_EDGE('',*,*,#13228,.T.);
#13226=EDGE_CURVE('',#283,#697,#13229,.F.);
#13227=EDGE_CURVE('',#697,#687,#13230,.T.);
#13228=EDGE_CURVE('',#687,#283,#13231,.T.);
#13229=LINE('',#282,#13232);
#13230=LINE('',#696,#13233);
#13231=LINE('',#686,#13234);
#13232=VECTOR('',#13235,1.0);
#13233=VECTOR('',#13236,1.0);
#13234=VECTOR('',#13237,1.0);
#13235=DIRECTION('',(0.9696113708170205,0,-0.24465034147194287));
#13236=DIRECTION('',(0.14014227854926484,0,0.9901313760117999));
#13237=DIRECTION('',(-0.9990048777921398,0,0.04460105545289359));
#13238=FACE_SURFACE('',(#13243),#13239,.T.);
#13239=PLANE('',#13240);
#13240=AXIS2_PLACEMENT_3D('',#696,#13241,#13242);
#13241=DIRECTION('',(-0.9901313760117999,0,0.14014227854926484));
#13242=DIRECTION('',(0,-1,0));
#13243=FACE_BOUND('',#13244,.T.);
#13244=EDGE_LOOP('',(#13245,#13246,#13247));
#13245=ORIENTED_EDGE('',*,*,#13248,.T.);
#13246=ORIENTED_EDGE('',*,*,#13249,.T.);
#13247=ORIENTED_EDGE('',*,*,#13250,.T.);
#13248=EDGE_CURVE('',#697,#699,#13251,.F.);
#13249=EDGE_CURVE('',#699,#687,#13252,.T.);
#13250=EDGE_CURVE('',#687,#697,#13253,.T.);
#13251=LINE('',#696,#13254);
#13252=LINE('',#698,#13255);
#13253=LINE('',#686,#13256);
#13254=VECTOR('',#13257,1.0);
#13255=VECTOR('',#13258,1.0);
#13256=VECTOR('',#13259,1.0);
#13257=DIRECTION('',(0,-1,0));
#13258=DIRECTION('',(0.014125630415862237,0.9949072233889715,0.09980021750377899));
#13259=DIRECTION('',(-0.14014227854926484,0,-0.9901313760117999));
#13260=FACE_SURFACE('',(#13265),#13261,.T.);
#13261=PLANE('',#13262);
#13262=AXIS2_PLACEMENT_3D('',#698,#13263,#13264);
#13263=DIRECTION('',(-0.9901313760117999,0,0.14014227854926484));
#13264=DIRECTION('',(0.14014227854926484,0,0.9901313760117999));
#13265=FACE_BOUND('',#13266,.T.);
#13266=EDGE_LOOP('',(#13267,#13268,#13269));
#13267=ORIENTED_EDGE('',*,*,#13270,.T.);
#13268=ORIENTED_EDGE('',*,*,#13271,.T.);
#13269=ORIENTED_EDGE('',*,*,#13272,.T.);
#13270=EDGE_CURVE('',#699,#689,#13273,.F.);
#13271=EDGE_CURVE('',#689,#687,#13274,.T.);
#13272=EDGE_CURVE('',#687,#699,#13275,.T.);
#13273=LINE('',#698,#13276);
#13274=LINE('',#688,#13277);
#13275=LINE('',#686,#13278);
#13276=VECTOR('',#13279,1.0);
#13277=VECTOR('',#13280,1.0);
#13278=VECTOR('',#13281,1.0);
#13279=DIRECTION('',(0.14014227854926484,0,0.9901313760117999));
#13280=DIRECTION('',(0,1,0));
#13281=DIRECTION('',(-0.014125630415862237,-0.9949072233889715,-0.09980021750377899));
#13282=FACE_SURFACE('',(#13287),#13283,.T.);
#13283=PLANE('',#13284);
#13284=AXIS2_PLACEMENT_3D('',#700,#13285,#13286);
#13285=DIRECTION('',(0,-1,-0));
#13286=DIRECTION('',(-0.9141557500011286,0,-0.405363127010677));
#13287=FACE_BOUND('',#13288,.T.);
#13288=EDGE_LOOP('',(#13289,#13290,#13291));
#13289=ORIENTED_EDGE('',*,*,#13292,.T.);
#13290=ORIENTED_EDGE('',*,*,#13293,.T.);
#13291=ORIENTED_EDGE('',*,*,#13294,.T.);
#13292=EDGE_CURVE('',#701,#291,#13295,.F.);
#13293=EDGE_CURVE('',#291,#693,#13296,.T.);
#13294=EDGE_CURVE('',#693,#701,#13297,.T.);
#13295=LINE('',#700,#13298);
#13296=LINE('',#290,#13299);
#13297=LINE('',#692,#13300);
#13298=VECTOR('',#13301,1.0);
#13299=VECTOR('',#13302,1.0);
#13300=VECTOR('',#13303,1.0);
#13301=DIRECTION('',(-0.9141557500011286,0,-0.405363127010677));
#13302=DIRECTION('',(0.9769474101249022,0,0.21348011113508017));
#13303=DIRECTION('',(-0.33912736855029607,0,0.9407404678763169));
#13304=FACE_SURFACE('',(#13309),#13305,.T.);
#13305=PLANE('',#13306);
#13306=AXIS2_PLACEMENT_3D('',#290,#13307,#13308);
#13307=DIRECTION('',(0,-1,0));
#13308=DIRECTION('',(0.29900297598757936,0,-0.954252178593568));
#13309=FACE_BOUND('',#13310,.T.);
#13310=EDGE_LOOP('',(#13311,#13312,#13313));
#13311=ORIENTED_EDGE('',*,*,#13314,.T.);
#13312=ORIENTED_EDGE('',*,*,#13315,.T.);
#13313=ORIENTED_EDGE('',*,*,#13316,.T.);
#13314=EDGE_CURVE('',#291,#287,#13317,.F.);
#13315=EDGE_CURVE('',#287,#693,#13318,.T.);
#13316=EDGE_CURVE('',#693,#291,#13319,.T.);
#13317=LINE('',#290,#13320);
#13318=LINE('',#286,#13321);
#13319=LINE('',#692,#13322);
#13320=VECTOR('',#13323,1.0);
#13321=VECTOR('',#13324,1.0);
#13322=VECTOR('',#13325,1.0);
#13323=DIRECTION('',(0.29900297598757936,0,-0.954252178593568));
#13324=DIRECTION('',(0.9457686193597161,0,0.32484106673020324));
#13325=DIRECTION('',(-0.9769474101249022,0,-0.21348011113508017));
#13326=FACE_SURFACE('',(#13331),#13327,.T.);
#13327=PLANE('',#13328);
#13328=AXIS2_PLACEMENT_3D('',#694,#13329,#13330);
#13329=DIRECTION('',(-0.97494678576389,0,-0.2224382272197372));
#13330=DIRECTION('',(-0.2224382272197372,0,0.97494678576389));
#13331=FACE_BOUND('',#13332,.T.);
#13332=EDGE_LOOP('',(#13333,#13334,#13335));
#13333=ORIENTED_EDGE('',*,*,#13336,.T.);
#13334=ORIENTED_EDGE('',*,*,#13337,.T.);
#13335=ORIENTED_EDGE('',*,*,#13338,.T.);
#13336=EDGE_CURVE('',#695,#703,#13339,.F.);
#13337=EDGE_CURVE('',#703,#693,#13340,.T.);
#13338=EDGE_CURVE('',#693,#695,#13341,.T.);
#13339=LINE('',#694,#13342);
#13340=LINE('',#702,#13343);
#13341=LINE('',#692,#13344);
#13342=VECTOR('',#13345,1.0);
#13343=VECTOR('',#13346,1.0);
#13344=VECTOR('',#13347,1.0);
#13345=DIRECTION('',(-0.2224382272197372,0,0.97494678576389));
#13346=DIRECTION('',(0,1,0));
#13347=DIRECTION('',(0.022421000811610386,-0.9949070610425235,-0.0982712501718298));
#13348=FACE_SURFACE('',(#13353),#13349,.T.);
#13349=PLANE('',#13350);
#13350=AXIS2_PLACEMENT_3D('',#702,#13351,#13352);
#13351=DIRECTION('',(-0.9407404678763169,0,-0.33912736855029607));
#13352=DIRECTION('',(-0.034182720238345655,0.9949071030987564,0.09482298160650315));
#13353=FACE_BOUND('',#13354,.T.);
#13354=EDGE_LOOP('',(#13355,#13356,#13357));
#13355=ORIENTED_EDGE('',*,*,#13358,.T.);
#13356=ORIENTED_EDGE('',*,*,#13359,.T.);
#13357=ORIENTED_EDGE('',*,*,#13360,.T.);
#13358=EDGE_CURVE('',#703,#701,#13361,.F.);
#13359=EDGE_CURVE('',#701,#693,#13362,.T.);
#13360=EDGE_CURVE('',#693,#703,#13363,.T.);
#13361=LINE('',#702,#13364);
#13362=LINE('',#700,#13365);
#13363=LINE('',#692,#13366);
#13364=VECTOR('',#13367,1.0);
#13365=VECTOR('',#13368,1.0);
#13366=VECTOR('',#13369,1.0);
#13367=DIRECTION('',(-0.034182720238345655,0.9949071030987564,0.09482298160650315));
#13368=DIRECTION('',(0.33912736855029607,0,-0.9407404678763169));
#13369=DIRECTION('',(0,-1,0));
#13370=FACE_SURFACE('',(#13375),#13371,.T.);
#13371=PLANE('',#13372);
#13372=AXIS2_PLACEMENT_3D('',#282,#13373,#13374);
#13373=DIRECTION('',(0,-1,-0));
#13374=DIRECTION('',(-0.21818817503802854,0,-0.9759067169937784));
#13375=FACE_BOUND('',#13376,.T.);
#13376=EDGE_LOOP('',(#13377,#13378,#13379));
#13377=ORIENTED_EDGE('',*,*,#13380,.T.);
#13378=ORIENTED_EDGE('',*,*,#13381,.T.);
#13379=ORIENTED_EDGE('',*,*,#13382,.T.);
#13380=EDGE_CURVE('',#283,#289,#13383,.F.);
#13381=EDGE_CURVE('',#289,#697,#13384,.T.);
#13382=EDGE_CURVE('',#697,#283,#13385,.T.);
#13383=LINE('',#282,#13386);
#13384=LINE('',#288,#13387);
#13385=LINE('',#696,#13388);
#13386=VECTOR('',#13389,1.0);
#13387=VECTOR('',#13390,1.0);
#13388=VECTOR('',#13391,1.0);
#13389=DIRECTION('',(-0.21818817503802854,0,-0.9759067169937784));
#13390=DIRECTION('',(0.9913726590305512,0,-0.13107345622472394));
#13391=DIRECTION('',(-0.9696113708170205,0,0.24465034147194287));
#13392=FACE_SURFACE('',(#13397),#13393,.T.);
#13393=PLANE('',#13394);
#13394=AXIS2_PLACEMENT_3D('',#288,#13395,#13396);
#13395=DIRECTION('',(0,-1,0));
#13396=DIRECTION('',(0.9448394435871396,0,-0.3275338544974311));
#13397=FACE_BOUND('',#13398,.T.);
#13398=EDGE_LOOP('',(#13399,#13400,#13401));
#13399=ORIENTED_EDGE('',*,*,#13402,.T.);
#13400=ORIENTED_EDGE('',*,*,#13403,.T.);
#13401=ORIENTED_EDGE('',*,*,#13404,.T.);
#13402=EDGE_CURVE('',#289,#705,#13405,.F.);
#13403=EDGE_CURVE('',#705,#697,#13406,.T.);
#13404=EDGE_CURVE('',#697,#289,#13407,.T.);
#13405=LINE('',#288,#13408);
#13406=LINE('',#704,#13409);
#13407=LINE('',#696,#13410);
#13408=VECTOR('',#13411,1.0);
#13409=VECTOR('',#13412,1.0);
#13410=VECTOR('',#13413,1.0);
#13411=DIRECTION('',(0.9448394435871396,0,-0.3275338544974311));
#13412=DIRECTION('',(0.25930275688770854,0,0.9657960862782754));
#13413=DIRECTION('',(-0.9913726590305512,0,0.13107345622472394));
#13414=FACE_SURFACE('',(#13419),#13415,.T.);
#13415=PLANE('',#13416);
#13416=AXIS2_PLACEMENT_3D('',#704,#13417,#13418);
#13417=DIRECTION('',(-0.9657960862782754,0,0.2593027568877085));
#13418=DIRECTION('',(0,-1,0));
#13419=FACE_BOUND('',#13420,.T.);
#13420=EDGE_LOOP('',(#13421,#13422,#13423));
#13421=ORIENTED_EDGE('',*,*,#13424,.T.);
#13422=ORIENTED_EDGE('',*,*,#13425,.T.);
#13423=ORIENTED_EDGE('',*,*,#13426,.T.);
#13424=EDGE_CURVE('',#705,#707,#13427,.F.);
#13425=EDGE_CURVE('',#707,#697,#13428,.T.);
#13426=EDGE_CURVE('',#697,#705,#13429,.T.);
#13427=LINE('',#704,#13430);
#13428=LINE('',#706,#13431);
#13429=LINE('',#696,#13432);
#13430=VECTOR('',#13433,1.0);
#13431=VECTOR('',#13434,1.0);
#13432=VECTOR('',#13435,1.0);
#13433=DIRECTION('',(0,-1,0));
#13434=DIRECTION('',(0.02613675014498915,0.9949070873110144,0.0973486410288923));
#13435=DIRECTION('',(-0.25930275688770854,0,-0.9657960862782754));
#13436=FACE_SURFACE('',(#13441),#13437,.T.);
#13437=PLANE('',#13438);
#13438=AXIS2_PLACEMENT_3D('',#706,#13439,#13440);
#13439=DIRECTION('',(-0.9657960862782754,0,0.2593027568877085));
#13440=DIRECTION('',(0.25930275688770854,0,0.9657960862782754));
#13441=FACE_BOUND('',#13442,.T.);
#13442=EDGE_LOOP('',(#13443,#13444,#13445));
#13443=ORIENTED_EDGE('',*,*,#13446,.T.);
#13444=ORIENTED_EDGE('',*,*,#13447,.T.);
#13445=ORIENTED_EDGE('',*,*,#13448,.T.);
#13446=EDGE_CURVE('',#707,#699,#13449,.F.);
#13447=EDGE_CURVE('',#699,#697,#13450,.T.);
#13448=EDGE_CURVE('',#697,#707,#13451,.T.);
#13449=LINE('',#706,#13452);
#13450=LINE('',#698,#13453);
#13451=LINE('',#696,#13454);
#13452=VECTOR('',#13455,1.0);
#13453=VECTOR('',#13456,1.0);
#13454=VECTOR('',#13457,1.0);
#13455=DIRECTION('',(0.25930275688770854,0,0.9657960862782754));
#13456=DIRECTION('',(0,1,0));
#13457=DIRECTION('',(-0.02613675014498915,-0.9949070873110144,-0.0973486410288923));
#13458=FACE_SURFACE('',(#13463),#13459,.T.);
#13459=PLANE('',#13460);
#13460=AXIS2_PLACEMENT_3D('',#708,#13461,#13462);
#13461=DIRECTION('',(0,-1,-0));
#13462=DIRECTION('',(-0.8757593143467832,0,-0.4827479915389106));
#13463=FACE_BOUND('',#13464,.T.);
#13464=EDGE_LOOP('',(#13465,#13466,#13467));
#13465=ORIENTED_EDGE('',*,*,#13468,.T.);
#13466=ORIENTED_EDGE('',*,*,#13469,.T.);
#13467=ORIENTED_EDGE('',*,*,#13470,.T.);
#13468=EDGE_CURVE('',#709,#307,#13471,.F.);
#13469=EDGE_CURVE('',#307,#701,#13472,.T.);
#13470=EDGE_CURVE('',#701,#709,#13473,.T.);
#13471=LINE('',#708,#13474);
#13472=LINE('',#306,#13475);
#13473=LINE('',#700,#13476);
#13474=VECTOR('',#13477,1.0);
#13475=VECTOR('',#13478,1.0);
#13476=VECTOR('',#13479,1.0);
#13477=DIRECTION('',(-0.8757593143467832,0,-0.4827479915389106));
#13478=DIRECTION('',(0.9545299536035984,0,0.2981150242331177));
#13479=DIRECTION('',(-0.45073163831525465,0,0.8926595040784848));
#13480=FACE_SURFACE('',(#13485),#13481,.T.);
#13481=PLANE('',#13482);
#13482=AXIS2_PLACEMENT_3D('',#306,#13483,#13484);
#13483=DIRECTION('',(0,-1,0));
#13484=DIRECTION('',(0.46016567400837194,0,-0.8878330656516578));
#13485=FACE_BOUND('',#13486,.T.);
#13486=EDGE_LOOP('',(#13487,#13488,#13489));
#13487=ORIENTED_EDGE('',*,*,#13490,.T.);
#13488=ORIENTED_EDGE('',*,*,#13491,.T.);
#13489=ORIENTED_EDGE('',*,*,#13492,.T.);
#13490=EDGE_CURVE('',#307,#291,#13493,.F.);
#13491=EDGE_CURVE('',#291,#701,#13494,.T.);
#13492=EDGE_CURVE('',#701,#307,#13495,.T.);
#13493=LINE('',#306,#13496);
#13494=LINE('',#290,#13497);
#13495=LINE('',#700,#13498);
#13496=VECTOR('',#13499,1.0);
#13497=VECTOR('',#13500,1.0);
#13498=VECTOR('',#13501,1.0);
#13499=DIRECTION('',(0.46016567400837194,0,-0.8878330656516578));
#13500=DIRECTION('',(0.9141557500011286,0,0.405363127010677));
#13501=DIRECTION('',(-0.9545299536035984,0,-0.2981150242331177));
#13502=FACE_SURFACE('',(#13507),#13503,.T.);
#13503=PLANE('',#13504);
#13504=AXIS2_PLACEMENT_3D('',#702,#13505,#13506);
#13505=DIRECTION('',(-0.9407404678763169,0,-0.33912736855029607));
#13506=DIRECTION('',(-0.33912736855029607,0,0.9407404678763169));
#13507=FACE_BOUND('',#13508,.T.);
#13508=EDGE_LOOP('',(#13509,#13510,#13511));
#13509=ORIENTED_EDGE('',*,*,#13512,.T.);
#13510=ORIENTED_EDGE('',*,*,#13513,.T.);
#13511=ORIENTED_EDGE('',*,*,#13514,.T.);
#13512=EDGE_CURVE('',#703,#711,#13515,.F.);
#13513=EDGE_CURVE('',#711,#701,#13516,.T.);
#13514=EDGE_CURVE('',#701,#703,#13517,.T.);
#13515=LINE('',#702,#13518);
#13516=LINE('',#710,#13519);
#13517=LINE('',#700,#13520);
#13518=VECTOR('',#13521,1.0);
#13519=VECTOR('',#13522,1.0);
#13520=VECTOR('',#13523,1.0);
#13521=DIRECTION('',(-0.33912736855029607,0,0.9407404678763169));
#13522=DIRECTION('',(0,1,0));
#13523=DIRECTION('',(0.034182720238345655,-0.9949071030987564,-0.09482298160650315));
#13524=FACE_SURFACE('',(#13529),#13525,.T.);
#13525=PLANE('',#13526);
#13526=AXIS2_PLACEMENT_3D('',#710,#13527,#13528);
#13527=DIRECTION('',(-0.8926595040784848,0,-0.45073163831525465));
#13528=DIRECTION('',(-0.045431182165654053,0.9949072861861711,0.0899749941967176));
#13529=FACE_BOUND('',#13530,.T.);
#13530=EDGE_LOOP('',(#13531,#13532,#13533));
#13531=ORIENTED_EDGE('',*,*,#13534,.T.);
#13532=ORIENTED_EDGE('',*,*,#13535,.T.);
#13533=ORIENTED_EDGE('',*,*,#13536,.T.);
#13534=EDGE_CURVE('',#711,#709,#13537,.F.);
#13535=EDGE_CURVE('',#709,#701,#13538,.T.);
#13536=EDGE_CURVE('',#701,#711,#13539,.T.);
#13537=LINE('',#710,#13540);
#13538=LINE('',#708,#13541);
#13539=LINE('',#700,#13542);
#13540=VECTOR('',#13543,1.0);
#13541=VECTOR('',#13544,1.0);
#13542=VECTOR('',#13545,1.0);
#13543=DIRECTION('',(-0.045431182165654053,0.9949072861861711,0.0899749941967176));
#13544=DIRECTION('',(0.45073163831525465,0,-0.8926595040784848));
#13545=DIRECTION('',(0,-1,0));
#13546=FACE_SURFACE('',(#13551),#13547,.T.);
#13547=PLANE('',#13548);
#13548=AXIS2_PLACEMENT_3D('',#288,#13549,#13550);
#13549=DIRECTION('',(0,-1,0));
#13550=DIRECTION('',(0.8600990006062661,0,-0.5101271499891985));
#13551=FACE_BOUND('',#13552,.T.);
#13552=EDGE_LOOP('',(#13553,#13554,#13555));
#13553=ORIENTED_EDGE('',*,*,#13556,.T.);
#13554=ORIENTED_EDGE('',*,*,#13557,.T.);
#13555=ORIENTED_EDGE('',*,*,#13558,.T.);
#13556=EDGE_CURVE('',#289,#713,#13559,.F.);
#13557=EDGE_CURVE('',#713,#705,#13560,.T.);
#13558=EDGE_CURVE('',#705,#289,#13561,.T.);
#13559=LINE('',#288,#13562);
#13560=LINE('',#712,#13563);
#13561=LINE('',#704,#13564);
#13562=VECTOR('',#13565,1.0);
#13563=VECTOR('',#13566,1.0);
#13564=VECTOR('',#13567,1.0);
#13565=DIRECTION('',(0.8600990006062661,0,-0.5101271499891985));
#13566=DIRECTION('',(0.3745602863948952,0,0.9272025624726099));
#13567=DIRECTION('',(-0.9448394435871396,0,0.3275338544974311));
#13568=FACE_SURFACE('',(#13573),#13569,.T.);
#13569=PLANE('',#13570);
#13570=AXIS2_PLACEMENT_3D('',#712,#13571,#13572);
#13571=DIRECTION('',(-0.9272025624726099,0,0.3745602863948952));
#13572=DIRECTION('',(0,-1,0));
#13573=FACE_BOUND('',#13574,.T.);
#13574=EDGE_LOOP('',(#13575,#13576,#13577));
#13575=ORIENTED_EDGE('',*,*,#13578,.T.);
#13576=ORIENTED_EDGE('',*,*,#13579,.T.);
#13577=ORIENTED_EDGE('',*,*,#13580,.T.);
#13578=EDGE_CURVE('',#713,#715,#13581,.F.);
#13579=EDGE_CURVE('',#715,#705,#13582,.T.);
#13580=EDGE_CURVE('',#705,#713,#13583,.T.);
#13581=LINE('',#712,#13584);
#13582=LINE('',#714,#13585);
#13583=LINE('',#704,#13586);
#13584=VECTOR('',#13587,1.0);
#13585=VECTOR('',#13588,1.0);
#13586=VECTOR('',#13589,1.0);
#13587=DIRECTION('',(0,-1,0));
#13588=DIRECTION('',(0.03775389075876889,0.9949071923135075,0.09345759688451206));
#13589=DIRECTION('',(-0.3745602863948952,0,-0.9272025624726099));
#13590=FACE_SURFACE('',(#13595),#13591,.T.);
#13591=PLANE('',#13592);
#13592=AXIS2_PLACEMENT_3D('',#714,#13593,#13594);
#13593=DIRECTION('',(-0.9272025624726099,0,0.3745602863948952));
#13594=DIRECTION('',(0.3745602863948952,0,0.9272025624726099));
#13595=FACE_BOUND('',#13596,.T.);
#13596=EDGE_LOOP('',(#13597,#13598,#13599));
#13597=ORIENTED_EDGE('',*,*,#13600,.T.);
#13598=ORIENTED_EDGE('',*,*,#13601,.T.);
#13599=ORIENTED_EDGE('',*,*,#13602,.T.);
#13600=EDGE_CURVE('',#715,#707,#13603,.F.);
#13601=EDGE_CURVE('',#707,#705,#13604,.T.);
#13602=EDGE_CURVE('',#705,#715,#13605,.T.);
#13603=LINE('',#714,#13606);
#13604=LINE('',#706,#13607);
#13605=LINE('',#704,#13608);
#13606=VECTOR('',#13609,1.0);
#13607=VECTOR('',#13610,1.0);
#13608=VECTOR('',#13611,1.0);
#13609=DIRECTION('',(0.3745602863948952,0,0.9272025624726099));
#13610=DIRECTION('',(0,1,0));
#13611=DIRECTION('',(-0.03775389075876889,-0.9949071923135075,-0.09345759688451206));
#13612=FACE_SURFACE('',(#13617),#13613,.T.);
#13613=PLANE('',#13614);
#13614=AXIS2_PLACEMENT_3D('',#172,#13615,#13616);
#13615=DIRECTION('',(0,-1,-0));
#13616=DIRECTION('',(-0.9991248653218447,0,-0.04182706654315508));
#13617=FACE_BOUND('',#13618,.T.);
#13618=EDGE_LOOP('',(#13619,#13620,#13621));
#13619=ORIENTED_EDGE('',*,*,#13622,.T.);
#13620=ORIENTED_EDGE('',*,*,#13623,.T.);
#13621=ORIENTED_EDGE('',*,*,#13624,.T.);
#13622=EDGE_CURVE('',#173,#249,#13625,.F.);
#13623=EDGE_CURVE('',#249,#709,#13626,.T.);
#13624=EDGE_CURVE('',#709,#173,#13627,.T.);
#13625=LINE('',#172,#13628);
#13626=LINE('',#248,#13629);
#13627=LINE('',#708,#13630);
#13628=VECTOR('',#13631,1.0);
#13629=VECTOR('',#13632,1.0);
#13630=VECTOR('',#13633,1.0);
#13631=DIRECTION('',(-0.9991248653218447,0,-0.04182706654315508));
#13632=DIRECTION('',(0.9363002267876845,0,-0.3512006339933493));
#13633=DIRECTION('',(-0.555754855276331,0,0.8313462220018711));
#13634=FACE_SURFACE('',(#13639),#13635,.T.);
#13635=PLANE('',#13636);
#13636=AXIS2_PLACEMENT_3D('',#248,#13637,#13638);
#13637=DIRECTION('',(0,-1,-0));
#13638=DIRECTION('',(-0.5852364848839994,0,-0.8108626620831795));
#13639=FACE_BOUND('',#13640,.T.);
#13640=EDGE_LOOP('',(#13641,#13642,#13643));
#13641=ORIENTED_EDGE('',*,*,#13644,.T.);
#13642=ORIENTED_EDGE('',*,*,#13645,.T.);
#13643=ORIENTED_EDGE('',*,*,#13646,.T.);
#13644=EDGE_CURVE('',#249,#307,#13647,.F.);
#13645=EDGE_CURVE('',#307,#709,#13648,.T.);
#13646=EDGE_CURVE('',#709,#249,#13649,.T.);
#13647=LINE('',#248,#13650);
#13648=LINE('',#306,#13651);
#13649=LINE('',#708,#13652);
#13650=VECTOR('',#13653,1.0);
#13651=VECTOR('',#13654,1.0);
#13652=VECTOR('',#13655,1.0);
#13653=DIRECTION('',(-0.5852364848839994,0,-0.8108626620831795));
#13654=DIRECTION('',(0.8757593143467832,0,0.4827479915389106));
#13655=DIRECTION('',(-0.9363002267876845,0,0.3512006339933493));
#13656=FACE_SURFACE('',(#13661),#13657,.T.);
#13657=PLANE('',#13658);
#13658=AXIS2_PLACEMENT_3D('',#710,#13659,#13660);
#13659=DIRECTION('',(-0.8926595040784848,0,-0.45073163831525465));
#13660=DIRECTION('',(-0.45073163831525465,0,0.8926595040784848));
#13661=FACE_BOUND('',#13662,.T.);
#13662=EDGE_LOOP('',(#13663,#13664,#13665));
#13663=ORIENTED_EDGE('',*,*,#13666,.T.);
#13664=ORIENTED_EDGE('',*,*,#13667,.T.);
#13665=ORIENTED_EDGE('',*,*,#13668,.T.);
#13666=EDGE_CURVE('',#711,#717,#13669,.F.);
#13667=EDGE_CURVE('',#717,#709,#13670,.T.);
#13668=EDGE_CURVE('',#709,#711,#13671,.T.);
#13669=LINE('',#710,#13672);
#13670=LINE('',#716,#13673);
#13671=LINE('',#708,#13674);
#13672=VECTOR('',#13675,1.0);
#13673=VECTOR('',#13676,1.0);
#13674=VECTOR('',#13677,1.0);
#13675=DIRECTION('',(-0.45073163831525465,0,0.8926595040784848));
#13676=DIRECTION('',(0,1,0));
#13677=DIRECTION('',(0.045431182165654053,-0.9949072861861711,-0.0899749941967176));
#13678=FACE_SURFACE('',(#13683),#13679,.T.);
#13679=PLANE('',#13680);
#13680=AXIS2_PLACEMENT_3D('',#716,#13681,#13682);
#13681=DIRECTION('',(-0.8313462220018711,0,-0.555754855276331));
#13682=DIRECTION('',(-0.05601816383902387,0.9949070602268756,0.08379681873925991));
#13683=FACE_BOUND('',#13684,.T.);
#13684=EDGE_LOOP('',(#13685,#13686,#13687));
#13685=ORIENTED_EDGE('',*,*,#13688,.T.);
#13686=ORIENTED_EDGE('',*,*,#13689,.T.);
#13687=ORIENTED_EDGE('',*,*,#13690,.T.);
#13688=EDGE_CURVE('',#717,#173,#13691,.F.);
#13689=EDGE_CURVE('',#173,#709,#13692,.T.);
#13690=EDGE_CURVE('',#709,#717,#13693,.T.);
#13691=LINE('',#716,#13694);
#13692=LINE('',#172,#13695);
#13693=LINE('',#708,#13696);
#13694=VECTOR('',#13697,1.0);
#13695=VECTOR('',#13698,1.0);
#13696=VECTOR('',#13699,1.0);
#13697=DIRECTION('',(-0.05601816383902387,0.9949070602268756,0.08379681873925991));
#13698=DIRECTION('',(0.555754855276331,0,-0.8313462220018711));
#13699=DIRECTION('',(0,-1,0));
#13700=FACE_SURFACE('',(#13705),#13701,.T.);
#13701=PLANE('',#13702);
#13702=AXIS2_PLACEMENT_3D('',#288,#13703,#13704);
#13703=DIRECTION('',(0,-1,-0));
#13704=DIRECTION('',(-0.3843500937904364,0,-0.9231874161855125));
#13705=FACE_BOUND('',#13706,.T.);
#13706=EDGE_LOOP('',(#13707,#13708,#13709));
#13707=ORIENTED_EDGE('',*,*,#13710,.T.);
#13708=ORIENTED_EDGE('',*,*,#13711,.T.);
#13709=ORIENTED_EDGE('',*,*,#13712,.T.);
#13710=EDGE_CURVE('',#289,#293,#13713,.F.);
#13711=EDGE_CURVE('',#293,#713,#13714,.T.);
#13712=EDGE_CURVE('',#713,#289,#13715,.T.);
#13713=LINE('',#288,#13716);
#13714=LINE('',#292,#13717);
#13715=LINE('',#712,#13718);
#13716=VECTOR('',#13719,1.0);
#13717=VECTOR('',#13720,1.0);
#13718=VECTOR('',#13721,1.0);
#13719=DIRECTION('',(-0.3843500937904364,0,-0.9231874161855125));
#13720=DIRECTION('',(0.9130450988528432,0,-0.40785861209590984));
#13721=DIRECTION('',(-0.8600990006062661,0,0.5101271499891985));
#13722=FACE_SURFACE('',(#13727),#13723,.T.);
#13723=PLANE('',#13724);
#13724=AXIS2_PLACEMENT_3D('',#292,#13725,#13726);
#13725=DIRECTION('',(0,-1,0));
#13726=DIRECTION('',(0.8123796443830243,0,-0.583128899465728));
#13727=FACE_BOUND('',#13728,.T.);
#13728=EDGE_LOOP('',(#13729,#13730,#13731));
#13729=ORIENTED_EDGE('',*,*,#13732,.T.);
#13730=ORIENTED_EDGE('',*,*,#13733,.T.);
#13731=ORIENTED_EDGE('',*,*,#13734,.T.);
#13732=EDGE_CURVE('',#293,#681,#13735,.F.);
#13733=EDGE_CURVE('',#681,#713,#13736,.T.);
#13734=EDGE_CURVE('',#713,#293,#13737,.T.);
#13735=LINE('',#292,#13738);
#13736=LINE('',#680,#13739);
#13737=LINE('',#712,#13740);
#13738=VECTOR('',#13741,1.0);
#13739=VECTOR('',#13742,1.0);
#13740=VECTOR('',#13743,1.0);
#13741=DIRECTION('',(0.8123796443830243,0,-0.583128899465728));
#13742=DIRECTION('',(0.48432250004252103,0,0.8748895450012888));
#13743=DIRECTION('',(-0.9130450988528432,0,0.40785861209590984));
#13744=FACE_SURFACE('',(#13749),#13745,.T.);
#13745=PLANE('',#13746);
#13746=AXIS2_PLACEMENT_3D('',#680,#13747,#13748);
#13747=DIRECTION('',(-0.8748895450012888,0,0.48432250004252103));
#13748=DIRECTION('',(0,-1,0));
#13749=FACE_BOUND('',#13750,.T.);
#13750=EDGE_LOOP('',(#13751,#13752,#13753));
#13751=ORIENTED_EDGE('',*,*,#13754,.T.);
#13752=ORIENTED_EDGE('',*,*,#13755,.T.);
#13753=ORIENTED_EDGE('',*,*,#13756,.T.);
#13754=EDGE_CURVE('',#681,#679,#13757,.F.);
#13755=EDGE_CURVE('',#679,#713,#13758,.T.);
#13756=EDGE_CURVE('',#713,#681,#13759,.T.);
#13757=LINE('',#680,#13760);
#13758=LINE('',#678,#13761);
#13759=LINE('',#712,#13762);
#13760=VECTOR('',#13763,1.0);
#13761=VECTOR('',#13764,1.0);
#13762=VECTOR('',#13765,1.0);
#13763=DIRECTION('',(0,-1,0));
#13764=DIRECTION('',(0.04881799754557442,0.9949070670010581,0.08818577633038294));
#13765=DIRECTION('',(-0.48432250004252103,0,-0.8748895450012888));
#13766=FACE_SURFACE('',(#13771),#13767,.T.);
#13767=PLANE('',#13768);
#13768=AXIS2_PLACEMENT_3D('',#678,#13769,#13770);
#13769=DIRECTION('',(-0.8748895450012888,0,0.48432250004252103));
#13770=DIRECTION('',(0.48432250004252103,0,0.8748895450012888));
#13771=FACE_BOUND('',#13772,.T.);
#13772=EDGE_LOOP('',(#13773,#13774,#13775));
#13773=ORIENTED_EDGE('',*,*,#13776,.T.);
#13774=ORIENTED_EDGE('',*,*,#13777,.T.);
#13775=ORIENTED_EDGE('',*,*,#13778,.T.);
#13776=EDGE_CURVE('',#679,#715,#13779,.F.);
#13777=EDGE_CURVE('',#715,#713,#13780,.T.);
#13778=EDGE_CURVE('',#713,#679,#13781,.T.);
#13779=LINE('',#678,#13782);
#13780=LINE('',#714,#13783);
#13781=LINE('',#712,#13784);
#13782=VECTOR('',#13785,1.0);
#13783=VECTOR('',#13786,1.0);
#13784=VECTOR('',#13787,1.0);
#13785=DIRECTION('',(0.48432250004252103,0,0.8748895450012888));
#13786=DIRECTION('',(0,1,0));
#13787=DIRECTION('',(-0.04881799754557442,-0.9949070670010581,-0.08818577633038294));
#13788=FACE_SURFACE('',(#13793),#13789,.T.);
#13789=PLANE('',#13790);
#13790=AXIS2_PLACEMENT_3D('',#718,#13791,#13792);
#13791=DIRECTION('',(-0.04182933999412354,0,0.9991247701441778));
#13792=DIRECTION('',(0.9991247701441778,0,0.04182933999412354));
#13793=FACE_BOUND('',#13794,.T.);
#13794=EDGE_LOOP('',(#13795,#13796,#13797));
#13795=ORIENTED_EDGE('',*,*,#13798,.T.);
#13796=ORIENTED_EDGE('',*,*,#13799,.T.);
#13797=ORIENTED_EDGE('',*,*,#13800,.T.);
#13798=EDGE_CURVE('',#719,#161,#13801,.F.);
#13799=EDGE_CURVE('',#161,#173,#13802,.T.);
#13800=EDGE_CURVE('',#173,#719,#13803,.T.);
#13801=LINE('',#718,#13804);
#13802=LINE('',#160,#13805);
#13803=LINE('',#172,#13806);
#13804=VECTOR('',#13807,1.0);
#13805=VECTOR('',#13808,1.0);
#13806=VECTOR('',#13809,1.0);
#13807=DIRECTION('',(0.9991247701441778,0,0.04182933999412354));
#13808=DIRECTION('',(-0.9733417506429539,0.2257106143009065,-0.04074990855470864));
#13809=DIRECTION('',(0,-1,0));
#13810=FACE_SURFACE('',(#13815),#13811,.T.);
#13811=PLANE('',#13812);
#13812=AXIS2_PLACEMENT_3D('',#716,#13813,#13814);
#13813=DIRECTION('',(-0.8313462220018711,0,-0.555754855276331));
#13814=DIRECTION('',(-0.555754855276331,0,0.8313462220018711));
#13815=FACE_BOUND('',#13816,.T.);
#13816=EDGE_LOOP('',(#13817,#13818,#13819));
#13817=ORIENTED_EDGE('',*,*,#13820,.T.);
#13818=ORIENTED_EDGE('',*,*,#13821,.T.);
#13819=ORIENTED_EDGE('',*,*,#13822,.T.);
#13820=EDGE_CURVE('',#717,#719,#13823,.F.);
#13821=EDGE_CURVE('',#719,#173,#13824,.T.);
#13822=EDGE_CURVE('',#173,#717,#13825,.T.);
#13823=LINE('',#716,#13826);
#13824=LINE('',#718,#13827);
#13825=LINE('',#172,#13828);
#13826=VECTOR('',#13829,1.0);
#13827=VECTOR('',#13830,1.0);
#13828=VECTOR('',#13831,1.0);
#13829=DIRECTION('',(-0.555754855276331,0,0.8313462220018711));
#13830=DIRECTION('',(0,1,0));
#13831=DIRECTION('',(0.05601816383902387,-0.9949070602268756,-0.08379681873925991));
#13832=FACE_SURFACE('',(#13837),#13833,.T.);
#13833=PLANE('',#13834);
#13834=AXIS2_PLACEMENT_3D('',#278,#13835,#13836);
#13835=DIRECTION('',(0,-1,0));
#13836=DIRECTION('',(0.012868472750723798,0,-0.9999171977764277));
#13837=FACE_BOUND('',#13838,.T.);
#13838=EDGE_LOOP('',(#13839,#13840,#13841));
#13839=ORIENTED_EDGE('',*,*,#13842,.T.);
#13840=ORIENTED_EDGE('',*,*,#13843,.T.);
#13841=ORIENTED_EDGE('',*,*,#13844,.T.);
#13842=EDGE_CURVE('',#279,#235,#13845,.F.);
#13843=EDGE_CURVE('',#235,#681,#13846,.T.);
#13844=EDGE_CURVE('',#681,#279,#13847,.T.);
#13845=LINE('',#278,#13848);
#13846=LINE('',#234,#13849);
#13847=LINE('',#680,#13850);
#13848=VECTOR('',#13851,1.0);
#13849=VECTOR('',#13852,1.0);
#13850=VECTOR('',#13853,1.0);
#13851=DIRECTION('',(0.012868472750723798,0,-0.9999171977764277));
#13852=DIRECTION('',(0.3480289573979108,0,0.9374837837597636));
#13853=DIRECTION('',(-0.9043607079342985,0,-0.4267689186721247));
#13854=FACE_SURFACE('',(#13859),#13855,.T.);
#13855=PLANE('',#13856);
#13856=AXIS2_PLACEMENT_3D('',#292,#13857,#13858);
#13857=DIRECTION('',(0,-1,-0));
#13858=DIRECTION('',(-0.5388221292752938,0,-0.8424195587729659));
#13859=FACE_BOUND('',#13860,.T.);
#13860=EDGE_LOOP('',(#13861,#13862,#13863));
#13861=ORIENTED_EDGE('',*,*,#13864,.T.);
#13862=ORIENTED_EDGE('',*,*,#13865,.T.);
#13863=ORIENTED_EDGE('',*,*,#13866,.T.);
#13864=EDGE_CURVE('',#293,#309,#13867,.F.);
#13865=EDGE_CURVE('',#309,#681,#13868,.T.);
#13866=EDGE_CURVE('',#681,#293,#13869,.T.);
#13867=LINE('',#292,#13870);
#13868=LINE('',#308,#13871);
#13869=LINE('',#680,#13872);
#13870=VECTOR('',#13873,1.0);
#13871=VECTOR('',#13874,1.0);
#13872=VECTOR('',#13875,1.0);
#13873=DIRECTION('',(-0.5388221292752938,0,-0.8424195587729659));
#13874=DIRECTION('',(0.8743061744048053,0,-0.48537481743250166));
#13875=DIRECTION('',(-0.8123796443830243,0,0.583128899465728));
#13876=FACE_SURFACE('',(#13881),#13877,.T.);
#13877=PLANE('',#13878);
#13878=AXIS2_PLACEMENT_3D('',#308,#13879,#13880);
#13879=DIRECTION('',(0,-1,0));
#13880=DIRECTION('',(0.3496789589795086,0,-0.9368695883883772));
#13881=FACE_BOUND('',#13882,.T.);
#13882=EDGE_LOOP('',(#13883,#13884,#13885));
#13883=ORIENTED_EDGE('',*,*,#13886,.T.);
#13884=ORIENTED_EDGE('',*,*,#13887,.T.);
#13885=ORIENTED_EDGE('',*,*,#13888,.T.);
#13886=EDGE_CURVE('',#309,#279,#13889,.F.);
#13887=EDGE_CURVE('',#279,#681,#13890,.T.);
#13888=EDGE_CURVE('',#681,#309,#13891,.T.);
#13889=LINE('',#308,#13892);
#13890=LINE('',#278,#13893);
#13891=LINE('',#680,#13894);
#13892=VECTOR('',#13895,1.0);
#13893=VECTOR('',#13896,1.0);
#13894=VECTOR('',#13897,1.0);
#13895=DIRECTION('',(0.3496789589795086,0,-0.9368695883883772));
#13896=DIRECTION('',(0.9043607079342985,0,0.4267689186721247));
#13897=DIRECTION('',(-0.8743061744048053,0,0.48537481743250166));
#13898=FACE_SURFACE('',(#13903),#13899,.T.);
#13899=PLANE('',#13900);
#13900=AXIS2_PLACEMENT_3D('',#362,#13901,#13902);
#13901=DIRECTION('',(0,-1,0));
#13902=DIRECTION('',(0.9989684112838757,0,-0.04541049721121114));
#13903=FACE_BOUND('',#13904,.T.);
#13904=EDGE_LOOP('',(#13905,#13906,#13907));
#13905=ORIENTED_EDGE('',*,*,#13908,.T.);
#13906=ORIENTED_EDGE('',*,*,#13909,.T.);
#13907=ORIENTED_EDGE('',*,*,#13910,.T.);
#13908=EDGE_CURVE('',#363,#349,#13911,.F.);
#13909=EDGE_CURVE('',#349,#249,#13912,.T.);
#13910=EDGE_CURVE('',#249,#363,#13913,.T.);
#13911=LINE('',#362,#13914);
#13912=LINE('',#348,#13915);
#13913=LINE('',#248,#13916);
#13914=VECTOR('',#13917,1.0);
#13915=VECTOR('',#13918,1.0);
#13916=VECTOR('',#13919,1.0);
#13917=DIRECTION('',(0.9989684112838757,0,-0.04541049721121114));
#13918=DIRECTION('',(0.941403996424342,0,0.3372810630857851));
#13919=DIRECTION('',(-0.9541481485399944,0,-0.29933478020053206));
#13920=FACE_SURFACE('',(#13925),#13921,.T.);
#13921=PLANE('',#13922);
#13922=AXIS2_PLACEMENT_3D('',#348,#13923,#13924);
#13923=DIRECTION('',(0,-1,0));
#13924=DIRECTION('',(0.9759074611437982,0,-0.21818484659541798));
#13925=FACE_BOUND('',#13926,.T.);
#13926=EDGE_LOOP('',(#13927,#13928,#13929));
#13927=ORIENTED_EDGE('',*,*,#13930,.T.);
#13928=ORIENTED_EDGE('',*,*,#13931,.T.);
#13929=ORIENTED_EDGE('',*,*,#13932,.T.);
#13930=EDGE_CURVE('',#349,#345,#13933,.F.);
#13931=EDGE_CURVE('',#345,#249,#13934,.T.);
#13932=EDGE_CURVE('',#249,#349,#13935,.T.);
#13933=LINE('',#348,#13936);
#13934=LINE('',#344,#13937);
#13935=LINE('',#248,#13938);
#13936=VECTOR('',#13939,1.0);
#13937=VECTOR('',#13940,1.0);
#13938=VECTOR('',#13941,1.0);
#13939=DIRECTION('',(0.9759074611437982,0,-0.21818484659541798));
#13940=DIRECTION('',(0.9158173557487117,0,0.40159503347207554));
#13941=DIRECTION('',(-0.941403996424342,0,-0.3372810630857851));
#13942=FACE_SURFACE('',(#13947),#13943,.T.);
#13943=PLANE('',#13944);
#13944=AXIS2_PLACEMENT_3D('',#344,#13945,#13946);
#13945=DIRECTION('',(0,-1,0));
#13946=DIRECTION('',(0.9231952716273297,0,-0.38433122491535987));
#13947=FACE_BOUND('',#13948,.T.);
#13948=EDGE_LOOP('',(#13949,#13950,#13951));
#13949=ORIENTED_EDGE('',*,*,#13952,.T.);
#13950=ORIENTED_EDGE('',*,*,#13953,.T.);
#13951=ORIENTED_EDGE('',*,*,#13954,.T.);
#13952=EDGE_CURVE('',#345,#329,#13955,.F.);
#13953=EDGE_CURVE('',#329,#249,#13956,.T.);
#13954=EDGE_CURVE('',#249,#345,#13957,.T.);
#13955=LINE('',#344,#13958);
#13956=LINE('',#328,#13959);
#13957=LINE('',#248,#13960);
#13958=VECTOR('',#13961,1.0);
#13959=VECTOR('',#13962,1.0);
#13960=VECTOR('',#13963,1.0);
#13961=DIRECTION('',(0.9231952716273297,0,-0.38433122491535987));
#13962=DIRECTION('',(0.8699912195906805,0,0.493067214317805));
#13963=DIRECTION('',(-0.9158173557487117,0,-0.40159503347207554));
#13964=FACE_SURFACE('',(#13969),#13965,.T.);
#13965=PLANE('',#13966);
#13966=AXIS2_PLACEMENT_3D('',#328,#13967,#13968);
#13967=DIRECTION('',(0,-1,0));
#13968=DIRECTION('',(0.8424266541780169,0,-0.5388110358283617));
#13969=FACE_BOUND('',#13970,.T.);
#13970=EDGE_LOOP('',(#13971,#13972,#13973));
#13971=ORIENTED_EDGE('',*,*,#13974,.T.);
#13972=ORIENTED_EDGE('',*,*,#13975,.T.);
#13973=ORIENTED_EDGE('',*,*,#13976,.T.);
#13974=EDGE_CURVE('',#329,#319,#13977,.F.);
#13975=EDGE_CURVE('',#319,#249,#13978,.T.);
#13976=EDGE_CURVE('',#249,#329,#13979,.T.);
#13977=LINE('',#328,#13980);
#13978=LINE('',#318,#13981);
#13979=LINE('',#248,#13982);
#13980=VECTOR('',#13983,1.0);
#13981=VECTOR('',#13984,1.0);
#13982=VECTOR('',#13985,1.0);
#13983=DIRECTION('',(0.8424266541780169,0,-0.5388110358283617));
#13984=DIRECTION('',(0.7968981151204735,0,0.6041137261455302));
#13985=DIRECTION('',(-0.8699912195906805,0,-0.493067214317805));
#13986=FACE_SURFACE('',(#13991),#13987,.T.);
#13987=PLANE('',#13988);
#13988=AXIS2_PLACEMENT_3D('',#318,#13989,#13990);
#13989=DIRECTION('',(0,-1,0));
#13990=DIRECTION('',(0.7360630946720742,0,-0.6769129343289055));
#13991=FACE_BOUND('',#13992,.T.);
#13992=EDGE_LOOP('',(#13993,#13994,#13995));
#13993=ORIENTED_EDGE('',*,*,#13996,.T.);
#13994=ORIENTED_EDGE('',*,*,#13997,.T.);
#13995=ORIENTED_EDGE('',*,*,#13998,.T.);
#13996=EDGE_CURVE('',#319,#311,#13999,.F.);
#13997=EDGE_CURVE('',#311,#249,#14000,.T.);
#13998=EDGE_CURVE('',#249,#319,#14001,.T.);
#13999=LINE('',#318,#14002);
#14000=LINE('',#310,#14003);
#14001=LINE('',#248,#14004);
#14002=VECTOR('',#14005,1.0);
#14003=VECTOR('',#14006,1.0);
#14004=VECTOR('',#14007,1.0);
#14005=DIRECTION('',(0.7360630946720742,0,-0.6769129343289055));
#14006=DIRECTION('',(0.6972829865784879,0,0.7167959518776487));
#14007=DIRECTION('',(-0.7968981151204735,0,-0.6041137261455302));
#14008=FACE_SURFACE('',(#14013),#14009,.T.);
#14009=PLANE('',#14010);
#14010=AXIS2_PLACEMENT_3D('',#310,#14011,#14012);
#14011=DIRECTION('',(0,-1,0));
#14012=DIRECTION('',(0.6073253531307901,0,-0.7944532179081165));
#14013=FACE_BOUND('',#14014,.T.);
#14014=EDGE_LOOP('',(#14015,#14016,#14017));
#14015=ORIENTED_EDGE('',*,*,#14018,.T.);
#14016=ORIENTED_EDGE('',*,*,#14019,.T.);
#14017=ORIENTED_EDGE('',*,*,#14020,.T.);
#14018=EDGE_CURVE('',#311,#307,#14021,.F.);
#14019=EDGE_CURVE('',#307,#249,#14022,.T.);
#14020=EDGE_CURVE('',#249,#311,#14023,.T.);
#14021=LINE('',#310,#14024);
#14022=LINE('',#306,#14025);
#14023=LINE('',#248,#14026);
#14024=VECTOR('',#14027,1.0);
#14025=VECTOR('',#14028,1.0);
#14026=VECTOR('',#14029,1.0);
#14027=DIRECTION('',(0.6073253531307901,0,-0.7944532179081165));
#14028=DIRECTION('',(0.5852364848839994,0,0.8108626620831795));
#14029=DIRECTION('',(-0.6972829865784879,0,-0.7167959518776487));
#14030=FACE_SURFACE('',(#14035),#14031,.T.);
#14031=PLANE('',#14032);
#14032=AXIS2_PLACEMENT_3D('',#370,#14033,#14034);
#14033=DIRECTION('',(0,-1,0));
#14034=DIRECTION('',(0.9916759881258153,0,0.1287584349652008));
#14035=FACE_BOUND('',#14036,.T.);
#14036=EDGE_LOOP('',(#14037,#14038,#14039));
#14037=ORIENTED_EDGE('',*,*,#14040,.T.);
#14038=ORIENTED_EDGE('',*,*,#14041,.T.);
#14039=ORIENTED_EDGE('',*,*,#14042,.T.);
#14040=EDGE_CURVE('',#371,#363,#14043,.F.);
#14041=EDGE_CURVE('',#363,#249,#14044,.T.);
#14042=EDGE_CURVE('',#249,#371,#14045,.T.);
#14043=LINE('',#370,#14046);
#14044=LINE('',#362,#14047);
#14045=LINE('',#248,#14048);
#14046=VECTOR('',#14049,1.0);
#14047=VECTOR('',#14050,1.0);
#14048=VECTOR('',#14051,1.0);
#14049=DIRECTION('',(0.9916759881258153,0,0.1287584349652008));
#14050=DIRECTION('',(0.9541481485399944,0,0.29933478020053206));
#14051=DIRECTION('',(-0.9589892575921938,0,-0.2834424171199026));
#14052=FACE_SURFACE('',(#14057),#14053,.T.);
#14053=PLANE('',#14054);
#14054=AXIS2_PLACEMENT_3D('',#262,#14055,#14056);
#14055=DIRECTION('',(0,-1,-0));
#14056=DIRECTION('',(-0.908140339725529,0,-0.41866588511986613));
#14057=FACE_BOUND('',#14058,.T.);
#14058=EDGE_LOOP('',(#14059,#14060,#14061));
#14059=ORIENTED_EDGE('',*,*,#14062,.T.);
#14060=ORIENTED_EDGE('',*,*,#14063,.T.);
#14061=ORIENTED_EDGE('',*,*,#14064,.T.);
#14062=EDGE_CURVE('',#263,#371,#14065,.F.);
#14063=EDGE_CURVE('',#371,#249,#14066,.T.);
#14064=EDGE_CURVE('',#249,#263,#14067,.T.);
#14065=LINE('',#262,#14068);
#14066=LINE('',#370,#14069);
#14067=LINE('',#248,#14070);
#14068=VECTOR('',#14071,1.0);
#14069=VECTOR('',#14072,1.0);
#14070=VECTOR('',#14073,1.0);
#14071=DIRECTION('',(-0.908140339725529,0,-0.41866588511986613));
#14072=DIRECTION('',(0.9589892575921938,0,0.2834424171199026));
#14073=DIRECTION('',(-0.7435949600378091,0,0.6686303428699367));
#14074=FACE_SURFACE('',(#14079),#14075,.T.);
#14075=PLANE('',#14076);
#14076=AXIS2_PLACEMENT_3D('',#268,#14077,#14078);
#14077=DIRECTION('',(0,-1,-0));
#14078=DIRECTION('',(-0.8312058004604678,0,-0.5559648525589302));
#14079=FACE_BOUND('',#14080,.T.);
#14080=EDGE_LOOP('',(#14081,#14082,#14083));
#14081=ORIENTED_EDGE('',*,*,#14084,.T.);
#14082=ORIENTED_EDGE('',*,*,#14085,.T.);
#14083=ORIENTED_EDGE('',*,*,#14086,.T.);
#14084=EDGE_CURVE('',#269,#371,#14087,.F.);
#14085=EDGE_CURVE('',#371,#263,#14088,.T.);
#14086=EDGE_CURVE('',#263,#269,#14089,.T.);
#14087=LINE('',#268,#14090);
#14088=LINE('',#370,#14091);
#14089=LINE('',#262,#14092);
#14090=VECTOR('',#14093,1.0);
#14091=VECTOR('',#14094,1.0);
#14092=VECTOR('',#14095,1.0);
#14093=DIRECTION('',(-0.8312058004604678,0,-0.5559648525589302));
#14094=DIRECTION('',(0.908140339725529,0,0.41866588511986613));
#14095=DIRECTION('',(-0.82612225569798,0,0.5634909215244566));
#14096=FACE_SURFACE('',(#14101),#14097,.T.);
#14097=PLANE('',#14098);
#14098=AXIS2_PLACEMENT_3D('',#294,#14099,#14100);
#14099=DIRECTION('',(0,-1,-0));
#14100=DIRECTION('',(-0.7229990805352738,0,-0.6908489918536095));
#14101=FACE_BOUND('',#14102,.T.);
#14102=EDGE_LOOP('',(#14103,#14104,#14105));
#14103=ORIENTED_EDGE('',*,*,#14106,.T.);
#14104=ORIENTED_EDGE('',*,*,#14107,.T.);
#14105=ORIENTED_EDGE('',*,*,#14108,.T.);
#14106=EDGE_CURVE('',#295,#371,#14109,.F.);
#14107=EDGE_CURVE('',#371,#269,#14110,.T.);
#14108=EDGE_CURVE('',#269,#295,#14111,.T.);
#14109=LINE('',#294,#14112);
#14110=LINE('',#370,#14113);
#14111=LINE('',#268,#14114);
#14112=VECTOR('',#14115,1.0);
#14113=VECTOR('',#14116,1.0);
#14114=VECTOR('',#14117,1.0);
#14115=DIRECTION('',(-0.7229990805352738,0,-0.6908489918536095));
#14116=DIRECTION('',(0.8312058004604678,0,0.5559648525589302));
#14117=DIRECTION('',(-0.893882313949653,0,0.4483016939606788));
#14118=FACE_SURFACE('',(#14123),#14119,.T.);
#14119=PLANE('',#14120);
#14120=AXIS2_PLACEMENT_3D('',#308,#14121,#14122);
#14121=DIRECTION('',(0,-1,-0));
#14122=DIRECTION('',(-0.6768959956838762,0,-0.7360786717648691));
#14123=FACE_BOUND('',#14124,.T.);
#14124=EDGE_LOOP('',(#14125,#14126,#14127));
#14125=ORIENTED_EDGE('',*,*,#14128,.T.);
#14126=ORIENTED_EDGE('',*,*,#14129,.T.);
#14127=ORIENTED_EDGE('',*,*,#14130,.T.);
#14128=EDGE_CURVE('',#309,#313,#14131,.F.);
#14129=EDGE_CURVE('',#313,#279,#14132,.T.);
#14130=EDGE_CURVE('',#279,#309,#14133,.T.);
#14131=LINE('',#308,#14134);
#14132=LINE('',#312,#14135);
#14133=LINE('',#278,#14136);
#14134=VECTOR('',#14137,1.0);
#14135=VECTOR('',#14138,1.0);
#14136=VECTOR('',#14139,1.0);
#14137=DIRECTION('',(-0.6768959956838762,0,-0.7360786717648691));
#14138=DIRECTION('',(0.4721023192749417,0,-0.8815437596258175));
#14139=DIRECTION('',(-0.3496789589795086,0,0.9368695883883772));
#14140=FACE_SURFACE('',(#14145),#14141,.T.);
#14141=PLANE('',#14142);
#14142=AXIS2_PLACEMENT_3D('',#312,#14143,#14144);
#14143=DIRECTION('',(0,-1,-0));
#14144=DIRECTION('',(-0.7944514414326287,0,-0.6073276769632835));
#14145=FACE_BOUND('',#14146,.T.);
#14146=EDGE_LOOP('',(#14147,#14148,#14149));
#14147=ORIENTED_EDGE('',*,*,#14150,.T.);
#14148=ORIENTED_EDGE('',*,*,#14151,.T.);
#14149=ORIENTED_EDGE('',*,*,#14152,.T.);
#14150=EDGE_CURVE('',#313,#321,#14153,.F.);
#14151=EDGE_CURVE('',#321,#279,#14154,.T.);
#14152=EDGE_CURVE('',#279,#313,#14155,.T.);
#14153=LINE('',#312,#14156);
#14154=LINE('',#320,#14157);
#14155=LINE('',#278,#14158);
#14156=VECTOR('',#14159,1.0);
#14157=VECTOR('',#14160,1.0);
#14158=VECTOR('',#14161,1.0);
#14159=DIRECTION('',(-0.7944514414326287,0,-0.6073276769632835));
#14160=DIRECTION('',(0.5992702513561183,0,-0.8005467917864482));
#14161=DIRECTION('',(-0.4721023192749417,0,0.8815437596258175));
#14162=FACE_SURFACE('',(#14167),#14163,.T.);
#14163=PLANE('',#14164);
#14164=AXIS2_PLACEMENT_3D('',#320,#14165,#14166);
#14165=DIRECTION('',(0,-1,0));
#14166=DIRECTION('',(0.38245844064283185,0,-0.923972695040851));
#14167=FACE_BOUND('',#14168,.T.);
#14168=EDGE_LOOP('',(#14169,#14170,#14171));
#14169=ORIENTED_EDGE('',*,*,#14172,.T.);
#14170=ORIENTED_EDGE('',*,*,#14173,.T.);
#14171=ORIENTED_EDGE('',*,*,#14174,.T.);
#14172=EDGE_CURVE('',#321,#275,#14175,.F.);
#14173=EDGE_CURVE('',#275,#279,#14176,.T.);
#14174=EDGE_CURVE('',#279,#321,#14177,.T.);
#14175=LINE('',#320,#14178);
#14176=LINE('',#274,#14179);
#14177=LINE('',#278,#14180);
#14178=VECTOR('',#14181,1.0);
#14179=VECTOR('',#14182,1.0);
#14180=VECTOR('',#14183,1.0);
#14181=DIRECTION('',(0.38245844064283185,0,-0.923972695040851));
#14182=DIRECTION('',(0.8578427956375518,0,0.5139121889707906));
#14183=DIRECTION('',(-0.5992702513561183,0,0.8005467917864482));
#14184=FACE_SURFACE('',(#14189),#14185,.T.);
#14185=PLANE('',#14186);
#14186=AXIS2_PLACEMENT_3D('',#314,#14187,#14188);
#14187=DIRECTION('',(0,-1,-0));
#14188=DIRECTION('',(-0.5785049512193096,0,-0.8156788715019804));
#14189=FACE_BOUND('',#14190,.T.);
#14190=EDGE_LOOP('',(#14191,#14192,#14193));
#14191=ORIENTED_EDGE('',*,*,#14194,.T.);
#14192=ORIENTED_EDGE('',*,*,#14195,.T.);
#14193=ORIENTED_EDGE('',*,*,#14196,.T.);
#14194=EDGE_CURVE('',#315,#371,#14197,.F.);
#14195=EDGE_CURVE('',#371,#295,#14198,.T.);
#14196=EDGE_CURVE('',#295,#315,#14199,.T.);
#14197=LINE('',#314,#14200);
#14198=LINE('',#370,#14201);
#14199=LINE('',#294,#14202);
#14200=VECTOR('',#14203,1.0);
#14201=VECTOR('',#14204,1.0);
#14202=VECTOR('',#14205,1.0);
#14203=DIRECTION('',(-0.5785049512193096,0,-0.8156788715019804));
#14204=DIRECTION('',(0.7229990805352738,0,0.6908489918536095));
#14205=DIRECTION('',(-0.9456867821092108,0,0.32507923671610606));
#14206=FACE_SURFACE('',(#14211),#14207,.T.);
#14207=PLANE('',#14208);
#14208=AXIS2_PLACEMENT_3D('',#320,#14209,#14210);
#14209=DIRECTION('',(0,-1,-0));
#14210=DIRECTION('',(-0.8878297555342496,0,-0.46017206041653));
#14211=FACE_BOUND('',#14212,.T.);
#14212=EDGE_LOOP('',(#14213,#14214,#14215));
#14213=ORIENTED_EDGE('',*,*,#14216,.T.);
#14214=ORIENTED_EDGE('',*,*,#14217,.T.);
#14215=ORIENTED_EDGE('',*,*,#14218,.T.);
#14216=EDGE_CURVE('',#321,#331,#14219,.F.);
#14217=EDGE_CURVE('',#331,#275,#14220,.T.);
#14218=EDGE_CURVE('',#275,#321,#14221,.T.);
#14219=LINE('',#320,#14222);
#14220=LINE('',#330,#14223);
#14221=LINE('',#274,#14224);
#14222=VECTOR('',#14225,1.0);
#14223=VECTOR('',#14226,1.0);
#14224=VECTOR('',#14227,1.0);
#14225=DIRECTION('',(-0.8878297555342496,0,-0.46017206041653));
#14226=DIRECTION('',(0.5177057672151556,0,-0.8555587288971852));
#14227=DIRECTION('',(-0.38245844064283185,0,0.923972695040851));
#14228=FACE_SURFACE('',(#14233),#14229,.T.);
#14229=PLANE('',#14230);
#14230=AXIS2_PLACEMENT_3D('',#330,#14231,#14232);
#14231=DIRECTION('',(0,-1,0));
#14232=DIRECTION('',(0.2896908475455138,0,-0.9571202708376633));
#14233=FACE_BOUND('',#14234,.T.);
#14234=EDGE_LOOP('',(#14235,#14236,#14237));
#14235=ORIENTED_EDGE('',*,*,#14238,.T.);
#14236=ORIENTED_EDGE('',*,*,#14239,.T.);
#14237=ORIENTED_EDGE('',*,*,#14240,.T.);
#14238=EDGE_CURVE('',#331,#301,#14241,.F.);
#14239=EDGE_CURVE('',#301,#275,#14242,.T.);
#14240=EDGE_CURVE('',#275,#331,#14243,.T.);
#14241=LINE('',#330,#14244);
#14242=LINE('',#300,#14245);
#14243=LINE('',#274,#14246);
#14244=VECTOR('',#14247,1.0);
#14245=VECTOR('',#14248,1.0);
#14246=VECTOR('',#14249,1.0);
#14247=DIRECTION('',(0.2896908475455138,0,-0.9571202708376633));
#14248=DIRECTION('',(0.9187128932858073,0,0.3949260939852175));
#14249=DIRECTION('',(-0.5177057672151556,0,0.8555587288971852));
#14250=FACE_SURFACE('',(#14255),#14251,.T.);
#14251=PLANE('',#14252);
#14252=AXIS2_PLACEMENT_3D('',#332,#14253,#14254);
#14253=DIRECTION('',(0,-1,-0));
#14254=DIRECTION('',(-0.39495360209045555,0,-0.9187010679191431));
#14255=FACE_BOUND('',#14256,.T.);
#14256=EDGE_LOOP('',(#14257,#14258,#14259));
#14257=ORIENTED_EDGE('',*,*,#14260,.T.);
#14258=ORIENTED_EDGE('',*,*,#14261,.T.);
#14259=ORIENTED_EDGE('',*,*,#14262,.T.);
#14260=EDGE_CURVE('',#333,#371,#14263,.F.);
#14261=EDGE_CURVE('',#371,#315,#14264,.T.);
#14262=EDGE_CURVE('',#315,#333,#14265,.T.);
#14263=LINE('',#332,#14266);
#14264=LINE('',#370,#14267);
#14265=LINE('',#314,#14268);
#14266=VECTOR('',#14269,1.0);
#14267=VECTOR('',#14270,1.0);
#14268=VECTOR('',#14271,1.0);
#14269=DIRECTION('',(-0.39495360209045555,0,-0.9187010679191431));
#14270=DIRECTION('',(0.5785049512193096,0,0.8156788715019804));
#14271=DIRECTION('',(-0.9805857984617714,0,0.19609051954413867));
#14272=FACE_SURFACE('',(#14277),#14273,.T.);
#14273=PLANE('',#14274);
#14274=AXIS2_PLACEMENT_3D('',#330,#14275,#14276);
#14275=DIRECTION('',(0,-1,0));
#14276=DIRECTION('',(0.04764329169235471,0,-0.9988644136001229));
#14277=FACE_BOUND('',#14278,.T.);
#14278=EDGE_LOOP('',(#14279,#14280,#14281));
#14279=ORIENTED_EDGE('',*,*,#14282,.T.);
#14280=ORIENTED_EDGE('',*,*,#14283,.T.);
#14281=ORIENTED_EDGE('',*,*,#14284,.T.);
#14282=EDGE_CURVE('',#331,#323,#14285,.F.);
#14283=EDGE_CURVE('',#323,#301,#14286,.T.);
#14284=EDGE_CURVE('',#301,#331,#14287,.T.);
#14285=LINE('',#330,#14288);
#14286=LINE('',#322,#14289);
#14287=LINE('',#300,#14290);
#14288=VECTOR('',#14291,1.0);
#14289=VECTOR('',#14292,1.0);
#14290=VECTOR('',#14293,1.0);
#14291=DIRECTION('',(0.04764329169235471,0,-0.9988644136001229));
#14292=DIRECTION('',(0.9631700596345367,0,0.2688929828455981));
#14293=DIRECTION('',(-0.2896908475455138,0,0.9571202708376633));
#14294=FACE_SURFACE('',(#14299),#14295,.T.);
#14295=PLANE('',#14296);
#14296=AXIS2_PLACEMENT_3D('',#354,#14297,#14298);
#14297=DIRECTION('',(0,-1,-0));
#14298=DIRECTION('',(-0.1753454074030847,0,-0.9845069771731667));
#14299=FACE_BOUND('',#14300,.T.);
#14300=EDGE_LOOP('',(#14301,#14302,#14303));
#14301=ORIENTED_EDGE('',*,*,#14304,.T.);
#14302=ORIENTED_EDGE('',*,*,#14305,.T.);
#14303=ORIENTED_EDGE('',*,*,#14306,.T.);
#14304=EDGE_CURVE('',#355,#371,#14307,.F.);
#14305=EDGE_CURVE('',#371,#333,#14308,.T.);
#14306=EDGE_CURVE('',#333,#355,#14309,.T.);
#14307=LINE('',#354,#14310);
#14308=LINE('',#370,#14311);
#14309=LINE('',#332,#14312);
#14310=VECTOR('',#14313,1.0);
#14311=VECTOR('',#14314,1.0);
#14312=VECTOR('',#14315,1.0);
#14313=DIRECTION('',(-0.1753454074030847,0,-0.9845069771731667));
#14314=DIRECTION('',(0.39495360209045555,0,0.9187010679191431));
#14315=DIRECTION('',(-0.9979777598627606,0,0.0635640686182537));
#14316=FACE_SURFACE('',(#14321),#14317,.T.);
#14317=PLANE('',#14318);
#14318=AXIS2_PLACEMENT_3D('',#346,#14319,#14320);
#14319=DIRECTION('',(0,-1,-0));
#14320=DIRECTION('',(-0.05278437075817655,0,-0.9986059333909765));
#14321=FACE_BOUND('',#14322,.T.);
#14322=EDGE_LOOP('',(#14323,#14324,#14325));
#14323=ORIENTED_EDGE('',*,*,#14326,.T.);
#14324=ORIENTED_EDGE('',*,*,#14327,.T.);
#14325=ORIENTED_EDGE('',*,*,#14328,.T.);
#14326=EDGE_CURVE('',#347,#339,#14329,.F.);
#14327=EDGE_CURVE('',#339,#323,#14330,.T.);
#14328=EDGE_CURVE('',#323,#347,#14331,.T.);
#14329=LINE('',#346,#14332);
#14330=LINE('',#338,#14333);
#14331=LINE('',#322,#14334);
#14332=VECTOR('',#14335,1.0);
#14333=VECTOR('',#14336,1.0);
#14334=VECTOR('',#14337,1.0);
#14335=DIRECTION('',(-0.05278437075817655,0,-0.9986059333909765));
#14336=DIRECTION('',(0.9904251748584664,0,0.1380506175523184));
#14337=DIRECTION('',(-0.19449248554577367,0,0.9809040080793976));
#14338=FACE_SURFACE('',(#14343),#14339,.T.);
#14339=PLANE('',#14340);
#14340=AXIS2_PLACEMENT_3D('',#330,#14341,#14342);
#14341=DIRECTION('',(0,-1,-0));
#14342=DIRECTION('',(-0.954252178593568,0,-0.29900297598757936));
#14343=FACE_BOUND('',#14344,.T.);
#14344=EDGE_LOOP('',(#14345,#14346,#14347));
#14345=ORIENTED_EDGE('',*,*,#14348,.T.);
#14346=ORIENTED_EDGE('',*,*,#14349,.T.);
#14347=ORIENTED_EDGE('',*,*,#14350,.T.);
#14348=EDGE_CURVE('',#331,#347,#14351,.F.);
#14349=EDGE_CURVE('',#347,#323,#14352,.T.);
#14350=EDGE_CURVE('',#323,#331,#14353,.T.);
#14351=LINE('',#330,#14354);
#14352=LINE('',#346,#14355);
#14353=LINE('',#322,#14356);
#14354=VECTOR('',#14357,1.0);
#14355=VECTOR('',#14358,1.0);
#14356=VECTOR('',#14359,1.0);
#14357=DIRECTION('',(-0.954252178593568,0,-0.29900297598757936));
#14358=DIRECTION('',(0.19449248554577367,0,-0.9809040080793976));
#14359=DIRECTION('',(-0.04764329169235471,0,0.9988644136001229));
#14360=FACE_SURFACE('',(#14365),#14361,.T.);
#14361=PLANE('',#14362);
#14362=AXIS2_PLACEMENT_3D('',#352,#14363,#14364);
#14363=DIRECTION('',(0,-1,0));
#14364=DIRECTION('',(0.09749965884659448,0,-0.9952355583100906));
#14365=FACE_BOUND('',#14366,.T.);
#14366=EDGE_LOOP('',(#14367,#14368,#14369));
#14367=ORIENTED_EDGE('',*,*,#14370,.T.);
#14368=ORIENTED_EDGE('',*,*,#14371,.T.);
#14369=ORIENTED_EDGE('',*,*,#14372,.T.);
#14370=EDGE_CURVE('',#353,#339,#14373,.F.);
#14371=EDGE_CURVE('',#339,#347,#14374,.T.);
#14372=EDGE_CURVE('',#347,#353,#14375,.T.);
#14373=LINE('',#352,#14376);
#14374=LINE('',#338,#14377);
#14375=LINE('',#346,#14378);
#14376=VECTOR('',#14379,1.0);
#14377=VECTOR('',#14380,1.0);
#14378=VECTOR('',#14381,1.0);
#14379=DIRECTION('',(0.09749965884659448,0,-0.9952355583100906));
#14380=DIRECTION('',(0.05278437075817655,0,0.9986059333909765));
#14381=DIRECTION('',(-0.9916779839719535,0,-0.12874306235802346));
#14382=FACE_SURFACE('',(#14387),#14383,.T.);
#14383=PLANE('',#14384);
#14384=AXIS2_PLACEMENT_3D('',#384,#14385,#14386);
#14385=DIRECTION('',(0,-1,0));
#14386=DIRECTION('',(0.06788560869217657,0,-0.9976931111982745));
#14387=FACE_BOUND('',#14388,.T.);
#14388=EDGE_LOOP('',(#14389,#14390,#14391));
#14389=ORIENTED_EDGE('',*,*,#14392,.T.);
#14390=ORIENTED_EDGE('',*,*,#14393,.T.);
#14391=ORIENTED_EDGE('',*,*,#14394,.T.);
#14392=EDGE_CURVE('',#385,#371,#14395,.F.);
#14393=EDGE_CURVE('',#371,#355,#14396,.T.);
#14394=EDGE_CURVE('',#355,#385,#14397,.T.);
#14395=LINE('',#384,#14398);
#14396=LINE('',#370,#14399);
#14397=LINE('',#354,#14400);
#14398=VECTOR('',#14401,1.0);
#14399=VECTOR('',#14402,1.0);
#14400=VECTOR('',#14403,1.0);
#14401=DIRECTION('',(0.06788560869217657,0,-0.9976931111982745));
#14402=DIRECTION('',(0.1753454074030847,0,0.9845069771731667));
#14403=DIRECTION('',(-0.9975418513996788,0,-0.07007320961752127));
#14404=FACE_SURFACE('',(#14409),#14405,.T.);
#14405=PLANE('',#14406);
#14406=AXIS2_PLACEMENT_3D('',#352,#14407,#14408);
#14407=DIRECTION('',(0,-1,-0));
#14408=DIRECTION('',(-0.15167925707441265,0,-0.988429766333124));
#14409=FACE_BOUND('',#14410,.T.);
#14410=EDGE_LOOP('',(#14411,#14412,#14413));
#14411=ORIENTED_EDGE('',*,*,#14414,.T.);
#14412=ORIENTED_EDGE('',*,*,#14415,.T.);
#14413=ORIENTED_EDGE('',*,*,#14416,.T.);
#14414=EDGE_CURVE('',#353,#359,#14417,.F.);
#14415=EDGE_CURVE('',#359,#339,#14418,.T.);
#14416=EDGE_CURVE('',#339,#353,#14419,.T.);
#14417=LINE('',#352,#14420);
#14418=LINE('',#358,#14421);
#14419=LINE('',#338,#14422);
#14420=VECTOR('',#14423,1.0);
#14421=VECTOR('',#14424,1.0);
#14422=VECTOR('',#14425,1.0);
#14423=DIRECTION('',(-0.15167925707441265,0,-0.988429766333124));
#14424=DIRECTION('',(0.9999887299650018,0,0.004747624983373952));
#14425=DIRECTION('',(-0.09749965884659448,0,0.9952355583100906));
#14426=FACE_SURFACE('',(#14431),#14427,.T.);
#14427=PLANE('',#14428);
#14428=AXIS2_PLACEMENT_3D('',#366,#14429,#14430);
#14429=DIRECTION('',(0,-1,-0));
#14430=DIRECTION('',(-0.0006458673817155816,0,-0.9999997914276408));
#14431=FACE_BOUND('',#14432,.T.);
#14432=EDGE_LOOP('',(#14433,#14434,#14435));
#14433=ORIENTED_EDGE('',*,*,#14436,.T.);
#14434=ORIENTED_EDGE('',*,*,#14437,.T.);
#14435=ORIENTED_EDGE('',*,*,#14438,.T.);
#14436=EDGE_CURVE('',#367,#359,#14439,.F.);
#14437=EDGE_CURVE('',#359,#353,#14440,.T.);
#14438=EDGE_CURVE('',#353,#367,#14441,.T.);
#14439=LINE('',#366,#14442);
#14440=LINE('',#358,#14443);
#14441=LINE('',#352,#14444);
#14442=VECTOR('',#14445,1.0);
#14443=VECTOR('',#14446,1.0);
#14444=VECTOR('',#14447,1.0);
#14445=DIRECTION('',(-0.0006458673817155816,0,-0.9999997914276408));
#14446=DIRECTION('',(0.15167925707441265,0,0.988429766333124));
#14447=DIRECTION('',(-0.9989684757501074,0,0.04540907902068696));
#14448=FACE_SURFACE('',(#14453),#14449,.T.);
#14449=PLANE('',#14450);
#14450=AXIS2_PLACEMENT_3D('',#400,#14451,#14452);
#14451=DIRECTION('',(0,-1,0));
#14452=DIRECTION('',(0.16613628313497064,0,-0.9861028016520879));
#14453=FACE_BOUND('',#14454,.T.);
#14454=EDGE_LOOP('',(#14455,#14456,#14457));
#14455=ORIENTED_EDGE('',*,*,#14458,.T.);
#14456=ORIENTED_EDGE('',*,*,#14459,.T.);
#14457=ORIENTED_EDGE('',*,*,#14460,.T.);
#14458=EDGE_CURVE('',#401,#389,#14461,.F.);
#14459=EDGE_CURVE('',#389,#371,#14462,.T.);
#14460=EDGE_CURVE('',#371,#401,#14463,.T.);
#14461=LINE('',#400,#14464);
#14462=LINE('',#388,#14465);
#14463=LINE('',#370,#14466);
#14464=VECTOR('',#14467,1.0);
#14465=VECTOR('',#14468,1.0);
#14466=VECTOR('',#14469,1.0);
#14467=DIRECTION('',(0.16613628313497064,0,-0.9861028016520879));
#14468=DIRECTION('',(0.9542566386084832,0,0.29898874171386264));
#14469=DIRECTION('',(-0.3128765030418848,0,0.9497938164908641));
#14470=FACE_SURFACE('',(#14475),#14471,.T.);
#14471=PLANE('',#14472);
#14472=AXIS2_PLACEMENT_3D('',#384,#14473,#14474);
#14473=DIRECTION('',(0,-1,-0));
#14474=DIRECTION('',(-0.9792876842327535,0,-0.20247377980877143));
#14475=FACE_BOUND('',#14476,.T.);
#14476=EDGE_LOOP('',(#14477,#14478,#14479));
#14477=ORIENTED_EDGE('',*,*,#14480,.T.);
#14478=ORIENTED_EDGE('',*,*,#14481,.T.);
#14479=ORIENTED_EDGE('',*,*,#14482,.T.);
#14480=EDGE_CURVE('',#385,#401,#14483,.F.);
#14481=EDGE_CURVE('',#401,#371,#14484,.T.);
#14482=EDGE_CURVE('',#371,#385,#14485,.T.);
#14483=LINE('',#384,#14486);
#14484=LINE('',#400,#14487);
#14485=LINE('',#370,#14488);
#14486=VECTOR('',#14489,1.0);
#14487=VECTOR('',#14490,1.0);
#14488=VECTOR('',#14491,1.0);
#14489=DIRECTION('',(-0.9792876842327535,0,-0.20247377980877143));
#14490=DIRECTION('',(0.3128765030418848,0,-0.9497938164908641));
#14491=DIRECTION('',(-0.06788560869217657,0,0.9976931111982745));
#14492=FACE_SURFACE('',(#14497),#14493,.T.);
#14493=PLANE('',#14494);
#14494=AXIS2_PLACEMENT_3D('',#378,#14495,#14496);
#14495=DIRECTION('',(0,-1,-0));
#14496=DIRECTION('',(-0.3421609418680719,0,-0.9396413623611691));
#14497=FACE_BOUND('',#14498,.T.);
#14498=EDGE_LOOP('',(#14499,#14500,#14501));
#14499=ORIENTED_EDGE('',*,*,#14502,.T.);
#14500=ORIENTED_EDGE('',*,*,#14503,.T.);
#14501=ORIENTED_EDGE('',*,*,#14504,.T.);
#14502=EDGE_CURVE('',#379,#415,#14505,.F.);
#14503=EDGE_CURVE('',#415,#367,#14506,.T.);
#14504=EDGE_CURVE('',#367,#379,#14507,.T.);
#14505=LINE('',#378,#14508);
#14506=LINE('',#414,#14509);
#14507=LINE('',#366,#14510);
#14508=VECTOR('',#14511,1.0);
#14509=VECTOR('',#14512,1.0);
#14510=VECTOR('',#14513,1.0);
#14511=DIRECTION('',(-0.3421609418680719,0,-0.9396413623611691));
#14512=DIRECTION('',(0.47627577496399626,0,0.8792959605175295));
#14513=DIRECTION('',(-0.9759059728097015,0,0.21819150357965422));
#14514=FACE_SURFACE('',(#14519),#14515,.T.);
#14515=PLANE('',#14516);
#14516=AXIS2_PLACEMENT_3D('',#414,#14517,#14518);
#14517=DIRECTION('',(0,-1,0));
#14518=DIRECTION('',(0.9656811337650841,0,-0.2597305293764708));
#14519=FACE_BOUND('',#14520,.T.);
#14520=EDGE_LOOP('',(#14521,#14522,#14523));
#14521=ORIENTED_EDGE('',*,*,#14524,.T.);
#14522=ORIENTED_EDGE('',*,*,#14525,.T.);
#14523=ORIENTED_EDGE('',*,*,#14526,.T.);
#14524=EDGE_CURVE('',#415,#387,#14527,.F.);
#14525=EDGE_CURVE('',#387,#367,#14528,.T.);
#14526=EDGE_CURVE('',#367,#415,#14529,.T.);
#14527=LINE('',#414,#14530);
#14528=LINE('',#386,#14531);
#14529=LINE('',#366,#14532);
#14530=VECTOR('',#14533,1.0);
#14531=VECTOR('',#14534,1.0);
#14532=VECTOR('',#14535,1.0);
#14533=DIRECTION('',(0.9656811337650841,0,-0.2597305293764708));
#14534=DIRECTION('',(0.2483453905448875,0,0.9686715475304863));
#14535=DIRECTION('',(-0.47627577496399626,0,-0.8792959605175295));
#14536=FACE_SURFACE('',(#14541),#14537,.T.);
#14537=PLANE('',#14538);
#14538=AXIS2_PLACEMENT_3D('',#386,#14539,#14540);
#14539=DIRECTION('',(0,-1,0));
#14540=DIRECTION('',(0.9916910470983622,0,-0.12864240010569647));
#14541=FACE_BOUND('',#14542,.T.);
#14542=EDGE_LOOP('',(#14543,#14544,#14545));
#14543=ORIENTED_EDGE('',*,*,#14546,.T.);
#14544=ORIENTED_EDGE('',*,*,#14547,.T.);
#14545=ORIENTED_EDGE('',*,*,#14548,.T.);
#14546=EDGE_CURVE('',#387,#359,#14549,.F.);
#14547=EDGE_CURVE('',#359,#367,#14550,.T.);
#14548=EDGE_CURVE('',#367,#387,#14551,.T.);
#14549=LINE('',#386,#14552);
#14550=LINE('',#358,#14553);
#14551=LINE('',#366,#14554);
#14552=VECTOR('',#14555,1.0);
#14553=VECTOR('',#14556,1.0);
#14554=VECTOR('',#14557,1.0);
#14555=DIRECTION('',(0.9916910470983622,0,-0.12864240010569647));
#14556=DIRECTION('',(0.0006458673817155816,0,0.9999997914276408));
#14557=DIRECTION('',(-0.2483453905448875,0,-0.9686715475304863));
#14558=FACE_SURFACE('',(#14563),#14559,.T.);
#14559=PLANE('',#14560);
#14560=AXIS2_PLACEMENT_3D('',#400,#14561,#14562);
#14561=DIRECTION('',(0,-1,-0));
#14562=DIRECTION('',(-0.9435410934480932,0,-0.33125549802950693));
#14563=FACE_BOUND('',#14564,.T.);
#14564=EDGE_LOOP('',(#14565,#14566,#14567));
#14565=ORIENTED_EDGE('',*,*,#14568,.T.);
#14566=ORIENTED_EDGE('',*,*,#14569,.T.);
#14567=ORIENTED_EDGE('',*,*,#14570,.T.);
#14568=EDGE_CURVE('',#401,#433,#14571,.F.);
#14569=EDGE_CURVE('',#433,#389,#14572,.T.);
#14570=EDGE_CURVE('',#389,#401,#14573,.T.);
#14571=LINE('',#400,#14574);
#14572=LINE('',#432,#14575);
#14573=LINE('',#388,#14576);
#14574=VECTOR('',#14577,1.0);
#14575=VECTOR('',#14578,1.0);
#14576=VECTOR('',#14579,1.0);
#14577=DIRECTION('',(-0.9435410934480932,0,-0.33125549802950693));
#14578=DIRECTION('',(0.40447319396757064,0,-0.9145498539509326));
#14579=DIRECTION('',(-0.16613628313497064,0,0.9861028016520879));
#14580=FACE_SURFACE('',(#14585),#14581,.T.);
#14581=PLANE('',#14582);
#14582=AXIS2_PLACEMENT_3D('',#432,#14583,#14584);
#14583=DIRECTION('',(0,-1,0));
#14584=DIRECTION('',(0.2635872513544271,0,-0.9646355586040866));
#14585=FACE_BOUND('',#14586,.T.);
#14586=EDGE_LOOP('',(#14587,#14588,#14589));
#14587=ORIENTED_EDGE('',*,*,#14590,.T.);
#14588=ORIENTED_EDGE('',*,*,#14591,.T.);
#14589=ORIENTED_EDGE('',*,*,#14592,.T.);
#14590=EDGE_CURVE('',#433,#403,#14593,.F.);
#14591=EDGE_CURVE('',#403,#389,#14594,.T.);
#14592=EDGE_CURVE('',#389,#433,#14595,.T.);
#14593=LINE('',#432,#14596);
#14594=LINE('',#402,#14597);
#14595=LINE('',#388,#14598);
#14596=VECTOR('',#14599,1.0);
#14597=VECTOR('',#14600,1.0);
#14598=VECTOR('',#14601,1.0);
#14599=DIRECTION('',(0.2635872513544271,0,-0.9646355586040866));
#14600=DIRECTION('',(0.887836375631252,0,0.46015928775366727));
#14601=DIRECTION('',(-0.40447319396757064,0,0.9145498539509326));
#14602=FACE_SURFACE('',(#14607),#14603,.T.);
#14603=PLANE('',#14604);
#14604=AXIS2_PLACEMENT_3D('',#394,#14605,#14606);
#14605=DIRECTION('',(0,-1,-0));
#14606=DIRECTION('',(-0.43251982364161773,0,-0.9016244241129584));
#14607=FACE_BOUND('',#14608,.T.);
#14608=EDGE_LOOP('',(#14609,#14610,#14611));
#14609=ORIENTED_EDGE('',*,*,#14612,.T.);
#14610=ORIENTED_EDGE('',*,*,#14613,.T.);
#14611=ORIENTED_EDGE('',*,*,#14614,.T.);
#14612=EDGE_CURVE('',#395,#447,#14615,.F.);
#14613=EDGE_CURVE('',#447,#379,#14616,.T.);
#14614=EDGE_CURVE('',#379,#395,#14617,.T.);
#14615=LINE('',#394,#14618);
#14616=LINE('',#446,#14619);
#14617=LINE('',#378,#14620);
#14618=VECTOR('',#14621,1.0);
#14619=VECTOR('',#14622,1.0);
#14620=VECTOR('',#14623,1.0);
#14621=DIRECTION('',(-0.43251982364161773,0,-0.9016244241129584));
#14622=DIRECTION('',(0.5623348333795892,0,0.826909629383979));
#14623=DIRECTION('',(-0.9231952716273297,0,0.38433122491535987));
#14624=FACE_SURFACE('',(#14629),#14625,.T.);
#14625=PLANE('',#14626);
#14626=AXIS2_PLACEMENT_3D('',#446,#14627,#14628);
#14627=DIRECTION('',(0,-1,0));
#14628=DIRECTION('',(0.9224163182860364,0,-0.38619701676687473));
#14629=FACE_BOUND('',#14630,.T.);
#14630=EDGE_LOOP('',(#14631,#14632,#14633));
#14631=ORIENTED_EDGE('',*,*,#14634,.T.);
#14632=ORIENTED_EDGE('',*,*,#14635,.T.);
#14633=ORIENTED_EDGE('',*,*,#14636,.T.);
#14634=EDGE_CURVE('',#447,#415,#14637,.F.);
#14635=EDGE_CURVE('',#415,#379,#14638,.T.);
#14636=EDGE_CURVE('',#379,#447,#14639,.T.);
#14637=LINE('',#446,#14640);
#14638=LINE('',#414,#14641);
#14639=LINE('',#378,#14642);
#14640=VECTOR('',#14643,1.0);
#14641=VECTOR('',#14644,1.0);
#14642=VECTOR('',#14645,1.0);
#14643=DIRECTION('',(0.9224163182860364,0,-0.38619701676687473));
#14644=DIRECTION('',(0.3421609418680719,0,0.9396413623611691));
#14645=DIRECTION('',(-0.5623348333795892,0,-0.826909629383979));
#14646=FACE_SURFACE('',(#14651),#14647,.T.);
#14647=PLANE('',#14648);
#14648=AXIS2_PLACEMENT_3D('',#490,#14649,#14650);
#14649=DIRECTION('',(0,-1,0));
#14650=DIRECTION('',(0.5751276279215599,0,-0.8180636965428302));
#14651=FACE_BOUND('',#14652,.T.);
#14652=EDGE_LOOP('',(#14653,#14654,#14655));
#14653=ORIENTED_EDGE('',*,*,#14656,.T.);
#14654=ORIENTED_EDGE('',*,*,#14657,.T.);
#14655=ORIENTED_EDGE('',*,*,#14658,.T.);
#14656=EDGE_CURVE('',#491,#417,#14659,.F.);
#14657=EDGE_CURVE('',#417,#403,#14660,.T.);
#14658=EDGE_CURVE('',#403,#491,#14661,.T.);
#14659=LINE('',#490,#14662);
#14660=LINE('',#416,#14663);
#14661=LINE('',#402,#14664);
#14662=VECTOR('',#14665,1.0);
#14663=VECTOR('',#14666,1.0);
#14664=VECTOR('',#14667,1.0);
#14665=DIRECTION('',(0.5751276279215599,0,-0.8180636965428302));
#14666=DIRECTION('',(0.7944399097989777,0,0.6073427613124175));
#14667=DIRECTION('',(-0.6920615800006434,0,0.7218384649539071));
#14668=FACE_SURFACE('',(#14673),#14669,.T.);
#14669=PLANE('',#14670);
#14670=AXIS2_PLACEMENT_3D('',#432,#14671,#14672);
#14671=DIRECTION('',(0,-1,-0));
#14672=DIRECTION('',(-0.890941019511616,0,-0.4541190369843599));
#14673=FACE_BOUND('',#14674,.T.);
#14674=EDGE_LOOP('',(#14675,#14676,#14677));
#14675=ORIENTED_EDGE('',*,*,#14678,.T.);
#14676=ORIENTED_EDGE('',*,*,#14679,.T.);
#14677=ORIENTED_EDGE('',*,*,#14680,.T.);
#14678=EDGE_CURVE('',#433,#487,#14681,.F.);
#14679=EDGE_CURVE('',#487,#403,#14682,.T.);
#14680=EDGE_CURVE('',#403,#433,#14683,.T.);
#14681=LINE('',#432,#14684);
#14682=LINE('',#486,#14685);
#14683=LINE('',#402,#14686);
#14684=VECTOR('',#14687,1.0);
#14685=VECTOR('',#14688,1.0);
#14686=VECTOR('',#14689,1.0);
#14687=DIRECTION('',(-0.890941019511616,0,-0.4541190369843599));
#14688=DIRECTION('',(0.4920797116560259,0,-0.8705501463882034));
#14689=DIRECTION('',(-0.2635872513544271,0,0.9646355586040866));
#14690=FACE_SURFACE('',(#14695),#14691,.T.);
#14691=PLANE('',#14692);
#14692=AXIS2_PLACEMENT_3D('',#486,#14693,#14694);
#14693=DIRECTION('',(0,-1,-0));
#14694=DIRECTION('',(-0.8224301660969707,0,-0.5688660843236387));
#14695=FACE_BOUND('',#14696,.T.);
#14696=EDGE_LOOP('',(#14697,#14698,#14699));
#14697=ORIENTED_EDGE('',*,*,#14700,.T.);
#14698=ORIENTED_EDGE('',*,*,#14701,.T.);
#14699=ORIENTED_EDGE('',*,*,#14702,.T.);
#14700=EDGE_CURVE('',#487,#491,#14703,.F.);
#14701=EDGE_CURVE('',#491,#403,#14704,.T.);
#14702=EDGE_CURVE('',#403,#487,#14705,.T.);
#14703=LINE('',#486,#14706);
#14704=LINE('',#490,#14707);
#14705=LINE('',#402,#14708);
#14706=VECTOR('',#14709,1.0);
#14707=VECTOR('',#14710,1.0);
#14708=VECTOR('',#14711,1.0);
#14709=DIRECTION('',(-0.8224301660969707,0,-0.5688660843236387));
#14710=DIRECTION('',(0.6920615800006434,0,-0.7218384649539071));
#14711=DIRECTION('',(-0.4920797116560259,0,0.8705501463882034));
#14712=FACE_SURFACE('',(#14717),#14713,.T.);
#14713=PLANE('',#14714);
#14714=AXIS2_PLACEMENT_3D('',#408,#14715,#14716);
#14715=DIRECTION('',(0,-1,-0));
#14716=DIRECTION('',(-0.5188459881135132,0,-0.8548677328209974));
#14717=FACE_BOUND('',#14718,.T.);
#14718=EDGE_LOOP('',(#14719,#14720,#14721));
#14719=ORIENTED_EDGE('',*,*,#14722,.T.);
#14720=ORIENTED_EDGE('',*,*,#14723,.T.);
#14721=ORIENTED_EDGE('',*,*,#14724,.T.);
#14722=EDGE_CURVE('',#409,#489,#14725,.F.);
#14723=EDGE_CURVE('',#489,#395,#14726,.T.);
#14724=EDGE_CURVE('',#395,#409,#14727,.T.);
#14725=LINE('',#408,#14728);
#14726=LINE('',#488,#14729);
#14727=LINE('',#394,#14730);
#14728=VECTOR('',#14731,1.0);
#14729=VECTOR('',#14732,1.0);
#14730=VECTOR('',#14733,1.0);
#14731=DIRECTION('',(-0.5188459881135132,0,-0.8548677328209974));
#14732=DIRECTION('',(0.641860419081403,0,0.7668214931890249));
#14733=DIRECTION('',(-0.8424266541780169,0,0.5388110358283617));
#14734=FACE_SURFACE('',(#14739),#14735,.T.);
#14735=PLANE('',#14736);
#14736=AXIS2_PLACEMENT_3D('',#488,#14737,#14738);
#14737=DIRECTION('',(0,-1,0));
#14738=DIRECTION('',(0.8626885231267336,0,-0.505735614788414));
#14739=FACE_BOUND('',#14740,.T.);
#14740=EDGE_LOOP('',(#14741,#14742,#14743));
#14741=ORIENTED_EDGE('',*,*,#14744,.T.);
#14742=ORIENTED_EDGE('',*,*,#14745,.T.);
#14743=ORIENTED_EDGE('',*,*,#14746,.T.);
#14744=EDGE_CURVE('',#489,#447,#14747,.F.);
#14745=EDGE_CURVE('',#447,#395,#14748,.T.);
#14746=EDGE_CURVE('',#395,#489,#14749,.T.);
#14747=LINE('',#488,#14750);
#14748=LINE('',#446,#14751);
#14749=LINE('',#394,#14752);
#14750=VECTOR('',#14753,1.0);
#14751=VECTOR('',#14754,1.0);
#14752=VECTOR('',#14755,1.0);
#14753=DIRECTION('',(0.8626885231267336,0,-0.505735614788414));
#14754=DIRECTION('',(0.43251982364161773,0,0.9016244241129584));
#14755=DIRECTION('',(-0.641860419081403,0,-0.7668214931890249));
#14756=FACE_SURFACE('',(#14761),#14757,.T.);
#14757=PLANE('',#14758);
#14758=AXIS2_PLACEMENT_3D('',#490,#14759,#14760);
#14759=DIRECTION('',(0,-1,-0));
#14760=DIRECTION('',(-0.7392232827500375,0,-0.6734604206931972));
#14761=FACE_BOUND('',#14762,.T.);
#14762=EDGE_LOOP('',(#14763,#14764,#14765));
#14763=ORIENTED_EDGE('',*,*,#14766,.T.);
#14764=ORIENTED_EDGE('',*,*,#14767,.T.);
#14765=ORIENTED_EDGE('',*,*,#14768,.T.);
#14766=EDGE_CURVE('',#491,#495,#14769,.F.);
#14767=EDGE_CURVE('',#495,#417,#14770,.T.);
#14768=EDGE_CURVE('',#417,#491,#14771,.T.);
#14769=LINE('',#490,#14772);
#14770=LINE('',#494,#14773);
#14771=LINE('',#416,#14774);
#14772=VECTOR('',#14775,1.0);
#14773=VECTOR('',#14776,1.0);
#14774=VECTOR('',#14777,1.0);
#14775=DIRECTION('',(-0.7392232827500375,0,-0.6734604206931972));
#14776=DIRECTION('',(0.7598543068344137,0,-0.6500934028162357));
#14777=DIRECTION('',(-0.5751276279215599,0,0.8180636965428302));
#14778=FACE_SURFACE('',(#14783),#14779,.T.);
#14779=PLANE('',#14780);
#14780=AXIS2_PLACEMENT_3D('',#494,#14781,#14782);
#14781=DIRECTION('',(0,-1,0));
#14782=DIRECTION('',(0.6530012807885478,0,-0.7573568031572149));
#14783=FACE_BOUND('',#14784,.T.);
#14784=EDGE_LOOP('',(#14785,#14786,#14787));
#14785=ORIENTED_EDGE('',*,*,#14788,.T.);
#14786=ORIENTED_EDGE('',*,*,#14789,.T.);
#14787=ORIENTED_EDGE('',*,*,#14790,.T.);
#14788=EDGE_CURVE('',#495,#435,#14791,.F.);
#14789=EDGE_CURVE('',#435,#417,#14792,.T.);
#14790=EDGE_CURVE('',#417,#495,#14793,.T.);
#14791=LINE('',#494,#14794);
#14792=LINE('',#434,#14795);
#14793=LINE('',#416,#14796);
#14794=VECTOR('',#14797,1.0);
#14795=VECTOR('',#14798,1.0);
#14796=VECTOR('',#14799,1.0);
#14797=DIRECTION('',(0.6530012807885478,0,-0.7573568031572149));
#14798=DIRECTION('',(0.6769129343289055,0,0.7360630946720742));
#14799=DIRECTION('',(-0.7598543068344137,0,0.6500934028162357));
#14800=FACE_SURFACE('',(#14805),#14801,.T.);
#14801=PLANE('',#14802);
#14802=AXIS2_PLACEMENT_3D('',#424,#14803,#14804);
#14803=DIRECTION('',(0,-1,-0));
#14804=DIRECTION('',(-0.6005178809013645,0,-0.7996113272820331));
#14805=FACE_BOUND('',#14806,.T.);
#14806=EDGE_LOOP('',(#14807,#14808,#14809));
#14807=ORIENTED_EDGE('',*,*,#14810,.T.);
#14808=ORIENTED_EDGE('',*,*,#14811,.T.);
#14809=ORIENTED_EDGE('',*,*,#14812,.T.);
#14810=EDGE_CURVE('',#425,#493,#14813,.F.);
#14811=EDGE_CURVE('',#493,#409,#14814,.T.);
#14812=EDGE_CURVE('',#409,#425,#14815,.T.);
#14813=LINE('',#424,#14816);
#14814=LINE('',#492,#14817);
#14815=LINE('',#408,#14818);
#14816=VECTOR('',#14819,1.0);
#14817=VECTOR('',#14820,1.0);
#14818=VECTOR('',#14821,1.0);
#14819=DIRECTION('',(-0.6005178809013645,0,-0.7996113272820331));
#14820=DIRECTION('',(0.7144318704376977,0,0.6997050110602986));
#14821=DIRECTION('',(-0.7360630946720742,0,0.6769129343289055));
#14822=FACE_SURFACE('',(#14827),#14823,.T.);
#14823=PLANE('',#14824);
#14824=AXIS2_PLACEMENT_3D('',#492,#14825,#14826);
#14825=DIRECTION('',(0,-1,0));
#14826=DIRECTION('',(0.7875357179081864,0,-0.616269010269734));
#14827=FACE_BOUND('',#14828,.T.);
#14828=EDGE_LOOP('',(#14829,#14830,#14831));
#14829=ORIENTED_EDGE('',*,*,#14832,.T.);
#14830=ORIENTED_EDGE('',*,*,#14833,.T.);
#14831=ORIENTED_EDGE('',*,*,#14834,.T.);
#14832=EDGE_CURVE('',#493,#489,#14835,.F.);
#14833=EDGE_CURVE('',#489,#409,#14836,.T.);
#14834=EDGE_CURVE('',#409,#493,#14837,.T.);
#14835=LINE('',#492,#14838);
#14836=LINE('',#488,#14839);
#14837=LINE('',#408,#14840);
#14838=VECTOR('',#14841,1.0);
#14839=VECTOR('',#14842,1.0);
#14840=VECTOR('',#14843,1.0);
#14841=DIRECTION('',(0.7875357179081864,0,-0.616269010269734));
#14842=DIRECTION('',(0.5188459881135132,0,0.8548677328209974));
#14843=DIRECTION('',(-0.7144318704376977,0,-0.6997050110602986));
#14844=FACE_SURFACE('',(#14849),#14845,.T.);
#14845=PLANE('',#14846);
#14846=AXIS2_PLACEMENT_3D('',#494,#14847,#14848);
#14847=DIRECTION('',(0,-1,-0));
#14848=DIRECTION('',(-0.6428234001470692,0,-0.7660144099319287));
#14849=FACE_BOUND('',#14850,.T.);
#14850=EDGE_LOOP('',(#14851,#14852,#14853));
#14851=ORIENTED_EDGE('',*,*,#14854,.T.);
#14852=ORIENTED_EDGE('',*,*,#14855,.T.);
#14853=ORIENTED_EDGE('',*,*,#14856,.T.);
#14854=EDGE_CURVE('',#495,#499,#14857,.F.);
#14855=EDGE_CURVE('',#499,#435,#14858,.T.);
#14856=EDGE_CURVE('',#435,#495,#14859,.T.);
#14857=LINE('',#494,#14860);
#14858=LINE('',#498,#14861);
#14859=LINE('',#434,#14862);
#14860=VECTOR('',#14863,1.0);
#14861=VECTOR('',#14864,1.0);
#14862=VECTOR('',#14865,1.0);
#14863=DIRECTION('',(-0.6428234001470692,0,-0.7660144099319287));
#14864=DIRECTION('',(0.8199654275737518,0,-0.5724130480551561));
#14865=DIRECTION('',(-0.6530012807885478,0,0.7573568031572149));
#14866=FACE_SURFACE('',(#14871),#14867,.T.);
#14867=PLANE('',#14868);
#14868=AXIS2_PLACEMENT_3D('',#498,#14869,#14870);
#14869=DIRECTION('',(0,-1,0));
#14870=DIRECTION('',(0.725049361160638,0,-0.6886969027667765));
#14871=FACE_BOUND('',#14872,.T.);
#14872=EDGE_LOOP('',(#14873,#14874,#14875));
#14873=ORIENTED_EDGE('',*,*,#14876,.T.);
#14874=ORIENTED_EDGE('',*,*,#14877,.T.);
#14875=ORIENTED_EDGE('',*,*,#14878,.T.);
#14876=EDGE_CURVE('',#499,#449,#14879,.F.);
#14877=EDGE_CURVE('',#449,#435,#14880,.T.);
#14878=EDGE_CURVE('',#435,#499,#14881,.T.);
#14879=LINE('',#498,#14882);
#14880=LINE('',#448,#14883);
#14881=LINE('',#434,#14884);
#14882=VECTOR('',#14885,1.0);
#14883=VECTOR('',#14886,1.0);
#14884=VECTOR('',#14887,1.0);
#14885=DIRECTION('',(0.725049361160638,0,-0.6886969027667765));
#14886=DIRECTION('',(0.53879994210112,0,0.8424337495565035));
#14887=DIRECTION('',(-0.8199654275737518,0,0.5724130480551561));
#14888=FACE_SURFACE('',(#14893),#14889,.T.);
#14889=PLANE('',#14890);
#14890=AXIS2_PLACEMENT_3D('',#440,#14891,#14892);
#14891=DIRECTION('',(0,-1,-0));
#14892=DIRECTION('',(-0.8372548450874141,0,-0.5468128787598644));
#14893=FACE_BOUND('',#14894,.T.);
#14894=EDGE_LOOP('',(#14895,#14896,#14897));
#14895=ORIENTED_EDGE('',*,*,#14898,.T.);
#14896=ORIENTED_EDGE('',*,*,#14899,.T.);
#14897=ORIENTED_EDGE('',*,*,#14900,.T.);
#14898=EDGE_CURVE('',#441,#501,#14901,.F.);
#14899=EDGE_CURVE('',#501,#425,#14902,.T.);
#14900=EDGE_CURVE('',#425,#441,#14903,.T.);
#14901=LINE('',#440,#14904);
#14902=LINE('',#500,#14905);
#14903=LINE('',#424,#14906);
#14904=VECTOR('',#14907,1.0);
#14905=VECTOR('',#14908,1.0);
#14906=VECTOR('',#14909,1.0);
#14907=DIRECTION('',(-0.8372548450874141,0,-0.5468128787598644));
#14908=DIRECTION('',(0.9092690525741529,0,0.41620882983293667));
#14909=DIRECTION('',(-0.6073450847313382,0,0.794438133558985));
#14910=FACE_SURFACE('',(#14915),#14911,.T.);
#14911=PLANE('',#14912);
#14912=AXIS2_PLACEMENT_3D('',#500,#14913,#14914);
#14913=DIRECTION('',(0,-1,0));
#14914=DIRECTION('',(0.5966396126507599,0,-0.8025092975261728));
#14915=FACE_BOUND('',#14916,.T.);
#14916=EDGE_LOOP('',(#14917,#14918,#14919));
#14917=ORIENTED_EDGE('',*,*,#14920,.T.);
#14918=ORIENTED_EDGE('',*,*,#14921,.T.);
#14919=ORIENTED_EDGE('',*,*,#14922,.T.);
#14920=EDGE_CURVE('',#501,#497,#14923,.F.);
#14921=EDGE_CURVE('',#497,#425,#14924,.T.);
#14922=EDGE_CURVE('',#425,#501,#14925,.T.);
#14923=LINE('',#500,#14926);
#14924=LINE('',#496,#14927);
#14925=LINE('',#424,#14928);
#14926=VECTOR('',#14929,1.0);
#14927=VECTOR('',#14930,1.0);
#14928=VECTOR('',#14931,1.0);
#14929=DIRECTION('',(0.5966396126507599,0,-0.8025092975261728));
#14930=DIRECTION('',(0.7796803730752588,0,0.6261777030853344));
#14931=DIRECTION('',(-0.9092690525741529,0,-0.41620882983293667));
#14932=FACE_SURFACE('',(#14937),#14933,.T.);
#14933=PLANE('',#14934);
#14934=AXIS2_PLACEMENT_3D('',#496,#14935,#14936);
#14935=DIRECTION('',(0,-1,0));
#14936=DIRECTION('',(0.6983236142926602,0,-0.7157821803602238));
#14937=FACE_BOUND('',#14938,.T.);
#14938=EDGE_LOOP('',(#14939,#14940,#14941));
#14939=ORIENTED_EDGE('',*,*,#14942,.T.);
#14940=ORIENTED_EDGE('',*,*,#14943,.T.);
#14941=ORIENTED_EDGE('',*,*,#14944,.T.);
#14942=EDGE_CURVE('',#497,#493,#14945,.F.);
#14943=EDGE_CURVE('',#493,#425,#14946,.T.);
#14944=EDGE_CURVE('',#425,#497,#14947,.T.);
#14945=LINE('',#496,#14948);
#14946=LINE('',#492,#14949);
#14947=LINE('',#424,#14950);
#14948=VECTOR('',#14951,1.0);
#14949=VECTOR('',#14952,1.0);
#14950=VECTOR('',#14953,1.0);
#14951=DIRECTION('',(0.6983236142926602,0,-0.7157821803602238));
#14952=DIRECTION('',(0.6005178809013645,0,0.7996113272820331));
#14953=DIRECTION('',(-0.7796803730752588,0,-0.6261777030853344));
#14954=FACE_SURFACE('',(#14959),#14955,.T.);
#14955=PLANE('',#14956);
#14956=AXIS2_PLACEMENT_3D('',#498,#14957,#14958);
#14957=DIRECTION('',(0,-1,-0));
#14958=DIRECTION('',(-0.5349305253295263,0,-0.8448960486773962));
#14959=FACE_BOUND('',#14960,.T.);
#14960=EDGE_LOOP('',(#14961,#14962,#14963));
#14961=ORIENTED_EDGE('',*,*,#14964,.T.);
#14962=ORIENTED_EDGE('',*,*,#14965,.T.);
#14963=ORIENTED_EDGE('',*,*,#14966,.T.);
#14964=EDGE_CURVE('',#499,#503,#14967,.F.);
#14965=EDGE_CURVE('',#503,#449,#14968,.T.);
#14966=EDGE_CURVE('',#449,#499,#14969,.T.);
#14967=LINE('',#498,#14970);
#14968=LINE('',#502,#14971);
#14969=LINE('',#448,#14972);
#14970=VECTOR('',#14973,1.0);
#14971=VECTOR('',#14974,1.0);
#14972=VECTOR('',#14975,1.0);
#14973=DIRECTION('',(-0.5349305253295263,0,-0.8448960486773962));
#14974=DIRECTION('',(0.8720758287876282,0,-0.48937076827735765));
#14975=DIRECTION('',(-0.725049361160638,0,0.6886969027667765));
#14976=FACE_SURFACE('',(#14981),#14977,.T.);
#14977=PLANE('',#14978);
#14978=AXIS2_PLACEMENT_3D('',#502,#14979,#14980);
#14979=DIRECTION('',(0,-1,0));
#14980=DIRECTION('',(0.7905496859168267,0,-0.6123979050395312));
#14981=FACE_BOUND('',#14982,.T.);
#14982=EDGE_LOOP('',(#14983,#14984,#14985));
#14983=ORIENTED_EDGE('',*,*,#14986,.T.);
#14984=ORIENTED_EDGE('',*,*,#14987,.T.);
#14985=ORIENTED_EDGE('',*,*,#14988,.T.);
#14986=EDGE_CURVE('',#503,#461,#14989,.F.);
#14987=EDGE_CURVE('',#461,#449,#14990,.T.);
#14988=EDGE_CURVE('',#449,#503,#14991,.T.);
#14989=LINE('',#502,#14992);
#14990=LINE('',#460,#14993);
#14991=LINE('',#448,#14994);
#14992=VECTOR('',#14995,1.0);
#14993=VECTOR('',#14996,1.0);
#14994=VECTOR('',#14997,1.0);
#14995=DIRECTION('',(0.7905496859168267,0,-0.6123979050395312));
#14996=DIRECTION('',(0.3843500937904364,0,0.9231874161855125));
#14997=DIRECTION('',(-0.8720758287876282,0,0.48937076827735765));
#14998=FACE_SURFACE('',(#15003),#14999,.T.);
#14999=PLANE('',#15000);
#15000=AXIS2_PLACEMENT_3D('',#454,#15001,#15002);
#15001=DIRECTION('',(0,-1,-0));
#15002=DIRECTION('',(-0.8868063669248262,0,-0.4621411771110541));
#15003=FACE_BOUND('',#15004,.T.);
#15004=EDGE_LOOP('',(#15005,#15006,#15007));
#15005=ORIENTED_EDGE('',*,*,#15008,.T.);
#15006=ORIENTED_EDGE('',*,*,#15009,.T.);
#15007=ORIENTED_EDGE('',*,*,#15010,.T.);
#15008=EDGE_CURVE('',#455,#505,#15011,.F.);
#15009=EDGE_CURVE('',#505,#441,#15012,.T.);
#15010=EDGE_CURVE('',#441,#455,#15013,.T.);
#15011=LINE('',#454,#15014);
#15012=LINE('',#504,#15015);
#15013=LINE('',#440,#15016);
#15014=VECTOR('',#15017,1.0);
#15015=VECTOR('',#15018,1.0);
#15016=VECTOR('',#15019,1.0);
#15017=DIRECTION('',(-0.8868063669248262,0,-0.4621411771110541));
#15018=DIRECTION('',(0.9462747369305617,0,0.32336376149314583));
#15019=DIRECTION('',(-0.4601410301946829,0,0.887845838156251));
#15020=FACE_SURFACE('',(#15025),#15021,.T.);
#15021=PLANE('',#15022);
#15022=AXIS2_PLACEMENT_3D('',#504,#15023,#15024);
#15023=DIRECTION('',(0,-1,0));
#15024=DIRECTION('',(0.48429572571862745,0,-0.874904366231343));
#15025=FACE_BOUND('',#15026,.T.);
#15026=EDGE_LOOP('',(#15027,#15028,#15029));
#15027=ORIENTED_EDGE('',*,*,#15030,.T.);
#15028=ORIENTED_EDGE('',*,*,#15031,.T.);
#15029=ORIENTED_EDGE('',*,*,#15032,.T.);
#15030=EDGE_CURVE('',#505,#501,#15033,.F.);
#15031=EDGE_CURVE('',#501,#441,#15034,.T.);
#15032=EDGE_CURVE('',#441,#505,#15035,.T.);
#15033=LINE('',#504,#15036);
#15034=LINE('',#500,#15037);
#15035=LINE('',#440,#15038);
#15036=VECTOR('',#15039,1.0);
#15037=VECTOR('',#15040,1.0);
#15038=VECTOR('',#15041,1.0);
#15039=DIRECTION('',(0.48429572571862745,0,-0.874904366231343));
#15040=DIRECTION('',(0.8372548450874141,0,0.5468128787598644));
#15041=DIRECTION('',(-0.9462747369305617,0,-0.32336376149314583));
#15042=FACE_SURFACE('',(#15047),#15043,.T.);
#15043=PLANE('',#15044);
#15044=AXIS2_PLACEMENT_3D('',#510,#15045,#15046);
#15045=DIRECTION('',(0,-1,0));
#15046=DIRECTION('',(0.9509330733314463,0,-0.3093966548694572));
#15047=FACE_BOUND('',#15048,.T.);
#15048=EDGE_LOOP('',(#15049,#15050,#15051));
#15049=ORIENTED_EDGE('',*,*,#15052,.T.);
#15050=ORIENTED_EDGE('',*,*,#15053,.T.);
#15051=ORIENTED_EDGE('',*,*,#15054,.T.);
#15052=EDGE_CURVE('',#511,#475,#15055,.F.);
#15053=EDGE_CURVE('',#475,#461,#15056,.T.);
#15054=EDGE_CURVE('',#461,#511,#15057,.T.);
#15055=LINE('',#510,#15058);
#15056=LINE('',#474,#15059);
#15057=LINE('',#460,#15060);
#15058=VECTOR('',#15061,1.0);
#15059=VECTOR('',#15062,1.0);
#15060=VECTOR('',#15063,1.0);
#15061=DIRECTION('',(0.9509330733314463,0,-0.3093966548694572));
#15062=DIRECTION('',(0.21818817503802854,0,0.9759067169937784));
#15063=DIRECTION('',(-0.986765348683312,0,0.16215469970957228));
#15064=FACE_SURFACE('',(#15069),#15065,.T.);
#15065=PLANE('',#15066);
#15066=AXIS2_PLACEMENT_3D('',#502,#15067,#15068);
#15067=DIRECTION('',(0,-1,-0));
#15068=DIRECTION('',(-0.4174840351817544,0,-0.9086842577971513));
#15069=FACE_BOUND('',#15070,.T.);
#15070=EDGE_LOOP('',(#15071,#15072,#15073));
#15071=ORIENTED_EDGE('',*,*,#15074,.T.);
#15072=ORIENTED_EDGE('',*,*,#15075,.T.);
#15073=ORIENTED_EDGE('',*,*,#15076,.T.);
#15074=EDGE_CURVE('',#503,#507,#15077,.F.);
#15075=EDGE_CURVE('',#507,#461,#15078,.T.);
#15076=EDGE_CURVE('',#461,#503,#15079,.T.);
#15077=LINE('',#502,#15080);
#15078=LINE('',#506,#15081);
#15079=LINE('',#460,#15082);
#15080=VECTOR('',#15083,1.0);
#15081=VECTOR('',#15084,1.0);
#15082=VECTOR('',#15085,1.0);
#15083=DIRECTION('',(-0.4174840351817544,0,-0.9086842577971513));
#15084=DIRECTION('',(0.9158511145934385,0,-0.4015180393182309));
#15085=DIRECTION('',(-0.7905496859168267,0,0.6123979050395312));
#15086=FACE_SURFACE('',(#15091),#15087,.T.);
#15087=PLANE('',#15088);
#15088=AXIS2_PLACEMENT_3D('',#506,#15089,#15090);
#15089=DIRECTION('',(0,-1,-0));
#15090=DIRECTION('',(-0.292599940095211,0,-0.9562349476233751));
#15091=FACE_BOUND('',#15092,.T.);
#15092=EDGE_LOOP('',(#15093,#15094,#15095));
#15093=ORIENTED_EDGE('',*,*,#15096,.T.);
#15094=ORIENTED_EDGE('',*,*,#15097,.T.);
#15095=ORIENTED_EDGE('',*,*,#15098,.T.);
#15096=EDGE_CURVE('',#507,#511,#15099,.F.);
#15097=EDGE_CURVE('',#511,#461,#15100,.T.);
#15098=EDGE_CURVE('',#461,#507,#15101,.T.);
#15099=LINE('',#506,#15102);
#15100=LINE('',#510,#15103);
#15101=LINE('',#460,#15104);
#15102=VECTOR('',#15105,1.0);
#15103=VECTOR('',#15106,1.0);
#15104=VECTOR('',#15107,1.0);
#15105=DIRECTION('',(-0.292599940095211,0,-0.9562349476233751));
#15106=DIRECTION('',(0.986765348683312,0,-0.16215469970957228));
#15107=DIRECTION('',(-0.9158511145934385,0,0.4015180393182309));
#15108=FACE_SURFACE('',(#15113),#15109,.T.);
#15109=PLANE('',#15110);
#15110=AXIS2_PLACEMENT_3D('',#466,#15111,#15112);
#15111=DIRECTION('',(0,-1,-0));
#15112=DIRECTION('',(-0.927953942148934,0,-0.37269489029265324));
#15113=FACE_BOUND('',#15114,.T.);
#15114=EDGE_LOOP('',(#15115,#15116,#15117));
#15115=ORIENTED_EDGE('',*,*,#15118,.T.);
#15116=ORIENTED_EDGE('',*,*,#15119,.T.);
#15117=ORIENTED_EDGE('',*,*,#15120,.T.);
#15118=EDGE_CURVE('',#467,#509,#15121,.F.);
#15119=EDGE_CURVE('',#509,#455,#15122,.T.);
#15120=EDGE_CURVE('',#455,#467,#15123,.T.);
#15121=LINE('',#466,#15124);
#15122=LINE('',#508,#15125);
#15123=LINE('',#454,#15126);
#15124=VECTOR('',#15127,1.0);
#15125=VECTOR('',#15128,1.0);
#15126=VECTOR('',#15129,1.0);
#15127=DIRECTION('',(-0.927953942148934,0,-0.37269489029265324));
#15128=DIRECTION('',(0.9736235167360995,0,0.22816057428580921));
#15129=DIRECTION('',(-0.29900297598757936,0,0.954252178593568));
#15130=FACE_SURFACE('',(#15135),#15131,.T.);
#15131=PLANE('',#15132);
#15132=AXIS2_PLACEMENT_3D('',#508,#15133,#15134);
#15133=DIRECTION('',(0,-1,0));
#15134=DIRECTION('',(0.36331249116825615,0,-0.9316673407183038));
#15135=FACE_BOUND('',#15136,.T.);
#15136=EDGE_LOOP('',(#15137,#15138,#15139));
#15137=ORIENTED_EDGE('',*,*,#15140,.T.);
#15138=ORIENTED_EDGE('',*,*,#15141,.T.);
#15139=ORIENTED_EDGE('',*,*,#15142,.T.);
#15140=EDGE_CURVE('',#509,#505,#15143,.F.);
#15141=EDGE_CURVE('',#505,#455,#15144,.T.);
#15142=EDGE_CURVE('',#455,#509,#15145,.T.);
#15143=LINE('',#508,#15146);
#15144=LINE('',#504,#15147);
#15145=LINE('',#454,#15148);
#15146=VECTOR('',#15149,1.0);
#15147=VECTOR('',#15150,1.0);
#15148=VECTOR('',#15151,1.0);
#15149=DIRECTION('',(0.36331249116825615,0,-0.9316673407183038));
#15150=DIRECTION('',(0.8868063669248262,0,0.4621411771110541));
#15151=DIRECTION('',(-0.9736235167360995,0,-0.22816057428580921));
#15152=FACE_SURFACE('',(#15157),#15153,.T.);
#15153=PLANE('',#15154);
#15154=AXIS2_PLACEMENT_3D('',#510,#15155,#15156);
#15155=DIRECTION('',(0,-1,-0));
#15156=DIRECTION('',(-0.16244695076987314,0,-0.9867172787508945));
#15157=FACE_BOUND('',#15158,.T.);
#15158=EDGE_LOOP('',(#15159,#15160,#15161));
#15159=ORIENTED_EDGE('',*,*,#15162,.T.);
#15160=ORIENTED_EDGE('',*,*,#15163,.T.);
#15161=ORIENTED_EDGE('',*,*,#15164,.T.);
#15162=EDGE_CURVE('',#511,#515,#15165,.F.);
#15163=EDGE_CURVE('',#515,#475,#15166,.T.);
#15164=EDGE_CURVE('',#475,#511,#15167,.T.);
#15165=LINE('',#510,#15168);
#15166=LINE('',#514,#15169);
#15167=LINE('',#474,#15170);
#15168=VECTOR('',#15171,1.0);
#15169=VECTOR('',#15172,1.0);
#15170=VECTOR('',#15173,1.0);
#15171=DIRECTION('',(-0.16244695076987314,0,-0.9867172787508945));
#15172=DIRECTION('',(0.9979202613490977,0,-0.06446046842017575));
#15173=DIRECTION('',(-0.9509330733314463,0,0.3093966548694572));
#15174=FACE_SURFACE('',(#15179),#15175,.T.);
#15175=PLANE('',#15176);
#15176=AXIS2_PLACEMENT_3D('',#514,#15177,#15178);
#15177=DIRECTION('',(0,-1,0));
#15178=DIRECTION('',(0.9769248231905198,0,-0.21358344934514875));
#15179=FACE_BOUND('',#15180,.T.);
#15180=EDGE_LOOP('',(#15181,#15182,#15183));
#15181=ORIENTED_EDGE('',*,*,#15184,.T.);
#15182=ORIENTED_EDGE('',*,*,#15185,.T.);
#15183=ORIENTED_EDGE('',*,*,#15186,.T.);
#15184=EDGE_CURVE('',#515,#483,#15187,.F.);
#15185=EDGE_CURVE('',#483,#475,#15188,.T.);
#15186=EDGE_CURVE('',#475,#515,#15189,.T.);
#15187=LINE('',#514,#15190);
#15188=LINE('',#482,#15191);
#15189=LINE('',#474,#15192);
#15190=VECTOR('',#15193,1.0);
#15191=VECTOR('',#15194,1.0);
#15192=VECTOR('',#15195,1.0);
#15193=DIRECTION('',(0.9769248231905198,0,-0.21358344934514875));
#15194=DIRECTION('',(0.04539418872480234,0,0.9989691524917159));
#15195=DIRECTION('',(-0.9979202613490977,0,0.06446046842017575));
#15196=FACE_SURFACE('',(#15201),#15197,.T.);
#15197=PLANE('',#15198);
#15198=AXIS2_PLACEMENT_3D('',#482,#15199,#15200);
#15199=DIRECTION('',(0,-1,-0));
#15200=DIRECTION('',(-0.9994358524436251,0,-0.03358536660935145));
#15201=FACE_BOUND('',#15202,.T.);
#15202=EDGE_LOOP('',(#15203,#15204,#15205));
#15203=ORIENTED_EDGE('',*,*,#15206,.T.);
#15204=ORIENTED_EDGE('',*,*,#15207,.T.);
#15205=ORIENTED_EDGE('',*,*,#15208,.T.);
#15206=EDGE_CURVE('',#483,#517,#15209,.F.);
#15207=EDGE_CURVE('',#517,#467,#15210,.T.);
#15208=EDGE_CURVE('',#467,#483,#15211,.T.);
#15209=LINE('',#482,#15212);
#15210=LINE('',#516,#15213);
#15211=LINE('',#466,#15214);
#15212=VECTOR('',#15215,1.0);
#15213=VECTOR('',#15216,1.0);
#15214=VECTOR('',#15217,1.0);
#15215=DIRECTION('',(-0.9994358524436251,0,-0.03358536660935145));
#15216=DIRECTION('',(0.9934001387641137,0,-0.11470032390294102));
#15217=DIRECTION('',(-0.12874306235802346,0,0.9916779839719535));
#15218=FACE_SURFACE('',(#15223),#15219,.T.);
#15219=PLANE('',#15220);
#15220=AXIS2_PLACEMENT_3D('',#516,#15221,#15222);
#15221=DIRECTION('',(0,-1,0));
#15222=DIRECTION('',(0.1041429521417284,0,-0.9945623386792835));
#15223=FACE_BOUND('',#15224,.T.);
#15224=EDGE_LOOP('',(#15225,#15226,#15227));
#15225=ORIENTED_EDGE('',*,*,#15228,.T.);
#15226=ORIENTED_EDGE('',*,*,#15229,.T.);
#15227=ORIENTED_EDGE('',*,*,#15230,.T.);
#15228=EDGE_CURVE('',#517,#513,#15231,.F.);
#15229=EDGE_CURVE('',#513,#467,#15232,.T.);
#15230=EDGE_CURVE('',#467,#517,#15233,.T.);
#15231=LINE('',#516,#15234);
#15232=LINE('',#512,#15235);
#15233=LINE('',#466,#15236);
#15234=VECTOR('',#15237,1.0);
#15235=VECTOR('',#15238,1.0);
#15236=VECTOR('',#15239,1.0);
#15237=DIRECTION('',(0.1041429521417284,0,-0.9945623386792835));
#15238=DIRECTION('',(0.9913370913677853,0,0.13134219153973126));
#15239=DIRECTION('',(-0.9934001387641137,0,0.11470032390294102));
#15240=FACE_SURFACE('',(#15245),#15241,.T.);
#15241=PLANE('',#15242);
#15242=AXIS2_PLACEMENT_3D('',#512,#15243,#15244);
#15243=DIRECTION('',(0,-1,0));
#15244=DIRECTION('',(0.23580261833283336,0,-0.9718009699456881));
#15245=FACE_BOUND('',#15246,.T.);
#15246=EDGE_LOOP('',(#15247,#15248,#15249));
#15247=ORIENTED_EDGE('',*,*,#15250,.T.);
#15248=ORIENTED_EDGE('',*,*,#15251,.T.);
#15249=ORIENTED_EDGE('',*,*,#15252,.T.);
#15250=EDGE_CURVE('',#513,#509,#15253,.F.);
#15251=EDGE_CURVE('',#509,#467,#15254,.T.);
#15252=EDGE_CURVE('',#467,#513,#15255,.T.);
#15253=LINE('',#512,#15256);
#15254=LINE('',#508,#15257);
#15255=LINE('',#466,#15258);
#15256=VECTOR('',#15259,1.0);
#15257=VECTOR('',#15260,1.0);
#15258=VECTOR('',#15261,1.0);
#15259=DIRECTION('',(0.23580261833283336,0,-0.9718009699456881));
#15260=DIRECTION('',(0.927953942148934,0,0.37269489029265324));
#15261=DIRECTION('',(-0.9913370913677853,0,-0.13134219153973126));
#15262=FACE_SURFACE('',(#15267),#15263,.T.);
#15263=PLANE('',#15264);
#15264=AXIS2_PLACEMENT_3D('',#514,#15265,#15266);
#15265=DIRECTION('',(0,-1,-0));
#15266=DIRECTION('',(-0.02943707566993064,0,-0.9995666353855568));
#15267=FACE_BOUND('',#15268,.T.);
#15268=EDGE_LOOP('',(#15269,#15270,#15271));
#15269=ORIENTED_EDGE('',*,*,#15272,.T.);
#15270=ORIENTED_EDGE('',*,*,#15273,.T.);
#15271=ORIENTED_EDGE('',*,*,#15274,.T.);
#15272=EDGE_CURVE('',#515,#517,#15275,.F.);
#15273=EDGE_CURVE('',#517,#483,#15276,.T.);
#15274=EDGE_CURVE('',#483,#515,#15277,.T.);
#15275=LINE('',#514,#15278);
#15276=LINE('',#516,#15279);
#15277=LINE('',#482,#15280);
#15278=VECTOR('',#15281,1.0);
#15279=VECTOR('',#15282,1.0);
#15280=VECTOR('',#15283,1.0);
#15281=DIRECTION('',(-0.02943707566993064,0,-0.9995666353855568));
#15282=DIRECTION('',(0.9994358524436251,0,0.03358536660935145));
#15283=DIRECTION('',(-0.9769248231905198,0,0.21358344934514875));
#15284=FACE_SURFACE('',(#15289),#15285,.T.);
#15285=PLANE('',#15286);
#15286=AXIS2_PLACEMENT_3D('',#90,#15287,#15288);
#15287=DIRECTION('',(0,-1,0));
#15288=DIRECTION('',(0.15828194666220657,0,-0.9873939565142287));
#15289=FACE_BOUND('',#15290,.T.);
#15290=EDGE_LOOP('',(#15291,#15292,#15293));
#15291=ORIENTED_EDGE('',*,*,#15294,.T.);
#15292=ORIENTED_EDGE('',*,*,#15295,.T.);
#15293=ORIENTED_EDGE('',*,*,#15296,.T.);
#15294=EDGE_CURVE('',#91,#35,#15297,.F.);
#15295=EDGE_CURVE('',#35,#41,#15298,.T.);
#15296=EDGE_CURVE('',#41,#91,#15299,.T.);
#15297=LINE('',#90,#15300);
#15298=LINE('',#34,#15301);
#15299=LINE('',#40,#15302);
#15300=VECTOR('',#15303,1.0);
#15301=VECTOR('',#15304,1.0);
#15302=VECTOR('',#15305,1.0);
#15303=DIRECTION('',(0.15828194666220657,0,-0.9873939565142287));
#15304=DIRECTION('',(-0.04182881631171458,0,0.9991247920685188));
#15305=DIRECTION('',(-0.9991246698041204,0,-0.0418317366219398));
#15306=FACE_SURFACE('',(#15311),#15307,.T.);
#15307=PLANE('',#15308);
#15308=AXIS2_PLACEMENT_3D('',#90,#15309,#15310);
#15309=DIRECTION('',(0,-1,-0));
#15310=DIRECTION('',(-0.05779484018835302,0,-0.9983284812363127));
#15311=FACE_BOUND('',#15312,.T.);
#15312=EDGE_LOOP('',(#15313,#15314,#15315));
#15313=ORIENTED_EDGE('',*,*,#15316,.T.);
#15314=ORIENTED_EDGE('',*,*,#15317,.T.);
#15315=ORIENTED_EDGE('',*,*,#15318,.T.);
#15316=EDGE_CURVE('',#91,#161,#15319,.F.);
#15317=EDGE_CURVE('',#161,#35,#15320,.T.);
#15318=EDGE_CURVE('',#35,#91,#15321,.T.);
#15319=LINE('',#90,#15322);
#15320=LINE('',#160,#15323);
#15321=LINE('',#34,#15324);
#15322=VECTOR('',#15325,1.0);
#15323=VECTOR('',#15326,1.0);
#15324=VECTOR('',#15327,1.0);
#15325=DIRECTION('',(-0.05779484018835302,0,-0.9983284812363127));
#15326=DIRECTION('',(0.8882362978573827,0,-0.4593868513231642));
#15327=DIRECTION('',(-0.15828194666220657,0,0.9873939565142287));
#15328=FACE_SURFACE('',(#15333),#15329,.T.);
#15329=PLANE('',#15330);
#15330=AXIS2_PLACEMENT_3D('',#160,#15331,#15332);
#15331=DIRECTION('',(0,-1,0));
#15332=DIRECTION('',(0.8549431956948187,0,-0.5187216326076354));
#15333=FACE_BOUND('',#15334,.T.);
#15334=EDGE_LOOP('',(#15335,#15336,#15337));
#15335=ORIENTED_EDGE('',*,*,#15338,.T.);
#15336=ORIENTED_EDGE('',*,*,#15339,.T.);
#15337=ORIENTED_EDGE('',*,*,#15340,.T.);
#15338=EDGE_CURVE('',#161,#51,#15341,.F.);
#15339=EDGE_CURVE('',#51,#35,#15342,.T.);
#15340=EDGE_CURVE('',#35,#161,#15343,.T.);
#15341=LINE('',#160,#15344);
#15342=LINE('',#50,#15345);
#15343=LINE('',#34,#15346);
#15344=VECTOR('',#15347,1.0);
#15345=VECTOR('',#15348,1.0);
#15346=VECTOR('',#15349,1.0);
#15347=DIRECTION('',(0.8549431956948187,0,-0.5187216326076354));
#15348=DIRECTION('',(0.0367081992500258,0,0.9993260269340634));
#15349=DIRECTION('',(-0.8882362978573827,0,0.4593868513231642));
#15350=FACE_SURFACE('',(#15355),#15351,.T.);
#15351=PLANE('',#15352);
#15352=AXIS2_PLACEMENT_3D('',#160,#15353,#15354);
#15353=DIRECTION('',(0,-1,0));
#15354=DIRECTION('',(0.8173255828345474,0,-0.5761760943011847));
#15355=FACE_BOUND('',#15356,.T.);
#15356=EDGE_LOOP('',(#15357,#15358,#15359));
#15357=ORIENTED_EDGE('',*,*,#15360,.T.);
#15358=ORIENTED_EDGE('',*,*,#15361,.T.);
#15359=ORIENTED_EDGE('',*,*,#15362,.T.);
#15360=EDGE_CURVE('',#161,#55,#15363,.F.);
#15361=EDGE_CURVE('',#55,#51,#15364,.T.);
#15362=EDGE_CURVE('',#51,#161,#15365,.T.);
#15363=LINE('',#160,#15366);
#15364=LINE('',#54,#15367);
#15365=LINE('',#50,#15368);
#15366=VECTOR('',#15369,1.0);
#15367=VECTOR('',#15370,1.0);
#15368=VECTOR('',#15371,1.0);
#15369=DIRECTION('',(0.8173255828345474,0,-0.5761760943011847));
#15370=DIRECTION('',(0.19253839634201225,0,0.981289440447642));
#15371=DIRECTION('',(-0.8549431956948187,0,0.5187216326076354));
#15372=FACE_SURFACE('',(#15377),#15373,.T.);
#15373=PLANE('',#15374);
#15374=AXIS2_PLACEMENT_3D('',#160,#15375,#15376);
#15375=DIRECTION('',(0,-1,0));
#15376=DIRECTION('',(0.7755544560005755,0,-0.6312806711579655));
#15377=FACE_BOUND('',#15378,.T.);
#15378=EDGE_LOOP('',(#15379,#15380,#15381));
#15379=ORIENTED_EDGE('',*,*,#15382,.T.);
#15380=ORIENTED_EDGE('',*,*,#15383,.T.);
#15381=ORIENTED_EDGE('',*,*,#15384,.T.);
#15382=EDGE_CURVE('',#161,#59,#15385,.F.);
#15383=EDGE_CURVE('',#59,#55,#15386,.T.);
#15384=EDGE_CURVE('',#55,#161,#15387,.T.);
#15385=LINE('',#160,#15388);
#15386=LINE('',#58,#15389);
#15387=LINE('',#54,#15390);
#15388=VECTOR('',#15391,1.0);
#15389=VECTOR('',#15392,1.0);
#15390=VECTOR('',#15393,1.0);
#15391=DIRECTION('',(0.7755544560005755,0,-0.6312806711579655));
#15392=DIRECTION('',(0.34369814378008423,0,0.9390801807950824));
#15393=DIRECTION('',(-0.8173255828345474,0,0.5761760943011847));
#15394=FACE_SURFACE('',(#15399),#15395,.T.);
#15395=PLANE('',#15396);
#15396=AXIS2_PLACEMENT_3D('',#160,#15397,#15398);
#15397=DIRECTION('',(0,-1,0));
#15398=DIRECTION('',(0.7298469867068369,0,-0.6836105440928704));
#15399=FACE_BOUND('',#15400,.T.);
#15400=EDGE_LOOP('',(#15401,#15402,#15403));
#15401=ORIENTED_EDGE('',*,*,#15404,.T.);
#15402=ORIENTED_EDGE('',*,*,#15405,.T.);
#15403=ORIENTED_EDGE('',*,*,#15406,.T.);
#15404=EDGE_CURVE('',#161,#63,#15407,.F.);
#15405=EDGE_CURVE('',#63,#59,#15408,.T.);
#15406=EDGE_CURVE('',#59,#161,#15409,.T.);
#15407=LINE('',#160,#15410);
#15408=LINE('',#62,#15411);
#15409=LINE('',#58,#15412);
#15410=VECTOR('',#15413,1.0);
#15411=VECTOR('',#15414,1.0);
#15412=VECTOR('',#15415,1.0);
#15413=DIRECTION('',(0.7298469867068369,0,-0.6836105440928704));
#15414=DIRECTION('',(0.48638993528500385,0,0.8737418559582971));
#15415=DIRECTION('',(-0.7755544560005755,0,0.6312806711579655));
#15416=FACE_SURFACE('',(#15421),#15417,.T.);
#15417=PLANE('',#15418);
#15418=AXIS2_PLACEMENT_3D('',#160,#15419,#15420);
#15419=DIRECTION('',(0,-1,-0));
#15420=DIRECTION('',(-0.9913684517719881,0,-0.1311052738497247));
#15421=FACE_BOUND('',#15422,.T.);
#15422=EDGE_LOOP('',(#15423,#15424,#15425));
#15423=ORIENTED_EDGE('',*,*,#15426,.T.);
#15424=ORIENTED_EDGE('',*,*,#15427,.T.);
#15425=ORIENTED_EDGE('',*,*,#15428,.T.);
#15426=EDGE_CURVE('',#161,#695,#15429,.F.);
#15427=EDGE_CURVE('',#695,#63,#15430,.T.);
#15428=EDGE_CURVE('',#63,#161,#15431,.T.);
#15429=LINE('',#160,#15432);
#15430=LINE('',#694,#15433);
#15431=LINE('',#62,#15434);
#15432=VECTOR('',#15435,1.0);
#15433=VECTOR('',#15436,1.0);
#15434=VECTOR('',#15437,1.0);
#15435=DIRECTION('',(-0.9913684517719881,0,-0.1311052738497247));
#15436=DIRECTION('',(0.9993691379103395,0,-0.0355151544040668));
#15437=DIRECTION('',(-0.7298469867068369,0,0.6836105440928704));
#15438=FACE_SURFACE('',(#15443),#15439,.T.);
#15439=PLANE('',#15440);
#15440=AXIS2_PLACEMENT_3D('',#694,#15441,#15442);
#15441=DIRECTION('',(0,-1,0));
#15442=DIRECTION('',(0.10248836407088222,0,-0.9947342033076345));
#15443=FACE_BOUND('',#15444,.T.);
#15444=EDGE_LOOP('',(#15445,#15446,#15447));
#15445=ORIENTED_EDGE('',*,*,#15448,.T.);
#15446=ORIENTED_EDGE('',*,*,#15449,.T.);
#15447=ORIENTED_EDGE('',*,*,#15450,.T.);
#15448=EDGE_CURVE('',#695,#691,#15451,.F.);
#15449=EDGE_CURVE('',#691,#63,#15452,.T.);
#15450=EDGE_CURVE('',#63,#695,#15453,.T.);
#15451=LINE('',#694,#15454);
#15452=LINE('',#690,#15455);
#15453=LINE('',#62,#15456);
#15454=VECTOR('',#15457,1.0);
#15455=VECTOR('',#15458,1.0);
#15456=VECTOR('',#15459,1.0);
#15457=DIRECTION('',(0.10248836407088222,0,-0.9947342033076345));
#15458=DIRECTION('',(0.9998857943240327,0,-0.015112852444132269));
#15459=DIRECTION('',(-0.9993691379103395,0,0.0355151544040668));
#15460=FACE_SURFACE('',(#15465),#15461,.T.);
#15461=PLANE('',#15462);
#15462=AXIS2_PLACEMENT_3D('',#690,#15463,#15464);
#15463=DIRECTION('',(0,-1,0));
#15464=DIRECTION('',(0.9996267253979199,0,-0.027320502744855018));
#15465=FACE_BOUND('',#15466,.T.);
#15466=EDGE_LOOP('',(#15467,#15468,#15469));
#15467=ORIENTED_EDGE('',*,*,#15470,.T.);
#15468=ORIENTED_EDGE('',*,*,#15471,.T.);
#15469=ORIENTED_EDGE('',*,*,#15472,.T.);
#15470=EDGE_CURVE('',#691,#69,#15473,.F.);
#15471=EDGE_CURVE('',#69,#63,#15474,.T.);
#15472=EDGE_CURVE('',#63,#691,#15475,.T.);
#15473=LINE('',#690,#15476);
#15474=LINE('',#68,#15477);
#15475=LINE('',#62,#15478);
#15476=VECTOR('',#15479,1.0);
#15477=VECTOR('',#15480,1.0);
#15478=VECTOR('',#15481,1.0);
#15479=DIRECTION('',(0.9996267253979199,0,-0.027320502744855018));
#15480=DIRECTION('',(0.6170820897624871,0,0.786898782877672));
#15481=DIRECTION('',(-0.9998857943240327,0,0.015112852444132269));
#15482=FACE_SURFACE('',(#15487),#15483,.T.);
#15483=PLANE('',#15484);
#15484=AXIS2_PLACEMENT_3D('',#690,#15485,#15486);
#15485=DIRECTION('',(0,-1,0));
#15486=DIRECTION('',(0.9992710482198595,0,-0.03817554439144914));
#15487=FACE_BOUND('',#15488,.T.);
#15488=EDGE_LOOP('',(#15489,#15490,#15491));
#15489=ORIENTED_EDGE('',*,*,#15492,.T.);
#15490=ORIENTED_EDGE('',*,*,#15493,.T.);
#15491=ORIENTED_EDGE('',*,*,#15494,.T.);
#15492=EDGE_CURVE('',#691,#73,#15495,.F.);
#15493=EDGE_CURVE('',#73,#69,#15496,.T.);
#15494=EDGE_CURVE('',#69,#691,#15497,.T.);
#15495=LINE('',#690,#15498);
#15496=LINE('',#72,#15499);
#15497=LINE('',#68,#15500);
#15498=VECTOR('',#15501,1.0);
#15499=VECTOR('',#15502,1.0);
#15500=VECTOR('',#15503,1.0);
#15501=DIRECTION('',(0.9992710482198595,0,-0.03817554439144914));
#15502=DIRECTION('',(0.7325700627289677,0,0.6806916359066536));
#15503=DIRECTION('',(-0.9996267253979199,0,0.027320502744855018));
#15504=FACE_SURFACE('',(#15509),#15505,.T.);
#15505=PLANE('',#15506);
#15506=AXIS2_PLACEMENT_3D('',#690,#15507,#15508);
#15507=DIRECTION('',(0,-1,0));
#15508=DIRECTION('',(0.9988752640534986,0,-0.047415259801602806));
#15509=FACE_BOUND('',#15510,.T.);
#15510=EDGE_LOOP('',(#15511,#15512,#15513));
#15511=ORIENTED_EDGE('',*,*,#15514,.T.);
#15512=ORIENTED_EDGE('',*,*,#15515,.T.);
#15513=ORIENTED_EDGE('',*,*,#15516,.T.);
#15514=EDGE_CURVE('',#691,#77,#15517,.F.);
#15515=EDGE_CURVE('',#77,#73,#15518,.T.);
#15516=EDGE_CURVE('',#73,#691,#15519,.T.);
#15517=LINE('',#690,#15520);
#15518=LINE('',#76,#15521);
#15519=LINE('',#72,#15522);
#15520=VECTOR('',#15523,1.0);
#15521=VECTOR('',#15524,1.0);
#15522=VECTOR('',#15525,1.0);
#15523=DIRECTION('',(0.9988752640534986,0,-0.047415259801602806));
#15524=DIRECTION('',(0.8300383463024001,0,0.5577063238547479));
#15525=DIRECTION('',(-0.9992710482198595,0,0.03817554439144914));
#15526=FACE_SURFACE('',(#15531),#15527,.T.);
#15527=PLANE('',#15528);
#15528=AXIS2_PLACEMENT_3D('',#690,#15529,#15530);
#15529=DIRECTION('',(0,-1,0));
#15530=DIRECTION('',(0.9984981066995933,0,-0.05478622926728633));
#15531=FACE_BOUND('',#15532,.T.);
#15532=EDGE_LOOP('',(#15533,#15534,#15535));
#15533=ORIENTED_EDGE('',*,*,#15536,.T.);
#15534=ORIENTED_EDGE('',*,*,#15537,.T.);
#15535=ORIENTED_EDGE('',*,*,#15538,.T.);
#15536=EDGE_CURVE('',#691,#81,#15539,.F.);
#15537=EDGE_CURVE('',#81,#77,#15540,.T.);
#15538=EDGE_CURVE('',#77,#691,#15541,.T.);
#15539=LINE('',#690,#15542);
#15540=LINE('',#80,#15543);
#15541=LINE('',#76,#15544);
#15542=VECTOR('',#15545,1.0);
#15543=VECTOR('',#15546,1.0);
#15544=VECTOR('',#15547,1.0);
#15545=DIRECTION('',(0.9984981066995933,0,-0.05478622926728633));
#15546=DIRECTION('',(0.9070640088101211,0,0.420992736185926));
#15547=DIRECTION('',(-0.9988752640534986,0,0.047415259801602806));
#15548=FACE_SURFACE('',(#15553),#15549,.T.);
#15549=PLANE('',#15550);
#15550=AXIS2_PLACEMENT_3D('',#690,#15551,#15552);
#15551=DIRECTION('',(0,-1,0));
#15552=DIRECTION('',(0.9981953150660997,0,-0.06005091989378613));
#15553=FACE_BOUND('',#15554,.T.);
#15554=EDGE_LOOP('',(#15555,#15556,#15557));
#15555=ORIENTED_EDGE('',*,*,#15558,.T.);
#15556=ORIENTED_EDGE('',*,*,#15559,.T.);
#15557=ORIENTED_EDGE('',*,*,#15560,.T.);
#15558=EDGE_CURVE('',#691,#85,#15561,.F.);
#15559=EDGE_CURVE('',#85,#81,#15562,.T.);
#15560=EDGE_CURVE('',#81,#691,#15563,.T.);
#15561=LINE('',#690,#15564);
#15562=LINE('',#84,#15565);
#15563=LINE('',#80,#15566);
#15564=VECTOR('',#15567,1.0);
#15565=VECTOR('',#15568,1.0);
#15566=VECTOR('',#15569,1.0);
#15567=DIRECTION('',(0.9981953150660997,0,-0.06005091989378613));
#15568=DIRECTION('',(0.9617511225810745,0,0.27392476743449645));
#15569=DIRECTION('',(-0.9984981066995933,0,0.05478622926728633));
#15570=FACE_SURFACE('',(#15575),#15571,.T.);
#15571=PLANE('',#15572);
#15572=AXIS2_PLACEMENT_3D('',#690,#15573,#15574);
#15573=DIRECTION('',(0,-1,0));
#15574=DIRECTION('',(0.9980139277220057,0,-0.06299365105226896));
#15575=FACE_BOUND('',#15576,.T.);
#15576=EDGE_LOOP('',(#15577,#15578,#15579));
#15577=ORIENTED_EDGE('',*,*,#15580,.T.);
#15578=ORIENTED_EDGE('',*,*,#15581,.T.);
#15579=ORIENTED_EDGE('',*,*,#15582,.T.);
#15580=EDGE_CURVE('',#691,#89,#15583,.F.);
#15581=EDGE_CURVE('',#89,#85,#15584,.T.);
#15582=EDGE_CURVE('',#85,#691,#15585,.T.);
#15583=LINE('',#690,#15586);
#15584=LINE('',#88,#15587);
#15585=LINE('',#84,#15588);
#15586=VECTOR('',#15589,1.0);
#15587=VECTOR('',#15590,1.0);
#15588=VECTOR('',#15591,1.0);
#15589=DIRECTION('',(0.9980139277220057,0,-0.06299365105226896));
#15590=DIRECTION('',(0.9927644175651936,0,0.12007835448756732));
#15591=DIRECTION('',(-0.9981953150660997,0,0.06005091989378613));
#15592=FACE_SURFACE('',(#15597),#15593,.T.);
#15593=PLANE('',#15594);
#15594=AXIS2_PLACEMENT_3D('',#116,#15595,#15596);
#15595=DIRECTION('',(0,-1,0));
#15596=DIRECTION('',(0.04182943414122253,0,-0.9991247662026125));
#15597=FACE_BOUND('',#15598,.T.);
#15598=EDGE_LOOP('',(#15599,#15600,#15601));
#15599=ORIENTED_EDGE('',*,*,#15602,.T.);
#15600=ORIENTED_EDGE('',*,*,#15603,.T.);
#15601=ORIENTED_EDGE('',*,*,#15604,.T.);
#15602=EDGE_CURVE('',#117,#161,#15605,.F.);
#15603=EDGE_CURVE('',#161,#91,#15606,.T.);
#15604=EDGE_CURVE('',#91,#117,#15607,.T.);
#15605=LINE('',#116,#15608);
#15606=LINE('',#160,#15609);
#15607=LINE('',#90,#15610);
#15608=VECTOR('',#15611,1.0);
#15609=VECTOR('',#15612,1.0);
#15610=VECTOR('',#15613,1.0);
#15611=DIRECTION('',(0.04182943414122253,0,-0.9991247662026125));
#15612=DIRECTION('',(0.05779484018835302,0,0.9983284812363127));
#15613=DIRECTION('',(-0.6769100382990567,0,-0.7360657579659371));
#15614=FACE_SURFACE('',(#15619),#15615,.T.);
#15615=PLANE('',#15616);
#15616=AXIS2_PLACEMENT_3D('',#688,#15617,#15618);
#15617=DIRECTION('',(0,-1,-0));
#15618=DIRECTION('',(-0.14014227854926484,0,-0.9901313760117999));
#15619=FACE_BOUND('',#15620,.T.);
#15620=EDGE_LOOP('',(#15621,#15622,#15623));
#15621=ORIENTED_EDGE('',*,*,#15624,.T.);
#15622=ORIENTED_EDGE('',*,*,#15625,.T.);
#15623=ORIENTED_EDGE('',*,*,#15626,.T.);
#15624=EDGE_CURVE('',#689,#699,#15627,.F.);
#15625=EDGE_CURVE('',#699,#89,#15628,.T.);
#15626=EDGE_CURVE('',#89,#689,#15629,.T.);
#15627=LINE('',#688,#15630);
#15628=LINE('',#698,#15631);
#15629=LINE('',#88,#15632);
#15630=VECTOR('',#15633,1.0);
#15631=VECTOR('',#15634,1.0);
#15632=VECTOR('',#15635,1.0);
#15633=DIRECTION('',(-0.14014227854926484,0,-0.9901313760117999));
#15634=DIRECTION('',(0.9998262435063068,0,-0.018640890431189328));
#15635=DIRECTION('',(-0.9991691595769006,0,0.04075525181360288));
#15636=FACE_SURFACE('',(#15641),#15637,.T.);
#15637=PLANE('',#15638);
#15638=AXIS2_PLACEMENT_3D('',#698,#15639,#15640);
#15639=DIRECTION('',(0,-1,-0));
#15640=DIRECTION('',(-0.25930275688770854,0,-0.9657960862782754));
#15641=FACE_BOUND('',#15642,.T.);
#15642=EDGE_LOOP('',(#15643,#15644,#15645));
#15643=ORIENTED_EDGE('',*,*,#15646,.T.);
#15644=ORIENTED_EDGE('',*,*,#15647,.T.);
#15645=ORIENTED_EDGE('',*,*,#15648,.T.);
#15646=EDGE_CURVE('',#699,#707,#15649,.F.);
#15647=EDGE_CURVE('',#707,#89,#15650,.T.);
#15648=EDGE_CURVE('',#89,#699,#15651,.T.);
#15649=LINE('',#698,#15652);
#15650=LINE('',#706,#15653);
#15651=LINE('',#88,#15654);
#15652=VECTOR('',#15655,1.0);
#15653=VECTOR('',#15656,1.0);
#15654=VECTOR('',#15657,1.0);
#15655=DIRECTION('',(-0.25930275688770854,0,-0.9657960862782754));
#15656=DIRECTION('',(0.9999960332331218,0,0.002816650141773141));
#15657=DIRECTION('',(-0.9998262435063068,0,0.018640890431189328));
#15658=FACE_SURFACE('',(#15663),#15659,.T.);
#15659=PLANE('',#15660);
#15660=AXIS2_PLACEMENT_3D('',#706,#15661,#15662);
#15661=DIRECTION('',(0,-1,-0));
#15662=DIRECTION('',(-0.3745602863948952,0,-0.9272025624726099));
#15663=FACE_BOUND('',#15664,.T.);
#15664=EDGE_LOOP('',(#15665,#15666,#15667));
#15665=ORIENTED_EDGE('',*,*,#15668,.T.);
#15666=ORIENTED_EDGE('',*,*,#15669,.T.);
#15667=ORIENTED_EDGE('',*,*,#15670,.T.);
#15668=EDGE_CURVE('',#707,#715,#15671,.F.);
#15669=EDGE_CURVE('',#715,#89,#15672,.T.);
#15670=EDGE_CURVE('',#89,#707,#15673,.T.);
#15671=LINE('',#706,#15674);
#15672=LINE('',#714,#15675);
#15673=LINE('',#88,#15676);
#15674=VECTOR('',#15677,1.0);
#15675=VECTOR('',#15678,1.0);
#15676=VECTOR('',#15679,1.0);
#15677=DIRECTION('',(-0.3745602863948952,0,-0.9272025624726099));
#15678=DIRECTION('',(0.9997327122288353,0,0.023119344704748565));
#15679=DIRECTION('',(-0.9999960332331218,0,-0.002816650141773141));
#15680=FACE_SURFACE('',(#15685),#15681,.T.);
#15681=PLANE('',#15682);
#15682=AXIS2_PLACEMENT_3D('',#714,#15683,#15684);
#15683=DIRECTION('',(0,-1,-0));
#15684=DIRECTION('',(-0.48432250004252103,0,-0.8748895450012888));
#15685=FACE_BOUND('',#15686,.T.);
#15686=EDGE_LOOP('',(#15687,#15688,#15689));
#15687=ORIENTED_EDGE('',*,*,#15690,.T.);
#15688=ORIENTED_EDGE('',*,*,#15691,.T.);
#15689=ORIENTED_EDGE('',*,*,#15692,.T.);
#15690=EDGE_CURVE('',#715,#679,#15693,.F.);
#15691=EDGE_CURVE('',#679,#89,#15694,.T.);
#15692=EDGE_CURVE('',#89,#715,#15695,.T.);
#15693=LINE('',#714,#15696);
#15694=LINE('',#678,#15697);
#15695=LINE('',#88,#15698);
#15696=VECTOR('',#15699,1.0);
#15697=VECTOR('',#15700,1.0);
#15698=VECTOR('',#15701,1.0);
#15699=DIRECTION('',(-0.48432250004252103,0,-0.8748895450012888));
#15700=DIRECTION('',(0.999124769918522,0,0.04182934538407838));
#15701=DIRECTION('',(-0.9997327122288353,0,-0.023119344704748565));
#15702=FACE_SURFACE('',(#15707),#15703,.T.);
#15703=PLANE('',#15704);
#15704=AXIS2_PLACEMENT_3D('',#690,#15705,#15706);
#15705=DIRECTION('',(0,-1,-0));
#15706=DIRECTION('',(-0.019005757215700775,0,-0.9998193742835041));
#15707=FACE_BOUND('',#15708,.T.);
#15708=EDGE_LOOP('',(#15709,#15710,#15711));
#15709=ORIENTED_EDGE('',*,*,#15712,.T.);
#15710=ORIENTED_EDGE('',*,*,#15713,.T.);
#15711=ORIENTED_EDGE('',*,*,#15714,.T.);
#15712=EDGE_CURVE('',#691,#689,#15715,.F.);
#15713=EDGE_CURVE('',#689,#89,#15716,.T.);
#15714=EDGE_CURVE('',#89,#691,#15717,.T.);
#15715=LINE('',#690,#15718);
#15716=LINE('',#688,#15719);
#15717=LINE('',#88,#15720);
#15718=VECTOR('',#15721,1.0);
#15719=VECTOR('',#15722,1.0);
#15720=VECTOR('',#15723,1.0);
#15721=DIRECTION('',(-0.019005757215700775,0,-0.9998193742835041));
#15722=DIRECTION('',(0.9991691595769006,0,-0.04075525181360288));
#15723=DIRECTION('',(-0.9980139277220057,0,0.06299365105226896));
#15724=FACE_SURFACE('',(#15729),#15725,.T.);
#15725=PLANE('',#15726);
#15726=AXIS2_PLACEMENT_3D('',#718,#15727,#15728);
#15727=DIRECTION('',(0,-1,0));
#15728=DIRECTION('',(0.555754855276331,0,-0.8313462220018711));
#15729=FACE_BOUND('',#15730,.T.);
#15730=EDGE_LOOP('',(#15731,#15732,#15733));
#15731=ORIENTED_EDGE('',*,*,#15734,.T.);
#15732=ORIENTED_EDGE('',*,*,#15735,.T.);
#15733=ORIENTED_EDGE('',*,*,#15736,.T.);
#15734=EDGE_CURVE('',#719,#717,#15737,.F.);
#15735=EDGE_CURVE('',#717,#161,#15738,.T.);
#15736=EDGE_CURVE('',#161,#719,#15739,.T.);
#15737=LINE('',#718,#15740);
#15738=LINE('',#716,#15741);
#15739=LINE('',#160,#15742);
#15740=VECTOR('',#15743,1.0);
#15741=VECTOR('',#15744,1.0);
#15742=VECTOR('',#15745,1.0);
#15743=DIRECTION('',(0.555754855276331,0,-0.8313462220018711));
#15744=DIRECTION('',(0.9980705839754285,0,0.062089527321015546));
#15745=DIRECTION('',(-0.9991247701441778,0,-0.04182933999412354));
#15746=FACE_SURFACE('',(#15751),#15747,.T.);
#15747=PLANE('',#15748);
#15748=AXIS2_PLACEMENT_3D('',#716,#15749,#15750);
#15749=DIRECTION('',(0,-1,0));
#15750=DIRECTION('',(0.45073163831525465,0,-0.8926595040784848));
#15751=FACE_BOUND('',#15752,.T.);
#15752=EDGE_LOOP('',(#15753,#15754,#15755));
#15753=ORIENTED_EDGE('',*,*,#15756,.T.);
#15754=ORIENTED_EDGE('',*,*,#15757,.T.);
#15755=ORIENTED_EDGE('',*,*,#15758,.T.);
#15756=EDGE_CURVE('',#717,#711,#15759,.F.);
#15757=EDGE_CURVE('',#711,#161,#15760,.T.);
#15758=EDGE_CURVE('',#161,#717,#15761,.T.);
#15759=LINE('',#716,#15762);
#15760=LINE('',#710,#15763);
#15761=LINE('',#160,#15764);
#15762=VECTOR('',#15765,1.0);
#15763=VECTOR('',#15766,1.0);
#15764=VECTOR('',#15767,1.0);
#15765=DIRECTION('',(0.45073163831525465,0,-0.8926595040784848));
#15766=DIRECTION('',(0.9964602861682915,0,0.08406484455113665));
#15767=DIRECTION('',(-0.9980705839754285,0,-0.062089527321015546));
#15768=FACE_SURFACE('',(#15773),#15769,.T.);
#15769=PLANE('',#15770);
#15770=AXIS2_PLACEMENT_3D('',#710,#15771,#15772);
#15771=DIRECTION('',(0,-1,0));
#15772=DIRECTION('',(0.33912736855029607,0,-0.9407404678763169));
#15773=FACE_BOUND('',#15774,.T.);
#15774=EDGE_LOOP('',(#15775,#15776,#15777));
#15775=ORIENTED_EDGE('',*,*,#15778,.T.);
#15776=ORIENTED_EDGE('',*,*,#15779,.T.);
#15777=ORIENTED_EDGE('',*,*,#15780,.T.);
#15778=EDGE_CURVE('',#711,#703,#15781,.F.);
#15779=EDGE_CURVE('',#703,#161,#15782,.T.);
#15780=EDGE_CURVE('',#161,#711,#15783,.T.);
#15781=LINE('',#710,#15784);
#15782=LINE('',#702,#15785);
#15783=LINE('',#160,#15786);
#15784=VECTOR('',#15787,1.0);
#15785=VECTOR('',#15788,1.0);
#15786=VECTOR('',#15789,1.0);
#15787=DIRECTION('',(0.33912736855029607,0,-0.9407404678763169));
#15788=DIRECTION('',(0.9942312200042485,0,0.1072580121429799));
#15789=DIRECTION('',(-0.9964602861682915,0,-0.08406484455113665));
#15790=FACE_SURFACE('',(#15795),#15791,.T.);
#15791=PLANE('',#15792);
#15792=AXIS2_PLACEMENT_3D('',#702,#15793,#15794);
#15793=DIRECTION('',(0,-1,0));
#15794=DIRECTION('',(0.2224382272197372,0,-0.97494678576389));
#15795=FACE_BOUND('',#15796,.T.);
#15796=EDGE_LOOP('',(#15797,#15798,#15799));
#15797=ORIENTED_EDGE('',*,*,#15800,.T.);
#15798=ORIENTED_EDGE('',*,*,#15801,.T.);
#15799=ORIENTED_EDGE('',*,*,#15802,.T.);
#15800=EDGE_CURVE('',#703,#695,#15803,.F.);
#15801=EDGE_CURVE('',#695,#161,#15804,.T.);
#15802=EDGE_CURVE('',#161,#703,#15805,.T.);
#15803=LINE('',#702,#15806);
#15804=LINE('',#694,#15807);
#15805=LINE('',#160,#15808);
#15806=VECTOR('',#15809,1.0);
#15807=VECTOR('',#15810,1.0);
#15808=VECTOR('',#15811,1.0);
#15809=DIRECTION('',(0.2224382272197372,0,-0.97494678576389));
#15810=DIRECTION('',(0.9913684517719881,0,0.1311052738497247));
#15811=DIRECTION('',(-0.9942312200042485,0,-0.1072580121429799));
ENDSEC;
END-ISO-10303-21;
