ISO-10303-21;
HEADER;
FILE_DESCRIPTION((''),'2;1');
FILE_NAME('Fan ring', '2026-08-13T16:37:25', (''), (''), 'ImageToStl.com STEP Converter','', '');
FILE_SCHEMA(('AUTOMOTIVE_DESIGN_CC2'));
ENDSEC;
DATA;
#1=PRODUCT_DEFINITION_CONTEXT('',#4,'design');
#2=APPLICATION_PROTOCOL_DEFINITION('INTERNATIONAL STANDARD','automotive_design',1994,#4);
#3=(GEOMETRIC_REPRESENTATION_CONTEXT(3)GLOBAL_UNCERTAINTY_ASSIGNED_CONTEXT((#5))GLOBAL_UNIT_ASSIGNED_CONTEXT((#6,#7,#8))REPRESENTATION_CONTEXT('NONE','WORKSPACE'));
#4=APPLICATION_CONTEXT(' ');
#5=UNCERTAINTY_MEASURE_WITH_UNIT(LENGTH_MEASURE(1.0E-006),#6,'','');
#6=(CONVERSION_BASED_UNIT('METRE',#10)LENGTH_UNIT()NAMED_UNIT(#11));
#7=(NAMED_UNIT(#12)PLANE_ANGLE_UNIT()SI_UNIT($,.RADIAN.));
#8=(NAMED_UNIT(#12)SOLID_ANGLE_UNIT()SI_UNIT($,.STERADIAN.));
#9=AXIS2_PLACEMENT_3D('',#14,#15,#16);
#10=LENGTH_MEASURE_WITH_UNIT(LENGTH_MEASURE(1.0),#17);
#11=DIMENSIONAL_EXPONENTS(1.0,0.0,0.0,0.0,0.0,0.0,0.0);
#12=DIMENSIONAL_EXPONENTS(0.0,0.0,0.0,0.0,0.0,0.0,0.0);
#13=PRODUCT_CONTEXT('',#4,'mechanical');
#14=CARTESIAN_POINT('',(0.0,0.0,0.0));
#15=DIRECTION('',(0.0,0.0,1.0));
#16=DIRECTION('',(1.0,0.0,0.0));
#17=(NAMED_UNIT(#11)LENGTH_UNIT()SI_UNIT(.MILLI.,.METRE.));
#18=PRESENTATION_STYLE_ASSIGNMENT((#19));
#19=SURFACE_STYLE_USAGE(.BOTH.,#20);
#20=SURFACE_SIDE_STYLE('',(#21));
#21=SURFACE_STYLE_FILL_AREA(#22);
#22=FILL_AREA_STYLE('',(#23));
#23=FILL_AREA_STYLE_COLOUR('',#24);
#24=COLOUR_RGB('',0.9,0.9,0.9);
#25=SHAPE_DEFINITION_REPRESENTATION(#26,#27);
#26=PRODUCT_DEFINITION_SHAPE('productshape0','',#30);
#27=MANIFOLD_SURFACE_SHAPE_REPRESENTATION('',(#28,#9),#3);
#28=SHELL_BASED_SURFACE_MODEL('shell0',(#33));
#29=PRODUCT('product0','','',(#13));
#30=PRODUCT_DEFINITION('mesh0','',#31,#2);
#31=PRODUCT_DEFINITION_FORMATION_WITH_SPECIFIED_SOURCE('prodsource0','',#29,.NOT_KNOWN.);
#32=STYLED_ITEM('',(#18),#33);
#33=CLOSED_SHELL('',(#858,#880,#902,#924,#946,#968,#990,#1012,#1034,#1056,#1078,#1100,#1122,#1144,#1166,#1188,#1210,#1232,#1254,#1276,#1298,#1320,#1342,#1364,#1386,#1408,#1430,#1452,#1474,#1496,#1518,#1540,#1562,#1584,#1606,#1628,#1650,#1672,#1694,#1716,#1738,#1760,#1782,#1804,#1826,#1848,#1870,#1892,#1914,#1936,#1958,#1980,#2002,#2024,#2046,#2068,#2090,#2112,#2134,#2156,#2178,#2200,#2222,#2244,#2266,#2288,#2310,#2332,#2354,#2376,#2398,#2420,#2442,#2464,#2486,#2508,#2530,#2552,#2574,#2596,#2618,#2640,#2662,#2684,#2706,#2728,#2750,#2772,#2794,#2816,#2838,#2860,#2882,#2904,#2926,#2948,#2970,#2992,#3014,#3036,#3058,#3080,#3102,#3124,#3146,#3168,#3190,#3212,#3234,#3256,#3278,#3300,#3322,#3344,#3366,#3388,#3410,#3432,#3454,#3476,#3498,#3520,#3542,#3564,#3586,#3608,#3630,#3652,#3674,#3696,#3718,#3740,#3762,#3784,#3806,#3828,#3850,#3872,#3894,#3916,#3938,#3960,#3982,#4004,#4026,#4048,#4070,#4092,#4114,#4136,#4158,#4180,#4202,#4224,#4246,#4268,#4290,#4312,#4334,#4356,#4378,#4400,#4422,#4444,#4466,#4488,#4510,#4532,#4554,#4576,#4598,#4620,#4642,#4664,#4686,#4708,#4730,#4752,#4774,#4796,#4818,#4840,#4862,#4884,#4906,#4928,#4950,#4972,#4994,#5016,#5038,#5060,#5082,#5104,#5126,#5148,#5170,#5192,#5214,#5236,#5258,#5280,#5302,#5324,#5346,#5368,#5390,#5412,#5434,#5456,#5478,#5500,#5522,#5544,#5566,#5588,#5610,#5632,#5654,#5676,#5698,#5720,#5742,#5764,#5786,#5808,#5830,#5852,#5874,#5896,#5918,#5940,#5962,#5984,#6006,#6028,#6050,#6072,#6094,#6116,#6138,#6160,#6182,#6204,#6226,#6248,#6270,#6292,#6314,#6336,#6358,#6380,#6402,#6424,#6446,#6468,#6490,#6512,#6534,#6556,#6578,#6600,#6622,#6644,#6666,#6688,#6710,#6732,#6754,#6776,#6798,#6820,#6842,#6864,#6886,#6908,#6930,#6952,#6974,#6996,#7018,#7040,#7062,#7084,#7106,#7128,#7150,#7172,#7194,#7216,#7238,#7260,#7282,#7304,#7326,#7348,#7370,#7392,#7414,#7436,#7458,#7480,#7502,#7524,#7546,#7568,#7590,#7612,#7634,#7656,#7678,#7700,#7722,#7744,#7766,#7788,#7810,#7832,#7854,#7876,#7898,#7920,#7942,#7964,#7986,#8008,#8030,#8052,#8074,#8096,#8118,#8140,#8162,#8184,#8206,#8228,#8250,#8272,#8294,#8316,#8338,#8360,#8382,#8404,#8426,#8448,#8470,#8492,#8514,#8536,#8558,#8580,#8602,#8624,#8646,#8668,#8690,#8712,#8734,#8756,#8778,#8800,#8822,#8844,#8866,#8888,#8910,#8932,#8954,#8976,#8998,#9020,#9042,#9064,#9086,#9108,#9130,#9152,#9174,#9196,#9218,#9240,#9262,#9284,#9306,#9328,#9350,#9372,#9394,#9416,#9438,#9460,#9482,#9504,#9526,#9548,#9570,#9592,#9614,#9636,#9658,#9680,#9702,#9724,#9746,#9768,#9790,#9812,#9834,#9856,#9878,#9900,#9922,#9944,#9966,#9988,#10010,#10032,#10054,#10076,#10098,#10120,#10142,#10164,#10186,#10208,#10230,#10252,#10274,#10296,#10318,#10340,#10362,#10384,#10406,#10428,#10450,#10472,#10494,#10516,#10538,#10560,#10582,#10604,#10626,#10648,#10670,#10692,#10714,#10736,#10758,#10780,#10802,#10824,#10846,#10868,#10890,#10912,#10934,#10956,#10978,#11000,#11022,#11044,#11066,#11088,#11110,#11132,#11154,#11176,#11198,#11220,#11242,#11264,#11286,#11308,#11330,#11352,#11374,#11396,#11418,#11440,#11462,#11484,#11506,#11528,#11550,#11572,#11594,#11616,#11638,#11660,#11682,#11704,#11726,#11748,#11770,#11792,#11814,#11836,#11858,#11880,#11902,#11924,#11946,#11968,#11990,#12012,#12034,#12056,#12078,#12100,#12122,#12144,#12166,#12188,#12210,#12232,#12254,#12276,#12298,#12320,#12342,#12364,#12386,#12408,#12430,#12452,#12474,#12496,#12518,#12540,#12562,#12584,#12606,#12628,#12650,#12672,#12694,#12716,#12738,#12760,#12782,#12804,#12826,#12848,#12870,#12892,#12914,#12936,#12958,#12980,#13002,#13024,#13046,#13068,#13090,#13112,#13134,#13156,#13178,#13200,#13222,#13244,#13266,#13288,#13310,#13332,#13354,#13376,#13398,#13420,#13442,#13464,#13486,#13508,#13530,#13552,#13574,#13596,#13618,#13640,#13662,#13684,#13706,#13728,#13750,#13772,#13794,#13816,#13838,#13860,#13882,#13904,#13926,#13948,#13970,#13992,#14014,#14036,#14058,#14080,#14102,#14124,#14146,#14168,#14190,#14212,#14234,#14256,#14278,#14300,#14322,#14344,#14366,#14388,#14410,#14432,#14454,#14476,#14498,#14520,#14542,#14564,#14586,#14608,#14630,#14652,#14674,#14696,#14718,#14740,#14762,#14784,#14806,#14828,#14850,#14872,#14894,#14916,#14938,#14960,#14982,#15004,#15026,#15048,#15070,#15092,#15114,#15136,#15158,#15180,#15202,#15224,#15246,#15268,#15290,#15312,#15334,#15356,#15378,#15400,#15422,#15444,#15466,#15488,#15510,#15532,#15554,#15576,#15598,#15620,#15642,#15664,#15686,#15708,#15730,#15752,#15774,#15796,#15818,#15840,#15862,#15884,#15906,#15928,#15950,#15972,#15994,#16016,#16038,#16060,#16082,#16104,#16126,#16148,#16170,#16192,#16214,#16236,#16258,#16280,#16302,#16324,#16346,#16368,#16390,#16412,#16434,#16456,#16478,#16500,#16522,#16544,#16566,#16588,#16610,#16632,#16654,#16676,#16698,#16720,#16742,#16764,#16786,#16808,#16830,#16852,#16874,#16896,#16918,#16940,#16962,#16984,#17006,#17028,#17050,#17072,#17094,#17116,#17138,#17160,#17182,#17204,#17226,#17248,#17270,#17292,#17314,#17336,#17358,#17380,#17402,#17424,#17446,#17468,#17490,#17512,#17534,#17556,#17578,#17600,#17622,#17644,#17666,#17688,#17710,#17732,#17754,#17776,#17798,#17820,#17842,#17864,#17886,#17908,#17930,#17952,#17974,#17996,#18018,#18040,#18062,#18084,#18106,#18128,#18150,#18172,#18194,#18216,#18238,#18260,#18282,#18304,#18326,#18348,#18370,#18392,#18414,#18436,#18458,#18480,#18502,#18524,#18546,#18568,#18590,#18612,#18634,#18656,#18678,#18700,#18722,#18744,#18766,#18788,#18810,#18832,#18854,#18876,#18898,#18920,#18942,#18964));
#34=CARTESIAN_POINT('',(44.5,0,2.000000238418579));
#35=VERTEX_POINT('',#34);
#36=CARTESIAN_POINT('',(41.81315612792969,3.2634485391813683E-14,0.08118897676467896));
#37=VERTEX_POINT('',#36);
#38=CARTESIAN_POINT('',(44.5,0,0));
#39=VERTEX_POINT('',#38);
#40=CARTESIAN_POINT('',(47.1422119140625,0,2.082213878631592));
#41=VERTEX_POINT('',#40);
#42=CARTESIAN_POINT('',(47.18684387207031,3.2634485391813683E-14,0.08118897676467896));
#43=VERTEX_POINT('',#42);
#44=CARTESIAN_POINT('',(41.857791900634766,0,2.082213878631592));
#45=VERTEX_POINT('',#44);
#46=CARTESIAN_POINT('',(39.1361198425293,0,0.3244541585445404));
#47=VERTEX_POINT('',#46);
#48=CARTESIAN_POINT('',(49.77419662475586,0,2.3285298347473145));
#49=VERTEX_POINT('',#48);
#50=CARTESIAN_POINT('',(49.86388397216797,0,0.3244541585445404));
#51=VERTEX_POINT('',#50);
#52=CARTESIAN_POINT('',(39.22580337524414,0,2.3285298347473145));
#53=VERTEX_POINT('',#52);
#54=CARTESIAN_POINT('',(36.47865295410156,0,0.7289164066314697));
#55=VERTEX_POINT('',#54);
#56=CARTESIAN_POINT('',(52.385780334472656,0,2.7380027770996094));
#57=VERTEX_POINT('',#56);
#58=CARTESIAN_POINT('',(52.5213508605957,0,0.7289164066314697));
#59=VERTEX_POINT('',#58);
#60=CARTESIAN_POINT('',(36.614219665527344,0,2.7380027770996094));
#61=VERTEX_POINT('',#60);
#62=CARTESIAN_POINT('',(33.8504524230957,3.2634485391813683E-14,1.2930892705917358));
#63=VERTEX_POINT('',#62);
#64=CARTESIAN_POINT('',(54.966854095458984,0,3.3090450763702393));
#65=VERTEX_POINT('',#64);
#66=CARTESIAN_POINT('',(55.1495475769043,0,1.2930892705917358));
#67=VERTEX_POINT('',#66);
#68=CARTESIAN_POINT('',(34.033145904541016,0,3.3090450763702393));
#69=VERTEX_POINT('',#68);
#70=CARTESIAN_POINT('',(31.26111602783203,3.2634485391813683E-14,2.0149238109588623));
#71=VERTEX_POINT('',#70);
#72=CARTESIAN_POINT('',(57.5074348449707,0,4.0394439697265625));
#73=VERTEX_POINT('',#72);
#74=CARTESIAN_POINT('',(57.738887786865234,0,2.0149238109588623));
#75=VERTEX_POINT('',#74);
#76=CARTESIAN_POINT('',(47.1422119140625,0.7999999523162842,2.082213878631592));
#77=VERTEX_POINT('',#76);
#78=CARTESIAN_POINT('',(44.5,0.7999999523162842,2.000000238418579));
#79=VERTEX_POINT('',#78);
#80=CARTESIAN_POINT('',(31.49256706237793,0,4.0394439697265625));
#81=VERTEX_POINT('',#80);
#82=CARTESIAN_POINT('',(28.720083236694336,3.2634485391813683E-14,2.8917789459228516));
#83=VERTEX_POINT('',#82);
#84=CARTESIAN_POINT('',(59.9976921081543,0,4.926379680633545));
#85=VERTEX_POINT('',#84);
#86=CARTESIAN_POINT('',(60.2799186706543,0,2.8917789459228516));
#87=VERTEX_POINT('',#86);
#88=CARTESIAN_POINT('',(41.857791900634766,0.7999999523162842,2.082213878631592));
#89=VERTEX_POINT('',#88);
#90=CARTESIAN_POINT('',(49.77419662475586,0.7999999523162842,2.3285298347473145));
#91=VERTEX_POINT('',#90);
#92=CARTESIAN_POINT('',(39.22580337524414,0.7999999523162842,2.3285298347473145));
#93=VERTEX_POINT('',#92);
#94=CARTESIAN_POINT('',(52.385780334472656,0.7999999523162842,2.7380027770996094));
#95=VERTEX_POINT('',#94);
#96=CARTESIAN_POINT('',(36.614219665527344,0.7999999523162842,2.7380027770996094));
#97=VERTEX_POINT('',#96);
#98=CARTESIAN_POINT('',(54.966854095458984,0.7999999523162842,3.3090450763702393));
#99=VERTEX_POINT('',#98);
#100=CARTESIAN_POINT('',(29.002309799194336,0,4.926379680633545));
#101=VERTEX_POINT('',#100);
#102=CARTESIAN_POINT('',(26.236631393432617,0,3.9204583168029785));
#103=VERTEX_POINT('',#102);
#104=CARTESIAN_POINT('',(62.4279899597168,0,5.966413974761963));
#105=VERTEX_POINT('',#104);
#106=CARTESIAN_POINT('',(62.763370513916016,0,3.9204583168029785));
#107=VERTEX_POINT('',#106);
#108=CARTESIAN_POINT('',(34.033145904541016,0.7999999523162842,3.3090450763702393));
#109=VERTEX_POINT('',#108);
#110=CARTESIAN_POINT('',(57.5074348449707,0.7999999523162842,4.0394439697265625));
#111=VERTEX_POINT('',#110);
#112=CARTESIAN_POINT('',(26.572011947631836,0,5.966413974761963));
#113=VERTEX_POINT('',#112);
#114=CARTESIAN_POINT('',(23.8198184967041,0,5.0972065925598145));
#115=VERTEX_POINT('',#114);
#116=CARTESIAN_POINT('',(64.78892517089844,0,7.155529975891113));
#117=VERTEX_POINT('',#116);
#118=CARTESIAN_POINT('',(65.18018341064453,3.2634485391813683E-14,5.0972065925598145));
#119=VERTEX_POINT('',#118);
#120=CARTESIAN_POINT('',(31.49256706237793,0.7999999523162842,4.0394439697265625));
#121=VERTEX_POINT('',#120);
#122=CARTESIAN_POINT('',(59.9976921081543,0.7999999523162842,4.926379680633545));
#123=VERTEX_POINT('',#122);
#124=CARTESIAN_POINT('',(29.002309799194336,0.7999999523162842,4.926379680633545));
#125=VERTEX_POINT('',#124);
#126=CARTESIAN_POINT('',(62.4279899597168,0.7999999523162842,5.966413974761963));
#127=VERTEX_POINT('',#126);
#128=CARTESIAN_POINT('',(24.21107292175293,0,7.155529975891113));
#129=VERTEX_POINT('',#128);
#130=CARTESIAN_POINT('',(21.47846794128418,0,6.4177327156066895));
#131=VERTEX_POINT('',#130);
#132=CARTESIAN_POINT('',(67.07137298583984,0,8.489124298095703));
#133=VERTEX_POINT('',#132);
#134=CARTESIAN_POINT('',(67.52153015136719,3.2634485391813683E-14,6.4177327156066895));
#135=VERTEX_POINT('',#134);
#136=CARTESIAN_POINT('',(26.572011947631836,0.7999999523162842,5.966413974761963));
#137=VERTEX_POINT('',#136);
#138=CARTESIAN_POINT('',(64.78892517089844,0.7999999523162842,7.155529975891113));
#139=VERTEX_POINT('',#138);
#140=CARTESIAN_POINT('',(21.928627014160156,0,8.489124298095703));
#141=VERTEX_POINT('',#140);
#142=CARTESIAN_POINT('',(19.221118927001953,0,7.8772196769714355));
#143=VERTEX_POINT('',#142);
#144=CARTESIAN_POINT('',(69.26649475097656,0,9.962040901184082));
#145=VERTEX_POINT('',#144);
#146=CARTESIAN_POINT('',(69.77888488769531,0,7.8772196769714355));
#147=VERTEX_POINT('',#146);
#148=CARTESIAN_POINT('',(24.21107292175293,0.7999999523162842,7.155529975891113));
#149=VERTEX_POINT('',#148);
#150=CARTESIAN_POINT('',(67.07137298583984,0.7999999523162842,8.489124298095703));
#151=VERTEX_POINT('',#150);
#152=CARTESIAN_POINT('',(19.73350715637207,0,9.962040901184082));
#153=VERTEX_POINT('',#152);
#154=CARTESIAN_POINT('',(17.056011199951172,3.2634485391813683E-14,9.470335960388184));
#155=VERTEX_POINT('',#154);
#156=CARTESIAN_POINT('',(71.36579895019531,0,11.568572044372559));
#157=VERTEX_POINT('',#156);
#158=CARTESIAN_POINT('',(71.9439926147461,3.2634485391813683E-14,9.470335960388184));
#159=VERTEX_POINT('',#158);
#160=CARTESIAN_POINT('',(21.928627014160156,0.7999999523162842,8.489124298095703));
#161=VERTEX_POINT('',#160);
#162=CARTESIAN_POINT('',(69.26649475097656,0.7999999523162842,9.962040901184082));
#163=VERTEX_POINT('',#162);
#164=CARTESIAN_POINT('',(17.634201049804688,0,11.568572044372559));
#165=VERTEX_POINT('',#164);
#166=CARTESIAN_POINT('',(14.991043090820312,3.2634485391813683E-14,11.19127082824707));
#167=VERTEX_POINT('',#166);
#168=CARTESIAN_POINT('',(73.36116027832031,0,13.302512168884277));
#169=VERTEX_POINT('',#168);
#170=CARTESIAN_POINT('',(74.00895690917969,0,11.19127082824707));
#171=VERTEX_POINT('',#170);
#172=CARTESIAN_POINT('',(19.73350715637207,0.7999999523162842,9.962040901184082));
#173=VERTEX_POINT('',#172);
#174=CARTESIAN_POINT('',(71.36579895019531,0.7999999523162842,11.568572044372559));
#175=VERTEX_POINT('',#174);
#176=CARTESIAN_POINT('',(15.638837814331055,0,13.302512168884277));
#177=VERTEX_POINT('',#176);
#178=CARTESIAN_POINT('',(13.033747673034668,3.2634485391813683E-14,13.033747673034668));
#179=VERTEX_POINT('',#178);
#180=CARTESIAN_POINT('',(75.244873046875,0,15.157150268554688));
#181=VERTEX_POINT('',#180);
#182=CARTESIAN_POINT('',(75.96625518798828,3.2634485391813683E-14,13.033747673034668));
#183=VERTEX_POINT('',#182);
#184=CARTESIAN_POINT('',(17.634201049804688,0.7999999523162842,11.568572044372559));
#185=VERTEX_POINT('',#184);
#186=CARTESIAN_POINT('',(73.36116027832031,0.7999999523162842,13.302512168884277));
#187=VERTEX_POINT('',#186);
#188=CARTESIAN_POINT('',(13.75512981414795,0,15.157150268554688));
#189=VERTEX_POINT('',#188);
#190=CARTESIAN_POINT('',(11.19127082824707,3.2634485391813683E-14,14.991043090820312));
#191=VERTEX_POINT('',#190);
#192=CARTESIAN_POINT('',(77.00963592529297,0,17.125308990478516));
#193=VERTEX_POINT('',#192);
#194=CARTESIAN_POINT('',(77.80873107910156,3.2634485391813683E-14,14.991043090820312));
#195=VERTEX_POINT('',#194);
#196=CARTESIAN_POINT('',(15.638837814331055,0.7999999523162842,13.302512168884277));
#197=VERTEX_POINT('',#196);
#198=CARTESIAN_POINT('',(75.244873046875,0.7999999523162842,15.157150268554688));
#199=VERTEX_POINT('',#198);
#200=CARTESIAN_POINT('',(11.990367889404297,0,17.125308990478516));
#201=VERTEX_POINT('',#200);
#202=CARTESIAN_POINT('',(9.470335960388184,3.2634485391813683E-14,17.056011199951172));
#203=VERTEX_POINT('',#202);
#204=CARTESIAN_POINT('',(78.64862060546875,0,19.199373245239258));
#205=VERTEX_POINT('',#204);
#206=CARTESIAN_POINT('',(79.5296630859375,3.2634485391813683E-14,17.056011199951172));
#207=VERTEX_POINT('',#206);
#208=CARTESIAN_POINT('',(13.75512981414795,0.7999999523162842,15.157150268554688));
#209=VERTEX_POINT('',#208);
#210=CARTESIAN_POINT('',(77.00963592529297,0.7999999523162842,17.125308990478516));
#211=VERTEX_POINT('',#210);
#212=CARTESIAN_POINT('',(10.351378440856934,0,19.199373245239258));
#213=VERTEX_POINT('',#212);
#214=CARTESIAN_POINT('',(7.8772196769714355,3.2634485391813683E-14,19.221118927001953));
#215=VERTEX_POINT('',#214);
#216=CARTESIAN_POINT('',(80.1554946899414,0,21.37132453918457));
#217=VERTEX_POINT('',#216);
#218=CARTESIAN_POINT('',(81.1227798461914,3.2634485391813683E-14,19.221118927001953));
#219=VERTEX_POINT('',#218);
#220=CARTESIAN_POINT('',(11.990367889404297,0.7999999523162842,17.125308990478516));
#221=VERTEX_POINT('',#220);
#222=CARTESIAN_POINT('',(78.64862060546875,0.7999999523162842,19.199373245239258));
#223=VERTEX_POINT('',#222);
#224=CARTESIAN_POINT('',(8.84450626373291,0,21.37132453918457));
#225=VERTEX_POINT('',#224);
#226=CARTESIAN_POINT('',(10.351378440856934,0.7999999523162842,19.199373245239258));
#227=VERTEX_POINT('',#226);
#228=CARTESIAN_POINT('',(80.1554946899414,0.7999999523162842,21.37132453918457));
#229=VERTEX_POINT('',#228);
#230=CARTESIAN_POINT('',(6.4177327156066895,0,21.47846794128418));
#231=VERTEX_POINT('',#230);
#232=CARTESIAN_POINT('',(81.52442169189453,0,23.63275146484375));
#233=VERTEX_POINT('',#232);
#234=CARTESIAN_POINT('',(82.58226776123047,0,21.47846794128418));
#235=VERTEX_POINT('',#234);
#236=CARTESIAN_POINT('',(7.475577354431152,0,23.63275146484375));
#237=VERTEX_POINT('',#236);
#238=CARTESIAN_POINT('',(8.84450626373291,0.7999999523162842,21.37132453918457));
#239=VERTEX_POINT('',#238);
#240=CARTESIAN_POINT('',(81.52442169189453,0.7999999523162842,23.63275146484375));
#241=VERTEX_POINT('',#240);
#242=CARTESIAN_POINT('',(5.0972065925598145,0,23.8198184967041));
#243=VERTEX_POINT('',#242);
#244=CARTESIAN_POINT('',(83.90279388427734,0,23.8198184967041));
#245=VERTEX_POINT('',#244);
#246=CARTESIAN_POINT('',(6.249889850616455,0,25.974912643432617));
#247=VERTEX_POINT('',#246);
#248=CARTESIAN_POINT('',(3.9204583168029785,0,26.236631393432617));
#249=VERTEX_POINT('',#248);
#250=CARTESIAN_POINT('',(7.475577354431152,0.7999999523162842,23.63275146484375));
#251=VERTEX_POINT('',#250);
#252=CARTESIAN_POINT('',(82.75011444091797,0,25.974912643432617));
#253=VERTEX_POINT('',#252);
#254=CARTESIAN_POINT('',(82.75011444091797,0.7999999523162842,25.974912643432617));
#255=VERTEX_POINT('',#254);
#256=CARTESIAN_POINT('',(85.07954406738281,0,26.236631393432617));
#257=VERTEX_POINT('',#256);
#258=CARTESIAN_POINT('',(5.172182083129883,0,28.388744354248047));
#259=VERTEX_POINT('',#258);
#260=CARTESIAN_POINT('',(2.8917789459228516,3.2634485391813683E-14,28.720083236694336));
#261=VERTEX_POINT('',#260);
#262=CARTESIAN_POINT('',(6.249889850616455,0.7999999523162842,25.974912643432617));
#263=VERTEX_POINT('',#262);
#264=CARTESIAN_POINT('',(83.82781982421875,0,28.388744354248047));
#265=VERTEX_POINT('',#264);
#266=CARTESIAN_POINT('',(83.82781982421875,0.7999999523162842,28.388744354248047));
#267=VERTEX_POINT('',#266);
#268=CARTESIAN_POINT('',(86.10822296142578,0,28.720083236694336));
#269=VERTEX_POINT('',#268);
#270=CARTESIAN_POINT('',(4.246625900268555,0,30.864906311035156));
#271=VERTEX_POINT('',#270);
#272=CARTESIAN_POINT('',(2.0149238109588623,3.2634485391813683E-14,31.26111602783203));
#273=VERTEX_POINT('',#272);
#274=CARTESIAN_POINT('',(5.172182083129883,0.7999999523162842,28.388744354248047));
#275=VERTEX_POINT('',#274);
#276=CARTESIAN_POINT('',(84.75337219238281,0,30.864906311035156));
#277=VERTEX_POINT('',#276);
#278=CARTESIAN_POINT('',(84.75337219238281,0.7999999523162842,30.864906311035156));
#279=VERTEX_POINT('',#278);
#280=CARTESIAN_POINT('',(86.98507690429688,3.2634485391813683E-14,31.26111602783203));
#281=VERTEX_POINT('',#280);
#282=CARTESIAN_POINT('',(3.476802349090576,0,33.39381790161133));
#283=VERTEX_POINT('',#282);
#284=CARTESIAN_POINT('',(1.2930892705917358,0,33.8504524230957));
#285=VERTEX_POINT('',#284);
#286=CARTESIAN_POINT('',(4.246625900268555,0.7999999523162842,30.864906311035156));
#287=VERTEX_POINT('',#286);
#288=CARTESIAN_POINT('',(85.52320098876953,0,33.39381790161133));
#289=VERTEX_POINT('',#288);
#290=CARTESIAN_POINT('',(85.52320098876953,0.7999999523162842,33.39381790161133));
#291=VERTEX_POINT('',#290);
#292=CARTESIAN_POINT('',(87.7069091796875,3.2634485391813683E-14,33.8504524230957));
#293=VERTEX_POINT('',#292);
#294=CARTESIAN_POINT('',(2.8656907081604004,0,35.965702056884766));
#295=VERTEX_POINT('',#294);
#296=CARTESIAN_POINT('',(0.7289164066314697,0,36.47865295410156));
#297=VERTEX_POINT('',#296);
#298=CARTESIAN_POINT('',(3.476802349090576,0.7999999523162842,33.39381790161133));
#299=VERTEX_POINT('',#298);
#300=CARTESIAN_POINT('',(86.13430786132812,0,35.965702056884766));
#301=VERTEX_POINT('',#300);
#302=CARTESIAN_POINT('',(86.13430786132812,0.7999999523162842,35.965702056884766));
#303=VERTEX_POINT('',#302);
#304=CARTESIAN_POINT('',(88.27108764648438,3.2634485391813683E-14,36.47865295410156));
#305=VERTEX_POINT('',#304);
#306=CARTESIAN_POINT('',(2.4156532287597656,0,38.57059860229492));
#307=VERTEX_POINT('',#306);
#308=CARTESIAN_POINT('',(0.3244541585445404,3.2634485391813683E-14,39.1361198425293));
#309=VERTEX_POINT('',#308);
#310=CARTESIAN_POINT('',(2.8656907081604004,0.7999999523162842,35.965702056884766));
#311=VERTEX_POINT('',#310);
#312=CARTESIAN_POINT('',(86.5843505859375,0,38.57059860229492));
#313=VERTEX_POINT('',#312);
#314=CARTESIAN_POINT('',(86.5843505859375,0.7999999523162842,38.57059860229492));
#315=VERTEX_POINT('',#314);
#316=CARTESIAN_POINT('',(88.67554473876953,3.2634485391813683E-14,39.1361198425293));
#317=VERTEX_POINT('',#316);
#318=CARTESIAN_POINT('',(2.1284334659576416,0,41.19843673706055));
#319=VERTEX_POINT('',#318);
#320=CARTESIAN_POINT('',(0.08118897676467896,3.2634485391813683E-14,41.81315612792969));
#321=VERTEX_POINT('',#320);
#322=CARTESIAN_POINT('',(2.4156532287597656,0.7999999523162842,38.57059860229492));
#323=VERTEX_POINT('',#322);
#324=CARTESIAN_POINT('',(86.87156677246094,0,41.19843673706055));
#325=VERTEX_POINT('',#324);
#326=CARTESIAN_POINT('',(86.87156677246094,0.7999999523162842,41.19843673706055));
#327=VERTEX_POINT('',#326);
#328=CARTESIAN_POINT('',(88.91881561279297,3.2634485391813683E-14,41.81315612792969));
#329=VERTEX_POINT('',#328);
#330=CARTESIAN_POINT('',(2.005141258239746,0,43.83905029296875));
#331=VERTEX_POINT('',#330);
#332=CARTESIAN_POINT('',(0,3.2634485391813683E-14,44.5));
#333=VERTEX_POINT('',#332);
#334=CARTESIAN_POINT('',(2.1284334659576416,0.7999999523162842,41.19843673706055));
#335=VERTEX_POINT('',#334);
#336=CARTESIAN_POINT('',(86.99485778808594,0,43.83905029296875));
#337=VERTEX_POINT('',#336);
#338=CARTESIAN_POINT('',(86.99485778808594,0.7999999523162842,43.83905029296875));
#339=VERTEX_POINT('',#338);
#340=CARTESIAN_POINT('',(89,0,44.5));
#341=VERTEX_POINT('',#340);
#342=CARTESIAN_POINT('',(2.0462498664855957,0,46.482215881347656));
#343=VERTEX_POINT('',#342);
#344=CARTESIAN_POINT('',(0.08118897676467896,3.2634485391813683E-14,47.18684387207031));
#345=VERTEX_POINT('',#344);
#346=CARTESIAN_POINT('',(2.005141258239746,0.7999999523162842,43.83905029296875));
#347=VERTEX_POINT('',#346);
#348=CARTESIAN_POINT('',(86.95375061035156,0,46.482215881347656));
#349=VERTEX_POINT('',#348);
#350=CARTESIAN_POINT('',(86.95375061035156,0.7999999523162842,46.482215881347656));
#351=VERTEX_POINT('',#350);
#352=CARTESIAN_POINT('',(88.91881561279297,3.2634485391813683E-14,47.18684387207031));
#353=VERTEX_POINT('',#352);
#354=CARTESIAN_POINT('',(2.2516064643859863,0,49.11771774291992));
#355=VERTEX_POINT('',#354);
#356=CARTESIAN_POINT('',(0.3244541585445404,3.2634485391813683E-14,49.86388397216797));
#357=VERTEX_POINT('',#356);
#358=CARTESIAN_POINT('',(2.0462498664855957,0.7999999523162842,46.482215881347656));
#359=VERTEX_POINT('',#358);
#360=CARTESIAN_POINT('',(86.74839782714844,0,49.11771774291992));
#361=VERTEX_POINT('',#360);
#362=CARTESIAN_POINT('',(86.74839782714844,0.7999999523162842,49.11771774291992));
#363=VERTEX_POINT('',#362);
#364=CARTESIAN_POINT('',(88.67554473876953,3.2634485391813683E-14,49.86388397216797));
#365=VERTEX_POINT('',#364);
#366=CARTESIAN_POINT('',(2.6204137802124023,0,51.7353515625));
#367=VERTEX_POINT('',#366);
#368=CARTESIAN_POINT('',(0.7289164066314697,0,52.5213508605957));
#369=VERTEX_POINT('',#368);
#370=CARTESIAN_POINT('',(2.2516064643859863,0.7999999523162842,49.11771774291992));
#371=VERTEX_POINT('',#370);
#372=CARTESIAN_POINT('',(86.37958526611328,0,51.7353515625));
#373=VERTEX_POINT('',#372);
#374=CARTESIAN_POINT('',(86.37958526611328,0.7999999523162842,51.7353515625));
#375=VERTEX_POINT('',#374);
#376=CARTESIAN_POINT('',(88.27108764648438,3.2634485391813683E-14,52.5213508605957));
#377=VERTEX_POINT('',#376);
#378=CARTESIAN_POINT('',(3.151245355606079,0,54.32499313354492));
#379=VERTEX_POINT('',#378);
#380=CARTESIAN_POINT('',(1.2930892705917358,0,55.1495475769043));
#381=VERTEX_POINT('',#380);
#382=CARTESIAN_POINT('',(2.6204137802124023,0.7999999523162842,51.7353515625));
#383=VERTEX_POINT('',#382);
#384=CARTESIAN_POINT('',(85.8487548828125,0,54.32499313354492));
#385=VERTEX_POINT('',#384);
#386=CARTESIAN_POINT('',(85.8487548828125,0.7999999523162842,54.32499313354492));
#387=VERTEX_POINT('',#386);
#388=CARTESIAN_POINT('',(87.7069091796875,3.2634485391813683E-14,55.1495475769043));
#389=VERTEX_POINT('',#388);
#390=CARTESIAN_POINT('',(3.842048406600952,0,56.876625061035156));
#391=VERTEX_POINT('',#390);
#392=CARTESIAN_POINT('',(2.0149238109588623,0,57.738887786865234));
#393=VERTEX_POINT('',#392);
#394=CARTESIAN_POINT('',(3.151245355606079,0.7999999523162842,54.32499313354492));
#395=VERTEX_POINT('',#394);
#396=CARTESIAN_POINT('',(85.15795135498047,0,56.876625061035156));
#397=VERTEX_POINT('',#396);
#398=CARTESIAN_POINT('',(85.15795135498047,0.7999999523162842,56.876625061035156));
#399=VERTEX_POINT('',#398);
#400=CARTESIAN_POINT('',(86.98507690429688,3.2634485391813683E-14,57.738887786865234));
#401=VERTEX_POINT('',#400);
#402=CARTESIAN_POINT('',(4.690147876739502,0,59.380374908447266));
#403=VERTEX_POINT('',#402);
#404=CARTESIAN_POINT('',(2.8917789459228516,0,60.2799186706543));
#405=VERTEX_POINT('',#404);
#406=CARTESIAN_POINT('',(3.842048406600952,0.7999999523162842,56.876625061035156));
#407=VERTEX_POINT('',#406);
#408=CARTESIAN_POINT('',(84.30985260009766,0,59.380374908447266));
#409=VERTEX_POINT('',#408);
#410=CARTESIAN_POINT('',(84.30985260009766,0.7999999523162842,59.380374908447266));
#411=VERTEX_POINT('',#410);
#412=CARTESIAN_POINT('',(86.10822296142578,0,60.2799186706543));
#413=VERTEX_POINT('',#412);
#414=CARTESIAN_POINT('',(5.692262172698975,0,61.82655334472656));
#415=VERTEX_POINT('',#414);
#416=CARTESIAN_POINT('',(3.9204583168029785,0,62.763370513916016));
#417=VERTEX_POINT('',#416);
#418=CARTESIAN_POINT('',(4.690147876739502,0.7999999523162842,59.380374908447266));
#419=VERTEX_POINT('',#418);
#420=CARTESIAN_POINT('',(83.3077392578125,0,61.82655334472656));
#421=VERTEX_POINT('',#420);
#422=CARTESIAN_POINT('',(83.3077392578125,0.7999999523162842,61.82655334472656));
#423=VERTEX_POINT('',#422);
#424=CARTESIAN_POINT('',(85.07954406738281,0,62.763370513916016));
#425=VERTEX_POINT('',#424);
#426=CARTESIAN_POINT('',(6.844516754150391,0,64.20570373535156));
#427=VERTEX_POINT('',#426);
#428=CARTESIAN_POINT('',(5.0972065925598145,0,65.18018341064453));
#429=VERTEX_POINT('',#428);
#430=CARTESIAN_POINT('',(5.692262172698975,0.7999999523162842,61.82655334472656));
#431=VERTEX_POINT('',#430);
#432=CARTESIAN_POINT('',(82.15548706054688,0,64.20570373535156));
#433=VERTEX_POINT('',#432);
#434=CARTESIAN_POINT('',(82.15548706054688,0.7999999523162842,64.20570373535156));
#435=VERTEX_POINT('',#434);
#436=CARTESIAN_POINT('',(83.90279388427734,0,65.18018341064453));
#437=VERTEX_POINT('',#436);
#438=CARTESIAN_POINT('',(8.1424560546875,0,66.50861358642578));
#439=VERTEX_POINT('',#438);
#440=CARTESIAN_POINT('',(6.4177327156066895,3.2634485391813683E-14,67.52153015136719));
#441=VERTEX_POINT('',#440);
#442=CARTESIAN_POINT('',(6.844516754150391,0.7999999523162842,64.20570373535156));
#443=VERTEX_POINT('',#442);
#444=CARTESIAN_POINT('',(80.8575439453125,0,66.50861358642578));
#445=VERTEX_POINT('',#444);
#446=CARTESIAN_POINT('',(80.8575439453125,0.7999999523162842,66.50861358642578));
#447=VERTEX_POINT('',#446);
#448=CARTESIAN_POINT('',(82.58226776123047,0,67.52153015136719));
#449=VERTEX_POINT('',#448);
#450=CARTESIAN_POINT('',(9.58105182647705,0,68.72637176513672));
#451=VERTEX_POINT('',#450);
#452=CARTESIAN_POINT('',(7.8772196769714355,3.2634485391813683E-14,69.77888488769531));
#453=VERTEX_POINT('',#452);
#454=CARTESIAN_POINT('',(8.1424560546875,0.7999999523162842,66.50861358642578));
#455=VERTEX_POINT('',#454);
#456=CARTESIAN_POINT('',(79.41895294189453,0,68.72637176513672));
#457=VERTEX_POINT('',#456);
#458=CARTESIAN_POINT('',(79.41895294189453,0.7999999523162842,68.72637176513672));
#459=VERTEX_POINT('',#458);
#460=CARTESIAN_POINT('',(81.1227798461914,0,69.77888488769531));
#461=VERTEX_POINT('',#460);
#462=CARTESIAN_POINT('',(11.154745101928711,0,70.85040283203125));
#463=VERTEX_POINT('',#462);
#464=CARTESIAN_POINT('',(9.470335960388184,3.2634485391813683E-14,71.9439926147461));
#465=VERTEX_POINT('',#464);
#466=CARTESIAN_POINT('',(9.58105182647705,0.7999999523162842,68.72637176513672));
#467=VERTEX_POINT('',#466);
#468=CARTESIAN_POINT('',(77.84525299072266,0,70.85040283203125));
#469=VERTEX_POINT('',#468);
#470=CARTESIAN_POINT('',(77.84525299072266,0.7999999523162842,70.85040283203125));
#471=VERTEX_POINT('',#470);
#472=CARTESIAN_POINT('',(79.5296630859375,0,71.9439926147461));
#473=VERTEX_POINT('',#472);
#474=CARTESIAN_POINT('',(12.857444763183594,0,72.87249755859375));
#475=VERTEX_POINT('',#474);
#476=CARTESIAN_POINT('',(11.19127082824707,0,74.00895690917969));
#477=VERTEX_POINT('',#476);
#478=CARTESIAN_POINT('',(11.154745101928711,0.7999999523162842,70.85040283203125));
#479=VERTEX_POINT('',#478);
#480=CARTESIAN_POINT('',(76.1425552368164,0,72.87249755859375));
#481=VERTEX_POINT('',#480);
#482=CARTESIAN_POINT('',(76.1425552368164,0.7999999523162842,72.87249755859375));
#483=VERTEX_POINT('',#482);
#484=CARTESIAN_POINT('',(77.80873107910156,0,74.00895690917969));
#485=VERTEX_POINT('',#484);
#486=CARTESIAN_POINT('',(14.6825590133667,0,74.78482055664062));
#487=VERTEX_POINT('',#486);
#488=CARTESIAN_POINT('',(13.033747673034668,0,75.96625518798828));
#489=VERTEX_POINT('',#488);
#490=CARTESIAN_POINT('',(12.857444763183594,0.7999999523162842,72.87249755859375));
#491=VERTEX_POINT('',#490);
#492=CARTESIAN_POINT('',(74.31744384765625,0,74.78482055664062));
#493=VERTEX_POINT('',#492);
#494=CARTESIAN_POINT('',(74.31744384765625,0.7999999523162842,74.78482055664062));
#495=VERTEX_POINT('',#494);
#496=CARTESIAN_POINT('',(75.96625518798828,3.2634485391813683E-14,75.96625518798828));
#497=VERTEX_POINT('',#496);
#498=CARTESIAN_POINT('',(16.623035430908203,0,76.5799789428711));
#499=VERTEX_POINT('',#498);
#500=CARTESIAN_POINT('',(14.991043090820312,0,77.80873107910156));
#501=VERTEX_POINT('',#500);
#502=CARTESIAN_POINT('',(14.6825590133667,0.7999999523162842,74.78482055664062));
#503=VERTEX_POINT('',#502);
#504=CARTESIAN_POINT('',(72.37696838378906,0,76.5799789428711));
#505=VERTEX_POINT('',#504);
#506=CARTESIAN_POINT('',(72.37696838378906,0.7999999523162842,76.5799789428711));
#507=VERTEX_POINT('',#506);
#508=CARTESIAN_POINT('',(74.00895690917969,3.2634485391813683E-14,77.80873107910156));
#509=VERTEX_POINT('',#508);
#510=CARTESIAN_POINT('',(18.671361923217773,0,78.25102233886719));
#511=VERTEX_POINT('',#510);
#512=CARTESIAN_POINT('',(17.056011199951172,0,79.5296630859375));
#513=VERTEX_POINT('',#512);
#514=CARTESIAN_POINT('',(16.623035430908203,0.7999999523162842,76.5799789428711));
#515=VERTEX_POINT('',#514);
#516=CARTESIAN_POINT('',(70.3286361694336,0,78.25102233886719));
#517=VERTEX_POINT('',#516);
#518=CARTESIAN_POINT('',(70.3286361694336,0.7999999523162842,78.25102233886719));
#519=VERTEX_POINT('',#518);
#520=CARTESIAN_POINT('',(71.9439926147461,3.2634485391813683E-14,79.5296630859375));
#521=VERTEX_POINT('',#520);
#522=CARTESIAN_POINT('',(20.819612503051758,0,79.79148864746094));
#523=VERTEX_POINT('',#522);
#524=CARTESIAN_POINT('',(19.221118927001953,3.2634485391813683E-14,81.1227798461914));
#525=VERTEX_POINT('',#524);
#526=CARTESIAN_POINT('',(18.671361923217773,0.7999999523162842,78.25102233886719));
#527=VERTEX_POINT('',#526);
#528=CARTESIAN_POINT('',(68.18038940429688,0,79.79148864746094));
#529=VERTEX_POINT('',#528);
#530=CARTESIAN_POINT('',(68.18038940429688,0.7999999523162842,79.79148864746094));
#531=VERTEX_POINT('',#530);
#532=CARTESIAN_POINT('',(69.77888488769531,3.2634485391813683E-14,81.1227798461914));
#533=VERTEX_POINT('',#532);
#534=CARTESIAN_POINT('',(23.059480667114258,0,81.19541931152344));
#535=VERTEX_POINT('',#534);
#536=CARTESIAN_POINT('',(21.47846794128418,0,82.58226776123047));
#537=VERTEX_POINT('',#536);
#538=CARTESIAN_POINT('',(20.819612503051758,0.7999999523162842,79.79148864746094));
#539=VERTEX_POINT('',#538);
#540=CARTESIAN_POINT('',(65.94052124023438,0,81.19541931152344));
#541=VERTEX_POINT('',#540);
#542=CARTESIAN_POINT('',(65.94052124023438,0.7999999523162842,81.19541931152344));
#543=VERTEX_POINT('',#542);
#544=CARTESIAN_POINT('',(67.52153015136719,3.2634485391813683E-14,82.58226776123047));
#545=VERTEX_POINT('',#544);
#546=CARTESIAN_POINT('',(25.382295608520508,0,82.45738983154297));
#547=VERTEX_POINT('',#546);
#548=CARTESIAN_POINT('',(23.8198184967041,3.2634485391813683E-14,83.90279388427734));
#549=VERTEX_POINT('',#548);
#550=CARTESIAN_POINT('',(23.059480667114258,0.7999999523162842,81.19541931152344));
#551=VERTEX_POINT('',#550);
#552=CARTESIAN_POINT('',(63.617706298828125,0,82.45738983154297));
#553=VERTEX_POINT('',#552);
#554=CARTESIAN_POINT('',(63.617706298828125,0.7999999523162842,82.45738983154297));
#555=VERTEX_POINT('',#554);
#556=CARTESIAN_POINT('',(27.779071807861328,0,83.57250213623047));
#557=VERTEX_POINT('',#556);
#558=CARTESIAN_POINT('',(26.236631393432617,3.2634485391813683E-14,85.07954406738281));
#559=VERTEX_POINT('',#558);
#560=CARTESIAN_POINT('',(25.382295608520508,0.7999999523162842,82.45738983154297));
#561=VERTEX_POINT('',#560);
#562=CARTESIAN_POINT('',(65.18018341064453,0,83.90279388427734));
#563=VERTEX_POINT('',#562);
#564=CARTESIAN_POINT('',(61.22092819213867,0,83.57250213623047));
#565=VERTEX_POINT('',#564);
#566=CARTESIAN_POINT('',(61.22092819213867,0.7999999523162842,83.57250213623047));
#567=VERTEX_POINT('',#566);
#568=CARTESIAN_POINT('',(30.240541458129883,0,84.53645324707031));
#569=VERTEX_POINT('',#568);
#570=CARTESIAN_POINT('',(28.720083236694336,0,86.10822296142578));
#571=VERTEX_POINT('',#570);
#572=CARTESIAN_POINT('',(27.779071807861328,0.7999999523162842,83.57250213623047));
#573=VERTEX_POINT('',#572);
#574=CARTESIAN_POINT('',(62.763370513916016,3.2634485391813683E-14,85.07954406738281));
#575=VERTEX_POINT('',#574);
#576=CARTESIAN_POINT('',(58.75946044921875,0,84.53645324707031));
#577=VERTEX_POINT('',#576);
#578=CARTESIAN_POINT('',(58.75946044921875,0.7999999523162842,84.53645324707031));
#579=VERTEX_POINT('',#578);
#580=CARTESIAN_POINT('',(32.75717544555664,0,85.34551239013672));
#581=VERTEX_POINT('',#580);
#582=CARTESIAN_POINT('',(31.26111602783203,0,86.98507690429688));
#583=VERTEX_POINT('',#582);
#584=CARTESIAN_POINT('',(30.240541458129883,0.7999999523162842,84.53645324707031));
#585=VERTEX_POINT('',#584);
#586=CARTESIAN_POINT('',(60.2799186706543,0,86.10822296142578));
#587=VERTEX_POINT('',#586);
#588=CARTESIAN_POINT('',(56.24282455444336,0,85.34551239013672));
#589=VERTEX_POINT('',#588);
#590=CARTESIAN_POINT('',(56.24282455444336,0.7999999523162842,85.34551239013672));
#591=VERTEX_POINT('',#590);
#592=CARTESIAN_POINT('',(35.319244384765625,0,85.99655151367188));
#593=VERTEX_POINT('',#592);
#594=CARTESIAN_POINT('',(33.8504524230957,0,87.7069091796875));
#595=VERTEX_POINT('',#594);
#596=CARTESIAN_POINT('',(32.75717544555664,0.7999999523162842,85.34551239013672));
#597=VERTEX_POINT('',#596);
#598=CARTESIAN_POINT('',(57.738887786865234,0,86.98507690429688));
#599=VERTEX_POINT('',#598);
#600=CARTESIAN_POINT('',(53.68075942993164,0,85.99655151367188));
#601=VERTEX_POINT('',#600);
#602=CARTESIAN_POINT('',(53.68075942993164,0.7999999523162842,85.99655151367188));
#603=VERTEX_POINT('',#602);
#604=CARTESIAN_POINT('',(37.91682815551758,0,86.48704528808594));
#605=VERTEX_POINT('',#604);
#606=CARTESIAN_POINT('',(36.47865295410156,0,88.27108764648438));
#607=VERTEX_POINT('',#606);
#608=CARTESIAN_POINT('',(35.319244384765625,0.7999999523162842,85.99655151367188));
#609=VERTEX_POINT('',#608);
#610=CARTESIAN_POINT('',(55.1495475769043,3.2634485391813683E-14,87.7069091796875));
#611=VERTEX_POINT('',#610);
#612=CARTESIAN_POINT('',(51.08317184448242,0,86.48704528808594));
#613=VERTEX_POINT('',#612);
#614=CARTESIAN_POINT('',(51.08317184448242,0.7999999523162842,86.48704528808594));
#615=VERTEX_POINT('',#614);
#616=CARTESIAN_POINT('',(40.53988265991211,0,86.81509399414062));
#617=VERTEX_POINT('',#616);
#618=CARTESIAN_POINT('',(39.1361198425293,3.2634485391813683E-14,88.67554473876953));
#619=VERTEX_POINT('',#618);
#620=CARTESIAN_POINT('',(37.91682815551758,0.7999999523162842,86.48704528808594));
#621=VERTEX_POINT('',#620);
#622=CARTESIAN_POINT('',(52.5213508605957,3.2634485391813683E-14,88.27108764648438));
#623=VERTEX_POINT('',#622);
#624=CARTESIAN_POINT('',(48.460121154785156,0,86.81509399414062));
#625=VERTEX_POINT('',#624);
#626=CARTESIAN_POINT('',(48.460121154785156,0.7999999523162842,86.81509399414062));
#627=VERTEX_POINT('',#626);
#628=CARTESIAN_POINT('',(43.17825698852539,0,86.97943878173828));
#629=VERTEX_POINT('',#628);
#630=CARTESIAN_POINT('',(41.81315612792969,0,88.91881561279297));
#631=VERTEX_POINT('',#630);
#632=CARTESIAN_POINT('',(40.53988265991211,0.7999999523162842,86.81509399414062));
#633=VERTEX_POINT('',#632);
#634=CARTESIAN_POINT('',(49.86388397216797,3.2634485391813683E-14,88.67554473876953));
#635=VERTEX_POINT('',#634);
#636=CARTESIAN_POINT('',(45.821746826171875,0,86.97943878173828));
#637=VERTEX_POINT('',#636);
#638=CARTESIAN_POINT('',(45.821746826171875,0.7999999523162842,86.97943878173828));
#639=VERTEX_POINT('',#638);
#640=CARTESIAN_POINT('',(44.5,0,87));
#641=VERTEX_POINT('',#640);
#642=CARTESIAN_POINT('',(44.5,0,89));
#643=VERTEX_POINT('',#642);
#644=CARTESIAN_POINT('',(43.17825698852539,0.7999999523162842,86.97943878173828));
#645=VERTEX_POINT('',#644);
#646=CARTESIAN_POINT('',(47.18684387207031,0,88.91881561279297));
#647=VERTEX_POINT('',#646);
#648=CARTESIAN_POINT('',(44.5,0.7999999523162842,87));
#649=VERTEX_POINT('',#648);
#650=CARTESIAN_POINT('',(47.13854217529297,0.7999999523162842,0.879727303981781));
#651=VERTEX_POINT('',#650);
#652=CARTESIAN_POINT('',(44.5,0.7999999523162842,0.8000023365020752));
#653=VERTEX_POINT('',#652);
#654=CARTESIAN_POINT('',(41.8614616394043,0.7999999523162842,0.879727303981781));
#655=VERTEX_POINT('',#654);
#656=CARTESIAN_POINT('',(49.767452239990234,0.7999999523162842,1.1186227798461914));
#657=VERTEX_POINT('',#656);
#658=CARTESIAN_POINT('',(39.232547760009766,0.7999999523162842,1.1186227798461914));
#659=VERTEX_POINT('',#658);
#660=CARTESIAN_POINT('',(52.37714385986328,0.7999999523162842,1.515809416770935));
#661=VERTEX_POINT('',#660);
#662=CARTESIAN_POINT('',(36.62285614013672,0.7999999523162842,1.515809416770935));
#663=VERTEX_POINT('',#662);
#664=CARTESIAN_POINT('',(54.95809555053711,0.7999999523162842,2.0698421001434326));
#665=VERTEX_POINT('',#664);
#666=CARTESIAN_POINT('',(34.041908264160156,0.7999999523162842,2.0698421001434326));
#667=VERTEX_POINT('',#666);
#668=CARTESIAN_POINT('',(57.500885009765625,0.7999999523162842,2.7786977291107178));
#669=VERTEX_POINT('',#668);
#670=CARTESIAN_POINT('',(31.499116897583008,0.7999999523162842,2.7786977291107178));
#671=VERTEX_POINT('',#670);
#672=CARTESIAN_POINT('',(59.99623489379883,0.7999999523162842,3.639791250228882));
#673=VERTEX_POINT('',#672);
#674=CARTESIAN_POINT('',(29.003767013549805,0.7999999523162842,3.639791250228882));
#675=VERTEX_POINT('',#674);
#676=CARTESIAN_POINT('',(62.43503952026367,0.7999999523162842,4.649978160858154));
#677=VERTEX_POINT('',#676);
#678=CARTESIAN_POINT('',(26.564960479736328,0.7999999523162842,4.649978160858154));
#679=VERTEX_POINT('',#678);
#680=CARTESIAN_POINT('',(64.80840301513672,0.7999999523162842,5.805570602416992));
#681=VERTEX_POINT('',#680);
#682=CARTESIAN_POINT('',(24.19159698486328,0.7999999523162842,5.805570602416992));
#683=VERTEX_POINT('',#682);
#684=CARTESIAN_POINT('',(67.107666015625,0.7999999523162842,7.102359294891357));
#685=VERTEX_POINT('',#684);
#686=CARTESIAN_POINT('',(21.8923397064209,0.7999999523162842,7.102359294891357));
#687=VERTEX_POINT('',#686);
#688=CARTESIAN_POINT('',(69.32443237304688,0.7999999523162842,8.535604476928711));
#689=VERTEX_POINT('',#688);
#690=CARTESIAN_POINT('',(19.67557144165039,0.7999999523162842,8.535604476928711));
#691=VERTEX_POINT('',#690);
#692=CARTESIAN_POINT('',(71.45061492919922,0.7999999523162842,10.100081443786621));
#693=VERTEX_POINT('',#692);
#694=CARTESIAN_POINT('',(17.549386978149414,0.7999999523162842,10.100081443786621));
#695=VERTEX_POINT('',#694);
#696=CARTESIAN_POINT('',(73.47846221923828,0.7999999523162842,11.790081977844238));
#697=VERTEX_POINT('',#696);
#698=CARTESIAN_POINT('',(15.521541595458984,0.7999999523162842,11.790081977844238));
#699=VERTEX_POINT('',#698);
#700=CARTESIAN_POINT('',(75.40056610107422,0.7999999523162842,13.599434852600098));
#701=VERTEX_POINT('',#700);
#702=CARTESIAN_POINT('',(13.599434852600098,0.7999999523162842,13.599434852600098));
#703=VERTEX_POINT('',#702);
#704=CARTESIAN_POINT('',(77.20992279052734,0.7999999523162842,15.521541595458984));
#705=VERTEX_POINT('',#704);
#706=CARTESIAN_POINT('',(11.790081977844238,0.7999999523162842,15.521541595458984));
#707=VERTEX_POINT('',#706);
#708=CARTESIAN_POINT('',(78.89991760253906,0.7999999523162842,17.549386978149414));
#709=VERTEX_POINT('',#708);
#710=CARTESIAN_POINT('',(10.100081443786621,0.7999999523162842,17.549386978149414));
#711=VERTEX_POINT('',#710);
#712=CARTESIAN_POINT('',(80.46439361572266,0.7999999523162842,19.67557144165039));
#713=VERTEX_POINT('',#712);
#714=CARTESIAN_POINT('',(8.535604476928711,0.7999999523162842,19.67557144165039));
#715=VERTEX_POINT('',#714);
#716=CARTESIAN_POINT('',(81.89764404296875,0.7999999523162842,21.8923397064209));
#717=VERTEX_POINT('',#716);
#718=CARTESIAN_POINT('',(7.102359294891357,0.7999999523162842,21.8923397064209));
#719=VERTEX_POINT('',#718);
#720=CARTESIAN_POINT('',(83.19442749023438,0.7999999523162842,24.19159698486328));
#721=VERTEX_POINT('',#720);
#722=CARTESIAN_POINT('',(5.805570602416992,0.7999999523162842,24.19159698486328));
#723=VERTEX_POINT('',#722);
#724=CARTESIAN_POINT('',(84.35002136230469,0.7999999523162842,26.564960479736328));
#725=VERTEX_POINT('',#724);
#726=CARTESIAN_POINT('',(4.649978160858154,0.7999999523162842,26.564960479736328));
#727=VERTEX_POINT('',#726);
#728=CARTESIAN_POINT('',(85.3602066040039,0.7999999523162842,29.003767013549805));
#729=VERTEX_POINT('',#728);
#730=CARTESIAN_POINT('',(3.639791250228882,0.7999999523162842,29.003767013549805));
#731=VERTEX_POINT('',#730);
#732=CARTESIAN_POINT('',(86.22130584716797,0.7999999523162842,31.499116897583008));
#733=VERTEX_POINT('',#732);
#734=CARTESIAN_POINT('',(2.7786977291107178,0.7999999523162842,31.499116897583008));
#735=VERTEX_POINT('',#734);
#736=CARTESIAN_POINT('',(86.93016052246094,0.7999999523162842,34.041908264160156));
#737=VERTEX_POINT('',#736);
#738=CARTESIAN_POINT('',(2.0698421001434326,0.7999999523162842,34.041908264160156));
#739=VERTEX_POINT('',#738);
#740=CARTESIAN_POINT('',(87.48419189453125,0.7999999523162842,36.62285614013672));
#741=VERTEX_POINT('',#740);
#742=CARTESIAN_POINT('',(1.515809416770935,0.7999999523162842,36.62285614013672));
#743=VERTEX_POINT('',#742);
#744=CARTESIAN_POINT('',(87.88137817382812,0.7999999523162842,39.232547760009766));
#745=VERTEX_POINT('',#744);
#746=CARTESIAN_POINT('',(1.1186227798461914,0.7999999523162842,39.232547760009766));
#747=VERTEX_POINT('',#746);
#748=CARTESIAN_POINT('',(88.12027740478516,0.7999999523162842,41.8614616394043));
#749=VERTEX_POINT('',#748);
#750=CARTESIAN_POINT('',(0.879727303981781,0.7999999523162842,41.8614616394043));
#751=VERTEX_POINT('',#750);
#752=CARTESIAN_POINT('',(88.19999694824219,0.7999999523162842,44.5));
#753=VERTEX_POINT('',#752);
#754=CARTESIAN_POINT('',(88.12027740478516,0.7999999523162842,47.13854217529297));
#755=VERTEX_POINT('',#754);
#756=CARTESIAN_POINT('',(0.8000023365020752,0.7999999523162842,44.5));
#757=VERTEX_POINT('',#756);
#758=CARTESIAN_POINT('',(0.879727303981781,0.7999999523162842,47.13854217529297));
#759=VERTEX_POINT('',#758);
#760=CARTESIAN_POINT('',(87.88137817382812,0.7999999523162842,49.767452239990234));
#761=VERTEX_POINT('',#760);
#762=CARTESIAN_POINT('',(1.1186227798461914,0.7999999523162842,49.767452239990234));
#763=VERTEX_POINT('',#762);
#764=CARTESIAN_POINT('',(87.48419189453125,0.7999999523162842,52.37714385986328));
#765=VERTEX_POINT('',#764);
#766=CARTESIAN_POINT('',(1.515809416770935,0.7999999523162842,52.37714385986328));
#767=VERTEX_POINT('',#766);
#768=CARTESIAN_POINT('',(86.93016052246094,0.7999999523162842,54.95809555053711));
#769=VERTEX_POINT('',#768);
#770=CARTESIAN_POINT('',(2.0698421001434326,0.7999999523162842,54.95809555053711));
#771=VERTEX_POINT('',#770);
#772=CARTESIAN_POINT('',(86.22130584716797,0.7999999523162842,57.500885009765625));
#773=VERTEX_POINT('',#772);
#774=CARTESIAN_POINT('',(2.7786977291107178,0.7999999523162842,57.500885009765625));
#775=VERTEX_POINT('',#774);
#776=CARTESIAN_POINT('',(85.3602066040039,0.7999999523162842,59.99623489379883));
#777=VERTEX_POINT('',#776);
#778=CARTESIAN_POINT('',(3.639791250228882,0.7999999523162842,59.99623489379883));
#779=VERTEX_POINT('',#778);
#780=CARTESIAN_POINT('',(84.35002136230469,0.7999999523162842,62.43503952026367));
#781=VERTEX_POINT('',#780);
#782=CARTESIAN_POINT('',(4.649978160858154,0.7999999523162842,62.43503952026367));
#783=VERTEX_POINT('',#782);
#784=CARTESIAN_POINT('',(83.19442749023438,0.7999999523162842,64.80840301513672));
#785=VERTEX_POINT('',#784);
#786=CARTESIAN_POINT('',(5.805570602416992,0.7999999523162842,64.80840301513672));
#787=VERTEX_POINT('',#786);
#788=CARTESIAN_POINT('',(81.89764404296875,0.7999999523162842,67.107666015625));
#789=VERTEX_POINT('',#788);
#790=CARTESIAN_POINT('',(7.102359294891357,0.7999999523162842,67.107666015625));
#791=VERTEX_POINT('',#790);
#792=CARTESIAN_POINT('',(80.46439361572266,0.7999999523162842,69.32443237304688));
#793=VERTEX_POINT('',#792);
#794=CARTESIAN_POINT('',(8.535604476928711,0.7999999523162842,69.32443237304688));
#795=VERTEX_POINT('',#794);
#796=CARTESIAN_POINT('',(78.89991760253906,0.7999999523162842,71.45061492919922));
#797=VERTEX_POINT('',#796);
#798=CARTESIAN_POINT('',(10.100081443786621,0.7999999523162842,71.45061492919922));
#799=VERTEX_POINT('',#798);
#800=CARTESIAN_POINT('',(77.20992279052734,0.7999999523162842,73.47846221923828));
#801=VERTEX_POINT('',#800);
#802=CARTESIAN_POINT('',(11.790081977844238,0.7999999523162842,73.47846221923828));
#803=VERTEX_POINT('',#802);
#804=CARTESIAN_POINT('',(75.40056610107422,0.7999999523162842,75.40056610107422));
#805=VERTEX_POINT('',#804);
#806=CARTESIAN_POINT('',(13.599434852600098,0.7999999523162842,75.40056610107422));
#807=VERTEX_POINT('',#806);
#808=CARTESIAN_POINT('',(73.47846221923828,0.7999999523162842,77.20992279052734));
#809=VERTEX_POINT('',#808);
#810=CARTESIAN_POINT('',(15.521541595458984,0.7999999523162842,77.20992279052734));
#811=VERTEX_POINT('',#810);
#812=CARTESIAN_POINT('',(71.45061492919922,0.7999999523162842,78.89991760253906));
#813=VERTEX_POINT('',#812);
#814=CARTESIAN_POINT('',(17.549386978149414,0.7999999523162842,78.89991760253906));
#815=VERTEX_POINT('',#814);
#816=CARTESIAN_POINT('',(69.32443237304688,0.7999999523162842,80.46439361572266));
#817=VERTEX_POINT('',#816);
#818=CARTESIAN_POINT('',(19.67557144165039,0.7999999523162842,80.46439361572266));
#819=VERTEX_POINT('',#818);
#820=CARTESIAN_POINT('',(67.107666015625,0.7999999523162842,81.89764404296875));
#821=VERTEX_POINT('',#820);
#822=CARTESIAN_POINT('',(21.8923397064209,0.7999999523162842,81.89764404296875));
#823=VERTEX_POINT('',#822);
#824=CARTESIAN_POINT('',(64.80840301513672,0.7999999523162842,83.19442749023438));
#825=VERTEX_POINT('',#824);
#826=CARTESIAN_POINT('',(24.19159698486328,0.7999999523162842,83.19442749023438));
#827=VERTEX_POINT('',#826);
#828=CARTESIAN_POINT('',(62.43503952026367,0.7999999523162842,84.35002136230469));
#829=VERTEX_POINT('',#828);
#830=CARTESIAN_POINT('',(26.564960479736328,0.7999999523162842,84.35002136230469));
#831=VERTEX_POINT('',#830);
#832=CARTESIAN_POINT('',(59.99623489379883,0.7999999523162842,85.3602066040039));
#833=VERTEX_POINT('',#832);
#834=CARTESIAN_POINT('',(29.003767013549805,0.7999999523162842,85.3602066040039));
#835=VERTEX_POINT('',#834);
#836=CARTESIAN_POINT('',(57.500885009765625,0.7999999523162842,86.22130584716797));
#837=VERTEX_POINT('',#836);
#838=CARTESIAN_POINT('',(31.499116897583008,0.7999999523162842,86.22130584716797));
#839=VERTEX_POINT('',#838);
#840=CARTESIAN_POINT('',(54.95809555053711,0.7999999523162842,86.93016052246094));
#841=VERTEX_POINT('',#840);
#842=CARTESIAN_POINT('',(34.041908264160156,0.7999999523162842,86.93016052246094));
#843=VERTEX_POINT('',#842);
#844=CARTESIAN_POINT('',(52.37714385986328,0.7999999523162842,87.48419189453125));
#845=VERTEX_POINT('',#844);
#846=CARTESIAN_POINT('',(36.62285614013672,0.7999999523162842,87.48419189453125));
#847=VERTEX_POINT('',#846);
#848=CARTESIAN_POINT('',(49.767452239990234,0.7999999523162842,87.88137817382812));
#849=VERTEX_POINT('',#848);
#850=CARTESIAN_POINT('',(39.232547760009766,0.7999999523162842,87.88137817382812));
#851=VERTEX_POINT('',#850);
#852=CARTESIAN_POINT('',(47.13854217529297,0.7999999523162842,88.12027740478516));
#853=VERTEX_POINT('',#852);
#854=CARTESIAN_POINT('',(41.8614616394043,0.7999999523162842,88.12027740478516));
#855=VERTEX_POINT('',#854);
#856=CARTESIAN_POINT('',(44.5,0.7999999523162842,88.19999694824219));
#857=VERTEX_POINT('',#856);
#858=FACE_SURFACE('',(#863),#859,.T.);
#859=PLANE('',#860);
#860=AXIS2_PLACEMENT_3D('',#34,#861,#862);
#861=DIRECTION('',(-1.2146029671112823E-14,-1,-0));
#862=DIRECTION('',(-0.8137854591580209,9.884262332853495E-15,-0.581165403704461));
#863=FACE_BOUND('',#864,.T.);
#864=EDGE_LOOP('',(#865,#866,#867));
#865=ORIENTED_EDGE('',*,*,#868,.T.);
#866=ORIENTED_EDGE('',*,*,#869,.T.);
#867=ORIENTED_EDGE('',*,*,#870,.T.);
#868=EDGE_CURVE('',#35,#37,#871,.F.);
#869=EDGE_CURVE('',#37,#39,#872,.T.);
#870=EDGE_CURVE('',#39,#35,#873,.T.);
#871=LINE('',#34,#874);
#872=LINE('',#36,#875);
#873=LINE('',#38,#876);
#874=VECTOR('',#877,1.0);
#875=VECTOR('',#878,1.0);
#876=VECTOR('',#879,1.0);
#877=DIRECTION('',(-0.8137854591580209,9.884262332853495E-15,-0.581165403704461));
#878=DIRECTION('',(0.999543771939682,-1.2140488311555408E-14,-0.030203443124799));
#879=DIRECTION('',(0,0,1));
#880=FACE_SURFACE('',(#885),#881,.T.);
#881=PLANE('',#882);
#882=AXIS2_PLACEMENT_3D('',#40,#883,#884);
#883=DIRECTION('',(0,-1,0));
#884=DIRECTION('',(-0.999516265287097,0,-0.031100408784026007));
#885=FACE_BOUND('',#886,.T.);
#886=EDGE_LOOP('',(#887,#888,#889));
#887=ORIENTED_EDGE('',*,*,#890,.T.);
#888=ORIENTED_EDGE('',*,*,#891,.T.);
#889=ORIENTED_EDGE('',*,*,#892,.T.);
#890=EDGE_CURVE('',#41,#35,#893,.F.);
#891=EDGE_CURVE('',#35,#39,#894,.T.);
#892=EDGE_CURVE('',#39,#41,#895,.T.);
#893=LINE('',#40,#896);
#894=LINE('',#34,#897);
#895=LINE('',#38,#898);
#896=VECTOR('',#899,1.0);
#897=VECTOR('',#900,1.0);
#898=VECTOR('',#901,1.0);
#899=DIRECTION('',(-0.999516265287097,0,-0.031100408784026007));
#900=DIRECTION('',(0,0,-1));
#901=DIRECTION('',(0.7854235833486597,0,0.6189586373254281));
#902=FACE_SURFACE('',(#907),#903,.T.);
#903=PLANE('',#904);
#904=AXIS2_PLACEMENT_3D('',#42,#905,#906);
#905=DIRECTION('',(1.2630326382462343E-14,-1,-1.602717145856872E-14));
#906=DIRECTION('',(-0.022299002908755337,-1.6304829928151605E-14,0.9997513463203115));
#907=FACE_BOUND('',#908,.T.);
#908=EDGE_LOOP('',(#909,#910,#911));
#909=ORIENTED_EDGE('',*,*,#912,.T.);
#910=ORIENTED_EDGE('',*,*,#913,.T.);
#911=ORIENTED_EDGE('',*,*,#914,.T.);
#912=EDGE_CURVE('',#43,#41,#915,.F.);
#913=EDGE_CURVE('',#41,#39,#916,.T.);
#914=EDGE_CURVE('',#39,#43,#917,.T.);
#915=LINE('',#42,#918);
#916=LINE('',#40,#919);
#917=LINE('',#38,#920);
#918=VECTOR('',#921,1.0);
#919=VECTOR('',#922,1.0);
#920=VECTOR('',#923,1.0);
#921=DIRECTION('',(-0.022299002908755337,-1.6304829928151605E-14,0.9997513463203115));
#922=DIRECTION('',(-0.7854235833486597,0,-0.6189586373254281));
#923=DIRECTION('',(0.999543771939682,1.2140488311555408E-14,0.030203443124799));
#924=FACE_SURFACE('',(#929),#925,.T.);
#925=PLANE('',#926);
#926=AXIS2_PLACEMENT_3D('',#44,#927,#928);
#927=DIRECTION('',(1.0686859429082413E-14,-1,-1.654727114556596E-14));
#928=DIRECTION('',(-0.8400375234535526,0,-0.5425283026626556));
#929=FACE_BOUND('',#930,.T.);
#930=EDGE_LOOP('',(#931,#932,#933));
#931=ORIENTED_EDGE('',*,*,#934,.T.);
#932=ORIENTED_EDGE('',*,*,#935,.T.);
#933=ORIENTED_EDGE('',*,*,#936,.T.);
#934=EDGE_CURVE('',#45,#47,#937,.F.);
#935=EDGE_CURVE('',#47,#37,#938,.T.);
#936=EDGE_CURVE('',#37,#45,#939,.T.);
#937=LINE('',#44,#940);
#938=LINE('',#46,#941);
#939=LINE('',#36,#942);
#940=VECTOR('',#943,1.0);
#941=VECTOR('',#944,1.0);
#942=VECTOR('',#945,1.0);
#943=DIRECTION('',(-0.8400375234535526,0,-0.5425283026626556));
#944=DIRECTION('',(0.9958966187984231,1.2140505466877837E-14,-0.09049820255600799));
#945=DIRECTION('',(0.0223009078586193,-1.630482923517299E-14,0.9997513038294481));
#946=FACE_SURFACE('',(#951),#947,.T.);
#947=PLANE('',#948);
#948=AXIS2_PLACEMENT_3D('',#34,#949,#950);
#949=DIRECTION('',(-5.071072329403387E-16,-1,-1.629757342759748E-14));
#950=DIRECTION('',(-0.999516263891322,0,0.031100453641920673));
#951=FACE_BOUND('',#952,.T.);
#952=EDGE_LOOP('',(#953,#954,#955));
#953=ORIENTED_EDGE('',*,*,#956,.T.);
#954=ORIENTED_EDGE('',*,*,#957,.T.);
#955=ORIENTED_EDGE('',*,*,#958,.T.);
#956=EDGE_CURVE('',#35,#45,#959,.F.);
#957=EDGE_CURVE('',#45,#37,#960,.T.);
#958=EDGE_CURVE('',#37,#35,#961,.T.);
#959=LINE('',#34,#962);
#960=LINE('',#44,#963);
#961=LINE('',#36,#964);
#962=VECTOR('',#965,1.0);
#963=VECTOR('',#966,1.0);
#964=VECTOR('',#967,1.0);
#965=DIRECTION('',(-0.999516263891322,0,0.031100453641920673));
#966=DIRECTION('',(-0.0223009078586193,1.630482923517299E-14,-0.9997513038294481));
#967=DIRECTION('',(0.8137854591580209,-9.884262332853495E-15,0.581165403704461));
#968=FACE_SURFACE('',(#973),#969,.T.);
#969=PLANE('',#970);
#970=AXIS2_PLACEMENT_3D('',#48,#971,#972);
#971=DIRECTION('',(1.5230980573908023E-15,-1,-1.6274913177187646E-14));
#972=DIRECTION('',(-0.995649421506915,0,-0.09317848170551711));
#973=FACE_BOUND('',#974,.T.);
#974=EDGE_LOOP('',(#975,#976,#977));
#975=ORIENTED_EDGE('',*,*,#978,.T.);
#976=ORIENTED_EDGE('',*,*,#979,.T.);
#977=ORIENTED_EDGE('',*,*,#980,.T.);
#978=EDGE_CURVE('',#49,#41,#981,.F.);
#979=EDGE_CURVE('',#41,#43,#982,.T.);
#980=EDGE_CURVE('',#43,#49,#983,.T.);
#981=LINE('',#48,#984);
#982=LINE('',#40,#985);
#983=LINE('',#42,#986);
#984=VECTOR('',#987,1.0);
#985=VECTOR('',#988,1.0);
#986=VECTOR('',#989,1.0);
#987=DIRECTION('',(-0.995649421506915,0,-0.09317848170551711));
#988=DIRECTION('',(0.022299002908755337,1.6304829928151605E-14,-0.9997513463203115));
#989=DIRECTION('',(0.7549711060650262,-9.52251041399259E-15,0.655758056760991));
#990=FACE_SURFACE('',(#995),#991,.T.);
#991=PLANE('',#992);
#992=AXIS2_PLACEMENT_3D('',#50,#993,#994);
#993=DIRECTION('',(-1.2141136119911761E-14,-1,-5.433458956138038E-16));
#994=DIRECTION('',(-0.04470772783803725,0,0.9990001096454194));
#995=FACE_BOUND('',#996,.T.);
#996=EDGE_LOOP('',(#997,#998,#999));
#997=ORIENTED_EDGE('',*,*,#1000,.T.);
#998=ORIENTED_EDGE('',*,*,#1001,.T.);
#999=ORIENTED_EDGE('',*,*,#1002,.T.);
#1000=EDGE_CURVE('',#51,#49,#1003,.F.);
#1001=EDGE_CURVE('',#49,#43,#1004,.T.);
#1002=EDGE_CURVE('',#43,#51,#1005,.T.);
#1003=LINE('',#50,#1006);
#1004=LINE('',#48,#1007);
#1005=LINE('',#42,#1008);
#1006=VECTOR('',#1009,1.0);
#1007=VECTOR('',#1010,1.0);
#1008=VECTOR('',#1011,1.0);
#1009=DIRECTION('',(-0.04470772783803725,0,0.9990001096454194));
#1010=DIRECTION('',(-0.7549711060650262,9.52251041399259E-15,-0.655758056760991));
#1011=DIRECTION('',(0.9958966304209099,-1.2140488308726515E-14,0.0904980746550851));
#1012=FACE_SURFACE('',(#1017),#1013,.T.);
#1013=PLANE('',#1014);
#1014=AXIS2_PLACEMENT_3D('',#52,#1015,#1016);
#1015=DIRECTION('',(0,-1,0));
#1016=DIRECTION('',(-0.8641744443143808,0,-0.5031923387671271));
#1017=FACE_BOUND('',#1018,.T.);
#1018=EDGE_LOOP('',(#1019,#1020,#1021));
#1019=ORIENTED_EDGE('',*,*,#1022,.T.);
#1020=ORIENTED_EDGE('',*,*,#1023,.T.);
#1021=ORIENTED_EDGE('',*,*,#1024,.T.);
#1022=EDGE_CURVE('',#53,#55,#1025,.F.);
#1023=EDGE_CURVE('',#55,#47,#1026,.T.);
#1024=EDGE_CURVE('',#47,#53,#1027,.T.);
#1025=LINE('',#52,#1028);
#1026=LINE('',#54,#1029);
#1027=LINE('',#46,#1030);
#1028=VECTOR('',#1031,1.0);
#1029=VECTOR('',#1032,1.0);
#1030=VECTOR('',#1033,1.0);
#1031=DIRECTION('',(-0.8641744443143808,0,-0.5031923387671271));
#1032=DIRECTION('',(0.9886152343869236,0,-0.1504656716267474));
#1033=DIRECTION('',(0.04470583007220109,0,0.9990001945733321));
#1034=FACE_SURFACE('',(#1039),#1035,.T.);
#1035=PLANE('',#1036);
#1036=AXIS2_PLACEMENT_3D('',#44,#1037,#1038);
#1037=DIRECTION('',(-0,-1,0));
#1038=DIRECTION('',(-0.9956494340358307,0,0.09317834782893515));
#1039=FACE_BOUND('',#1040,.T.);
#1040=EDGE_LOOP('',(#1041,#1042,#1043));
#1041=ORIENTED_EDGE('',*,*,#1044,.T.);
#1042=ORIENTED_EDGE('',*,*,#1045,.T.);
#1043=ORIENTED_EDGE('',*,*,#1046,.T.);
#1044=EDGE_CURVE('',#45,#53,#1047,.F.);
#1045=EDGE_CURVE('',#53,#47,#1048,.T.);
#1046=EDGE_CURVE('',#47,#45,#1049,.T.);
#1047=LINE('',#44,#1050);
#1048=LINE('',#52,#1051);
#1049=LINE('',#46,#1052);
#1050=VECTOR('',#1053,1.0);
#1051=VECTOR('',#1054,1.0);
#1052=VECTOR('',#1055,1.0);
#1053=DIRECTION('',(-0.9956494340358307,0,0.09317834782893515));
#1054=DIRECTION('',(-0.04470583007220109,0,-0.9990001945733321));
#1055=DIRECTION('',(0.8400375234535526,0,0.5425283026626556));
#1056=FACE_SURFACE('',(#1061),#1057,.T.);
#1057=PLANE('',#1058);
#1058=AXIS2_PLACEMENT_3D('',#56,#1059,#1060);
#1059=DIRECTION('',(0,-1,0));
#1060=DIRECTION('',(-0.9879303682599646,0,-0.15489863611320417));
#1061=FACE_BOUND('',#1062,.T.);
#1062=EDGE_LOOP('',(#1063,#1064,#1065));
#1063=ORIENTED_EDGE('',*,*,#1066,.T.);
#1064=ORIENTED_EDGE('',*,*,#1067,.T.);
#1065=ORIENTED_EDGE('',*,*,#1068,.T.);
#1066=EDGE_CURVE('',#57,#49,#1069,.F.);
#1067=EDGE_CURVE('',#49,#51,#1070,.T.);
#1068=EDGE_CURVE('',#51,#57,#1071,.T.);
#1069=LINE('',#56,#1072);
#1070=LINE('',#48,#1073);
#1071=LINE('',#50,#1074);
#1072=VECTOR('',#1075,1.0);
#1073=VECTOR('',#1076,1.0);
#1074=VECTOR('',#1077,1.0);
#1075=DIRECTION('',(-0.9879303682599646,0,-0.15489863611320417));
#1076=DIRECTION('',(0.04470772783803725,0,-0.9990001096454194));
#1077=DIRECTION('',(0.7224558180442363,0,0.6914170890092559));
#1078=FACE_SURFACE('',(#1083),#1079,.T.);
#1079=PLANE('',#1080);
#1080=AXIS2_PLACEMENT_3D('',#58,#1081,#1082);
#1081=DIRECTION('',(-0,-1,0));
#1082=DIRECTION('',(-0.06732558963644245,0,0.9977310584421563));
#1083=FACE_BOUND('',#1084,.T.);
#1084=EDGE_LOOP('',(#1085,#1086,#1087));
#1085=ORIENTED_EDGE('',*,*,#1088,.T.);
#1086=ORIENTED_EDGE('',*,*,#1089,.T.);
#1087=ORIENTED_EDGE('',*,*,#1090,.T.);
#1088=EDGE_CURVE('',#59,#57,#1091,.F.);
#1089=EDGE_CURVE('',#57,#51,#1092,.T.);
#1090=EDGE_CURVE('',#51,#59,#1093,.T.);
#1091=LINE('',#58,#1094);
#1092=LINE('',#56,#1095);
#1093=LINE('',#50,#1096);
#1094=VECTOR('',#1097,1.0);
#1095=VECTOR('',#1098,1.0);
#1096=VECTOR('',#1099,1.0);
#1097=DIRECTION('',(-0.06732558963644245,0,0.9977310584421563));
#1098=DIRECTION('',(-0.7224558180442363,0,-0.6914170890092559));
#1099=DIRECTION('',(0.9886152343869236,0,0.1504656716267474));
#1100=FACE_SURFACE('',(#1105),#1101,.T.);
#1101=PLANE('',#1102);
#1102=AXIS2_PLACEMENT_3D('',#60,#1103,#1104);
#1103=DIRECTION('',(-1.2239756778440119E-14,-1,8.258995728082636E-16));
#1104=DIRECTION('',(-0.8861968769696844,1.0464187646385494E-14,-0.46330885513788517));
#1105=FACE_BOUND('',#1106,.T.);
#1106=EDGE_LOOP('',(#1107,#1108,#1109));
#1107=ORIENTED_EDGE('',*,*,#1110,.T.);
#1108=ORIENTED_EDGE('',*,*,#1111,.T.);
#1109=ORIENTED_EDGE('',*,*,#1112,.T.);
#1110=EDGE_CURVE('',#61,#63,#1113,.F.);
#1111=EDGE_CURVE('',#63,#55,#1114,.T.);
#1112=EDGE_CURVE('',#55,#61,#1115,.T.);
#1113=LINE('',#60,#1116);
#1114=LINE('',#62,#1117);
#1115=LINE('',#54,#1118);
#1116=VECTOR('',#1119,1.0);
#1117=VECTOR('',#1120,1.0);
#1118=VECTOR('',#1121,1.0);
#1119=DIRECTION('',(-0.8861968769696844,1.0464187646385494E-14,-0.46330885513788517));
#1120=DIRECTION('',(0.9777271216638371,-1.2140482087531926E-14,-0.20988014570927913));
#1121=DIRECTION('',(0.06732370380866451,0,0.9977311856935631));
#1122=FACE_SURFACE('',(#1127),#1123,.T.);
#1123=PLANE('',#1124);
#1124=AXIS2_PLACEMENT_3D('',#52,#1125,#1126);
#1125=DIRECTION('',(-0,-1,0));
#1126=DIRECTION('',(-0.9879303682599646,0,0.15489863611320417));
#1127=FACE_BOUND('',#1128,.T.);
#1128=EDGE_LOOP('',(#1129,#1130,#1131));
#1129=ORIENTED_EDGE('',*,*,#1132,.T.);
#1130=ORIENTED_EDGE('',*,*,#1133,.T.);
#1131=ORIENTED_EDGE('',*,*,#1134,.T.);
#1132=EDGE_CURVE('',#53,#61,#1135,.F.);
#1133=EDGE_CURVE('',#61,#55,#1136,.T.);
#1134=EDGE_CURVE('',#55,#53,#1137,.T.);
#1135=LINE('',#52,#1138);
#1136=LINE('',#60,#1139);
#1137=LINE('',#54,#1140);
#1138=VECTOR('',#1141,1.0);
#1139=VECTOR('',#1142,1.0);
#1140=VECTOR('',#1143,1.0);
#1141=DIRECTION('',(-0.9879303682599646,0,0.15489863611320417));
#1142=DIRECTION('',(-0.06732370380866451,0,-0.9977311856935631));
#1143=DIRECTION('',(0.8641744443143808,0,0.5031923387671271));
#1144=FACE_SURFACE('',(#1149),#1145,.T.);
#1145=PLANE('',#1146);
#1146=AXIS2_PLACEMENT_3D('',#64,#1147,#1148);
#1147=DIRECTION('',(0,-1,0));
#1148=DIRECTION('',(-0.9763892793979128,0,-0.2160184600371562));
#1149=FACE_BOUND('',#1150,.T.);
#1150=EDGE_LOOP('',(#1151,#1152,#1153));
#1151=ORIENTED_EDGE('',*,*,#1154,.T.);
#1152=ORIENTED_EDGE('',*,*,#1155,.T.);
#1153=ORIENTED_EDGE('',*,*,#1156,.T.);
#1154=EDGE_CURVE('',#65,#57,#1157,.F.);
#1155=EDGE_CURVE('',#57,#59,#1158,.T.);
#1156=EDGE_CURVE('',#59,#65,#1159,.T.);
#1157=LINE('',#64,#1160);
#1158=LINE('',#56,#1161);
#1159=LINE('',#58,#1162);
#1160=VECTOR('',#1163,1.0);
#1161=VECTOR('',#1164,1.0);
#1162=VECTOR('',#1165,1.0);
#1163=DIRECTION('',(-0.9763892793979128,0,-0.2160184600371562));
#1164=DIRECTION('',(0.06732558963644245,0,-0.9977310584421563));
#1165=DIRECTION('',(0.6879181971664458,0,0.7257882294493808));
#1166=FACE_SURFACE('',(#1171),#1167,.T.);
#1167=PLANE('',#1168);
#1168=AXIS2_PLACEMENT_3D('',#66,#1169,#1170);
#1169=DIRECTION('',(-0,-1,0));
#1170=DIRECTION('',(-0.09025389853944772,0,0.9959187887566089));
#1171=FACE_BOUND('',#1172,.T.);
#1172=EDGE_LOOP('',(#1173,#1174,#1175));
#1173=ORIENTED_EDGE('',*,*,#1176,.T.);
#1174=ORIENTED_EDGE('',*,*,#1177,.T.);
#1175=ORIENTED_EDGE('',*,*,#1178,.T.);
#1176=EDGE_CURVE('',#67,#65,#1179,.F.);
#1177=EDGE_CURVE('',#65,#59,#1180,.T.);
#1178=EDGE_CURVE('',#59,#67,#1181,.T.);
#1179=LINE('',#66,#1182);
#1180=LINE('',#64,#1183);
#1181=LINE('',#58,#1184);
#1182=VECTOR('',#1185,1.0);
#1183=VECTOR('',#1186,1.0);
#1184=VECTOR('',#1187,1.0);
#1185=DIRECTION('',(-0.09025389853944772,0,0.9959187887566089));
#1186=DIRECTION('',(-0.6879181971664458,0,-0.7257882294493808));
#1187=DIRECTION('',(0.977727059151914,0,0.20988043692099953));
#1188=FACE_SURFACE('',(#1193),#1189,.T.);
#1189=PLANE('',#1190);
#1190=AXIS2_PLACEMENT_3D('',#68,#1191,#1192);
#1191=DIRECTION('',(-4.401589178390933E-15,-1,-1.5789207109443295E-14));
#1192=DIRECTION('',(-0.9061195804514736,1.0667542388319063E-14,-0.4230216376527867));
#1193=FACE_BOUND('',#1194,.T.);
#1194=EDGE_LOOP('',(#1195,#1196,#1197));
#1195=ORIENTED_EDGE('',*,*,#1198,.T.);
#1196=ORIENTED_EDGE('',*,*,#1199,.T.);
#1197=ORIENTED_EDGE('',*,*,#1200,.T.);
#1198=EDGE_CURVE('',#69,#71,#1201,.F.);
#1199=EDGE_CURVE('',#71,#63,#1202,.T.);
#1200=EDGE_CURVE('',#63,#69,#1203,.T.);
#1201=LINE('',#68,#1204);
#1202=LINE('',#70,#1205);
#1203=LINE('',#62,#1206);
#1204=VECTOR('',#1207,1.0);
#1205=VECTOR('',#1208,1.0);
#1206=VECTOR('',#1209,1.0);
#1207=DIRECTION('',(-0.9061195804514736,1.0667542388319063E-14,-0.4230216376527867));
#1208=DIRECTION('',(0.9632705215147921,0,-0.26853287020515837));
#1209=DIRECTION('',(0.09025389853944772,-1.612202860298283E-14,0.9959187887566089));
#1210=FACE_SURFACE('',(#1215),#1211,.T.);
#1211=PLANE('',#1212);
#1212=AXIS2_PLACEMENT_3D('',#60,#1213,#1214);
#1213=DIRECTION('',(-3.5110923508058956E-15,-1,-1.586990727418956E-14));
#1214=DIRECTION('',(-0.9763892793979128,0,0.2160184600371562));
#1215=FACE_BOUND('',#1216,.T.);
#1216=EDGE_LOOP('',(#1217,#1218,#1219));
#1217=ORIENTED_EDGE('',*,*,#1220,.T.);
#1218=ORIENTED_EDGE('',*,*,#1221,.T.);
#1219=ORIENTED_EDGE('',*,*,#1222,.T.);
#1220=EDGE_CURVE('',#61,#69,#1223,.F.);
#1221=EDGE_CURVE('',#69,#63,#1224,.T.);
#1222=EDGE_CURVE('',#63,#61,#1225,.T.);
#1223=LINE('',#60,#1226);
#1224=LINE('',#68,#1227);
#1225=LINE('',#62,#1228);
#1226=VECTOR('',#1229,1.0);
#1227=VECTOR('',#1230,1.0);
#1228=VECTOR('',#1231,1.0);
#1229=DIRECTION('',(-0.9763892793979128,0,0.2160184600371562));
#1230=DIRECTION('',(-0.09025389853944772,1.612202860298283E-14,-0.9959187887566089));
#1231=DIRECTION('',(0.8861968769696844,-1.0464187646385494E-14,0.46330885513788517));
#1232=FACE_SURFACE('',(#1237),#1233,.T.);
#1233=PLANE('',#1234);
#1234=AXIS2_PLACEMENT_3D('',#72,#1235,#1236);
#1235=DIRECTION('',(0,-1,0));
#1236=DIRECTION('',(-0.9610711193373771,0,-0.2763011103408761));
#1237=FACE_BOUND('',#1238,.T.);
#1238=EDGE_LOOP('',(#1239,#1240,#1241));
#1239=ORIENTED_EDGE('',*,*,#1242,.T.);
#1240=ORIENTED_EDGE('',*,*,#1243,.T.);
#1241=ORIENTED_EDGE('',*,*,#1244,.T.);
#1242=EDGE_CURVE('',#73,#65,#1245,.F.);
#1243=EDGE_CURVE('',#65,#67,#1246,.T.);
#1244=EDGE_CURVE('',#67,#73,#1247,.T.);
#1245=LINE('',#72,#1248);
#1246=LINE('',#64,#1249);
#1247=LINE('',#66,#1250);
#1248=VECTOR('',#1251,1.0);
#1249=VECTOR('',#1252,1.0);
#1250=VECTOR('',#1253,1.0);
#1251=DIRECTION('',(-0.9610711193373771,0,-0.2763011103408761));
#1252=DIRECTION('',(0.09025389853944772,0,-0.9959187887566089));
#1253=DIRECTION('',(0.6514073289118719,0,0.7587282068302855));
#1254=FACE_SURFACE('',(#1259),#1255,.T.);
#1255=PLANE('',#1256);
#1256=AXIS2_PLACEMENT_3D('',#74,#1257,#1258);
#1257=DIRECTION('',(-0,-1,0));
#1258=DIRECTION('',(-0.11358496175750456,0,0.9935282866947203));
#1259=FACE_BOUND('',#1260,.T.);
#1260=EDGE_LOOP('',(#1261,#1262,#1263));
#1261=ORIENTED_EDGE('',*,*,#1264,.T.);
#1262=ORIENTED_EDGE('',*,*,#1265,.T.);
#1263=ORIENTED_EDGE('',*,*,#1266,.T.);
#1264=EDGE_CURVE('',#75,#73,#1267,.F.);
#1265=EDGE_CURVE('',#73,#67,#1268,.T.);
#1266=EDGE_CURVE('',#67,#75,#1269,.T.);
#1267=LINE('',#74,#1270);
#1268=LINE('',#72,#1271);
#1269=LINE('',#66,#1272);
#1270=VECTOR('',#1273,1.0);
#1271=VECTOR('',#1274,1.0);
#1272=VECTOR('',#1275,1.0);
#1273=DIRECTION('',(-0.11358496175750456,0,0.9935282866947203));
#1274=DIRECTION('',(-0.6514073289118719,0,-0.7587282068302855));
#1275=DIRECTION('',(0.9632706238473641,0,0.2685325031215217));
#1276=FACE_SURFACE('',(#1281),#1277,.T.);
#1277=PLANE('',#1278);
#1278=AXIS2_PLACEMENT_3D('',#76,#1279,#1280);
#1279=DIRECTION('',(-0.031100408784026007,0,0.999516265287097));
#1280=DIRECTION('',(-0.999516265287097,0,-0.031100408784026007));
#1281=FACE_BOUND('',#1282,.T.);
#1282=EDGE_LOOP('',(#1283,#1284,#1285));
#1283=ORIENTED_EDGE('',*,*,#1286,.T.);
#1284=ORIENTED_EDGE('',*,*,#1287,.T.);
#1285=ORIENTED_EDGE('',*,*,#1288,.T.);
#1286=EDGE_CURVE('',#77,#79,#1289,.F.);
#1287=EDGE_CURVE('',#79,#35,#1290,.T.);
#1288=EDGE_CURVE('',#35,#77,#1291,.T.);
#1289=LINE('',#76,#1292);
#1290=LINE('',#78,#1293);
#1291=LINE('',#34,#1294);
#1292=VECTOR('',#1295,1.0);
#1293=VECTOR('',#1296,1.0);
#1294=VECTOR('',#1297,1.0);
#1295=DIRECTION('',(-0.999516265287097,0,-0.031100408784026007));
#1296=DIRECTION('',(0,-1,0));
#1297=DIRECTION('',(0.9566676442279476,0.289656581174127,0.029767154211736882));
#1298=FACE_SURFACE('',(#1303),#1299,.T.);
#1299=PLANE('',#1300);
#1300=AXIS2_PLACEMENT_3D('',#40,#1301,#1302);
#1301=DIRECTION('',(-0.031100408784026007,0,0.999516265287097));
#1302=DIRECTION('',(0,1,0));
#1303=FACE_BOUND('',#1304,.T.);
#1304=EDGE_LOOP('',(#1305,#1306,#1307));
#1305=ORIENTED_EDGE('',*,*,#1308,.T.);
#1306=ORIENTED_EDGE('',*,*,#1309,.T.);
#1307=ORIENTED_EDGE('',*,*,#1310,.T.);
#1308=EDGE_CURVE('',#41,#77,#1311,.F.);
#1309=EDGE_CURVE('',#77,#35,#1312,.T.);
#1310=EDGE_CURVE('',#35,#41,#1313,.T.);
#1311=LINE('',#40,#1314);
#1312=LINE('',#76,#1315);
#1313=LINE('',#34,#1316);
#1314=VECTOR('',#1317,1.0);
#1315=VECTOR('',#1318,1.0);
#1316=VECTOR('',#1319,1.0);
#1317=DIRECTION('',(0,1,0));
#1318=DIRECTION('',(-0.9566676442279476,-0.289656581174127,-0.029767154211736882));
#1319=DIRECTION('',(0.999516265287097,0,0.031100408784026007));
#1320=FACE_SURFACE('',(#1325),#1321,.T.);
#1321=PLANE('',#1322);
#1322=AXIS2_PLACEMENT_3D('',#78,#1323,#1324);
#1323=DIRECTION('',(0.031100453641920673,0,0.999516263891322));
#1324=DIRECTION('',(-0.9566675271207088,-0.28965696390945467,0.029767193544319885));
#1325=FACE_BOUND('',#1326,.T.);
#1326=EDGE_LOOP('',(#1327,#1328,#1329));
#1327=ORIENTED_EDGE('',*,*,#1330,.T.);
#1328=ORIENTED_EDGE('',*,*,#1331,.T.);
#1329=ORIENTED_EDGE('',*,*,#1332,.T.);
#1330=EDGE_CURVE('',#79,#45,#1333,.F.);
#1331=EDGE_CURVE('',#45,#35,#1334,.T.);
#1332=EDGE_CURVE('',#35,#79,#1335,.T.);
#1333=LINE('',#78,#1336);
#1334=LINE('',#44,#1337);
#1335=LINE('',#34,#1338);
#1336=VECTOR('',#1339,1.0);
#1337=VECTOR('',#1340,1.0);
#1338=VECTOR('',#1341,1.0);
#1339=DIRECTION('',(-0.9566675271207088,-0.28965696390945467,0.029767193544319885));
#1340=DIRECTION('',(0.999516263891322,0,-0.031100453641920673));
#1341=DIRECTION('',(0,1,0));
#1342=FACE_SURFACE('',(#1347),#1343,.T.);
#1343=PLANE('',#1344);
#1344=AXIS2_PLACEMENT_3D('',#80,#1345,#1346);
#1345=DIRECTION('',(-5.351411548858595E-15,-1,-1.550782071325967E-14));
#1346=DIRECTION('',(-0.9239661556903208,1.0875865074874278E-14,-0.3824742385296687));
#1347=FACE_BOUND('',#1348,.T.);
#1348=EDGE_LOOP('',(#1349,#1350,#1351));
#1349=ORIENTED_EDGE('',*,*,#1352,.T.);
#1350=ORIENTED_EDGE('',*,*,#1353,.T.);
#1351=ORIENTED_EDGE('',*,*,#1354,.T.);
#1352=EDGE_CURVE('',#81,#83,#1355,.F.);
#1353=EDGE_CURVE('',#83,#71,#1356,.T.);
#1354=EDGE_CURVE('',#71,#81,#1357,.T.);
#1355=LINE('',#80,#1358);
#1356=LINE('',#82,#1359);
#1357=LINE('',#70,#1360);
#1358=VECTOR('',#1361,1.0);
#1359=VECTOR('',#1362,1.0);
#1360=VECTOR('',#1363,1.0);
#1361=DIRECTION('',(-0.9239661556903208,1.0875865074874278E-14,-0.3824742385296687));
#1362=DIRECTION('',(0.9452999348183906,0,-0.32620244210052524));
#1363=DIRECTION('',(0.11358403780689715,-1.6015295113391774E-14,0.9935283923247898));
#1364=FACE_SURFACE('',(#1369),#1365,.T.);
#1365=PLANE('',#1366);
#1366=AXIS2_PLACEMENT_3D('',#68,#1367,#1368);
#1367=DIRECTION('',(-4.486808678612127E-15,-1,-1.5606665482931757E-14));
#1368=DIRECTION('',(-0.9610710642542841,0,0.2763013019389115));
#1369=FACE_BOUND('',#1370,.T.);
#1370=EDGE_LOOP('',(#1371,#1372,#1373));
#1371=ORIENTED_EDGE('',*,*,#1374,.T.);
#1372=ORIENTED_EDGE('',*,*,#1375,.T.);
#1373=ORIENTED_EDGE('',*,*,#1376,.T.);
#1374=EDGE_CURVE('',#69,#81,#1377,.F.);
#1375=EDGE_CURVE('',#81,#71,#1378,.T.);
#1376=EDGE_CURVE('',#71,#69,#1379,.T.);
#1377=LINE('',#68,#1380);
#1378=LINE('',#80,#1381);
#1379=LINE('',#70,#1382);
#1380=VECTOR('',#1383,1.0);
#1381=VECTOR('',#1384,1.0);
#1382=VECTOR('',#1385,1.0);
#1383=DIRECTION('',(-0.9610710642542841,0,0.2763013019389115));
#1384=DIRECTION('',(-0.11358403780689715,1.6015295113391774E-14,-0.9935283923247898));
#1385=DIRECTION('',(0.9061195804514736,-1.0667542388319063E-14,0.4230216376527867));
#1386=FACE_SURFACE('',(#1391),#1387,.T.);
#1387=PLANE('',#1388);
#1388=AXIS2_PLACEMENT_3D('',#84,#1389,#1390);
#1389=DIRECTION('',(0,-1,0));
#1390=DIRECTION('',(-0.942034140934081,0,-0.3355170298428797));
#1391=FACE_BOUND('',#1392,.T.);
#1392=EDGE_LOOP('',(#1393,#1394,#1395));
#1393=ORIENTED_EDGE('',*,*,#1396,.T.);
#1394=ORIENTED_EDGE('',*,*,#1397,.T.);
#1395=ORIENTED_EDGE('',*,*,#1398,.T.);
#1396=EDGE_CURVE('',#85,#73,#1399,.F.);
#1397=EDGE_CURVE('',#73,#75,#1400,.T.);
#1398=EDGE_CURVE('',#75,#85,#1401,.T.);
#1399=LINE('',#84,#1402);
#1400=LINE('',#72,#1403);
#1401=LINE('',#74,#1404);
#1402=VECTOR('',#1405,1.0);
#1403=VECTOR('',#1406,1.0);
#1404=VECTOR('',#1407,1.0);
#1405=DIRECTION('',(-0.942034140934081,0,-0.3355170298428797));
#1406=DIRECTION('',(0.11358496175750456,0,-0.9935282866947203));
#1407=DIRECTION('',(0.6129828978660458,0,0.7900961757430197));
#1408=FACE_SURFACE('',(#1413),#1409,.T.);
#1409=PLANE('',#1410);
#1410=AXIS2_PLACEMENT_3D('',#86,#1411,#1412);
#1411=DIRECTION('',(-0,-1,0));
#1412=DIRECTION('',(-0.13739791884988242,0,0.9905159321766214));
#1413=FACE_BOUND('',#1414,.T.);
#1414=EDGE_LOOP('',(#1415,#1416,#1417));
#1415=ORIENTED_EDGE('',*,*,#1418,.T.);
#1416=ORIENTED_EDGE('',*,*,#1419,.T.);
#1417=ORIENTED_EDGE('',*,*,#1420,.T.);
#1418=EDGE_CURVE('',#87,#85,#1421,.F.);
#1419=EDGE_CURVE('',#85,#75,#1422,.T.);
#1420=EDGE_CURVE('',#75,#87,#1423,.T.);
#1421=LINE('',#86,#1424);
#1422=LINE('',#84,#1425);
#1423=LINE('',#74,#1426);
#1424=VECTOR('',#1427,1.0);
#1425=VECTOR('',#1428,1.0);
#1426=VECTOR('',#1429,1.0);
#1427=DIRECTION('',(-0.13739791884988242,0,0.9905159321766214));
#1428=DIRECTION('',(-0.6129828978660458,0,-0.7900961757430197));
#1429=DIRECTION('',(0.9452998593153756,0,0.3262026609001389));
#1430=FACE_SURFACE('',(#1435),#1431,.T.);
#1431=PLANE('',#1432);
#1432=AXIS2_PLACEMENT_3D('',#88,#1433,#1434);
#1433=DIRECTION('',(0.09317834782893514,0,0.9956494340358305));
#1434=DIRECTION('',(-0.9529665373100334,-0.2896567280033617,0.08918384769514637));
#1435=FACE_BOUND('',#1436,.T.);
#1436=EDGE_LOOP('',(#1437,#1438,#1439));
#1437=ORIENTED_EDGE('',*,*,#1440,.T.);
#1438=ORIENTED_EDGE('',*,*,#1441,.T.);
#1439=ORIENTED_EDGE('',*,*,#1442,.T.);
#1440=EDGE_CURVE('',#89,#53,#1443,.F.);
#1441=EDGE_CURVE('',#53,#45,#1444,.T.);
#1442=EDGE_CURVE('',#45,#89,#1445,.T.);
#1443=LINE('',#88,#1446);
#1444=LINE('',#52,#1447);
#1445=LINE('',#44,#1448);
#1446=VECTOR('',#1449,1.0);
#1447=VECTOR('',#1450,1.0);
#1448=VECTOR('',#1451,1.0);
#1449=DIRECTION('',(-0.9529665373100334,-0.2896567280033617,0.08918384769514637));
#1450=DIRECTION('',(0.9956494340358307,0,-0.09317834782893515));
#1451=DIRECTION('',(0,1,0));
#1452=FACE_SURFACE('',(#1457),#1453,.T.);
#1453=PLANE('',#1454);
#1454=AXIS2_PLACEMENT_3D('',#78,#1455,#1456);
#1455=DIRECTION('',(0.031100453641920673,0,0.999516263891322));
#1456=DIRECTION('',(-0.999516263891322,0,0.031100453641920673));
#1457=FACE_BOUND('',#1458,.T.);
#1458=EDGE_LOOP('',(#1459,#1460,#1461));
#1459=ORIENTED_EDGE('',*,*,#1462,.T.);
#1460=ORIENTED_EDGE('',*,*,#1463,.T.);
#1461=ORIENTED_EDGE('',*,*,#1464,.T.);
#1462=EDGE_CURVE('',#79,#89,#1465,.F.);
#1463=EDGE_CURVE('',#89,#45,#1466,.T.);
#1464=EDGE_CURVE('',#45,#79,#1467,.T.);
#1465=LINE('',#78,#1468);
#1466=LINE('',#88,#1469);
#1467=LINE('',#44,#1470);
#1468=VECTOR('',#1471,1.0);
#1469=VECTOR('',#1472,1.0);
#1470=VECTOR('',#1473,1.0);
#1471=DIRECTION('',(-0.999516263891322,0,0.031100453641920673));
#1472=DIRECTION('',(0,-1,0));
#1473=DIRECTION('',(0.9566675271207088,0.28965696390945467,-0.029767193544319885));
#1474=FACE_SURFACE('',(#1479),#1475,.T.);
#1475=PLANE('',#1476);
#1476=AXIS2_PLACEMENT_3D('',#90,#1477,#1478);
#1477=DIRECTION('',(-0.09317848170551711,0,0.995649421506915));
#1478=DIRECTION('',(-0.995649421506915,0,-0.09317848170551711));
#1479=FACE_BOUND('',#1480,.T.);
#1480=EDGE_LOOP('',(#1481,#1482,#1483));
#1481=ORIENTED_EDGE('',*,*,#1484,.T.);
#1482=ORIENTED_EDGE('',*,*,#1485,.T.);
#1483=ORIENTED_EDGE('',*,*,#1486,.T.);
#1484=EDGE_CURVE('',#91,#77,#1487,.F.);
#1485=EDGE_CURVE('',#77,#41,#1488,.T.);
#1486=EDGE_CURVE('',#41,#91,#1489,.T.);
#1487=LINE('',#90,#1490);
#1488=LINE('',#76,#1491);
#1489=LINE('',#40,#1492);
#1490=VECTOR('',#1493,1.0);
#1491=VECTOR('',#1494,1.0);
#1492=VECTOR('',#1495,1.0);
#1493=DIRECTION('',(-0.995649421506915,0,-0.09317848170551711));
#1494=DIRECTION('',(0,-1,0));
#1495=DIRECTION('',(0.9529664104407899,0.2896571092583649,0.08918396508164168));
#1496=FACE_SURFACE('',(#1501),#1497,.T.);
#1497=PLANE('',#1498);
#1498=AXIS2_PLACEMENT_3D('',#48,#1499,#1500);
#1499=DIRECTION('',(-0.09317848170551711,0,0.995649421506915));
#1500=DIRECTION('',(0,1,0));
#1501=FACE_BOUND('',#1502,.T.);
#1502=EDGE_LOOP('',(#1503,#1504,#1505));
#1503=ORIENTED_EDGE('',*,*,#1506,.T.);
#1504=ORIENTED_EDGE('',*,*,#1507,.T.);
#1505=ORIENTED_EDGE('',*,*,#1508,.T.);
#1506=EDGE_CURVE('',#49,#91,#1509,.F.);
#1507=EDGE_CURVE('',#91,#41,#1510,.T.);
#1508=EDGE_CURVE('',#41,#49,#1511,.T.);
#1509=LINE('',#48,#1512);
#1510=LINE('',#90,#1513);
#1511=LINE('',#40,#1514);
#1512=VECTOR('',#1515,1.0);
#1513=VECTOR('',#1516,1.0);
#1514=VECTOR('',#1517,1.0);
#1515=DIRECTION('',(0,1,0));
#1516=DIRECTION('',(-0.9529664104407899,-0.2896571092583649,-0.08918396508164168));
#1517=DIRECTION('',(0.995649421506915,0,0.09317848170551711));
#1518=FACE_SURFACE('',(#1523),#1519,.T.);
#1519=PLANE('',#1520);
#1520=AXIS2_PLACEMENT_3D('',#92,#1521,#1522);
#1521=DIRECTION('',(0.15489863611320417,0,0.9879303682599645));
#1522=DIRECTION('',(-0.9455783969855641,-0.28965668214471724,0.14825822622412993));
#1523=FACE_BOUND('',#1524,.T.);
#1524=EDGE_LOOP('',(#1525,#1526,#1527));
#1525=ORIENTED_EDGE('',*,*,#1528,.T.);
#1526=ORIENTED_EDGE('',*,*,#1529,.T.);
#1527=ORIENTED_EDGE('',*,*,#1530,.T.);
#1528=EDGE_CURVE('',#93,#61,#1531,.F.);
#1529=EDGE_CURVE('',#61,#53,#1532,.T.);
#1530=EDGE_CURVE('',#53,#93,#1533,.T.);
#1531=LINE('',#92,#1534);
#1532=LINE('',#60,#1535);
#1533=LINE('',#52,#1536);
#1534=VECTOR('',#1537,1.0);
#1535=VECTOR('',#1538,1.0);
#1536=VECTOR('',#1539,1.0);
#1537=DIRECTION('',(-0.9455783969855641,-0.28965668214471724,0.14825822622412993));
#1538=DIRECTION('',(0.9879303682599646,0,-0.15489863611320417));
#1539=DIRECTION('',(0,1,0));
#1540=FACE_SURFACE('',(#1545),#1541,.T.);
#1541=PLANE('',#1542);
#1542=AXIS2_PLACEMENT_3D('',#88,#1543,#1544);
#1543=DIRECTION('',(0.09317834782893514,0,0.9956494340358305));
#1544=DIRECTION('',(-0.9956494340358307,0,0.09317834782893515));
#1545=FACE_BOUND('',#1546,.T.);
#1546=EDGE_LOOP('',(#1547,#1548,#1549));
#1547=ORIENTED_EDGE('',*,*,#1550,.T.);
#1548=ORIENTED_EDGE('',*,*,#1551,.T.);
#1549=ORIENTED_EDGE('',*,*,#1552,.T.);
#1550=EDGE_CURVE('',#89,#93,#1553,.F.);
#1551=EDGE_CURVE('',#93,#53,#1554,.T.);
#1552=EDGE_CURVE('',#53,#89,#1555,.T.);
#1553=LINE('',#88,#1556);
#1554=LINE('',#92,#1557);
#1555=LINE('',#52,#1558);
#1556=VECTOR('',#1559,1.0);
#1557=VECTOR('',#1560,1.0);
#1558=VECTOR('',#1561,1.0);
#1559=DIRECTION('',(-0.9956494340358307,0,0.09317834782893515));
#1560=DIRECTION('',(0,-1,0));
#1561=DIRECTION('',(0.9529665373100334,0.2896567280033617,-0.08918384769514637));
#1562=FACE_SURFACE('',(#1567),#1563,.T.);
#1563=PLANE('',#1564);
#1564=AXIS2_PLACEMENT_3D('',#94,#1565,#1566);
#1565=DIRECTION('',(-0.15489863611320417,0,0.9879303682599645));
#1566=DIRECTION('',(-0.9879303682599646,0,-0.15489863611320417));
#1567=FACE_BOUND('',#1568,.T.);
#1568=EDGE_LOOP('',(#1569,#1570,#1571));
#1569=ORIENTED_EDGE('',*,*,#1572,.T.);
#1570=ORIENTED_EDGE('',*,*,#1573,.T.);
#1571=ORIENTED_EDGE('',*,*,#1574,.T.);
#1572=EDGE_CURVE('',#95,#91,#1575,.F.);
#1573=EDGE_CURVE('',#91,#49,#1576,.T.);
#1574=EDGE_CURVE('',#49,#95,#1577,.T.);
#1575=LINE('',#94,#1578);
#1576=LINE('',#90,#1579);
#1577=LINE('',#48,#1580);
#1578=VECTOR('',#1581,1.0);
#1579=VECTOR('',#1582,1.0);
#1580=VECTOR('',#1583,1.0);
#1581=DIRECTION('',(-0.9879303682599646,0,-0.15489863611320417));
#1582=DIRECTION('',(0,-1,0));
#1583=DIRECTION('',(0.9455783969855641,0.28965668214471724,0.14825822622412993));
#1584=FACE_SURFACE('',(#1589),#1585,.T.);
#1585=PLANE('',#1586);
#1586=AXIS2_PLACEMENT_3D('',#56,#1587,#1588);
#1587=DIRECTION('',(-0.15489863611320417,0,0.9879303682599645));
#1588=DIRECTION('',(0,1,0));
#1589=FACE_BOUND('',#1590,.T.);
#1590=EDGE_LOOP('',(#1591,#1592,#1593));
#1591=ORIENTED_EDGE('',*,*,#1594,.T.);
#1592=ORIENTED_EDGE('',*,*,#1595,.T.);
#1593=ORIENTED_EDGE('',*,*,#1596,.T.);
#1594=EDGE_CURVE('',#57,#95,#1597,.F.);
#1595=EDGE_CURVE('',#95,#49,#1598,.T.);
#1596=EDGE_CURVE('',#49,#57,#1599,.T.);
#1597=LINE('',#56,#1600);
#1598=LINE('',#94,#1601);
#1599=LINE('',#48,#1602);
#1600=VECTOR('',#1603,1.0);
#1601=VECTOR('',#1604,1.0);
#1602=VECTOR('',#1605,1.0);
#1603=DIRECTION('',(0,1,0));
#1604=DIRECTION('',(-0.9455783969855641,-0.28965668214471724,-0.14825822622412993));
#1605=DIRECTION('',(0.9879303682599646,0,0.15489863611320417));
#1606=FACE_SURFACE('',(#1611),#1607,.T.);
#1607=PLANE('',#1608);
#1608=AXIS2_PLACEMENT_3D('',#96,#1609,#1610);
#1609=DIRECTION('',(0.21601846003715622,0,0.9763892793979129));
#1610=DIRECTION('',(-0.9345320311069236,-0.2896568054831112,0.2067578725768063));
#1611=FACE_BOUND('',#1612,.T.);
#1612=EDGE_LOOP('',(#1613,#1614,#1615));
#1613=ORIENTED_EDGE('',*,*,#1616,.T.);
#1614=ORIENTED_EDGE('',*,*,#1617,.T.);
#1615=ORIENTED_EDGE('',*,*,#1618,.T.);
#1616=EDGE_CURVE('',#97,#69,#1619,.F.);
#1617=EDGE_CURVE('',#69,#61,#1620,.T.);
#1618=EDGE_CURVE('',#61,#97,#1621,.T.);
#1619=LINE('',#96,#1622);
#1620=LINE('',#68,#1623);
#1621=LINE('',#60,#1624);
#1622=VECTOR('',#1625,1.0);
#1623=VECTOR('',#1626,1.0);
#1624=VECTOR('',#1627,1.0);
#1625=DIRECTION('',(-0.9345320311069236,-0.2896568054831112,0.2067578725768063));
#1626=DIRECTION('',(0.9763892793979128,0,-0.2160184600371562));
#1627=DIRECTION('',(0,1,0));
#1628=FACE_SURFACE('',(#1633),#1629,.T.);
#1629=PLANE('',#1630);
#1630=AXIS2_PLACEMENT_3D('',#92,#1631,#1632);
#1631=DIRECTION('',(0.15489863611320417,0,0.9879303682599645));
#1632=DIRECTION('',(-0.9879303682599646,0,0.15489863611320417));
#1633=FACE_BOUND('',#1634,.T.);
#1634=EDGE_LOOP('',(#1635,#1636,#1637));
#1635=ORIENTED_EDGE('',*,*,#1638,.T.);
#1636=ORIENTED_EDGE('',*,*,#1639,.T.);
#1637=ORIENTED_EDGE('',*,*,#1640,.T.);
#1638=EDGE_CURVE('',#93,#97,#1641,.F.);
#1639=EDGE_CURVE('',#97,#61,#1642,.T.);
#1640=EDGE_CURVE('',#61,#93,#1643,.T.);
#1641=LINE('',#92,#1644);
#1642=LINE('',#96,#1645);
#1643=LINE('',#60,#1646);
#1644=VECTOR('',#1647,1.0);
#1645=VECTOR('',#1648,1.0);
#1646=VECTOR('',#1649,1.0);
#1647=DIRECTION('',(-0.9879303682599646,0,0.15489863611320417));
#1648=DIRECTION('',(0,-1,0));
#1649=DIRECTION('',(0.9455783969855641,0.28965668214471724,-0.14825822622412993));
#1650=FACE_SURFACE('',(#1655),#1651,.T.);
#1651=PLANE('',#1652);
#1652=AXIS2_PLACEMENT_3D('',#98,#1653,#1654);
#1653=DIRECTION('',(-0.21601846003715622,0,0.9763892793979129));
#1654=DIRECTION('',(-0.9763892793979128,0,-0.2160184600371562));
#1655=FACE_BOUND('',#1656,.T.);
#1656=EDGE_LOOP('',(#1657,#1658,#1659));
#1657=ORIENTED_EDGE('',*,*,#1660,.T.);
#1658=ORIENTED_EDGE('',*,*,#1661,.T.);
#1659=ORIENTED_EDGE('',*,*,#1662,.T.);
#1660=EDGE_CURVE('',#99,#95,#1663,.F.);
#1661=EDGE_CURVE('',#95,#57,#1664,.T.);
#1662=EDGE_CURVE('',#57,#99,#1665,.T.);
#1663=LINE('',#98,#1666);
#1664=LINE('',#94,#1667);
#1665=LINE('',#56,#1668);
#1666=VECTOR('',#1669,1.0);
#1667=VECTOR('',#1670,1.0);
#1668=VECTOR('',#1671,1.0);
#1669=DIRECTION('',(-0.9763892793979128,0,-0.2160184600371562));
#1670=DIRECTION('',(0,-1,0));
#1671=DIRECTION('',(0.9345320311069236,0.2896568054831112,0.2067578725768063));
#1672=FACE_SURFACE('',(#1677),#1673,.T.);
#1673=PLANE('',#1674);
#1674=AXIS2_PLACEMENT_3D('',#64,#1675,#1676);
#1675=DIRECTION('',(-0.21601846003715622,0,0.9763892793979129));
#1676=DIRECTION('',(0,1,0));
#1677=FACE_BOUND('',#1678,.T.);
#1678=EDGE_LOOP('',(#1679,#1680,#1681));
#1679=ORIENTED_EDGE('',*,*,#1682,.T.);
#1680=ORIENTED_EDGE('',*,*,#1683,.T.);
#1681=ORIENTED_EDGE('',*,*,#1684,.T.);
#1682=EDGE_CURVE('',#65,#99,#1685,.F.);
#1683=EDGE_CURVE('',#99,#57,#1686,.T.);
#1684=EDGE_CURVE('',#57,#65,#1687,.T.);
#1685=LINE('',#64,#1688);
#1686=LINE('',#98,#1689);
#1687=LINE('',#56,#1690);
#1688=VECTOR('',#1691,1.0);
#1689=VECTOR('',#1692,1.0);
#1690=VECTOR('',#1693,1.0);
#1691=DIRECTION('',(0,1,0));
#1692=DIRECTION('',(-0.9345320311069236,-0.2896568054831112,-0.2067578725768063));
#1693=DIRECTION('',(0.9763892793979128,0,0.2160184600371562));
#1694=FACE_SURFACE('',(#1699),#1695,.T.);
#1695=PLANE('',#1696);
#1696=AXIS2_PLACEMENT_3D('',#100,#1697,#1698);
#1697=DIRECTION('',(6.143885912048745E-15,-1,-1.6891988981833502E-14));
#1698=DIRECTION('',(-0.9397693984657294,0,-0.34180912466954566));
#1699=FACE_BOUND('',#1700,.T.);
#1700=EDGE_LOOP('',(#1701,#1702,#1703));
#1701=ORIENTED_EDGE('',*,*,#1704,.T.);
#1702=ORIENTED_EDGE('',*,*,#1705,.T.);
#1703=ORIENTED_EDGE('',*,*,#1706,.T.);
#1704=EDGE_CURVE('',#101,#103,#1707,.F.);
#1705=EDGE_CURVE('',#103,#83,#1708,.T.);
#1706=EDGE_CURVE('',#83,#101,#1709,.T.);
#1707=LINE('',#100,#1710);
#1708=LINE('',#102,#1711);
#1709=LINE('',#82,#1712);
#1710=VECTOR('',#1713,1.0);
#1711=VECTOR('',#1714,1.0);
#1712=VECTOR('',#1715,1.0);
#1713=DIRECTION('',(-0.9397693984657294,0,-0.34180912466954566));
#1714=DIRECTION('',(0.9238795409420745,1.2140494475250537E-14,-0.3826834120113672));
#1715=DIRECTION('',(0.13739791884988242,-1.5887627074691418E-14,0.9905159321766214));
#1716=FACE_SURFACE('',(#1721),#1717,.T.);
#1717=PLANE('',#1718);
#1718=AXIS2_PLACEMENT_3D('',#80,#1719,#1720);
#1719=DIRECTION('',(-5.443805129337965E-15,-1,-1.5284619951571337E-14));
#1720=DIRECTION('',(-0.942034140934081,0,0.3355170298428797));
#1721=FACE_BOUND('',#1722,.T.);
#1722=EDGE_LOOP('',(#1723,#1724,#1725));
#1723=ORIENTED_EDGE('',*,*,#1726,.T.);
#1724=ORIENTED_EDGE('',*,*,#1727,.T.);
#1725=ORIENTED_EDGE('',*,*,#1728,.T.);
#1726=EDGE_CURVE('',#81,#101,#1729,.F.);
#1727=EDGE_CURVE('',#101,#83,#1730,.T.);
#1728=EDGE_CURVE('',#83,#81,#1731,.T.);
#1729=LINE('',#80,#1732);
#1730=LINE('',#100,#1733);
#1731=LINE('',#82,#1734);
#1732=VECTOR('',#1735,1.0);
#1733=VECTOR('',#1736,1.0);
#1734=VECTOR('',#1737,1.0);
#1735=DIRECTION('',(-0.942034140934081,0,0.3355170298428797));
#1736=DIRECTION('',(-0.13739791884988242,1.5887627074691418E-14,-0.9905159321766214));
#1737=DIRECTION('',(0.9239661556903208,-1.0875865074874278E-14,0.3824742385296687));
#1738=FACE_SURFACE('',(#1743),#1739,.T.);
#1739=PLANE('',#1740);
#1740=AXIS2_PLACEMENT_3D('',#104,#1741,#1742);
#1741=DIRECTION('',(0,-1,0));
#1742=DIRECTION('',(-0.9193533544264003,0,-0.39343285285411234));
#1743=FACE_BOUND('',#1744,.T.);
#1744=EDGE_LOOP('',(#1745,#1746,#1747));
#1745=ORIENTED_EDGE('',*,*,#1748,.T.);
#1746=ORIENTED_EDGE('',*,*,#1749,.T.);
#1747=ORIENTED_EDGE('',*,*,#1750,.T.);
#1748=EDGE_CURVE('',#105,#85,#1751,.F.);
#1749=EDGE_CURVE('',#85,#87,#1752,.T.);
#1750=EDGE_CURVE('',#87,#105,#1753,.T.);
#1751=LINE('',#104,#1754);
#1752=LINE('',#84,#1755);
#1753=LINE('',#86,#1756);
#1754=VECTOR('',#1757,1.0);
#1755=VECTOR('',#1758,1.0);
#1756=VECTOR('',#1759,1.0);
#1757=DIRECTION('',(-0.9193533544264003,0,-0.39343285285411234));
#1758=DIRECTION('',(0.13739791884988242,0,-0.9905159321766214));
#1759=DIRECTION('',(0.572715354276675,0,0.8197543064697755));
#1760=FACE_SURFACE('',(#1765),#1761,.T.);
#1761=PLANE('',#1762);
#1762=AXIS2_PLACEMENT_3D('',#106,#1763,#1764);
#1763=DIRECTION('',(-0,-1,0));
#1764=DIRECTION('',(-0.16176468751364287,0,0.9868293600585734));
#1765=FACE_BOUND('',#1766,.T.);
#1766=EDGE_LOOP('',(#1767,#1768,#1769));
#1767=ORIENTED_EDGE('',*,*,#1770,.T.);
#1768=ORIENTED_EDGE('',*,*,#1771,.T.);
#1769=ORIENTED_EDGE('',*,*,#1772,.T.);
#1770=EDGE_CURVE('',#107,#105,#1773,.F.);
#1771=EDGE_CURVE('',#105,#87,#1774,.T.);
#1772=EDGE_CURVE('',#87,#107,#1775,.T.);
#1773=LINE('',#106,#1776);
#1774=LINE('',#104,#1777);
#1775=LINE('',#86,#1778);
#1776=VECTOR('',#1779,1.0);
#1777=VECTOR('',#1780,1.0);
#1778=VECTOR('',#1781,1.0);
#1779=DIRECTION('',(-0.16176468751364287,0,0.9868293600585734));
#1780=DIRECTION('',(-0.572715354276675,0,-0.8197543064697755));
#1781=DIRECTION('',(0.9238795409420745,0,0.3826834120113672));
#1782=FACE_SURFACE('',(#1787),#1783,.T.);
#1783=PLANE('',#1784);
#1784=AXIS2_PLACEMENT_3D('',#108,#1785,#1786);
#1785=DIRECTION('',(0.2763013019389115,0,0.9610710642542841));
#1786=DIRECTION('',(-0.9198704567009764,-0.28965695111881934,0.2644564114505208));
#1787=FACE_BOUND('',#1788,.T.);
#1788=EDGE_LOOP('',(#1789,#1790,#1791));
#1789=ORIENTED_EDGE('',*,*,#1792,.T.);
#1790=ORIENTED_EDGE('',*,*,#1793,.T.);
#1791=ORIENTED_EDGE('',*,*,#1794,.T.);
#1792=EDGE_CURVE('',#109,#81,#1795,.F.);
#1793=EDGE_CURVE('',#81,#69,#1796,.T.);
#1794=EDGE_CURVE('',#69,#109,#1797,.T.);
#1795=LINE('',#108,#1798);
#1796=LINE('',#80,#1799);
#1797=LINE('',#68,#1800);
#1798=VECTOR('',#1801,1.0);
#1799=VECTOR('',#1802,1.0);
#1800=VECTOR('',#1803,1.0);
#1801=DIRECTION('',(-0.9198704567009764,-0.28965695111881934,0.2644564114505208));
#1802=DIRECTION('',(0.9610710642542841,0,-0.2763013019389115));
#1803=DIRECTION('',(0,1,0));
#1804=FACE_SURFACE('',(#1809),#1805,.T.);
#1805=PLANE('',#1806);
#1806=AXIS2_PLACEMENT_3D('',#96,#1807,#1808);
#1807=DIRECTION('',(0.21601846003715622,0,0.9763892793979129));
#1808=DIRECTION('',(-0.9763892793979128,0,0.2160184600371562));
#1809=FACE_BOUND('',#1810,.T.);
#1810=EDGE_LOOP('',(#1811,#1812,#1813));
#1811=ORIENTED_EDGE('',*,*,#1814,.T.);
#1812=ORIENTED_EDGE('',*,*,#1815,.T.);
#1813=ORIENTED_EDGE('',*,*,#1816,.T.);
#1814=EDGE_CURVE('',#97,#109,#1817,.F.);
#1815=EDGE_CURVE('',#109,#69,#1818,.T.);
#1816=EDGE_CURVE('',#69,#97,#1819,.T.);
#1817=LINE('',#96,#1820);
#1818=LINE('',#108,#1821);
#1819=LINE('',#68,#1822);
#1820=VECTOR('',#1823,1.0);
#1821=VECTOR('',#1824,1.0);
#1822=VECTOR('',#1825,1.0);
#1823=DIRECTION('',(-0.9763892793979128,0,0.2160184600371562));
#1824=DIRECTION('',(0,-1,0));
#1825=DIRECTION('',(0.9345320311069236,0.2896568054831112,-0.2067578725768063));
#1826=FACE_SURFACE('',(#1831),#1827,.T.);
#1827=PLANE('',#1828);
#1828=AXIS2_PLACEMENT_3D('',#110,#1829,#1830);
#1829=DIRECTION('',(-0.27630111034087607,0,0.961071119337377));
#1830=DIRECTION('',(-0.9610711193373771,0,-0.2763011103408761));
#1831=FACE_BOUND('',#1832,.T.);
#1832=EDGE_LOOP('',(#1833,#1834,#1835));
#1833=ORIENTED_EDGE('',*,*,#1836,.T.);
#1834=ORIENTED_EDGE('',*,*,#1837,.T.);
#1835=ORIENTED_EDGE('',*,*,#1838,.T.);
#1836=EDGE_CURVE('',#111,#99,#1839,.F.);
#1837=EDGE_CURVE('',#99,#65,#1840,.T.);
#1838=EDGE_CURVE('',#65,#111,#1841,.T.);
#1839=LINE('',#110,#1842);
#1840=LINE('',#98,#1843);
#1841=LINE('',#64,#1844);
#1842=VECTOR('',#1845,1.0);
#1843=VECTOR('',#1846,1.0);
#1844=VECTOR('',#1847,1.0);
#1845=DIRECTION('',(-0.9610711193373771,0,-0.2763011103408761));
#1846=DIRECTION('',(0,-1,0));
#1847=DIRECTION('',(0.9198705629410237,0.28965676711177407,0.264456243452333));
#1848=FACE_SURFACE('',(#1853),#1849,.T.);
#1849=PLANE('',#1850);
#1850=AXIS2_PLACEMENT_3D('',#72,#1851,#1852);
#1851=DIRECTION('',(-0.27630111034087607,0,0.961071119337377));
#1852=DIRECTION('',(0,1,0));
#1853=FACE_BOUND('',#1854,.T.);
#1854=EDGE_LOOP('',(#1855,#1856,#1857));
#1855=ORIENTED_EDGE('',*,*,#1858,.T.);
#1856=ORIENTED_EDGE('',*,*,#1859,.T.);
#1857=ORIENTED_EDGE('',*,*,#1860,.T.);
#1858=EDGE_CURVE('',#73,#111,#1861,.F.);
#1859=EDGE_CURVE('',#111,#65,#1862,.T.);
#1860=EDGE_CURVE('',#65,#73,#1863,.T.);
#1861=LINE('',#72,#1864);
#1862=LINE('',#110,#1865);
#1863=LINE('',#64,#1866);
#1864=VECTOR('',#1867,1.0);
#1865=VECTOR('',#1868,1.0);
#1866=VECTOR('',#1869,1.0);
#1867=DIRECTION('',(0,1,0));
#1868=DIRECTION('',(-0.9198705629410237,-0.28965676711177407,-0.264456243452333));
#1869=DIRECTION('',(0.9610711193373771,0,0.2763011103408761));
#1870=FACE_SURFACE('',(#1875),#1871,.T.);
#1871=PLANE('',#1872);
#1872=AXIS2_PLACEMENT_3D('',#112,#1873,#1874);
#1873=DIRECTION('',(0,-1,0));
#1874=DIRECTION('',(-0.9535733461430973,0,-0.30116087648540385));
#1875=FACE_BOUND('',#1876,.T.);
#1876=EDGE_LOOP('',(#1877,#1878,#1879));
#1877=ORIENTED_EDGE('',*,*,#1880,.T.);
#1878=ORIENTED_EDGE('',*,*,#1881,.T.);
#1879=ORIENTED_EDGE('',*,*,#1882,.T.);
#1880=EDGE_CURVE('',#113,#115,#1883,.F.);
#1881=EDGE_CURVE('',#115,#103,#1884,.T.);
#1882=EDGE_CURVE('',#103,#113,#1885,.T.);
#1883=LINE('',#112,#1886);
#1884=LINE('',#114,#1887);
#1885=LINE('',#102,#1888);
#1886=VECTOR('',#1889,1.0);
#1887=VECTOR('',#1890,1.0);
#1888=VECTOR('',#1891,1.0);
#1889=DIRECTION('',(-0.9535733461430973,0,-0.30116087648540385));
#1890=DIRECTION('',(0.8990884798628906,0,-0.43776695327289883));
#1891=DIRECTION('',(0.16176468751364287,0,0.9868293600585734));
#1892=FACE_SURFACE('',(#1897),#1893,.T.);
#1893=PLANE('',#1894);
#1894=AXIS2_PLACEMENT_3D('',#100,#1895,#1896);
#1895=DIRECTION('',(-0,-1,0));
#1896=DIRECTION('',(-0.9193533544264003,0,0.39343285285411234));
#1897=FACE_BOUND('',#1898,.T.);
#1898=EDGE_LOOP('',(#1899,#1900,#1901));
#1899=ORIENTED_EDGE('',*,*,#1902,.T.);
#1900=ORIENTED_EDGE('',*,*,#1903,.T.);
#1901=ORIENTED_EDGE('',*,*,#1904,.T.);
#1902=EDGE_CURVE('',#101,#113,#1905,.F.);
#1903=EDGE_CURVE('',#113,#103,#1906,.T.);
#1904=EDGE_CURVE('',#103,#101,#1907,.T.);
#1905=LINE('',#100,#1908);
#1906=LINE('',#112,#1909);
#1907=LINE('',#102,#1910);
#1908=VECTOR('',#1911,1.0);
#1909=VECTOR('',#1912,1.0);
#1910=VECTOR('',#1913,1.0);
#1911=DIRECTION('',(-0.9193533544264003,0,0.39343285285411234));
#1912=DIRECTION('',(-0.16176468751364287,0,-0.9868293600585734));
#1913=DIRECTION('',(0.9397693984657294,0,0.34180912466954566));
#1914=FACE_SURFACE('',(#1919),#1915,.T.);
#1915=PLANE('',#1916);
#1916=AXIS2_PLACEMENT_3D('',#116,#1917,#1918);
#1917=DIRECTION('',(0,-1,0));
#1918=DIRECTION('',(-0.8931147261079416,0,-0.44982895194633304));
#1919=FACE_BOUND('',#1920,.T.);
#1920=EDGE_LOOP('',(#1921,#1922,#1923));
#1921=ORIENTED_EDGE('',*,*,#1924,.T.);
#1922=ORIENTED_EDGE('',*,*,#1925,.T.);
#1923=ORIENTED_EDGE('',*,*,#1926,.T.);
#1924=EDGE_CURVE('',#117,#105,#1927,.F.);
#1925=EDGE_CURVE('',#105,#107,#1928,.T.);
#1926=EDGE_CURVE('',#107,#117,#1929,.T.);
#1927=LINE('',#116,#1930);
#1928=LINE('',#104,#1931);
#1929=LINE('',#106,#1932);
#1930=VECTOR('',#1933,1.0);
#1931=VECTOR('',#1934,1.0);
#1932=VECTOR('',#1935,1.0);
#1933=DIRECTION('',(-0.8931147261079416,0,-0.44982895194633304));
#1934=DIRECTION('',(0.16176468751364287,0,-0.9868293600585734));
#1935=DIRECTION('',(0.5306835778841045,0,0.8475700208030753));
#1936=FACE_SURFACE('',(#1941),#1937,.T.);
#1937=PLANE('',#1938);
#1938=AXIS2_PLACEMENT_3D('',#118,#1939,#1940);
#1939=DIRECTION('',(1.9425022401332802E-14,-1,-1.2162464616965566E-14));
#1940=DIRECTION('',(-0.18674208779833226,-1.5575983627197992E-14,0.9824089742285134));
#1941=FACE_BOUND('',#1942,.T.);
#1942=EDGE_LOOP('',(#1943,#1944,#1945));
#1943=ORIENTED_EDGE('',*,*,#1946,.T.);
#1944=ORIENTED_EDGE('',*,*,#1947,.T.);
#1945=ORIENTED_EDGE('',*,*,#1948,.T.);
#1946=EDGE_CURVE('',#119,#117,#1949,.F.);
#1947=EDGE_CURVE('',#117,#107,#1950,.T.);
#1948=EDGE_CURVE('',#107,#119,#1951,.T.);
#1949=LINE('',#118,#1952);
#1950=LINE('',#116,#1953);
#1951=LINE('',#106,#1954);
#1952=VECTOR('',#1955,1.0);
#1953=VECTOR('',#1956,1.0);
#1954=VECTOR('',#1957,1.0);
#1955=DIRECTION('',(-0.18674208779833226,-1.5575983627197992E-14,0.9824089742285134));
#1956=DIRECTION('',(-0.5306835778841045,0,-0.8475700208030753));
#1957=DIRECTION('',(0.8990884798628906,1.2140488782458458E-14,0.43776695327289883));
#1958=FACE_SURFACE('',(#1963),#1959,.T.);
#1959=PLANE('',#1960);
#1960=AXIS2_PLACEMENT_3D('',#120,#1961,#1962);
#1961=DIRECTION('',(0.3355170298428796,0,0.942034140934081));
#1962=DIRECTION('',(-0.9016497054608317,-0.28965670817982386,0.3211336171266157));
#1963=FACE_BOUND('',#1964,.T.);
#1964=EDGE_LOOP('',(#1965,#1966,#1967));
#1965=ORIENTED_EDGE('',*,*,#1968,.T.);
#1966=ORIENTED_EDGE('',*,*,#1969,.T.);
#1967=ORIENTED_EDGE('',*,*,#1970,.T.);
#1968=EDGE_CURVE('',#121,#101,#1971,.F.);
#1969=EDGE_CURVE('',#101,#81,#1972,.T.);
#1970=EDGE_CURVE('',#81,#121,#1973,.T.);
#1971=LINE('',#120,#1974);
#1972=LINE('',#100,#1975);
#1973=LINE('',#80,#1976);
#1974=VECTOR('',#1977,1.0);
#1975=VECTOR('',#1978,1.0);
#1976=VECTOR('',#1979,1.0);
#1977=DIRECTION('',(-0.9016497054608317,-0.28965670817982386,0.3211336171266157));
#1978=DIRECTION('',(0.942034140934081,0,-0.3355170298428797));
#1979=DIRECTION('',(0,1,0));
#1980=FACE_SURFACE('',(#1985),#1981,.T.);
#1981=PLANE('',#1982);
#1982=AXIS2_PLACEMENT_3D('',#108,#1983,#1984);
#1983=DIRECTION('',(0.2763013019389115,0,0.9610710642542841));
#1984=DIRECTION('',(-0.9610710642542841,0,0.2763013019389115));
#1985=FACE_BOUND('',#1986,.T.);
#1986=EDGE_LOOP('',(#1987,#1988,#1989));
#1987=ORIENTED_EDGE('',*,*,#1990,.T.);
#1988=ORIENTED_EDGE('',*,*,#1991,.T.);
#1989=ORIENTED_EDGE('',*,*,#1992,.T.);
#1990=EDGE_CURVE('',#109,#121,#1993,.F.);
#1991=EDGE_CURVE('',#121,#81,#1994,.T.);
#1992=EDGE_CURVE('',#81,#109,#1995,.T.);
#1993=LINE('',#108,#1996);
#1994=LINE('',#120,#1997);
#1995=LINE('',#80,#1998);
#1996=VECTOR('',#1999,1.0);
#1997=VECTOR('',#2000,1.0);
#1998=VECTOR('',#2001,1.0);
#1999=DIRECTION('',(-0.9610710642542841,0,0.2763013019389115));
#2000=DIRECTION('',(0,-1,0));
#2001=DIRECTION('',(0.9198704567009764,0.28965695111881934,-0.2644564114505208));
#2002=FACE_SURFACE('',(#2007),#2003,.T.);
#2003=PLANE('',#2004);
#2004=AXIS2_PLACEMENT_3D('',#122,#2005,#2006);
#2005=DIRECTION('',(-0.3355170298428796,0,0.942034140934081));
#2006=DIRECTION('',(-0.942034140934081,0,-0.3355170298428797));
#2007=FACE_BOUND('',#2008,.T.);
#2008=EDGE_LOOP('',(#2009,#2010,#2011));
#2009=ORIENTED_EDGE('',*,*,#2012,.T.);
#2010=ORIENTED_EDGE('',*,*,#2013,.T.);
#2011=ORIENTED_EDGE('',*,*,#2014,.T.);
#2012=EDGE_CURVE('',#123,#111,#2015,.F.);
#2013=EDGE_CURVE('',#111,#73,#2016,.T.);
#2014=EDGE_CURVE('',#73,#123,#2017,.T.);
#2015=LINE('',#122,#2018);
#2016=LINE('',#110,#2019);
#2017=LINE('',#72,#2020);
#2018=VECTOR('',#2021,1.0);
#2019=VECTOR('',#2022,1.0);
#2020=VECTOR('',#2023,1.0);
#2021=DIRECTION('',(-0.942034140934081,0,-0.3355170298428797));
#2022=DIRECTION('',(0,-1,0));
#2023=DIRECTION('',(0.9016497054608317,0.28965670817982386,0.3211336171266157));
#2024=FACE_SURFACE('',(#2029),#2025,.T.);
#2025=PLANE('',#2026);
#2026=AXIS2_PLACEMENT_3D('',#84,#2027,#2028);
#2027=DIRECTION('',(-0.3355170298428796,0,0.942034140934081));
#2028=DIRECTION('',(0,1,0));
#2029=FACE_BOUND('',#2030,.T.);
#2030=EDGE_LOOP('',(#2031,#2032,#2033));
#2031=ORIENTED_EDGE('',*,*,#2034,.T.);
#2032=ORIENTED_EDGE('',*,*,#2035,.T.);
#2033=ORIENTED_EDGE('',*,*,#2036,.T.);
#2034=EDGE_CURVE('',#85,#123,#2037,.F.);
#2035=EDGE_CURVE('',#123,#73,#2038,.T.);
#2036=EDGE_CURVE('',#73,#85,#2039,.T.);
#2037=LINE('',#84,#2040);
#2038=LINE('',#122,#2041);
#2039=LINE('',#72,#2042);
#2040=VECTOR('',#2043,1.0);
#2041=VECTOR('',#2044,1.0);
#2042=VECTOR('',#2045,1.0);
#2043=DIRECTION('',(0,1,0));
#2044=DIRECTION('',(-0.9016497054608317,-0.28965670817982386,-0.3211336171266157));
#2045=DIRECTION('',(0.942034140934081,0,0.3355170298428797));
#2046=FACE_SURFACE('',(#2051),#2047,.T.);
#2047=PLANE('',#2048);
#2048=AXIS2_PLACEMENT_3D('',#124,#2049,#2050);
#2049=DIRECTION('',(0.3934328528541124,0,0.9193533544264003));
#2050=DIRECTION('',(-0.879941139670762,-0.2896570349700788,0.37656658482566296));
#2051=FACE_BOUND('',#2052,.T.);
#2052=EDGE_LOOP('',(#2053,#2054,#2055));
#2053=ORIENTED_EDGE('',*,*,#2056,.T.);
#2054=ORIENTED_EDGE('',*,*,#2057,.T.);
#2055=ORIENTED_EDGE('',*,*,#2058,.T.);
#2056=EDGE_CURVE('',#125,#113,#2059,.F.);
#2057=EDGE_CURVE('',#113,#101,#2060,.T.);
#2058=EDGE_CURVE('',#101,#125,#2061,.T.);
#2059=LINE('',#124,#2062);
#2060=LINE('',#112,#2063);
#2061=LINE('',#100,#2064);
#2062=VECTOR('',#2065,1.0);
#2063=VECTOR('',#2066,1.0);
#2064=VECTOR('',#2067,1.0);
#2065=DIRECTION('',(-0.879941139670762,-0.2896570349700788,0.37656658482566296));
#2066=DIRECTION('',(0.9193533544264003,0,-0.39343285285411234));
#2067=DIRECTION('',(0,1,0));
#2068=FACE_SURFACE('',(#2073),#2069,.T.);
#2069=PLANE('',#2070);
#2070=AXIS2_PLACEMENT_3D('',#120,#2071,#2072);
#2071=DIRECTION('',(0.3355170298428796,0,0.942034140934081));
#2072=DIRECTION('',(-0.942034140934081,0,0.3355170298428797));
#2073=FACE_BOUND('',#2074,.T.);
#2074=EDGE_LOOP('',(#2075,#2076,#2077));
#2075=ORIENTED_EDGE('',*,*,#2078,.T.);
#2076=ORIENTED_EDGE('',*,*,#2079,.T.);
#2077=ORIENTED_EDGE('',*,*,#2080,.T.);
#2078=EDGE_CURVE('',#121,#125,#2081,.F.);
#2079=EDGE_CURVE('',#125,#101,#2082,.T.);
#2080=EDGE_CURVE('',#101,#121,#2083,.T.);
#2081=LINE('',#120,#2084);
#2082=LINE('',#124,#2085);
#2083=LINE('',#100,#2086);
#2084=VECTOR('',#2087,1.0);
#2085=VECTOR('',#2088,1.0);
#2086=VECTOR('',#2089,1.0);
#2087=DIRECTION('',(-0.942034140934081,0,0.3355170298428797));
#2088=DIRECTION('',(0,-1,0));
#2089=DIRECTION('',(0.9016497054608317,0.28965670817982386,-0.3211336171266157));
#2090=FACE_SURFACE('',(#2095),#2091,.T.);
#2091=PLANE('',#2092);
#2092=AXIS2_PLACEMENT_3D('',#126,#2093,#2094);
#2093=DIRECTION('',(-0.3934328528541124,0,0.9193533544264003));
#2094=DIRECTION('',(-0.9193533544264003,0,-0.39343285285411234));
#2095=FACE_BOUND('',#2096,.T.);
#2096=EDGE_LOOP('',(#2097,#2098,#2099));
#2097=ORIENTED_EDGE('',*,*,#2100,.T.);
#2098=ORIENTED_EDGE('',*,*,#2101,.T.);
#2099=ORIENTED_EDGE('',*,*,#2102,.T.);
#2100=EDGE_CURVE('',#127,#123,#2103,.F.);
#2101=EDGE_CURVE('',#123,#85,#2104,.T.);
#2102=EDGE_CURVE('',#85,#127,#2105,.T.);
#2103=LINE('',#126,#2106);
#2104=LINE('',#122,#2107);
#2105=LINE('',#84,#2108);
#2106=VECTOR('',#2109,1.0);
#2107=VECTOR('',#2110,1.0);
#2108=VECTOR('',#2111,1.0);
#2109=DIRECTION('',(-0.9193533544264003,0,-0.39343285285411234));
#2110=DIRECTION('',(0,-1,0));
#2111=DIRECTION('',(0.879941139670762,0.2896570349700788,0.37656658482566296));
#2112=FACE_SURFACE('',(#2117),#2113,.T.);
#2113=PLANE('',#2114);
#2114=AXIS2_PLACEMENT_3D('',#104,#2115,#2116);
#2115=DIRECTION('',(-0.3934328528541124,0,0.9193533544264003));
#2116=DIRECTION('',(0,1,0));
#2117=FACE_BOUND('',#2118,.T.);
#2118=EDGE_LOOP('',(#2119,#2120,#2121));
#2119=ORIENTED_EDGE('',*,*,#2122,.T.);
#2120=ORIENTED_EDGE('',*,*,#2123,.T.);
#2121=ORIENTED_EDGE('',*,*,#2124,.T.);
#2122=EDGE_CURVE('',#105,#127,#2125,.F.);
#2123=EDGE_CURVE('',#127,#85,#2126,.T.);
#2124=EDGE_CURVE('',#85,#105,#2127,.T.);
#2125=LINE('',#104,#2128);
#2126=LINE('',#126,#2129);
#2127=LINE('',#84,#2130);
#2128=VECTOR('',#2131,1.0);
#2129=VECTOR('',#2132,1.0);
#2130=VECTOR('',#2133,1.0);
#2131=DIRECTION('',(0,1,0));
#2132=DIRECTION('',(-0.879941139670762,-0.2896570349700788,-0.37656658482566296));
#2133=DIRECTION('',(0.9193533544264003,0,0.39343285285411234));
#2134=FACE_SURFACE('',(#2139),#2135,.T.);
#2135=PLANE('',#2136);
#2136=AXIS2_PLACEMENT_3D('',#128,#2137,#2138);
#2137=DIRECTION('',(0,-1,0));
#2138=DIRECTION('',(-0.9654296235211611,0,-0.26066384871667375));
#2139=FACE_BOUND('',#2140,.T.);
#2140=EDGE_LOOP('',(#2141,#2142,#2143));
#2141=ORIENTED_EDGE('',*,*,#2144,.T.);
#2142=ORIENTED_EDGE('',*,*,#2145,.T.);
#2143=ORIENTED_EDGE('',*,*,#2146,.T.);
#2144=EDGE_CURVE('',#129,#131,#2147,.F.);
#2145=EDGE_CURVE('',#131,#115,#2148,.T.);
#2146=EDGE_CURVE('',#115,#129,#2149,.T.);
#2147=LINE('',#128,#2150);
#2148=LINE('',#130,#2151);
#2149=LINE('',#114,#2152);
#2150=VECTOR('',#2153,1.0);
#2151=VECTOR('',#2154,1.0);
#2152=VECTOR('',#2155,1.0);
#2153=DIRECTION('',(-0.9654296235211611,0,-0.26066384871667375));
#2154=DIRECTION('',(0.8710159923115057,0,-0.4912546601688404));
#2155=DIRECTION('',(0.1867403305883776,0,0.9824093082477097));
#2156=FACE_SURFACE('',(#2161),#2157,.T.);
#2157=PLANE('',#2158);
#2158=AXIS2_PLACEMENT_3D('',#112,#2159,#2160);
#2159=DIRECTION('',(-0,-1,0));
#2160=DIRECTION('',(-0.8931150181041605,0,0.4498283722007819));
#2161=FACE_BOUND('',#2162,.T.);
#2162=EDGE_LOOP('',(#2163,#2164,#2165));
#2163=ORIENTED_EDGE('',*,*,#2166,.T.);
#2164=ORIENTED_EDGE('',*,*,#2167,.T.);
#2165=ORIENTED_EDGE('',*,*,#2168,.T.);
#2166=EDGE_CURVE('',#113,#129,#2169,.F.);
#2167=EDGE_CURVE('',#129,#115,#2170,.T.);
#2168=EDGE_CURVE('',#115,#113,#2171,.T.);
#2169=LINE('',#112,#2172);
#2170=LINE('',#128,#2173);
#2171=LINE('',#114,#2174);
#2172=VECTOR('',#2175,1.0);
#2173=VECTOR('',#2176,1.0);
#2174=VECTOR('',#2177,1.0);
#2175=DIRECTION('',(-0.8931150181041605,0,0.4498283722007819));
#2176=DIRECTION('',(-0.1867403305883776,0,-0.9824093082477097));
#2177=DIRECTION('',(0.9535733461430973,0,0.30116087648540385));
#2178=FACE_SURFACE('',(#2183),#2179,.T.);
#2179=PLANE('',#2180);
#2180=AXIS2_PLACEMENT_3D('',#132,#2181,#2182);
#2181=DIRECTION('',(8.337714500237963E-15,-1,-1.427000544754413E-14));
#2182=DIRECTION('',(-0.863421996124608,0,-0.5044823650120956));
#2183=FACE_BOUND('',#2184,.T.);
#2184=EDGE_LOOP('',(#2185,#2186,#2187));
#2185=ORIENTED_EDGE('',*,*,#2188,.T.);
#2186=ORIENTED_EDGE('',*,*,#2189,.T.);
#2187=ORIENTED_EDGE('',*,*,#2190,.T.);
#2188=EDGE_CURVE('',#133,#117,#2191,.F.);
#2189=EDGE_CURVE('',#117,#119,#2192,.T.);
#2190=EDGE_CURVE('',#119,#133,#2193,.T.);
#2191=LINE('',#132,#2194);
#2192=LINE('',#116,#2195);
#2193=LINE('',#118,#2196);
#2194=VECTOR('',#2197,1.0);
#2195=VECTOR('',#2198,1.0);
#2196=VECTOR('',#2199,1.0);
#2197=DIRECTION('',(-0.863421996124608,0,-0.5044823650120956));
#2198=DIRECTION('',(0.18674208779833226,1.5575983627197992E-14,-0.9824089742285134));
#2199=DIRECTION('',(0.48697858416305323,-8.403332854324768E-15,0.8734139102204339));
#2200=FACE_SURFACE('',(#2205),#2201,.T.);
#2201=PLANE('',#2202);
#2202=AXIS2_PLACEMENT_3D('',#134,#2203,#2204);
#2203=DIRECTION('',(7.9155755250788E-15,-1,-1.4034638643744119E-14));
#2204=DIRECTION('',(-0.2123641673926534,-1.5395501503128362E-14,0.9771905957425221));
#2205=FACE_BOUND('',#2206,.T.);
#2206=EDGE_LOOP('',(#2207,#2208,#2209));
#2207=ORIENTED_EDGE('',*,*,#2210,.T.);
#2208=ORIENTED_EDGE('',*,*,#2211,.T.);
#2209=ORIENTED_EDGE('',*,*,#2212,.T.);
#2210=EDGE_CURVE('',#135,#133,#2213,.F.);
#2211=EDGE_CURVE('',#133,#119,#2214,.T.);
#2212=EDGE_CURVE('',#119,#135,#2215,.T.);
#2213=LINE('',#134,#2216);
#2214=LINE('',#132,#2217);
#2215=LINE('',#118,#2218);
#2216=VECTOR('',#2219,1.0);
#2217=VECTOR('',#2220,1.0);
#2218=VECTOR('',#2221,1.0);
#2219=DIRECTION('',(-0.2123641673926534,-1.5395501503128362E-14,0.9771905957425221));
#2220=DIRECTION('',(-0.48697858416305323,8.403332854324768E-15,-0.8734139102204339));
#2221=DIRECTION('',(0.8710156498325143,0,0.49125526739857245));
#2222=FACE_SURFACE('',(#2227),#2223,.T.);
#2223=PLANE('',#2224);
#2224=AXIS2_PLACEMENT_3D('',#136,#2225,#2226);
#2225=DIRECTION('',(0.4498283722007818,0,0.8931150181041604));
#2226=DIRECTION('',(-0.8548276838804714,-0.28965682673165843,0.43054448504108717));
#2227=FACE_BOUND('',#2228,.T.);
#2228=EDGE_LOOP('',(#2229,#2230,#2231));
#2229=ORIENTED_EDGE('',*,*,#2232,.T.);
#2230=ORIENTED_EDGE('',*,*,#2233,.T.);
#2231=ORIENTED_EDGE('',*,*,#2234,.T.);
#2232=EDGE_CURVE('',#137,#129,#2235,.F.);
#2233=EDGE_CURVE('',#129,#113,#2236,.T.);
#2234=EDGE_CURVE('',#113,#137,#2237,.T.);
#2235=LINE('',#136,#2238);
#2236=LINE('',#128,#2239);
#2237=LINE('',#112,#2240);
#2238=VECTOR('',#2241,1.0);
#2239=VECTOR('',#2242,1.0);
#2240=VECTOR('',#2243,1.0);
#2241=DIRECTION('',(-0.8548276838804714,-0.28965682673165843,0.43054448504108717));
#2242=DIRECTION('',(0.8931150181041605,0,-0.4498283722007819));
#2243=DIRECTION('',(0,1,0));
#2244=FACE_SURFACE('',(#2249),#2245,.T.);
#2245=PLANE('',#2246);
#2246=AXIS2_PLACEMENT_3D('',#124,#2247,#2248);
#2247=DIRECTION('',(0.3934328528541124,0,0.9193533544264003));
#2248=DIRECTION('',(-0.9193533544264003,0,0.39343285285411234));
#2249=FACE_BOUND('',#2250,.T.);
#2250=EDGE_LOOP('',(#2251,#2252,#2253));
#2251=ORIENTED_EDGE('',*,*,#2254,.T.);
#2252=ORIENTED_EDGE('',*,*,#2255,.T.);
#2253=ORIENTED_EDGE('',*,*,#2256,.T.);
#2254=EDGE_CURVE('',#125,#137,#2257,.F.);
#2255=EDGE_CURVE('',#137,#113,#2258,.T.);
#2256=EDGE_CURVE('',#113,#125,#2259,.T.);
#2257=LINE('',#124,#2260);
#2258=LINE('',#136,#2261);
#2259=LINE('',#112,#2262);
#2260=VECTOR('',#2263,1.0);
#2261=VECTOR('',#2264,1.0);
#2262=VECTOR('',#2265,1.0);
#2263=DIRECTION('',(-0.9193533544264003,0,0.39343285285411234));
#2264=DIRECTION('',(0,-1,0));
#2265=DIRECTION('',(0.879941139670762,0.2896570349700788,-0.37656658482566296));
#2266=FACE_SURFACE('',(#2271),#2267,.T.);
#2267=PLANE('',#2268);
#2268=AXIS2_PLACEMENT_3D('',#138,#2269,#2270);
#2269=DIRECTION('',(-0.44982895194633304,0,0.8931147261079415));
#2270=DIRECTION('',(-0.8931147261079416,0,-0.44982895194633304));
#2271=FACE_BOUND('',#2272,.T.);
#2272=EDGE_LOOP('',(#2273,#2274,#2275));
#2273=ORIENTED_EDGE('',*,*,#2276,.T.);
#2274=ORIENTED_EDGE('',*,*,#2277,.T.);
#2275=ORIENTED_EDGE('',*,*,#2278,.T.);
#2276=EDGE_CURVE('',#139,#127,#2279,.F.);
#2277=EDGE_CURVE('',#127,#105,#2280,.T.);
#2278=EDGE_CURVE('',#105,#139,#2281,.T.);
#2279=LINE('',#138,#2282);
#2280=LINE('',#126,#2283);
#2281=LINE('',#104,#2284);
#2282=VECTOR('',#2285,1.0);
#2283=VECTOR('',#2286,1.0);
#2284=VECTOR('',#2287,1.0);
#2285=DIRECTION('',(-0.8931147261079416,0,-0.44982895194633304));
#2286=DIRECTION('',(0,-1,0));
#2287=DIRECTION('',(0.8548273119668972,0.28965716872421265,0.43054499337714064));
#2288=FACE_SURFACE('',(#2293),#2289,.T.);
#2289=PLANE('',#2290);
#2290=AXIS2_PLACEMENT_3D('',#116,#2291,#2292);
#2291=DIRECTION('',(-0.44982895194633304,0,0.8931147261079415));
#2292=DIRECTION('',(0,1,0));
#2293=FACE_BOUND('',#2294,.T.);
#2294=EDGE_LOOP('',(#2295,#2296,#2297));
#2295=ORIENTED_EDGE('',*,*,#2298,.T.);
#2296=ORIENTED_EDGE('',*,*,#2299,.T.);
#2297=ORIENTED_EDGE('',*,*,#2300,.T.);
#2298=EDGE_CURVE('',#117,#139,#2301,.F.);
#2299=EDGE_CURVE('',#139,#105,#2302,.T.);
#2300=EDGE_CURVE('',#105,#117,#2303,.T.);
#2301=LINE('',#116,#2304);
#2302=LINE('',#138,#2305);
#2303=LINE('',#104,#2306);
#2304=VECTOR('',#2307,1.0);
#2305=VECTOR('',#2308,1.0);
#2306=VECTOR('',#2309,1.0);
#2307=DIRECTION('',(0,1,0));
#2308=DIRECTION('',(-0.8548273119668972,-0.28965716872421265,-0.43054499337714064));
#2309=DIRECTION('',(0.8931147261079416,0,0.44982895194633304));
#2310=FACE_SURFACE('',(#2315),#2311,.T.);
#2311=PLANE('',#2312);
#2312=AXIS2_PLACEMENT_3D('',#140,#2313,#2314);
#2313=DIRECTION('',(0,-1,0));
#2314=DIRECTION('',(-0.9753998206265999,0,-0.2204431671011749));
#2315=FACE_BOUND('',#2316,.T.);
#2316=EDGE_LOOP('',(#2317,#2318,#2319));
#2317=ORIENTED_EDGE('',*,*,#2320,.T.);
#2318=ORIENTED_EDGE('',*,*,#2321,.T.);
#2319=ORIENTED_EDGE('',*,*,#2322,.T.);
#2320=EDGE_CURVE('',#141,#143,#2323,.F.);
#2321=EDGE_CURVE('',#143,#131,#2324,.T.);
#2322=EDGE_CURVE('',#131,#141,#2325,.T.);
#2323=LINE('',#140,#2326);
#2324=LINE('',#142,#2327);
#2325=LINE('',#130,#2328);
#2326=VECTOR('',#2329,1.0);
#2327=VECTOR('',#2330,1.0);
#2328=VECTOR('',#2331,1.0);
#2329=DIRECTION('',(-0.9753998206265999,0,-0.2204431671011749));
#2330=DIRECTION('',(0.8397653367238802,0,-0.5429495181294742));
#2331=DIRECTION('',(0.21236502661504658,0,0.9771904090149425));
#2332=FACE_SURFACE('',(#2337),#2333,.T.);
#2333=PLANE('',#2334);
#2334=AXIS2_PLACEMENT_3D('',#128,#2335,#2336);
#2335=DIRECTION('',(-0,-1,0));
#2336=DIRECTION('',(-0.8634218124941496,0,0.50448267929565));
#2337=FACE_BOUND('',#2338,.T.);
#2338=EDGE_LOOP('',(#2339,#2340,#2341));
#2339=ORIENTED_EDGE('',*,*,#2342,.T.);
#2340=ORIENTED_EDGE('',*,*,#2343,.T.);
#2341=ORIENTED_EDGE('',*,*,#2344,.T.);
#2342=EDGE_CURVE('',#129,#141,#2345,.F.);
#2343=EDGE_CURVE('',#141,#131,#2346,.T.);
#2344=EDGE_CURVE('',#131,#129,#2347,.T.);
#2345=LINE('',#128,#2348);
#2346=LINE('',#140,#2349);
#2347=LINE('',#130,#2350);
#2348=VECTOR('',#2351,1.0);
#2349=VECTOR('',#2352,1.0);
#2350=VECTOR('',#2353,1.0);
#2351=DIRECTION('',(-0.8634218124941496,0,0.50448267929565));
#2352=DIRECTION('',(-0.21236502661504658,0,-0.9771904090149425));
#2353=DIRECTION('',(0.9654296235211611,0,0.26066384871667375));
#2354=FACE_SURFACE('',(#2359),#2355,.T.);
#2355=PLANE('',#2356);
#2356=AXIS2_PLACEMENT_3D('',#144,#2357,#2358);
#2357=DIRECTION('',(9.22607846771983E-15,-1,-1.3749838659491185E-14));
#2358=DIRECTION('',(-0.8303875614790015,0,-0.5571862325479313));
#2359=FACE_BOUND('',#2360,.T.);
#2360=EDGE_LOOP('',(#2361,#2362,#2363));
#2361=ORIENTED_EDGE('',*,*,#2364,.T.);
#2362=ORIENTED_EDGE('',*,*,#2365,.T.);
#2363=ORIENTED_EDGE('',*,*,#2366,.T.);
#2364=EDGE_CURVE('',#145,#133,#2367,.F.);
#2365=EDGE_CURVE('',#133,#135,#2368,.T.);
#2366=EDGE_CURVE('',#135,#145,#2369,.T.);
#2367=LINE('',#144,#2370);
#2368=LINE('',#132,#2371);
#2369=LINE('',#134,#2372);
#2370=VECTOR('',#2373,1.0);
#2371=VECTOR('',#2374,1.0);
#2372=VECTOR('',#2375,1.0);
#2373=DIRECTION('',(-0.8303875614790015,0,-0.5571862325479313));
#2374=DIRECTION('',(0.2123641673926534,1.5395501503128362E-14,-0.9771905957425221));
#2375=DIRECTION('',(0.4416991870506933,-8.260698051186062E-15,0.897163211550026));
#2376=FACE_SURFACE('',(#2381),#2377,.T.);
#2377=PLANE('',#2378);
#2378=AXIS2_PLACEMENT_3D('',#146,#2379,#2380);
#2379=DIRECTION('',(-1.2474692084046289E-14,-1,-3.0659267606423926E-15));
#2380=DIRECTION('',(-0.23866916548704684,0,0.9711009367958187));
#2381=FACE_BOUND('',#2382,.T.);
#2382=EDGE_LOOP('',(#2383,#2384,#2385));
#2383=ORIENTED_EDGE('',*,*,#2386,.T.);
#2384=ORIENTED_EDGE('',*,*,#2387,.T.);
#2385=ORIENTED_EDGE('',*,*,#2388,.T.);
#2386=EDGE_CURVE('',#147,#145,#2389,.F.);
#2387=EDGE_CURVE('',#145,#135,#2390,.T.);
#2388=EDGE_CURVE('',#135,#147,#2391,.T.);
#2389=LINE('',#146,#2392);
#2390=LINE('',#144,#2393);
#2391=LINE('',#134,#2394);
#2392=VECTOR('',#2395,1.0);
#2393=VECTOR('',#2396,1.0);
#2394=VECTOR('',#2397,1.0);
#2395=DIRECTION('',(-0.23866916548704684,0,0.9711009367958187));
#2396=DIRECTION('',(-0.4416991870506933,8.260698051186062E-15,-0.897163211550026));
#2397=DIRECTION('',(0.8397659642449453,-1.2140462308229081E-14,0.5429485475583826));
#2398=FACE_SURFACE('',(#2403),#2399,.T.);
#2399=PLANE('',#2400);
#2400=AXIS2_PLACEMENT_3D('',#148,#2401,#2402);
#2401=DIRECTION('',(0.5044826792956499,0,0.8634218124941495));
#2402=DIRECTION('',(-0.8264074249741727,-0.2896567661795897,0.4828558022370027));
#2403=FACE_BOUND('',#2404,.T.);
#2404=EDGE_LOOP('',(#2405,#2406,#2407));
#2405=ORIENTED_EDGE('',*,*,#2408,.T.);
#2406=ORIENTED_EDGE('',*,*,#2409,.T.);
#2407=ORIENTED_EDGE('',*,*,#2410,.T.);
#2408=EDGE_CURVE('',#149,#141,#2411,.F.);
#2409=EDGE_CURVE('',#141,#129,#2412,.T.);
#2410=EDGE_CURVE('',#129,#149,#2413,.T.);
#2411=LINE('',#148,#2414);
#2412=LINE('',#140,#2415);
#2413=LINE('',#128,#2416);
#2414=VECTOR('',#2417,1.0);
#2415=VECTOR('',#2418,1.0);
#2416=VECTOR('',#2419,1.0);
#2417=DIRECTION('',(-0.8264074249741727,-0.2896567661795897,0.4828558022370027));
#2418=DIRECTION('',(0.8634218124941496,0,-0.50448267929565));
#2419=DIRECTION('',(0,1,0));
#2420=FACE_SURFACE('',(#2425),#2421,.T.);
#2421=PLANE('',#2422);
#2422=AXIS2_PLACEMENT_3D('',#136,#2423,#2424);
#2423=DIRECTION('',(0.4498283722007818,0,0.8931150181041604));
#2424=DIRECTION('',(-0.8931150181041605,0,0.4498283722007819));
#2425=FACE_BOUND('',#2426,.T.);
#2426=EDGE_LOOP('',(#2427,#2428,#2429));
#2427=ORIENTED_EDGE('',*,*,#2430,.T.);
#2428=ORIENTED_EDGE('',*,*,#2431,.T.);
#2429=ORIENTED_EDGE('',*,*,#2432,.T.);
#2430=EDGE_CURVE('',#137,#149,#2433,.F.);
#2431=EDGE_CURVE('',#149,#129,#2434,.T.);
#2432=EDGE_CURVE('',#129,#137,#2435,.T.);
#2433=LINE('',#136,#2436);
#2434=LINE('',#148,#2437);
#2435=LINE('',#128,#2438);
#2436=VECTOR('',#2439,1.0);
#2437=VECTOR('',#2440,1.0);
#2438=VECTOR('',#2441,1.0);
#2439=DIRECTION('',(-0.8931150181041605,0,0.4498283722007819));
#2440=DIRECTION('',(0,-1,0));
#2441=DIRECTION('',(0.8548276838804714,0.28965682673165843,-0.43054448504108717));
#2442=FACE_SURFACE('',(#2447),#2443,.T.);
#2443=PLANE('',#2444);
#2444=AXIS2_PLACEMENT_3D('',#150,#2445,#2446);
#2445=DIRECTION('',(-0.5044823650120956,0,0.8634219961246081));
#2446=DIRECTION('',(-0.863421996124608,0,-0.5044823650120956));
#2447=FACE_BOUND('',#2448,.T.);
#2448=EDGE_LOOP('',(#2449,#2450,#2451));
#2449=ORIENTED_EDGE('',*,*,#2452,.T.);
#2450=ORIENTED_EDGE('',*,*,#2453,.T.);
#2451=ORIENTED_EDGE('',*,*,#2454,.T.);
#2452=EDGE_CURVE('',#151,#139,#2455,.F.);
#2453=EDGE_CURVE('',#139,#117,#2456,.T.);
#2454=EDGE_CURVE('',#117,#151,#2457,.T.);
#2455=LINE('',#150,#2458);
#2456=LINE('',#138,#2459);
#2457=LINE('',#116,#2460);
#2458=VECTOR('',#2461,1.0);
#2459=VECTOR('',#2462,1.0);
#2460=VECTOR('',#2463,1.0);
#2461=DIRECTION('',(-0.863421996124608,0,-0.5044823650120956));
#2462=DIRECTION('',(0,-1,0));
#2463=DIRECTION('',(0.8264076439278467,0.2896566008686872,0.482855526664885));
#2464=FACE_SURFACE('',(#2469),#2465,.T.);
#2465=PLANE('',#2466);
#2466=AXIS2_PLACEMENT_3D('',#132,#2467,#2468);
#2467=DIRECTION('',(-0.5044823650120956,0,0.8634219961246081));
#2468=DIRECTION('',(0,1,0));
#2469=FACE_BOUND('',#2470,.T.);
#2470=EDGE_LOOP('',(#2471,#2472,#2473));
#2471=ORIENTED_EDGE('',*,*,#2474,.T.);
#2472=ORIENTED_EDGE('',*,*,#2475,.T.);
#2473=ORIENTED_EDGE('',*,*,#2476,.T.);
#2474=EDGE_CURVE('',#133,#151,#2477,.F.);
#2475=EDGE_CURVE('',#151,#117,#2478,.T.);
#2476=EDGE_CURVE('',#117,#133,#2479,.T.);
#2477=LINE('',#132,#2480);
#2478=LINE('',#150,#2481);
#2479=LINE('',#116,#2482);
#2480=VECTOR('',#2483,1.0);
#2481=VECTOR('',#2484,1.0);
#2482=VECTOR('',#2485,1.0);
#2483=DIRECTION('',(0,1,0));
#2484=DIRECTION('',(-0.8264076439278467,-0.2896566008686872,-0.482855526664885));
#2485=DIRECTION('',(0.863421996124608,0,0.5044823650120956));
#2486=FACE_SURFACE('',(#2491),#2487,.T.);
#2487=PLANE('',#2488);
#2488=AXIS2_PLACEMENT_3D('',#152,#2489,#2490);
#2489=DIRECTION('',(-1.2764553319461896E-14,-1,3.137154782434442E-15));
#2490=DIRECTION('',(-0.9835523893329047,1.1987964353333428E-14,-0.18062308113177086));
#2491=FACE_BOUND('',#2492,.T.);
#2492=EDGE_LOOP('',(#2493,#2494,#2495));
#2493=ORIENTED_EDGE('',*,*,#2496,.T.);
#2494=ORIENTED_EDGE('',*,*,#2497,.T.);
#2495=ORIENTED_EDGE('',*,*,#2498,.T.);
#2496=EDGE_CURVE('',#153,#155,#2499,.F.);
#2497=EDGE_CURVE('',#155,#143,#2500,.T.);
#2498=EDGE_CURVE('',#143,#153,#2501,.T.);
#2499=LINE('',#152,#2502);
#2500=LINE('',#154,#2503);
#2501=LINE('',#142,#2504);
#2502=VECTOR('',#2505,1.0);
#2503=VECTOR('',#2506,1.0);
#2504=VECTOR('',#2507,1.0);
#2505=DIRECTION('',(-0.9835523893329047,1.1987964353333428E-14,-0.18062308113177086));
#2506=DIRECTION('',(0.805451171198617,-1.2140497284218495E-14,-0.5926621388403144));
#2507=DIRECTION('',(0.23866832765972243,0,0.9711011427097135));
#2508=FACE_SURFACE('',(#2513),#2509,.T.);
#2509=PLANE('',#2510);
#2510=AXIS2_PLACEMENT_3D('',#140,#2511,#2512);
#2511=DIRECTION('',(-0,-1,0));
#2512=DIRECTION('',(-0.8303873374762021,0,0.557186566384352));
#2513=FACE_BOUND('',#2514,.T.);
#2514=EDGE_LOOP('',(#2515,#2516,#2517));
#2515=ORIENTED_EDGE('',*,*,#2518,.T.);
#2516=ORIENTED_EDGE('',*,*,#2519,.T.);
#2517=ORIENTED_EDGE('',*,*,#2520,.T.);
#2518=EDGE_CURVE('',#141,#153,#2521,.F.);
#2519=EDGE_CURVE('',#153,#143,#2522,.T.);
#2520=EDGE_CURVE('',#143,#141,#2523,.T.);
#2521=LINE('',#140,#2524);
#2522=LINE('',#152,#2525);
#2523=LINE('',#142,#2526);
#2524=VECTOR('',#2527,1.0);
#2525=VECTOR('',#2528,1.0);
#2526=VECTOR('',#2529,1.0);
#2527=DIRECTION('',(-0.8303873374762021,0,0.557186566384352));
#2528=DIRECTION('',(-0.23866832765972243,0,-0.9711011427097135));
#2529=DIRECTION('',(0.9753998206265999,0,0.2204431671011749));
#2530=FACE_SURFACE('',(#2535),#2531,.T.);
#2531=PLANE('',#2532);
#2532=AXIS2_PLACEMENT_3D('',#156,#2533,#2534);
#2533=DIRECTION('',(0,-1,0));
#2534=DIRECTION('',(-0.7941422305083442,0,-0.6077319456168417));
#2535=FACE_BOUND('',#2536,.T.);
#2536=EDGE_LOOP('',(#2537,#2538,#2539));
#2537=ORIENTED_EDGE('',*,*,#2540,.T.);
#2538=ORIENTED_EDGE('',*,*,#2541,.T.);
#2539=ORIENTED_EDGE('',*,*,#2542,.T.);
#2540=EDGE_CURVE('',#157,#145,#2543,.F.);
#2541=EDGE_CURVE('',#145,#147,#2544,.T.);
#2542=EDGE_CURVE('',#147,#157,#2545,.T.);
#2543=LINE('',#156,#2546);
#2544=LINE('',#144,#2547);
#2545=LINE('',#146,#2548);
#2546=VECTOR('',#2549,1.0);
#2547=VECTOR('',#2550,1.0);
#2548=VECTOR('',#2551,1.0);
#2549=DIRECTION('',(-0.7941422305083442,0,-0.6077319456168417));
#2550=DIRECTION('',(0.23866916548704684,0,-0.9711009367958187));
#2551=DIRECTION('',(0.3949505679161128,0,0.9187023723180102));
#2552=FACE_SURFACE('',(#2557),#2553,.T.);
#2553=PLANE('',#2554);
#2554=AXIS2_PLACEMENT_3D('',#158,#2555,#2556);
#2555=DIRECTION('',(2.2046956691910102E-14,-1,-9.477996714345851E-15));
#2556=DIRECTION('',(-0.26565995958373,-1.4994415542343972E-14,0.9640667953383576));
#2557=FACE_BOUND('',#2558,.T.);
#2558=EDGE_LOOP('',(#2559,#2560,#2561));
#2559=ORIENTED_EDGE('',*,*,#2562,.T.);
#2560=ORIENTED_EDGE('',*,*,#2563,.T.);
#2561=ORIENTED_EDGE('',*,*,#2564,.T.);
#2562=EDGE_CURVE('',#159,#157,#2565,.F.);
#2563=EDGE_CURVE('',#157,#147,#2566,.T.);
#2564=EDGE_CURVE('',#147,#159,#2567,.T.);
#2565=LINE('',#158,#2568);
#2566=LINE('',#156,#2569);
#2567=LINE('',#146,#2570);
#2568=VECTOR('',#2571,1.0);
#2569=VECTOR('',#2572,1.0);
#2570=VECTOR('',#2573,1.0);
#2571=DIRECTION('',(-0.26565995958373,-1.4994415542343972E-14,0.9640667953383576));
#2572=DIRECTION('',(-0.3949505679161128,0,-0.9187023723180102));
#2573=DIRECTION('',(0.805451171198617,1.2140497284218495E-14,0.5926621388403144));
#2574=FACE_SURFACE('',(#2579),#2575,.T.);
#2575=PLANE('',#2576);
#2576=AXIS2_PLACEMENT_3D('',#160,#2577,#2578);
#2577=DIRECTION('',(0.557186566384352,0,0.8303873374762021));
#2578=DIRECTION('',(-0.794789125104838,-0.2896567401226407,0.5333003089410421));
#2579=FACE_BOUND('',#2580,.T.);
#2580=EDGE_LOOP('',(#2581,#2582,#2583));
#2581=ORIENTED_EDGE('',*,*,#2584,.T.);
#2582=ORIENTED_EDGE('',*,*,#2585,.T.);
#2583=ORIENTED_EDGE('',*,*,#2586,.T.);
#2584=EDGE_CURVE('',#161,#153,#2587,.F.);
#2585=EDGE_CURVE('',#153,#141,#2588,.T.);
#2586=EDGE_CURVE('',#141,#161,#2589,.T.);
#2587=LINE('',#160,#2590);
#2588=LINE('',#152,#2591);
#2589=LINE('',#140,#2592);
#2590=VECTOR('',#2593,1.0);
#2591=VECTOR('',#2594,1.0);
#2592=VECTOR('',#2595,1.0);
#2593=DIRECTION('',(-0.794789125104838,-0.2896567401226407,0.5333003089410421));
#2594=DIRECTION('',(0.8303873374762021,0,-0.557186566384352));
#2595=DIRECTION('',(0,1,0));
#2596=FACE_SURFACE('',(#2601),#2597,.T.);
#2597=PLANE('',#2598);
#2598=AXIS2_PLACEMENT_3D('',#148,#2599,#2600);
#2599=DIRECTION('',(0.5044826792956499,0,0.8634218124941495));
#2600=DIRECTION('',(-0.8634218124941496,0,0.50448267929565));
#2601=FACE_BOUND('',#2602,.T.);
#2602=EDGE_LOOP('',(#2603,#2604,#2605));
#2603=ORIENTED_EDGE('',*,*,#2606,.T.);
#2604=ORIENTED_EDGE('',*,*,#2607,.T.);
#2605=ORIENTED_EDGE('',*,*,#2608,.T.);
#2606=EDGE_CURVE('',#149,#161,#2609,.F.);
#2607=EDGE_CURVE('',#161,#141,#2610,.T.);
#2608=EDGE_CURVE('',#141,#149,#2611,.T.);
#2609=LINE('',#148,#2612);
#2610=LINE('',#160,#2613);
#2611=LINE('',#140,#2614);
#2612=VECTOR('',#2615,1.0);
#2613=VECTOR('',#2616,1.0);
#2614=VECTOR('',#2617,1.0);
#2615=DIRECTION('',(-0.8634218124941496,0,0.50448267929565));
#2616=DIRECTION('',(0,-1,0));
#2617=DIRECTION('',(0.8264074249741727,0.2896567661795897,-0.4828558022370027));
#2618=FACE_SURFACE('',(#2623),#2619,.T.);
#2619=PLANE('',#2620);
#2620=AXIS2_PLACEMENT_3D('',#162,#2621,#2622);
#2621=DIRECTION('',(-0.5571862325479314,0,0.8303875614790016));
#2622=DIRECTION('',(-0.8303875614790015,0,-0.5571862325479313));
#2623=FACE_BOUND('',#2624,.T.);
#2624=EDGE_LOOP('',(#2625,#2626,#2627));
#2625=ORIENTED_EDGE('',*,*,#2628,.T.);
#2626=ORIENTED_EDGE('',*,*,#2629,.T.);
#2627=ORIENTED_EDGE('',*,*,#2630,.T.);
#2628=EDGE_CURVE('',#163,#151,#2631,.F.);
#2629=EDGE_CURVE('',#151,#133,#2632,.T.);
#2630=EDGE_CURVE('',#133,#163,#2633,.T.);
#2631=LINE('',#162,#2634);
#2632=LINE('',#150,#2635);
#2633=LINE('',#132,#2636);
#2634=VECTOR('',#2637,1.0);
#2635=VECTOR('',#2638,1.0);
#2636=VECTOR('',#2639,1.0);
#2637=DIRECTION('',(-0.8303875614790015,0,-0.5571862325479313));
#2638=DIRECTION('',(0,-1,0));
#2639=DIRECTION('',(0.7947893794580368,0.2896565811365444,0.5333000162244486));
#2640=FACE_SURFACE('',(#2645),#2641,.T.);
#2641=PLANE('',#2642);
#2642=AXIS2_PLACEMENT_3D('',#144,#2643,#2644);
#2643=DIRECTION('',(-0.5571862325479314,0,0.8303875614790016));
#2644=DIRECTION('',(0,1,0));
#2645=FACE_BOUND('',#2646,.T.);
#2646=EDGE_LOOP('',(#2647,#2648,#2649));
#2647=ORIENTED_EDGE('',*,*,#2650,.T.);
#2648=ORIENTED_EDGE('',*,*,#2651,.T.);
#2649=ORIENTED_EDGE('',*,*,#2652,.T.);
#2650=EDGE_CURVE('',#145,#163,#2653,.F.);
#2651=EDGE_CURVE('',#163,#133,#2654,.T.);
#2652=EDGE_CURVE('',#133,#145,#2655,.T.);
#2653=LINE('',#144,#2656);
#2654=LINE('',#162,#2657);
#2655=LINE('',#132,#2658);
#2656=VECTOR('',#2659,1.0);
#2657=VECTOR('',#2660,1.0);
#2658=VECTOR('',#2661,1.0);
#2659=DIRECTION('',(0,1,0));
#2660=DIRECTION('',(-0.7947893794580368,-0.2896565811365444,-0.5333000162244486));
#2661=DIRECTION('',(0.8303875614790015,0,0.5571862325479313));
#2662=FACE_SURFACE('',(#2667),#2663,.T.);
#2663=PLANE('',#2664);
#2664=AXIS2_PLACEMENT_3D('',#164,#2665,#2666);
#2665=DIRECTION('',(-1.0541243575885038E-14,-1,-1.2648550634496194E-14));
#2666=DIRECTION('',(-0.9899648397642958,1.2222876423969359E-14,-0.14131389185232987));
#2667=FACE_BOUND('',#2668,.T.);
#2668=EDGE_LOOP('',(#2669,#2670,#2671));
#2669=ORIENTED_EDGE('',*,*,#2672,.T.);
#2670=ORIENTED_EDGE('',*,*,#2673,.T.);
#2671=ORIENTED_EDGE('',*,*,#2674,.T.);
#2672=EDGE_CURVE('',#165,#167,#2675,.F.);
#2673=EDGE_CURVE('',#167,#155,#2676,.T.);
#2674=EDGE_CURVE('',#155,#165,#2677,.T.);
#2675=LINE('',#164,#2678);
#2676=LINE('',#166,#2679);
#2677=LINE('',#154,#2680);
#2678=VECTOR('',#2681,1.0);
#2679=VECTOR('',#2682,1.0);
#2680=VECTOR('',#2683,1.0);
#2681=DIRECTION('',(-0.9899648397642958,1.2222876423969359E-14,-0.14131389185232987));
#2682=DIRECTION('',(0.7681978403009664,0,-0.640212525773224));
#2683=DIRECTION('',(0.26565833056002147,-1.4994422524143378E-14,0.9640672442335453));
#2684=FACE_SURFACE('',(#2689),#2685,.T.);
#2685=PLANE('',#2686);
#2686=AXIS2_PLACEMENT_3D('',#152,#2687,#2688);
#2687=DIRECTION('',(-9.82959713821734E-15,-1,-1.2844651897878594E-14));
#2688=DIRECTION('',(-0.7941424969957921,0,0.6077315973892493));
#2689=FACE_BOUND('',#2690,.T.);
#2690=EDGE_LOOP('',(#2691,#2692,#2693));
#2691=ORIENTED_EDGE('',*,*,#2694,.T.);
#2692=ORIENTED_EDGE('',*,*,#2695,.T.);
#2693=ORIENTED_EDGE('',*,*,#2696,.T.);
#2694=EDGE_CURVE('',#153,#165,#2697,.F.);
#2695=EDGE_CURVE('',#165,#155,#2698,.T.);
#2696=EDGE_CURVE('',#155,#153,#2699,.T.);
#2697=LINE('',#152,#2700);
#2698=LINE('',#164,#2701);
#2699=LINE('',#154,#2702);
#2700=VECTOR('',#2703,1.0);
#2701=VECTOR('',#2704,1.0);
#2702=VECTOR('',#2705,1.0);
#2703=DIRECTION('',(-0.7941424969957921,0,0.6077315973892493));
#2704=DIRECTION('',(-0.26565833056002147,1.4994422524143378E-14,-0.9640672442335453));
#2705=DIRECTION('',(0.9835523893329047,-1.1987964353333428E-14,0.18062308113177086));
#2706=FACE_SURFACE('',(#2711),#2707,.T.);
#2707=PLANE('',#2708);
#2708=AXIS2_PLACEMENT_3D('',#168,#2709,#2710);
#2709=DIRECTION('',(1.090442396033887E-14,-1,-1.2548452837762787E-14));
#2710=DIRECTION('',(-0.7548221413504096,0,-0.6559295197863734));
#2711=FACE_BOUND('',#2712,.T.);
#2712=EDGE_LOOP('',(#2713,#2714,#2715));
#2713=ORIENTED_EDGE('',*,*,#2716,.T.);
#2714=ORIENTED_EDGE('',*,*,#2717,.T.);
#2715=ORIENTED_EDGE('',*,*,#2718,.T.);
#2716=EDGE_CURVE('',#169,#157,#2719,.F.);
#2717=EDGE_CURVE('',#157,#159,#2720,.T.);
#2718=EDGE_CURVE('',#159,#169,#2721,.T.);
#2719=LINE('',#168,#2722);
#2720=LINE('',#156,#2723);
#2721=LINE('',#158,#2724);
#2722=VECTOR('',#2725,1.0);
#2723=VECTOR('',#2726,1.0);
#2724=VECTOR('',#2727,1.0);
#2725=DIRECTION('',(-0.7548221413504096,0,-0.6559295197863734));
#2726=DIRECTION('',(0.26565995958373,1.4994415542343972E-14,-0.9640667953383576));
#2727=DIRECTION('',(0.34685010255145965,-7.987251541089009E-15,0.9379205757205895));
#2728=FACE_SURFACE('',(#2733),#2729,.T.);
#2729=PLANE('',#2730);
#2730=AXIS2_PLACEMENT_3D('',#170,#2731,#2732);
#2731=DIRECTION('',(-1.2585597992740738E-14,-1,-3.861665561449873E-15));
#2732=DIRECTION('',(-0.2933345215039557,0,0.9560098631782233));
#2733=FACE_BOUND('',#2734,.T.);
#2734=EDGE_LOOP('',(#2735,#2736,#2737));
#2735=ORIENTED_EDGE('',*,*,#2738,.T.);
#2736=ORIENTED_EDGE('',*,*,#2739,.T.);
#2737=ORIENTED_EDGE('',*,*,#2740,.T.);
#2738=EDGE_CURVE('',#171,#169,#2741,.F.);
#2739=EDGE_CURVE('',#169,#159,#2742,.T.);
#2740=EDGE_CURVE('',#159,#171,#2743,.T.);
#2741=LINE('',#170,#2744);
#2742=LINE('',#168,#2745);
#2743=LINE('',#158,#2746);
#2744=VECTOR('',#2747,1.0);
#2745=VECTOR('',#2748,1.0);
#2746=VECTOR('',#2749,1.0);
#2747=DIRECTION('',(-0.2933345215039557,0,0.9560098631782233));
#2748=DIRECTION('',(-0.34685010255145965,7.987251541089009E-15,-0.9379205757205895));
#2749=DIRECTION('',(0.7681972586414272,-1.2140511234380174E-14,0.6402132237120663));
#2750=FACE_SURFACE('',(#2755),#2751,.T.);
#2751=PLANE('',#2752);
#2752=AXIS2_PLACEMENT_3D('',#172,#2753,#2754);
#2753=DIRECTION('',(0.6077315973892493,0,0.7941424969957921));
#2754=DIRECTION('',(-0.76009805174461,-0.2896568553052368,0.5816784832781159));
#2755=FACE_BOUND('',#2756,.T.);
#2756=EDGE_LOOP('',(#2757,#2758,#2759));
#2757=ORIENTED_EDGE('',*,*,#2760,.T.);
#2758=ORIENTED_EDGE('',*,*,#2761,.T.);
#2759=ORIENTED_EDGE('',*,*,#2762,.T.);
#2760=EDGE_CURVE('',#173,#165,#2763,.F.);
#2761=EDGE_CURVE('',#165,#153,#2764,.T.);
#2762=EDGE_CURVE('',#153,#173,#2765,.T.);
#2763=LINE('',#172,#2766);
#2764=LINE('',#164,#2767);
#2765=LINE('',#152,#2768);
#2766=VECTOR('',#2769,1.0);
#2767=VECTOR('',#2770,1.0);
#2768=VECTOR('',#2771,1.0);
#2769=DIRECTION('',(-0.76009805174461,-0.2896568553052368,0.5816784832781159));
#2770=DIRECTION('',(0.7941424969957921,0,-0.6077315973892493));
#2771=DIRECTION('',(0,1,0));
#2772=FACE_SURFACE('',(#2777),#2773,.T.);
#2773=PLANE('',#2774);
#2774=AXIS2_PLACEMENT_3D('',#160,#2775,#2776);
#2775=DIRECTION('',(0.557186566384352,0,0.8303873374762021));
#2776=DIRECTION('',(-0.8303873374762021,0,0.557186566384352));
#2777=FACE_BOUND('',#2778,.T.);
#2778=EDGE_LOOP('',(#2779,#2780,#2781));
#2779=ORIENTED_EDGE('',*,*,#2782,.T.);
#2780=ORIENTED_EDGE('',*,*,#2783,.T.);
#2781=ORIENTED_EDGE('',*,*,#2784,.T.);
#2782=EDGE_CURVE('',#161,#173,#2785,.F.);
#2783=EDGE_CURVE('',#173,#153,#2786,.T.);
#2784=EDGE_CURVE('',#153,#161,#2787,.T.);
#2785=LINE('',#160,#2788);
#2786=LINE('',#172,#2789);
#2787=LINE('',#152,#2790);
#2788=VECTOR('',#2791,1.0);
#2789=VECTOR('',#2792,1.0);
#2790=VECTOR('',#2793,1.0);
#2791=DIRECTION('',(-0.8303873374762021,0,0.557186566384352));
#2792=DIRECTION('',(0,-1,0));
#2793=DIRECTION('',(0.794789125104838,0.2896567401226407,-0.5333003089410421));
#2794=FACE_SURFACE('',(#2799),#2795,.T.);
#2795=PLANE('',#2796);
#2796=AXIS2_PLACEMENT_3D('',#174,#2797,#2798);
#2797=DIRECTION('',(-0.6077319456168416,0,0.7941422305083441));
#2798=DIRECTION('',(-0.7941422305083442,0,-0.6077319456168417));
#2799=FACE_BOUND('',#2800,.T.);
#2800=EDGE_LOOP('',(#2801,#2802,#2803));
#2801=ORIENTED_EDGE('',*,*,#2804,.T.);
#2802=ORIENTED_EDGE('',*,*,#2805,.T.);
#2803=ORIENTED_EDGE('',*,*,#2806,.T.);
#2804=EDGE_CURVE('',#175,#163,#2807,.F.);
#2805=EDGE_CURVE('',#163,#145,#2808,.T.);
#2806=EDGE_CURVE('',#145,#175,#2809,.T.);
#2807=LINE('',#174,#2810);
#2808=LINE('',#162,#2811);
#2809=LINE('',#144,#2812);
#2810=VECTOR('',#2813,1.0);
#2811=VECTOR('',#2814,1.0);
#2812=VECTOR('',#2815,1.0);
#2813=DIRECTION('',(-0.7941422305083442,0,-0.6077319456168417));
#2814=DIRECTION('',(0,-1,0));
#2815=DIRECTION('',(0.7600977601396467,0.2896570073521152,0.5816787886131908));
#2816=FACE_SURFACE('',(#2821),#2817,.T.);
#2817=PLANE('',#2818);
#2818=AXIS2_PLACEMENT_3D('',#156,#2819,#2820);
#2819=DIRECTION('',(-0.6077319456168416,0,0.7941422305083441));
#2820=DIRECTION('',(0,1,0));
#2821=FACE_BOUND('',#2822,.T.);
#2822=EDGE_LOOP('',(#2823,#2824,#2825));
#2823=ORIENTED_EDGE('',*,*,#2826,.T.);
#2824=ORIENTED_EDGE('',*,*,#2827,.T.);
#2825=ORIENTED_EDGE('',*,*,#2828,.T.);
#2826=EDGE_CURVE('',#157,#175,#2829,.F.);
#2827=EDGE_CURVE('',#175,#145,#2830,.T.);
#2828=EDGE_CURVE('',#145,#157,#2831,.T.);
#2829=LINE('',#156,#2832);
#2830=LINE('',#174,#2833);
#2831=LINE('',#144,#2834);
#2832=VECTOR('',#2835,1.0);
#2833=VECTOR('',#2836,1.0);
#2834=VECTOR('',#2837,1.0);
#2835=DIRECTION('',(0,1,0));
#2836=DIRECTION('',(-0.7600977601396467,-0.2896570073521152,-0.5816787886131908));
#2837=DIRECTION('',(0.7941422305083442,0,0.6077319456168417));
#2838=FACE_SURFACE('',(#2843),#2839,.T.);
#2839=PLANE('',#2840);
#2840=AXIS2_PLACEMENT_3D('',#176,#2841,#2842);
#2841=DIRECTION('',(-1.1289852391903695E-14,-1,-1.199340790450847E-14));
#2842=DIRECTION('',(-0.9947201915425785,1.2461058849842346E-14,-0.1026242687549872));
#2843=FACE_BOUND('',#2844,.T.);
#2844=EDGE_LOOP('',(#2845,#2846,#2847));
#2845=ORIENTED_EDGE('',*,*,#2848,.T.);
#2846=ORIENTED_EDGE('',*,*,#2849,.T.);
#2847=ORIENTED_EDGE('',*,*,#2850,.T.);
#2848=EDGE_CURVE('',#177,#179,#2851,.F.);
#2849=EDGE_CURVE('',#179,#167,#2852,.T.);
#2850=EDGE_CURVE('',#167,#177,#2853,.T.);
#2851=LINE('',#176,#2854);
#2852=LINE('',#178,#2855);
#2853=LINE('',#166,#2856);
#2854=VECTOR('',#2857,1.0);
#2855=VECTOR('',#2858,1.0);
#2856=VECTOR('',#2859,1.0);
#2857=DIRECTION('',(-0.9947201915425785,1.2461058849842346E-14,-0.1026242687549872));
#2858=DIRECTION('',(0.7281412358174374,0,-0.6854271228236122));
#2859=DIRECTION('',(0.29333373213601344,-1.4777513692051823E-14,0.9560101053812964));
#2860=FACE_SURFACE('',(#2865),#2861,.T.);
#2861=PLANE('',#2862);
#2862=AXIS2_PLACEMENT_3D('',#164,#2863,#2864);
#2863=DIRECTION('',(-1.060475627165143E-14,-1,-1.2203616772274934E-14));
#2864=DIRECTION('',(-0.7548224517828941,0,0.6559291625506984));
#2865=FACE_BOUND('',#2866,.T.);
#2866=EDGE_LOOP('',(#2867,#2868,#2869));
#2867=ORIENTED_EDGE('',*,*,#2870,.T.);
#2868=ORIENTED_EDGE('',*,*,#2871,.T.);
#2869=ORIENTED_EDGE('',*,*,#2872,.T.);
#2870=EDGE_CURVE('',#165,#177,#2873,.F.);
#2871=EDGE_CURVE('',#177,#167,#2874,.T.);
#2872=EDGE_CURVE('',#167,#165,#2875,.T.);
#2873=LINE('',#164,#2876);
#2874=LINE('',#176,#2877);
#2875=LINE('',#166,#2878);
#2876=VECTOR('',#2879,1.0);
#2877=VECTOR('',#2880,1.0);
#2878=VECTOR('',#2881,1.0);
#2879=DIRECTION('',(-0.7548224517828941,0,0.6559291625506984));
#2880=DIRECTION('',(-0.29333373213601344,1.4777513692051823E-14,-0.9560101053812964));
#2881=DIRECTION('',(0.9899648397642958,-1.2222876423969359E-14,0.14131389185232987));
#2882=FACE_SURFACE('',(#2887),#2883,.T.);
#2883=PLANE('',#2884);
#2884=AXIS2_PLACEMENT_3D('',#180,#2885,#2886);
#2885=DIRECTION('',(0,-1,0));
#2886=DIRECTION('',(-0.7125846859347127,0,-0.7015861068830588));
#2887=FACE_BOUND('',#2888,.T.);
#2888=EDGE_LOOP('',(#2889,#2890,#2891));
#2889=ORIENTED_EDGE('',*,*,#2892,.T.);
#2890=ORIENTED_EDGE('',*,*,#2893,.T.);
#2891=ORIENTED_EDGE('',*,*,#2894,.T.);
#2892=EDGE_CURVE('',#181,#169,#2895,.F.);
#2893=EDGE_CURVE('',#169,#171,#2896,.T.);
#2894=EDGE_CURVE('',#171,#181,#2897,.T.);
#2895=LINE('',#180,#2898);
#2896=LINE('',#168,#2899);
#2897=LINE('',#170,#2900);
#2898=VECTOR('',#2901,1.0);
#2899=VECTOR('',#2902,1.0);
#2900=VECTOR('',#2903,1.0);
#2901=DIRECTION('',(-0.7125846859347127,0,-0.7015861068830588));
#2902=DIRECTION('',(0.2933345215039557,0,-0.9560098631782233));
#2903=DIRECTION('',(0.2975245847056909,0,0.9547141569578332));
#2904=FACE_SURFACE('',(#2909),#2905,.T.);
#2905=PLANE('',#2906);
#2906=AXIS2_PLACEMENT_3D('',#182,#2907,#2908);
#2907=DIRECTION('',(2.359494066748475E-14,-1,-7.353064655098513E-15));
#2908=DIRECTION('',(-0.3216729961675535,-1.4552110588945787E-14,0.9468508243311556));
#2909=FACE_BOUND('',#2910,.T.);
#2910=EDGE_LOOP('',(#2911,#2912,#2913));
#2911=ORIENTED_EDGE('',*,*,#2914,.T.);
#2912=ORIENTED_EDGE('',*,*,#2915,.T.);
#2913=ORIENTED_EDGE('',*,*,#2916,.T.);
#2914=EDGE_CURVE('',#183,#181,#2917,.F.);
#2915=EDGE_CURVE('',#181,#171,#2918,.T.);
#2916=EDGE_CURVE('',#171,#183,#2919,.T.);
#2917=LINE('',#182,#2920);
#2918=LINE('',#180,#2921);
#2919=LINE('',#170,#2922);
#2920=VECTOR('',#2923,1.0);
#2921=VECTOR('',#2924,1.0);
#2922=VECTOR('',#2925,1.0);
#2923=DIRECTION('',(-0.3216729961675535,-1.4552110588945787E-14,0.9468508243311556));
#2924=DIRECTION('',(-0.2975245847056909,0,-0.9547141569578332));
#2925=DIRECTION('',(0.7281417358550296,1.2140475010479783E-14,0.685426591624533));
#2926=FACE_SURFACE('',(#2931),#2927,.T.);
#2927=PLANE('',#2928);
#2928=AXIS2_PLACEMENT_3D('',#184,#2929,#2930);
#2929=DIRECTION('',(0.6559291625506984,0,0.754822451782894));
#2930=DIRECTION('',(-0.7224636104181807,-0.28965696250668066,0.6278098244635317));
#2931=FACE_BOUND('',#2932,.T.);
#2932=EDGE_LOOP('',(#2933,#2934,#2935));
#2933=ORIENTED_EDGE('',*,*,#2936,.T.);
#2934=ORIENTED_EDGE('',*,*,#2937,.T.);
#2935=ORIENTED_EDGE('',*,*,#2938,.T.);
#2936=EDGE_CURVE('',#185,#177,#2939,.F.);
#2937=EDGE_CURVE('',#177,#165,#2940,.T.);
#2938=EDGE_CURVE('',#165,#185,#2941,.T.);
#2939=LINE('',#184,#2942);
#2940=LINE('',#176,#2943);
#2941=LINE('',#164,#2944);
#2942=VECTOR('',#2945,1.0);
#2943=VECTOR('',#2946,1.0);
#2944=VECTOR('',#2947,1.0);
#2945=DIRECTION('',(-0.7224636104181807,-0.28965696250668066,0.6278098244635317));
#2946=DIRECTION('',(0.7548224517828941,0,-0.6559291625506984));
#2947=DIRECTION('',(0,1,0));
#2948=FACE_SURFACE('',(#2953),#2949,.T.);
#2949=PLANE('',#2950);
#2950=AXIS2_PLACEMENT_3D('',#172,#2951,#2952);
#2951=DIRECTION('',(0.6077315973892493,0,0.7941424969957921));
#2952=DIRECTION('',(-0.7941424969957921,0,0.6077315973892493));
#2953=FACE_BOUND('',#2954,.T.);
#2954=EDGE_LOOP('',(#2955,#2956,#2957));
#2955=ORIENTED_EDGE('',*,*,#2958,.T.);
#2956=ORIENTED_EDGE('',*,*,#2959,.T.);
#2957=ORIENTED_EDGE('',*,*,#2960,.T.);
#2958=EDGE_CURVE('',#173,#185,#2961,.F.);
#2959=EDGE_CURVE('',#185,#165,#2962,.T.);
#2960=EDGE_CURVE('',#165,#173,#2963,.T.);
#2961=LINE('',#172,#2964);
#2962=LINE('',#184,#2965);
#2963=LINE('',#164,#2966);
#2964=VECTOR('',#2967,1.0);
#2965=VECTOR('',#2968,1.0);
#2966=VECTOR('',#2969,1.0);
#2967=DIRECTION('',(-0.7941424969957921,0,0.6077315973892493));
#2968=DIRECTION('',(0,-1,0));
#2969=DIRECTION('',(0.76009805174461,0.2896568553052368,-0.5816784832781159));
#2970=FACE_SURFACE('',(#2975),#2971,.T.);
#2971=PLANE('',#2972);
#2972=AXIS2_PLACEMENT_3D('',#186,#2973,#2974);
#2973=DIRECTION('',(-0.6559295197863733,0,0.7548221413504095));
#2974=DIRECTION('',(-0.7548221413504096,0,-0.6559295197863734));
#2975=FACE_BOUND('',#2976,.T.);
#2976=EDGE_LOOP('',(#2977,#2978,#2979));
#2977=ORIENTED_EDGE('',*,*,#2980,.T.);
#2978=ORIENTED_EDGE('',*,*,#2981,.T.);
#2979=ORIENTED_EDGE('',*,*,#2982,.T.);
#2980=EDGE_CURVE('',#187,#175,#2983,.F.);
#2981=EDGE_CURVE('',#175,#157,#2984,.T.);
#2982=EDGE_CURVE('',#157,#187,#2985,.T.);
#2983=LINE('',#186,#2986);
#2984=LINE('',#174,#2987);
#2985=LINE('',#156,#2988);
#2986=VECTOR('',#2989,1.0);
#2987=VECTOR('',#2990,1.0);
#2988=VECTOR('',#2991,1.0);
#2989=DIRECTION('',(-0.7548221413504096,0,-0.6559295197863734));
#2990=DIRECTION('',(0,-1,0));
#2991=DIRECTION('',(0.7224632802810227,0.2896571070254185,0.6278101376970984));
#2992=FACE_SURFACE('',(#2997),#2993,.T.);
#2993=PLANE('',#2994);
#2994=AXIS2_PLACEMENT_3D('',#168,#2995,#2996);
#2995=DIRECTION('',(-0.6559295197863733,0,0.7548221413504095));
#2996=DIRECTION('',(0,1,0));
#2997=FACE_BOUND('',#2998,.T.);
#2998=EDGE_LOOP('',(#2999,#3000,#3001));
#2999=ORIENTED_EDGE('',*,*,#3002,.T.);
#3000=ORIENTED_EDGE('',*,*,#3003,.T.);
#3001=ORIENTED_EDGE('',*,*,#3004,.T.);
#3002=EDGE_CURVE('',#169,#187,#3005,.F.);
#3003=EDGE_CURVE('',#187,#157,#3006,.T.);
#3004=EDGE_CURVE('',#157,#169,#3007,.T.);
#3005=LINE('',#168,#3008);
#3006=LINE('',#186,#3009);
#3007=LINE('',#156,#3010);
#3008=VECTOR('',#3011,1.0);
#3009=VECTOR('',#3012,1.0);
#3010=VECTOR('',#3013,1.0);
#3011=DIRECTION('',(0,1,0));
#3012=DIRECTION('',(-0.7224632802810227,-0.2896571070254185,-0.6278101376970984));
#3013=DIRECTION('',(0.7548221413504096,0,0.6559295197863734));
#3014=FACE_SURFACE('',(#3019),#3015,.T.);
#3015=PLANE('',#3016);
#3016=AXIS2_PLACEMENT_3D('',#188,#3017,#3018);
#3017=DIRECTION('',(-1.1996993364215708E-14,-1,-1.1293227521906287E-14));
#3018=DIRECTION('',(-0.997907844550857,1.2702028135891505E-14,-0.06465240740964241));
#3019=FACE_BOUND('',#3020,.T.);
#3020=EDGE_LOOP('',(#3021,#3022,#3023));
#3021=ORIENTED_EDGE('',*,*,#3024,.T.);
#3022=ORIENTED_EDGE('',*,*,#3025,.T.);
#3023=ORIENTED_EDGE('',*,*,#3026,.T.);
#3024=EDGE_CURVE('',#189,#191,#3027,.F.);
#3025=EDGE_CURVE('',#191,#179,#3028,.T.);
#3026=EDGE_CURVE('',#179,#189,#3029,.T.);
#3027=LINE('',#188,#3030);
#3028=LINE('',#190,#3031);
#3029=LINE('',#178,#3032);
#3030=VECTOR('',#3033,1.0);
#3031=VECTOR('',#3034,1.0);
#3032=VECTOR('',#3035,1.0);
#3033=DIRECTION('',(-0.997907844550857,1.2702028135891505E-14,-0.06465240740964241));
#3034=DIRECTION('',(0.6854271228236122,0,-0.7281412358174374));
#3035=DIRECTION('',(0.3216729961675535,-1.4552110588945787E-14,0.9468508243311556));
#3036=FACE_SURFACE('',(#3041),#3037,.T.);
#3037=PLANE('',#3038);
#3038=AXIS2_PLACEMENT_3D('',#176,#3039,#3040);
#3039=DIRECTION('',(-1.1339027909443552E-14,-1,-1.1516757685024447E-14));
#3040=DIRECTION('',(-0.7125837980538564,0,0.7015870086818462));
#3041=FACE_BOUND('',#3042,.T.);
#3042=EDGE_LOOP('',(#3043,#3044,#3045));
#3043=ORIENTED_EDGE('',*,*,#3046,.T.);
#3044=ORIENTED_EDGE('',*,*,#3047,.T.);
#3045=ORIENTED_EDGE('',*,*,#3048,.T.);
#3046=EDGE_CURVE('',#177,#189,#3049,.F.);
#3047=EDGE_CURVE('',#189,#179,#3050,.T.);
#3048=EDGE_CURVE('',#179,#177,#3051,.T.);
#3049=LINE('',#176,#3052);
#3050=LINE('',#188,#3053);
#3051=LINE('',#178,#3054);
#3052=VECTOR('',#3055,1.0);
#3053=VECTOR('',#3056,1.0);
#3054=VECTOR('',#3057,1.0);
#3055=DIRECTION('',(-0.7125837980538564,0,0.7015870086818462));
#3056=DIRECTION('',(-0.3216729961675535,1.4552110588945787E-14,-0.9468508243311556));
#3057=DIRECTION('',(0.9947201915425785,-1.2461058849842346E-14,0.1026242687549872));
#3058=FACE_SURFACE('',(#3063),#3059,.T.);
#3059=PLANE('',#3060);
#3060=AXIS2_PLACEMENT_3D('',#192,#3061,#3062);
#3061=DIRECTION('',(1.2430548849068531E-14,-1,-1.1145936007515941E-14));
#3062=DIRECTION('',(-0.6675883804281341,0,-0.7445305596933823));
#3063=FACE_BOUND('',#3064,.T.);
#3064=EDGE_LOOP('',(#3065,#3066,#3067));
#3065=ORIENTED_EDGE('',*,*,#3068,.T.);
#3066=ORIENTED_EDGE('',*,*,#3069,.T.);
#3067=ORIENTED_EDGE('',*,*,#3070,.T.);
#3068=EDGE_CURVE('',#193,#181,#3071,.F.);
#3069=EDGE_CURVE('',#181,#183,#3072,.T.);
#3070=EDGE_CURVE('',#183,#193,#3073,.T.);
#3071=LINE('',#192,#3074);
#3072=LINE('',#180,#3075);
#3073=LINE('',#182,#3076);
#3074=VECTOR('',#3077,1.0);
#3075=VECTOR('',#3078,1.0);
#3076=VECTOR('',#3079,1.0);
#3077=DIRECTION('',(-0.6675883804281341,0,-0.7445305596933823));
#3078=DIRECTION('',(0.3216729961675535,1.4552110588945787E-14,-0.9468508243311556));
#3079=DIRECTION('',(0.2471001567124398,-7.728709344757768E-15,0.9689899445054565));
#3080=FACE_SURFACE('',(#3085),#3081,.T.);
#3081=PLANE('',#3082);
#3082=AXIS2_PLACEMENT_3D('',#194,#3083,#3084);
#3083=DIRECTION('',(1.16213054482806E-14,-1,-1.0939572492303963E-14));
#3084=DIRECTION('',(-0.35064076755520385,-1.431992291783509E-14,0.9365100384557005));
#3085=FACE_BOUND('',#3086,.T.);
#3086=EDGE_LOOP('',(#3087,#3088,#3089));
#3087=ORIENTED_EDGE('',*,*,#3090,.T.);
#3088=ORIENTED_EDGE('',*,*,#3091,.T.);
#3089=ORIENTED_EDGE('',*,*,#3092,.T.);
#3090=EDGE_CURVE('',#195,#193,#3093,.F.);
#3091=EDGE_CURVE('',#193,#183,#3094,.T.);
#3092=EDGE_CURVE('',#183,#195,#3095,.T.);
#3093=LINE('',#194,#3096);
#3094=LINE('',#192,#3097);
#3095=LINE('',#182,#3098);
#3096=VECTOR('',#3099,1.0);
#3097=VECTOR('',#3100,1.0);
#3098=VECTOR('',#3101,1.0);
#3099=DIRECTION('',(-0.35064076755520385,-1.431992291783509E-14,0.9365100384557005));
#3100=DIRECTION('',(-0.2471001567124398,7.728709344757768E-15,-0.9689899445054565));
#3101=DIRECTION('',(0.6854269347227676,0,0.7281414128838923));
#3102=FACE_SURFACE('',(#3107),#3103,.T.);
#3103=PLANE('',#3104);
#3104=AXIS2_PLACEMENT_3D('',#196,#3105,#3106);
#3105=DIRECTION('',(0.7015870086818461,0,0.7125837980538563));
#3106=DIRECTION('',(-0.6820357690707783,-0.28965666795574746,0.6715104052930273));
#3107=FACE_BOUND('',#3108,.T.);
#3108=EDGE_LOOP('',(#3109,#3110,#3111));
#3109=ORIENTED_EDGE('',*,*,#3112,.T.);
#3110=ORIENTED_EDGE('',*,*,#3113,.T.);
#3111=ORIENTED_EDGE('',*,*,#3114,.T.);
#3112=EDGE_CURVE('',#197,#189,#3115,.F.);
#3113=EDGE_CURVE('',#189,#177,#3116,.T.);
#3114=EDGE_CURVE('',#177,#197,#3117,.T.);
#3115=LINE('',#196,#3118);
#3116=LINE('',#188,#3119);
#3117=LINE('',#176,#3120);
#3118=VECTOR('',#3121,1.0);
#3119=VECTOR('',#3122,1.0);
#3120=VECTOR('',#3123,1.0);
#3121=DIRECTION('',(-0.6820357690707783,-0.28965666795574746,0.6715104052930273));
#3122=DIRECTION('',(0.7125837980538564,0,-0.7015870086818462));
#3123=DIRECTION('',(0,1,0));
#3124=FACE_SURFACE('',(#3129),#3125,.T.);
#3125=PLANE('',#3126);
#3126=AXIS2_PLACEMENT_3D('',#184,#3127,#3128);
#3127=DIRECTION('',(0.6559291625506984,0,0.754822451782894));
#3128=DIRECTION('',(-0.7548224517828941,0,0.6559291625506984));
#3129=FACE_BOUND('',#3130,.T.);
#3130=EDGE_LOOP('',(#3131,#3132,#3133));
#3131=ORIENTED_EDGE('',*,*,#3134,.T.);
#3132=ORIENTED_EDGE('',*,*,#3135,.T.);
#3133=ORIENTED_EDGE('',*,*,#3136,.T.);
#3134=EDGE_CURVE('',#185,#197,#3137,.F.);
#3135=EDGE_CURVE('',#197,#177,#3138,.T.);
#3136=EDGE_CURVE('',#177,#185,#3139,.T.);
#3137=LINE('',#184,#3140);
#3138=LINE('',#196,#3141);
#3139=LINE('',#176,#3142);
#3140=VECTOR('',#3143,1.0);
#3141=VECTOR('',#3144,1.0);
#3142=VECTOR('',#3145,1.0);
#3143=DIRECTION('',(-0.7548224517828941,0,0.6559291625506984));
#3144=DIRECTION('',(0,-1,0));
#3145=DIRECTION('',(0.7224636104181807,0.28965696250668066,-0.6278098244635317));
#3146=FACE_SURFACE('',(#3151),#3147,.T.);
#3147=PLANE('',#3148);
#3148=AXIS2_PLACEMENT_3D('',#198,#3149,#3150);
#3149=DIRECTION('',(-0.7015861068830588,0,0.7125846859347127));
#3150=DIRECTION('',(-0.7125846859347127,0,-0.7015861068830588));
#3151=FACE_BOUND('',#3152,.T.);
#3152=EDGE_LOOP('',(#3153,#3154,#3155));
#3153=ORIENTED_EDGE('',*,*,#3156,.T.);
#3154=ORIENTED_EDGE('',*,*,#3157,.T.);
#3155=ORIENTED_EDGE('',*,*,#3158,.T.);
#3156=EDGE_CURVE('',#199,#187,#3159,.F.);
#3157=EDGE_CURVE('',#187,#169,#3160,.T.);
#3158=EDGE_CURVE('',#169,#199,#3161,.T.);
#3159=LINE('',#198,#3162);
#3160=LINE('',#186,#3163);
#3161=LINE('',#168,#3164);
#3162=VECTOR('',#3165,1.0);
#3163=VECTOR('',#3166,1.0);
#3164=VECTOR('',#3167,1.0);
#3165=DIRECTION('',(-0.7125846859347127,0,-0.7015861068830588));
#3166=DIRECTION('',(0,-1,0));
#3167=DIRECTION('',(0.6820366924421118,0.2896563268774196,0.6715096145719028));
#3168=FACE_SURFACE('',(#3173),#3169,.T.);
#3169=PLANE('',#3170);
#3170=AXIS2_PLACEMENT_3D('',#180,#3171,#3172);
#3171=DIRECTION('',(-0.7015861068830588,0,0.7125846859347127));
#3172=DIRECTION('',(0,1,0));
#3173=FACE_BOUND('',#3174,.T.);
#3174=EDGE_LOOP('',(#3175,#3176,#3177));
#3175=ORIENTED_EDGE('',*,*,#3178,.T.);
#3176=ORIENTED_EDGE('',*,*,#3179,.T.);
#3177=ORIENTED_EDGE('',*,*,#3180,.T.);
#3178=EDGE_CURVE('',#181,#199,#3181,.F.);
#3179=EDGE_CURVE('',#199,#169,#3182,.T.);
#3180=EDGE_CURVE('',#169,#181,#3183,.T.);
#3181=LINE('',#180,#3184);
#3182=LINE('',#198,#3185);
#3183=LINE('',#168,#3186);
#3184=VECTOR('',#3187,1.0);
#3185=VECTOR('',#3188,1.0);
#3186=VECTOR('',#3189,1.0);
#3187=DIRECTION('',(0,1,0));
#3188=DIRECTION('',(-0.6820366924421118,-0.2896563268774196,-0.6715096145719028));
#3189=DIRECTION('',(0.7125846859347127,0,0.7015861068830588));
#3190=FACE_SURFACE('',(#3195),#3191,.T.);
#3191=PLANE('',#3192);
#3192=AXIS2_PLACEMENT_3D('',#200,#3193,#3194);
#3193=DIRECTION('',(-1.265989721880877E-14,-1,-1.0550699766752233E-14));
#3194=DIRECTION('',(-0.9996221229865255,1.2945135017663881E-14,-0.027488383654037413));
#3195=FACE_BOUND('',#3196,.T.);
#3196=EDGE_LOOP('',(#3197,#3198,#3199));
#3197=ORIENTED_EDGE('',*,*,#3200,.T.);
#3198=ORIENTED_EDGE('',*,*,#3201,.T.);
#3199=ORIENTED_EDGE('',*,*,#3202,.T.);
#3200=EDGE_CURVE('',#201,#203,#3203,.F.);
#3201=EDGE_CURVE('',#203,#191,#3204,.T.);
#3202=EDGE_CURVE('',#191,#201,#3205,.T.);
#3203=LINE('',#200,#3206);
#3204=LINE('',#202,#3207);
#3205=LINE('',#190,#3208);
#3206=VECTOR('',#3209,1.0);
#3207=VECTOR('',#3210,1.0);
#3208=VECTOR('',#3211,1.0);
#3209=DIRECTION('',(-0.9996221229865255,1.2945135017663881E-14,-0.027488383654037413));
#3210=DIRECTION('',(0.640212525773224,0,-0.7681978403009664));
#3211=DIRECTION('',(0.35064150159342916,-1.431991871543488E-14,0.9365097636225183));
#3212=FACE_SURFACE('',(#3217),#3213,.T.);
#3213=PLANE('',#3214);
#3214=AXIS2_PLACEMENT_3D('',#188,#3215,#3216);
#3215=DIRECTION('',(-1.2029816051267622E-14,-1,-1.0786610395017099E-14));
#3216=DIRECTION('',(-0.6675881804476065,0,0.7445307390072312));
#3217=FACE_BOUND('',#3218,.T.);
#3218=EDGE_LOOP('',(#3219,#3220,#3221));
#3219=ORIENTED_EDGE('',*,*,#3222,.T.);
#3220=ORIENTED_EDGE('',*,*,#3223,.T.);
#3221=ORIENTED_EDGE('',*,*,#3224,.T.);
#3222=EDGE_CURVE('',#189,#201,#3225,.F.);
#3223=EDGE_CURVE('',#201,#191,#3226,.T.);
#3224=EDGE_CURVE('',#191,#189,#3227,.T.);
#3225=LINE('',#188,#3228);
#3226=LINE('',#200,#3229);
#3227=LINE('',#190,#3230);
#3228=VECTOR('',#3231,1.0);
#3229=VECTOR('',#3232,1.0);
#3230=VECTOR('',#3233,1.0);
#3231=DIRECTION('',(-0.6675881804476065,0,0.7445307390072312));
#3232=DIRECTION('',(-0.35064150159342916,1.431991871543488E-14,-0.9365097636225183));
#3233=DIRECTION('',(0.997907844550857,-1.2702028135891505E-14,0.06465240740964241));
#3234=FACE_SURFACE('',(#3239),#3235,.T.);
#3235=PLANE('',#3236);
#3236=AXIS2_PLACEMENT_3D('',#204,#3237,#3238);
#3237=DIRECTION('',(1.3129140247659964E-14,-1,-1.0375020774019486E-14));
#3238=DIRECTION('',(-0.6200090550329738,0,-0.7845946543770986));
#3239=FACE_BOUND('',#3240,.T.);
#3240=EDGE_LOOP('',(#3241,#3242,#3243));
#3241=ORIENTED_EDGE('',*,*,#3244,.T.);
#3242=ORIENTED_EDGE('',*,*,#3245,.T.);
#3243=ORIENTED_EDGE('',*,*,#3246,.T.);
#3244=EDGE_CURVE('',#205,#193,#3247,.F.);
#3245=EDGE_CURVE('',#193,#195,#3248,.T.);
#3246=EDGE_CURVE('',#195,#205,#3249,.T.);
#3247=LINE('',#204,#3250);
#3248=LINE('',#192,#3251);
#3249=LINE('',#194,#3252);
#3250=VECTOR('',#3253,1.0);
#3251=VECTOR('',#3254,1.0);
#3252=VECTOR('',#3255,1.0);
#3253=DIRECTION('',(-0.6200090550329738,0,-0.7845946543770986));
#3254=DIRECTION('',(0.35064076755520385,1.431992291783509E-14,-0.9365100384557005));
#3255=DIRECTION('',(0.19571806522482468,-7.604760078531097E-15,0.9806602056495672));
#3256=FACE_SURFACE('',(#3261),#3257,.T.);
#3257=PLANE('',#3258);
#3258=AXIS2_PLACEMENT_3D('',#206,#3259,#3260);
#3259=DIRECTION('',(1.2234991697868724E-14,-1,-1.0196568519935404E-14));
#3260=DIRECTION('',(-0.3801895140056456,-1.4082509545211497E-14,0.9249086081555036));
#3261=FACE_BOUND('',#3262,.T.);
#3262=EDGE_LOOP('',(#3263,#3264,#3265));
#3263=ORIENTED_EDGE('',*,*,#3266,.T.);
#3264=ORIENTED_EDGE('',*,*,#3267,.T.);
#3265=ORIENTED_EDGE('',*,*,#3268,.T.);
#3266=EDGE_CURVE('',#207,#205,#3269,.F.);
#3267=EDGE_CURVE('',#205,#195,#3270,.T.);
#3268=EDGE_CURVE('',#195,#207,#3271,.T.);
#3269=LINE('',#206,#3272);
#3270=LINE('',#204,#3273);
#3271=LINE('',#194,#3274);
#3272=VECTOR('',#3275,1.0);
#3273=VECTOR('',#3276,1.0);
#3274=VECTOR('',#3277,1.0);
#3275=DIRECTION('',(-0.3801895140056456,-1.4082509545211497E-14,0.9249086081555036));
#3276=DIRECTION('',(-0.19571806522482468,7.604760078531097E-15,-0.9806602056495672));
#3277=DIRECTION('',(0.6402118976748313,0,0.7681983637548256));
#3278=FACE_SURFACE('',(#3283),#3279,.T.);
#3279=PLANE('',#3280);
#3280=AXIS2_PLACEMENT_3D('',#208,#3281,#3282);
#3281=DIRECTION('',(0.7445307390072313,0,0.6675881804476066));
#3282=DIRECTION('',(-0.6389690670915148,-0.28965676108353555,0.712613143338512));
#3283=FACE_BOUND('',#3284,.T.);
#3284=EDGE_LOOP('',(#3285,#3286,#3287));
#3285=ORIENTED_EDGE('',*,*,#3288,.T.);
#3286=ORIENTED_EDGE('',*,*,#3289,.T.);
#3287=ORIENTED_EDGE('',*,*,#3290,.T.);
#3288=EDGE_CURVE('',#209,#201,#3291,.F.);
#3289=EDGE_CURVE('',#201,#189,#3292,.T.);
#3290=EDGE_CURVE('',#189,#209,#3293,.T.);
#3291=LINE('',#208,#3294);
#3292=LINE('',#200,#3295);
#3293=LINE('',#188,#3296);
#3294=VECTOR('',#3297,1.0);
#3295=VECTOR('',#3298,1.0);
#3296=VECTOR('',#3299,1.0);
#3297=DIRECTION('',(-0.6389690670915148,-0.28965676108353555,0.712613143338512));
#3298=DIRECTION('',(0.6675881804476065,0,-0.7445307390072312));
#3299=DIRECTION('',(0,1,0));
#3300=FACE_SURFACE('',(#3305),#3301,.T.);
#3301=PLANE('',#3302);
#3302=AXIS2_PLACEMENT_3D('',#196,#3303,#3304);
#3303=DIRECTION('',(0.7015870086818461,0,0.7125837980538563));
#3304=DIRECTION('',(-0.7125837980538564,0,0.7015870086818462));
#3305=FACE_BOUND('',#3306,.T.);
#3306=EDGE_LOOP('',(#3307,#3308,#3309));
#3307=ORIENTED_EDGE('',*,*,#3310,.T.);
#3308=ORIENTED_EDGE('',*,*,#3311,.T.);
#3309=ORIENTED_EDGE('',*,*,#3312,.T.);
#3310=EDGE_CURVE('',#197,#209,#3313,.F.);
#3311=EDGE_CURVE('',#209,#189,#3314,.T.);
#3312=EDGE_CURVE('',#189,#197,#3315,.T.);
#3313=LINE('',#196,#3316);
#3314=LINE('',#208,#3317);
#3315=LINE('',#188,#3318);
#3316=VECTOR('',#3319,1.0);
#3317=VECTOR('',#3320,1.0);
#3318=VECTOR('',#3321,1.0);
#3319=DIRECTION('',(-0.7125837980538564,0,0.7015870086818462));
#3320=DIRECTION('',(0,-1,0));
#3321=DIRECTION('',(0.6820357690707783,0.28965666795574746,-0.6715104052930273));
#3322=FACE_SURFACE('',(#3327),#3323,.T.);
#3323=PLANE('',#3324);
#3324=AXIS2_PLACEMENT_3D('',#210,#3325,#3326);
#3325=DIRECTION('',(-0.7445305596933822,0,0.667588380428134));
#3326=DIRECTION('',(-0.6675883804281341,0,-0.7445305596933823));
#3327=FACE_BOUND('',#3328,.T.);
#3328=EDGE_LOOP('',(#3329,#3330,#3331));
#3329=ORIENTED_EDGE('',*,*,#3332,.T.);
#3330=ORIENTED_EDGE('',*,*,#3333,.T.);
#3331=ORIENTED_EDGE('',*,*,#3334,.T.);
#3332=EDGE_CURVE('',#211,#199,#3335,.F.);
#3333=EDGE_CURVE('',#199,#181,#3336,.T.);
#3334=EDGE_CURVE('',#181,#211,#3337,.T.);
#3335=LINE('',#210,#3338);
#3336=LINE('',#198,#3339);
#3337=LINE('',#180,#3340);
#3338=VECTOR('',#3341,1.0);
#3339=VECTOR('',#3342,1.0);
#3340=VECTOR('',#3343,1.0);
#3341=DIRECTION('',(-0.6675883804281341,0,-0.7445305596933823));
#3342=DIRECTION('',(0,-1,0));
#3343=DIRECTION('',(0.638969271410547,0.28965669717523435,0.7126129861114021));
#3344=FACE_SURFACE('',(#3349),#3345,.T.);
#3345=PLANE('',#3346);
#3346=AXIS2_PLACEMENT_3D('',#192,#3347,#3348);
#3347=DIRECTION('',(-0.7445305596933822,0,0.667588380428134));
#3348=DIRECTION('',(0,1,0));
#3349=FACE_BOUND('',#3350,.T.);
#3350=EDGE_LOOP('',(#3351,#3352,#3353));
#3351=ORIENTED_EDGE('',*,*,#3354,.T.);
#3352=ORIENTED_EDGE('',*,*,#3355,.T.);
#3353=ORIENTED_EDGE('',*,*,#3356,.T.);
#3354=EDGE_CURVE('',#193,#211,#3357,.F.);
#3355=EDGE_CURVE('',#211,#181,#3358,.T.);
#3356=EDGE_CURVE('',#181,#193,#3359,.T.);
#3357=LINE('',#192,#3360);
#3358=LINE('',#210,#3361);
#3359=LINE('',#180,#3362);
#3360=VECTOR('',#3363,1.0);
#3361=VECTOR('',#3364,1.0);
#3362=VECTOR('',#3365,1.0);
#3363=DIRECTION('',(0,1,0));
#3364=DIRECTION('',(-0.638969271410547,-0.28965669717523435,-0.7126129861114021));
#3365=DIRECTION('',(0.6675883804281341,0,0.7445305596933823));
#3366=FACE_SURFACE('',(#3371),#3367,.T.);
#3367=PLANE('',#3368);
#3368=AXIS2_PLACEMENT_3D('',#212,#3369,#3370);
#3369=DIRECTION('',(-1.3275991831214627E-14,-1,-9.768658852659339E-15));
#3370=DIRECTION('',(-0.9999613779100367,1.3189624472010322E-14,0.008788781955475309));
#3371=FACE_BOUND('',#3372,.T.);
#3372=EDGE_LOOP('',(#3373,#3374,#3375));
#3373=ORIENTED_EDGE('',*,*,#3376,.T.);
#3374=ORIENTED_EDGE('',*,*,#3377,.T.);
#3375=ORIENTED_EDGE('',*,*,#3378,.T.);
#3376=EDGE_CURVE('',#213,#215,#3379,.F.);
#3377=EDGE_CURVE('',#215,#203,#3380,.T.);
#3378=EDGE_CURVE('',#203,#213,#3381,.T.);
#3379=LINE('',#212,#3382);
#3380=LINE('',#214,#3383);
#3381=LINE('',#202,#3384);
#3382=VECTOR('',#3385,1.0);
#3383=VECTOR('',#3386,1.0);
#3384=VECTOR('',#3387,1.0);
#3385=DIRECTION('',(-0.9999613779100367,1.3189624472010322E-14,0.008788781955475309));
#3386=DIRECTION('',(0.5926621388403144,0,-0.805451171198617));
#3387=DIRECTION('',(0.3801895140056456,-1.4082509545211497E-14,0.9249086081555036));
#3388=FACE_SURFACE('',(#3393),#3389,.T.);
#3389=PLANE('',#3390);
#3390=AXIS2_PLACEMENT_3D('',#200,#3391,#3392);
#3391=DIRECTION('',(-1.2674604578076392E-14,-1,-1.0015862874206703E-14));
#3392=DIRECTION('',(-0.6200101654425291,0,0.7845937768985476));
#3393=FACE_BOUND('',#3394,.T.);
#3394=EDGE_LOOP('',(#3395,#3396,#3397));
#3395=ORIENTED_EDGE('',*,*,#3398,.T.);
#3396=ORIENTED_EDGE('',*,*,#3399,.T.);
#3397=ORIENTED_EDGE('',*,*,#3400,.T.);
#3398=EDGE_CURVE('',#201,#213,#3401,.F.);
#3399=EDGE_CURVE('',#213,#203,#3402,.T.);
#3400=EDGE_CURVE('',#203,#201,#3403,.T.);
#3401=LINE('',#200,#3404);
#3402=LINE('',#212,#3405);
#3403=LINE('',#202,#3406);
#3404=VECTOR('',#3407,1.0);
#3405=VECTOR('',#3408,1.0);
#3406=VECTOR('',#3409,1.0);
#3407=DIRECTION('',(-0.6200101654425291,0,0.7845937768985476));
#3408=DIRECTION('',(-0.3801895140056456,1.4082509545211497E-14,-0.9249086081555036));
#3409=DIRECTION('',(0.9996221229865255,-1.2945135017663881E-14,0.027488383654037413));
#3410=FACE_SURFACE('',(#3415),#3411,.T.);
#3411=PLANE('',#3412);
#3412=AXIS2_PLACEMENT_3D('',#216,#3413,#3414);
#3413=DIRECTION('',(1.3780979612577173E-14,-1,-9.561080441687585E-15));
#3414=DIRECTION('',(-0.5700319689414106,0,-0.8216225133142219));
#3415=FACE_BOUND('',#3416,.T.);
#3416=EDGE_LOOP('',(#3417,#3418,#3419));
#3417=ORIENTED_EDGE('',*,*,#3420,.T.);
#3418=ORIENTED_EDGE('',*,*,#3421,.T.);
#3419=ORIENTED_EDGE('',*,*,#3422,.T.);
#3420=EDGE_CURVE('',#217,#205,#3423,.F.);
#3421=EDGE_CURVE('',#205,#207,#3424,.T.);
#3422=EDGE_CURVE('',#207,#217,#3425,.T.);
#3423=LINE('',#216,#3426);
#3424=LINE('',#204,#3427);
#3425=LINE('',#206,#3428);
#3426=VECTOR('',#3429,1.0);
#3427=VECTOR('',#3430,1.0);
#3428=VECTOR('',#3431,1.0);
#3429=DIRECTION('',(-0.5700319689414106,0,-0.8216225133142219));
#3430=DIRECTION('',(0.3801895140056456,1.4082509545211497E-14,-0.9249086081555036));
#3431=DIRECTION('',(0.1435242804128123,-7.484187443613439E-15,0.9896467960499769));
#3432=FACE_SURFACE('',(#3437),#3433,.T.);
#3433=PLANE('',#3434);
#3434=AXIS2_PLACEMENT_3D('',#218,#3435,#3436);
#3435=DIRECTION('',(1.280066494746731E-14,-1,-9.418909560672663E-15));
#3436=DIRECTION('',(-0.4102562627666765,-1.3841318589095405E-14,0.91197028397899));
#3437=FACE_BOUND('',#3438,.T.);
#3438=EDGE_LOOP('',(#3439,#3440,#3441));
#3439=ORIENTED_EDGE('',*,*,#3442,.T.);
#3440=ORIENTED_EDGE('',*,*,#3443,.T.);
#3441=ORIENTED_EDGE('',*,*,#3444,.T.);
#3442=EDGE_CURVE('',#219,#217,#3445,.F.);
#3443=EDGE_CURVE('',#217,#207,#3446,.T.);
#3444=EDGE_CURVE('',#207,#219,#3447,.T.);
#3445=LINE('',#218,#3448);
#3446=LINE('',#216,#3449);
#3447=LINE('',#206,#3450);
#3448=VECTOR('',#3451,1.0);
#3449=VECTOR('',#3452,1.0);
#3450=VECTOR('',#3453,1.0);
#3451=DIRECTION('',(-0.4102562627666765,-1.3841318589095405E-14,0.91197028397899));
#3452=DIRECTION('',(-0.1435242804128123,7.484187443613439E-15,-0.9896467960499769));
#3453=DIRECTION('',(0.5926622539225167,0,0.8054510865195242));
#3454=FACE_SURFACE('',(#3459),#3455,.T.);
#3455=PLANE('',#3456);
#3456=AXIS2_PLACEMENT_3D('',#220,#3457,#3458);
#3457=DIRECTION('',(0.7845937768985476,0,0.6200101654425291));
#3458=DIRECTION('',(-0.5934306777667108,-0.28965684576990713,0.7509586822082627));
#3459=FACE_BOUND('',#3460,.T.);
#3460=EDGE_LOOP('',(#3461,#3462,#3463));
#3461=ORIENTED_EDGE('',*,*,#3464,.T.);
#3462=ORIENTED_EDGE('',*,*,#3465,.T.);
#3463=ORIENTED_EDGE('',*,*,#3466,.T.);
#3464=EDGE_CURVE('',#221,#213,#3467,.F.);
#3465=EDGE_CURVE('',#213,#201,#3468,.T.);
#3466=EDGE_CURVE('',#201,#221,#3469,.T.);
#3467=LINE('',#220,#3470);
#3468=LINE('',#212,#3471);
#3469=LINE('',#200,#3472);
#3470=VECTOR('',#3473,1.0);
#3471=VECTOR('',#3474,1.0);
#3472=VECTOR('',#3475,1.0);
#3473=DIRECTION('',(-0.5934306777667108,-0.28965684576990713,0.7509586822082627));
#3474=DIRECTION('',(0.6200101654425291,0,-0.7845937768985476));
#3475=DIRECTION('',(0,1,0));
#3476=FACE_SURFACE('',(#3481),#3477,.T.);
#3477=PLANE('',#3478);
#3478=AXIS2_PLACEMENT_3D('',#208,#3479,#3480);
#3479=DIRECTION('',(0.7445307390072313,0,0.6675881804476066));
#3480=DIRECTION('',(-0.6675881804476065,0,0.7445307390072312));
#3481=FACE_BOUND('',#3482,.T.);
#3482=EDGE_LOOP('',(#3483,#3484,#3485));
#3483=ORIENTED_EDGE('',*,*,#3486,.T.);
#3484=ORIENTED_EDGE('',*,*,#3487,.T.);
#3485=ORIENTED_EDGE('',*,*,#3488,.T.);
#3486=EDGE_CURVE('',#209,#221,#3489,.F.);
#3487=EDGE_CURVE('',#221,#201,#3490,.T.);
#3488=EDGE_CURVE('',#201,#209,#3491,.T.);
#3489=LINE('',#208,#3492);
#3490=LINE('',#220,#3493);
#3491=LINE('',#200,#3494);
#3492=VECTOR('',#3495,1.0);
#3493=VECTOR('',#3496,1.0);
#3494=VECTOR('',#3497,1.0);
#3495=DIRECTION('',(-0.6675881804476065,0,0.7445307390072312));
#3496=DIRECTION('',(0,-1,0));
#3497=DIRECTION('',(0.6389690670915148,0.28965676108353555,-0.712613143338512));
#3498=FACE_SURFACE('',(#3503),#3499,.T.);
#3499=PLANE('',#3500);
#3500=AXIS2_PLACEMENT_3D('',#222,#3501,#3502);
#3501=DIRECTION('',(-0.7845946543770987,0,0.6200090550329738));
#3502=DIRECTION('',(-0.6200090550329738,0,-0.7845946543770986));
#3503=FACE_BOUND('',#3504,.T.);
#3504=EDGE_LOOP('',(#3505,#3506,#3507));
#3505=ORIENTED_EDGE('',*,*,#3508,.T.);
#3506=ORIENTED_EDGE('',*,*,#3509,.T.);
#3507=ORIENTED_EDGE('',*,*,#3510,.T.);
#3508=EDGE_CURVE('',#223,#211,#3511,.F.);
#3509=EDGE_CURVE('',#211,#193,#3512,.T.);
#3510=EDGE_CURVE('',#193,#223,#3513,.T.);
#3511=LINE('',#222,#3514);
#3512=LINE('',#210,#3515);
#3513=LINE('',#192,#3516);
#3514=VECTOR('',#3517,1.0);
#3515=VECTOR('',#3518,1.0);
#3516=VECTOR('',#3519,1.0);
#3517=DIRECTION('',(-0.6200090550329738,0,-0.7845946543770986));
#3518=DIRECTION('',(0,-1,0));
#3519=DIRECTION('',(0.5934295592760183,0.2896571425383743,0.7509594516043956));
#3520=FACE_SURFACE('',(#3525),#3521,.T.);
#3521=PLANE('',#3522);
#3522=AXIS2_PLACEMENT_3D('',#204,#3523,#3524);
#3523=DIRECTION('',(-0.7845946543770987,0,0.6200090550329738));
#3524=DIRECTION('',(0,1,0));
#3525=FACE_BOUND('',#3526,.T.);
#3526=EDGE_LOOP('',(#3527,#3528,#3529));
#3527=ORIENTED_EDGE('',*,*,#3530,.T.);
#3528=ORIENTED_EDGE('',*,*,#3531,.T.);
#3529=ORIENTED_EDGE('',*,*,#3532,.T.);
#3530=EDGE_CURVE('',#205,#223,#3533,.F.);
#3531=EDGE_CURVE('',#223,#193,#3534,.T.);
#3532=EDGE_CURVE('',#193,#205,#3535,.T.);
#3533=LINE('',#204,#3536);
#3534=LINE('',#222,#3537);
#3535=LINE('',#192,#3538);
#3536=VECTOR('',#3539,1.0);
#3537=VECTOR('',#3540,1.0);
#3538=VECTOR('',#3541,1.0);
#3539=DIRECTION('',(0,1,0));
#3540=DIRECTION('',(-0.5934295592760183,-0.2896571425383743,-0.7509594516043956));
#3541=DIRECTION('',(0.6200090550329738,0,0.7845946543770986));
#3542=FACE_SURFACE('',(#3547),#3543,.T.);
#3543=PLANE('',#3544);
#3544=AXIS2_PLACEMENT_3D('',#224,#3545,#3546);
#3545=DIRECTION('',(-1.3271057902267674E-14,-1,-9.207291143994037E-15));
#3546=DIRECTION('',(-0.41025676737365757,1.384131514381253E-14,-0.9119700569778136));
#3547=FACE_BOUND('',#3548,.T.);
#3548=EDGE_LOOP('',(#3549,#3550,#3551));
#3549=ORIENTED_EDGE('',*,*,#3552,.T.);
#3550=ORIENTED_EDGE('',*,*,#3553,.T.);
#3551=ORIENTED_EDGE('',*,*,#3554,.T.);
#3552=EDGE_CURVE('',#225,#215,#3555,.F.);
#3553=EDGE_CURVE('',#215,#213,#3556,.T.);
#3554=EDGE_CURVE('',#213,#225,#3557,.T.);
#3555=LINE('',#224,#3558);
#3556=LINE('',#214,#3559);
#3557=LINE('',#212,#3560);
#3558=VECTOR('',#3561,1.0);
#3559=VECTOR('',#3562,1.0);
#3560=VECTOR('',#3563,1.0);
#3561=DIRECTION('',(-0.41025676737365757,1.384131514381253E-14,-0.9119700569778136));
#3562=DIRECTION('',(0.9999613779100367,-1.3189624472010322E-14,-0.008788781955475309));
#3563=DIRECTION('',(-0.570031481864816,0,0.8216228512419806));
#3564=FACE_SURFACE('',(#3569),#3565,.T.);
#3565=PLANE('',#3566);
#3566=AXIS2_PLACEMENT_3D('',#226,#3567,#3568);
#3567=DIRECTION('',(0.8216228512419808,0,0.570031481864816));
#3568=DIRECTION('',(-0.5455945759930673,-0.28965670838220864,0.7864003750864627));
#3569=FACE_BOUND('',#3570,.T.);
#3570=EDGE_LOOP('',(#3571,#3572,#3573));
#3571=ORIENTED_EDGE('',*,*,#3574,.T.);
#3572=ORIENTED_EDGE('',*,*,#3575,.T.);
#3573=ORIENTED_EDGE('',*,*,#3576,.T.);
#3574=EDGE_CURVE('',#227,#225,#3577,.F.);
#3575=EDGE_CURVE('',#225,#213,#3578,.T.);
#3576=EDGE_CURVE('',#213,#227,#3579,.T.);
#3577=LINE('',#226,#3580);
#3578=LINE('',#224,#3581);
#3579=LINE('',#212,#3582);
#3580=VECTOR('',#3583,1.0);
#3581=VECTOR('',#3584,1.0);
#3582=VECTOR('',#3585,1.0);
#3583=DIRECTION('',(-0.5455945759930673,-0.28965670838220864,0.7864003750864627));
#3584=DIRECTION('',(0.570031481864816,0,-0.8216228512419806));
#3585=DIRECTION('',(0,1,0));
#3586=FACE_SURFACE('',(#3591),#3587,.T.);
#3587=PLANE('',#3588);
#3588=AXIS2_PLACEMENT_3D('',#220,#3589,#3590);
#3589=DIRECTION('',(0.7845937768985476,0,0.6200101654425291));
#3590=DIRECTION('',(-0.6200101654425291,0,0.7845937768985476));
#3591=FACE_BOUND('',#3592,.T.);
#3592=EDGE_LOOP('',(#3593,#3594,#3595));
#3593=ORIENTED_EDGE('',*,*,#3596,.T.);
#3594=ORIENTED_EDGE('',*,*,#3597,.T.);
#3595=ORIENTED_EDGE('',*,*,#3598,.T.);
#3596=EDGE_CURVE('',#221,#227,#3599,.F.);
#3597=EDGE_CURVE('',#227,#213,#3600,.T.);
#3598=EDGE_CURVE('',#213,#221,#3601,.T.);
#3599=LINE('',#220,#3602);
#3600=LINE('',#226,#3603);
#3601=LINE('',#212,#3604);
#3602=VECTOR('',#3605,1.0);
#3603=VECTOR('',#3606,1.0);
#3604=VECTOR('',#3607,1.0);
#3605=DIRECTION('',(-0.6200101654425291,0,0.7845937768985476));
#3606=DIRECTION('',(0,-1,0));
#3607=DIRECTION('',(0.5934306777667108,0.28965684576990713,-0.7509586822082627));
#3608=FACE_SURFACE('',(#3613),#3609,.T.);
#3609=PLANE('',#3610);
#3610=AXIS2_PLACEMENT_3D('',#228,#3611,#3612);
#3611=DIRECTION('',(-0.8216225133142219,0,0.5700319689414106));
#3612=DIRECTION('',(-0.5700319689414106,0,-0.8216225133142219));
#3613=FACE_BOUND('',#3614,.T.);
#3614=EDGE_LOOP('',(#3615,#3616,#3617));
#3615=ORIENTED_EDGE('',*,*,#3618,.T.);
#3616=ORIENTED_EDGE('',*,*,#3619,.T.);
#3617=ORIENTED_EDGE('',*,*,#3620,.T.);
#3618=EDGE_CURVE('',#229,#223,#3621,.F.);
#3619=EDGE_CURVE('',#223,#205,#3622,.T.);
#3620=EDGE_CURVE('',#205,#229,#3623,.T.);
#3621=LINE('',#228,#3624);
#3622=LINE('',#222,#3625);
#3623=LINE('',#204,#3626);
#3624=VECTOR('',#3627,1.0);
#3625=VECTOR('',#3628,1.0);
#3626=VECTOR('',#3629,1.0);
#3627=DIRECTION('',(-0.5700319689414106,0,-0.8216225133142219));
#3628=DIRECTION('',(0,-1,0));
#3629=DIRECTION('',(0.5455950610163187,0.28965659924386034,0.7864000787824739));
#3630=FACE_SURFACE('',(#3635),#3631,.T.);
#3631=PLANE('',#3632);
#3632=AXIS2_PLACEMENT_3D('',#216,#3633,#3634);
#3633=DIRECTION('',(-0.8216225133142219,0,0.5700319689414106));
#3634=DIRECTION('',(0,1,0));
#3635=FACE_BOUND('',#3636,.T.);
#3636=EDGE_LOOP('',(#3637,#3638,#3639));
#3637=ORIENTED_EDGE('',*,*,#3640,.T.);
#3638=ORIENTED_EDGE('',*,*,#3641,.T.);
#3639=ORIENTED_EDGE('',*,*,#3642,.T.);
#3640=EDGE_CURVE('',#217,#229,#3643,.F.);
#3641=EDGE_CURVE('',#229,#205,#3644,.T.);
#3642=EDGE_CURVE('',#205,#217,#3645,.T.);
#3643=LINE('',#216,#3646);
#3644=LINE('',#228,#3647);
#3645=LINE('',#204,#3648);
#3646=VECTOR('',#3649,1.0);
#3647=VECTOR('',#3650,1.0);
#3648=VECTOR('',#3651,1.0);
#3649=DIRECTION('',(0,1,0));
#3650=DIRECTION('',(-0.5455950610163187,-0.28965659924386034,-0.7864000787824739));
#3651=DIRECTION('',(0.5700319689414106,0,0.8216225133142219));
#3652=FACE_SURFACE('',(#3657),#3653,.T.);
#3653=PLANE('',#3654);
#3654=AXIS2_PLACEMENT_3D('',#224,#3655,#3656);
#3655=DIRECTION('',(-6.570399451920856E-16,-1,-1.4881804458403215E-14));
#3656=DIRECTION('',(-0.9990267867521999,0,0.0441075883672457));
#3657=FACE_BOUND('',#3658,.T.);
#3658=EDGE_LOOP('',(#3659,#3660,#3661));
#3659=ORIENTED_EDGE('',*,*,#3662,.T.);
#3660=ORIENTED_EDGE('',*,*,#3663,.T.);
#3661=ORIENTED_EDGE('',*,*,#3664,.T.);
#3662=EDGE_CURVE('',#225,#231,#3665,.F.);
#3663=EDGE_CURVE('',#231,#215,#3666,.T.);
#3664=EDGE_CURVE('',#215,#225,#3667,.T.);
#3665=LINE('',#224,#3668);
#3666=LINE('',#230,#3669);
#3667=LINE('',#214,#3670);
#3668=VECTOR('',#3671,1.0);
#3669=VECTOR('',#3672,1.0);
#3670=VECTOR('',#3673,1.0);
#3671=DIRECTION('',(-0.9990267867521999,0,0.0441075883672457));
#3672=DIRECTION('',(0.5429495181294742,1.2140484010436058E-14,-0.8397653367238802));
#3673=DIRECTION('',(0.41025676737365757,-1.384131514381253E-14,0.9119700569778136));
#3674=FACE_SURFACE('',(#3679),#3675,.T.);
#3675=PLANE('',#3676);
#3676=AXIS2_PLACEMENT_3D('',#232,#3677,#3678);
#3677=DIRECTION('',(1.4383485846163463E-14,-1,-8.706866418548708E-15));
#3678=DIRECTION('',(-0.5178493574421291,0,-0.855471824782543));
#3679=FACE_BOUND('',#3680,.T.);
#3680=EDGE_LOOP('',(#3681,#3682,#3683));
#3681=ORIENTED_EDGE('',*,*,#3684,.T.);
#3682=ORIENTED_EDGE('',*,*,#3685,.T.);
#3683=ORIENTED_EDGE('',*,*,#3686,.T.);
#3684=EDGE_CURVE('',#233,#217,#3687,.F.);
#3685=EDGE_CURVE('',#217,#219,#3688,.T.);
#3686=EDGE_CURVE('',#219,#233,#3689,.T.);
#3687=LINE('',#232,#3690);
#3688=LINE('',#216,#3691);
#3689=LINE('',#218,#3692);
#3690=VECTOR('',#3693,1.0);
#3691=VECTOR('',#3694,1.0);
#3692=VECTOR('',#3695,1.0);
#3693=DIRECTION('',(-0.5178493574421291,0,-0.855471824782543));
#3694=DIRECTION('',(0.4102562627666765,1.3841318589095405E-14,-0.91197028397899));
#3695=DIRECTION('',(0.09066657337691321,-7.36690411133537E-15,0.9958813044093603));
#3696=FACE_SURFACE('',(#3701),#3697,.T.);
#3697=PLANE('',#3698);
#3698=AXIS2_PLACEMENT_3D('',#234,#3699,#3700);
#3699=DIRECTION('',(-1.2708412135327194E-14,-1,-6.240378147925458E-15));
#3700=DIRECTION('',(-0.4407701212403044,0,0.8976200199537705));
#3701=FACE_BOUND('',#3702,.T.);
#3702=EDGE_LOOP('',(#3703,#3704,#3705));
#3703=ORIENTED_EDGE('',*,*,#3706,.T.);
#3704=ORIENTED_EDGE('',*,*,#3707,.T.);
#3705=ORIENTED_EDGE('',*,*,#3708,.T.);
#3706=EDGE_CURVE('',#235,#233,#3709,.F.);
#3707=EDGE_CURVE('',#233,#219,#3710,.T.);
#3708=EDGE_CURVE('',#219,#235,#3711,.T.);
#3709=LINE('',#234,#3712);
#3710=LINE('',#232,#3713);
#3711=LINE('',#218,#3714);
#3712=VECTOR('',#3715,1.0);
#3713=VECTOR('',#3716,1.0);
#3714=VECTOR('',#3717,1.0);
#3715=DIRECTION('',(-0.4407701212403044,0,0.8976200199537705));
#3716=DIRECTION('',(-0.09066657337691321,7.36690411133537E-15,-0.9958813044093603));
#3717=DIRECTION('',(0.5429497683224325,-1.2140481671842283E-14,0.8397651749617967));
#3718=FACE_SURFACE('',(#3723),#3719,.T.);
#3719=PLANE('',#3720);
#3720=AXIS2_PLACEMENT_3D('',#236,#3721,#3722);
#3721=DIRECTION('',(0,-1,-0));
#3722=DIRECTION('',(-0.4407696409915492,0,-0.8976202557764507));
#3723=FACE_BOUND('',#3724,.T.);
#3724=EDGE_LOOP('',(#3725,#3726,#3727));
#3725=ORIENTED_EDGE('',*,*,#3728,.T.);
#3726=ORIENTED_EDGE('',*,*,#3729,.T.);
#3727=ORIENTED_EDGE('',*,*,#3730,.T.);
#3728=EDGE_CURVE('',#237,#231,#3731,.F.);
#3729=EDGE_CURVE('',#231,#225,#3732,.T.);
#3730=EDGE_CURVE('',#225,#237,#3733,.T.);
#3731=LINE('',#236,#3734);
#3732=LINE('',#230,#3735);
#3733=LINE('',#224,#3736);
#3734=VECTOR('',#3737,1.0);
#3735=VECTOR('',#3738,1.0);
#3736=VECTOR('',#3739,1.0);
#3737=DIRECTION('',(-0.4407696409915492,0,-0.8976202557764507));
#3738=DIRECTION('',(0.9990267867521999,0,-0.0441075883672457));
#3739=DIRECTION('',(-0.5178498854791981,0,0.855471505141569));
#3740=FACE_SURFACE('',(#3745),#3741,.T.);
#3741=PLANE('',#3742);
#3742=AXIS2_PLACEMENT_3D('',#238,#3743,#3744);
#3743=DIRECTION('',(0.8554715051415689,0,0.517849885479198));
#3744=DIRECTION('',(-0.4956499193718598,-0.28965705170570816,0.8187978687220832));
#3745=FACE_BOUND('',#3746,.T.);
#3746=EDGE_LOOP('',(#3747,#3748,#3749));
#3747=ORIENTED_EDGE('',*,*,#3750,.T.);
#3748=ORIENTED_EDGE('',*,*,#3751,.T.);
#3749=ORIENTED_EDGE('',*,*,#3752,.T.);
#3750=EDGE_CURVE('',#239,#237,#3753,.F.);
#3751=EDGE_CURVE('',#237,#225,#3754,.T.);
#3752=EDGE_CURVE('',#225,#239,#3755,.T.);
#3753=LINE('',#238,#3756);
#3754=LINE('',#236,#3757);
#3755=LINE('',#224,#3758);
#3756=VECTOR('',#3759,1.0);
#3757=VECTOR('',#3760,1.0);
#3758=VECTOR('',#3761,1.0);
#3759=DIRECTION('',(-0.4956499193718598,-0.28965705170570816,0.8187978687220832));
#3760=DIRECTION('',(0.5178498854791981,0,-0.855471505141569));
#3761=DIRECTION('',(0,1,0));
#3762=FACE_SURFACE('',(#3767),#3763,.T.);
#3763=PLANE('',#3764);
#3764=AXIS2_PLACEMENT_3D('',#226,#3765,#3766);
#3765=DIRECTION('',(0.8216228512419808,0,0.570031481864816));
#3766=DIRECTION('',(-0.570031481864816,0,0.8216228512419806));
#3767=FACE_BOUND('',#3768,.T.);
#3768=EDGE_LOOP('',(#3769,#3770,#3771));
#3769=ORIENTED_EDGE('',*,*,#3772,.T.);
#3770=ORIENTED_EDGE('',*,*,#3773,.T.);
#3771=ORIENTED_EDGE('',*,*,#3774,.T.);
#3772=EDGE_CURVE('',#227,#239,#3775,.F.);
#3773=EDGE_CURVE('',#239,#225,#3776,.T.);
#3774=EDGE_CURVE('',#225,#227,#3777,.T.);
#3775=LINE('',#226,#3778);
#3776=LINE('',#238,#3779);
#3777=LINE('',#224,#3780);
#3778=VECTOR('',#3781,1.0);
#3779=VECTOR('',#3782,1.0);
#3780=VECTOR('',#3783,1.0);
#3781=DIRECTION('',(-0.570031481864816,0,0.8216228512419806));
#3782=DIRECTION('',(0,-1,0));
#3783=DIRECTION('',(0.5455945759930673,0.28965670838220864,-0.7864003750864627));
#3784=FACE_SURFACE('',(#3789),#3785,.T.);
#3785=PLANE('',#3786);
#3786=AXIS2_PLACEMENT_3D('',#240,#3787,#3788);
#3787=DIRECTION('',(-0.855471824782543,0,0.5178493574421291));
#3788=DIRECTION('',(-0.5178493574421291,0,-0.855471824782543));
#3789=FACE_BOUND('',#3790,.T.);
#3790=EDGE_LOOP('',(#3791,#3792,#3793));
#3791=ORIENTED_EDGE('',*,*,#3794,.T.);
#3792=ORIENTED_EDGE('',*,*,#3795,.T.);
#3793=ORIENTED_EDGE('',*,*,#3796,.T.);
#3794=EDGE_CURVE('',#241,#229,#3797,.F.);
#3795=EDGE_CURVE('',#229,#217,#3798,.T.);
#3796=EDGE_CURVE('',#217,#241,#3799,.T.);
#3797=LINE('',#240,#3800);
#3798=LINE('',#228,#3801);
#3799=LINE('',#216,#3802);
#3800=VECTOR('',#3803,1.0);
#3801=VECTOR('',#3804,1.0);
#3802=VECTOR('',#3805,1.0);
#3803=DIRECTION('',(-0.5178493574421291,0,-0.855471824782543));
#3804=DIRECTION('',(0,-1,0));
#3805=DIRECTION('',(0.4956493984333101,0.28965715085355637,0.8187981489916168));
#3806=FACE_SURFACE('',(#3811),#3807,.T.);
#3807=PLANE('',#3808);
#3808=AXIS2_PLACEMENT_3D('',#232,#3809,#3810);
#3809=DIRECTION('',(-0.855471824782543,0,0.5178493574421291));
#3810=DIRECTION('',(0,1,0));
#3811=FACE_BOUND('',#3812,.T.);
#3812=EDGE_LOOP('',(#3813,#3814,#3815));
#3813=ORIENTED_EDGE('',*,*,#3816,.T.);
#3814=ORIENTED_EDGE('',*,*,#3817,.T.);
#3815=ORIENTED_EDGE('',*,*,#3818,.T.);
#3816=EDGE_CURVE('',#233,#241,#3819,.F.);
#3817=EDGE_CURVE('',#241,#217,#3820,.T.);
#3818=EDGE_CURVE('',#217,#233,#3821,.T.);
#3819=LINE('',#232,#3822);
#3820=LINE('',#240,#3823);
#3821=LINE('',#216,#3824);
#3822=VECTOR('',#3825,1.0);
#3823=VECTOR('',#3826,1.0);
#3824=VECTOR('',#3827,1.0);
#3825=DIRECTION('',(0,1,0));
#3826=DIRECTION('',(-0.4956493984333101,-0.28965715085355637,-0.8187981489916168));
#3827=DIRECTION('',(0.5178493574421291,0,0.855471824782543));
#3828=FACE_SURFACE('',(#3833),#3829,.T.);
#3829=PLANE('',#3830);
#3830=AXIS2_PLACEMENT_3D('',#236,#3831,#3832);
#3831=DIRECTION('',(-0,-1,0));
#3832=DIRECTION('',(-0.9969210965925641,0,0.07841126939847));
#3833=FACE_BOUND('',#3834,.T.);
#3834=EDGE_LOOP('',(#3835,#3836,#3837));
#3835=ORIENTED_EDGE('',*,*,#3838,.T.);
#3836=ORIENTED_EDGE('',*,*,#3839,.T.);
#3837=ORIENTED_EDGE('',*,*,#3840,.T.);
#3838=EDGE_CURVE('',#237,#243,#3841,.F.);
#3839=EDGE_CURVE('',#243,#231,#3842,.T.);
#3840=EDGE_CURVE('',#231,#237,#3843,.T.);
#3841=LINE('',#236,#3844);
#3842=LINE('',#242,#3845);
#3843=LINE('',#230,#3846);
#3844=VECTOR('',#3847,1.0);
#3845=VECTOR('',#3848,1.0);
#3846=VECTOR('',#3849,1.0);
#3847=DIRECTION('',(-0.9969210965925641,0,0.07841126939847));
#3848=DIRECTION('',(0.4912546601688404,0,-0.8710159923115057));
#3849=DIRECTION('',(0.4407696409915492,0,0.8976202557764507));
#3850=FACE_SURFACE('',(#3855),#3851,.T.);
#3851=PLANE('',#3852);
#3852=AXIS2_PLACEMENT_3D('',#244,#3853,#3854);
#3853=DIRECTION('',(0,-1,0));
#3854=DIRECTION('',(-0.9969211002791907,0,-0.07841122252667479));
#3855=FACE_BOUND('',#3856,.T.);
#3856=EDGE_LOOP('',(#3857,#3858,#3859));
#3857=ORIENTED_EDGE('',*,*,#3860,.T.);
#3858=ORIENTED_EDGE('',*,*,#3861,.T.);
#3859=ORIENTED_EDGE('',*,*,#3862,.T.);
#3860=EDGE_CURVE('',#245,#233,#3863,.F.);
#3861=EDGE_CURVE('',#233,#235,#3864,.T.);
#3862=EDGE_CURVE('',#235,#245,#3865,.T.);
#3863=LINE('',#244,#3866);
#3864=LINE('',#232,#3867);
#3865=LINE('',#234,#3868);
#3866=VECTOR('',#3869,1.0);
#3867=VECTOR('',#3870,1.0);
#3868=VECTOR('',#3871,1.0);
#3869=DIRECTION('',(-0.9969211002791907,0,-0.07841122252667479));
#3870=DIRECTION('',(0.4407701212403044,0,-0.8976200199537705));
#3871=DIRECTION('',(0.4912546601688404,0,0.8710159923115057));
#3872=FACE_SURFACE('',(#3877),#3873,.T.);
#3873=PLANE('',#3874);
#3874=AXIS2_PLACEMENT_3D('',#246,#3875,#3876);
#3875=DIRECTION('',(-0,-1,-0));
#3876=DIRECTION('',(-0.9937475282933576,0,0.111650571027838));
#3877=FACE_BOUND('',#3878,.T.);
#3878=EDGE_LOOP('',(#3879,#3880,#3881));
#3879=ORIENTED_EDGE('',*,*,#3882,.T.);
#3880=ORIENTED_EDGE('',*,*,#3883,.T.);
#3881=ORIENTED_EDGE('',*,*,#3884,.T.);
#3882=EDGE_CURVE('',#247,#249,#3885,.F.);
#3883=EDGE_CURVE('',#249,#237,#3886,.T.);
#3884=EDGE_CURVE('',#237,#247,#3887,.T.);
#3885=LINE('',#246,#3888);
#3886=LINE('',#248,#3889);
#3887=LINE('',#236,#3890);
#3888=VECTOR('',#3891,1.0);
#3889=VECTOR('',#3892,1.0);
#3890=VECTOR('',#3893,1.0);
#3891=DIRECTION('',(-0.9937475282933576,0,0.111650571027838));
#3892=DIRECTION('',(0.8067519470335986,0,-0.5908902571184411));
#3893=DIRECTION('',(-0.46366297124818995,0,0.8860116529105587));
#3894=FACE_SURFACE('',(#3899),#3895,.T.);
#3895=PLANE('',#3896);
#3896=AXIS2_PLACEMENT_3D('',#248,#3897,#3898);
#3897=DIRECTION('',(0,-1,0));
#3898=DIRECTION('',(0.43776695327289883,0,-0.8990884798628906));
#3899=FACE_BOUND('',#3900,.T.);
#3900=EDGE_LOOP('',(#3901,#3902,#3903));
#3901=ORIENTED_EDGE('',*,*,#3904,.T.);
#3902=ORIENTED_EDGE('',*,*,#3905,.T.);
#3903=ORIENTED_EDGE('',*,*,#3906,.T.);
#3904=EDGE_CURVE('',#249,#243,#3907,.F.);
#3905=EDGE_CURVE('',#243,#237,#3908,.T.);
#3906=EDGE_CURVE('',#237,#249,#3909,.T.);
#3907=LINE('',#248,#3910);
#3908=LINE('',#242,#3911);
#3909=LINE('',#236,#3912);
#3910=VECTOR('',#3913,1.0);
#3911=VECTOR('',#3914,1.0);
#3912=VECTOR('',#3915,1.0);
#3913=DIRECTION('',(0.43776695327289883,0,-0.8990884798628906));
#3914=DIRECTION('',(0.9969210965925641,0,-0.07841126939847));
#3915=DIRECTION('',(-0.8067519470335986,0,0.5908902571184411));
#3916=FACE_SURFACE('',(#3921),#3917,.T.);
#3917=PLANE('',#3918);
#3918=AXIS2_PLACEMENT_3D('',#250,#3919,#3920);
#3919=DIRECTION('',(0.8860116529105587,0,0.46366297124818995));
#3920=DIRECTION('',(-0.44378599973203814,-0.2896568477032782,0.8480288303002649));
#3921=FACE_BOUND('',#3922,.T.);
#3922=EDGE_LOOP('',(#3923,#3924,#3925));
#3923=ORIENTED_EDGE('',*,*,#3926,.T.);
#3924=ORIENTED_EDGE('',*,*,#3927,.T.);
#3925=ORIENTED_EDGE('',*,*,#3928,.T.);
#3926=EDGE_CURVE('',#251,#247,#3929,.F.);
#3927=EDGE_CURVE('',#247,#237,#3930,.T.);
#3928=EDGE_CURVE('',#237,#251,#3931,.T.);
#3929=LINE('',#250,#3932);
#3930=LINE('',#246,#3933);
#3931=LINE('',#236,#3934);
#3932=VECTOR('',#3935,1.0);
#3933=VECTOR('',#3936,1.0);
#3934=VECTOR('',#3937,1.0);
#3935=DIRECTION('',(-0.44378599973203814,-0.2896568477032782,0.8480288303002649));
#3936=DIRECTION('',(0.46366297124818995,0,-0.8860116529105587));
#3937=DIRECTION('',(0,1,0));
#3938=FACE_SURFACE('',(#3943),#3939,.T.);
#3939=PLANE('',#3940);
#3940=AXIS2_PLACEMENT_3D('',#238,#3941,#3942);
#3941=DIRECTION('',(0.8554715051415689,0,0.517849885479198));
#3942=DIRECTION('',(-0.5178498854791981,0,0.855471505141569));
#3943=FACE_BOUND('',#3944,.T.);
#3944=EDGE_LOOP('',(#3945,#3946,#3947));
#3945=ORIENTED_EDGE('',*,*,#3948,.T.);
#3946=ORIENTED_EDGE('',*,*,#3949,.T.);
#3947=ORIENTED_EDGE('',*,*,#3950,.T.);
#3948=EDGE_CURVE('',#239,#251,#3951,.F.);
#3949=EDGE_CURVE('',#251,#237,#3952,.T.);
#3950=EDGE_CURVE('',#237,#239,#3953,.T.);
#3951=LINE('',#238,#3954);
#3952=LINE('',#250,#3955);
#3953=LINE('',#236,#3956);
#3954=VECTOR('',#3957,1.0);
#3955=VECTOR('',#3958,1.0);
#3956=VECTOR('',#3959,1.0);
#3957=DIRECTION('',(-0.5178498854791981,0,0.855471505141569));
#3958=DIRECTION('',(0,-1,0));
#3959=DIRECTION('',(0.4956499193718598,0.28965705170570816,-0.8187978687220832));
#3960=FACE_SURFACE('',(#3965),#3961,.T.);
#3961=PLANE('',#3962);
#3962=AXIS2_PLACEMENT_3D('',#244,#3963,#3964);
#3963=DIRECTION('',(-0,-1,0));
#3964=DIRECTION('',(-0.47163782786977176,0,0.8817923561260234));
#3965=FACE_BOUND('',#3966,.T.);
#3966=EDGE_LOOP('',(#3967,#3968,#3969));
#3967=ORIENTED_EDGE('',*,*,#3970,.T.);
#3968=ORIENTED_EDGE('',*,*,#3971,.T.);
#3969=ORIENTED_EDGE('',*,*,#3972,.T.);
#3970=EDGE_CURVE('',#245,#253,#3973,.F.);
#3971=EDGE_CURVE('',#253,#233,#3974,.T.);
#3972=EDGE_CURVE('',#233,#245,#3975,.T.);
#3973=LINE('',#244,#3976);
#3974=LINE('',#252,#3977);
#3975=LINE('',#232,#3978);
#3976=VECTOR('',#3979,1.0);
#3977=VECTOR('',#3980,1.0);
#3978=VECTOR('',#3981,1.0);
#3979=DIRECTION('',(-0.47163782786977176,0,0.8817923561260234));
#3980=DIRECTION('',(-0.46366452887602705,0,-0.8860108377791843));
#3981=DIRECTION('',(0.9969211002791907,0,0.07841122252667479));
#3982=FACE_SURFACE('',(#3987),#3983,.T.);
#3983=PLANE('',#3984);
#3984=AXIS2_PLACEMENT_3D('',#254,#3985,#3986);
#3985=DIRECTION('',(-0.8860108377791843,0,0.46366452887602705));
#3986=DIRECTION('',(-0.46366452887602705,0,-0.8860108377791843));
#3987=FACE_BOUND('',#3988,.T.);
#3988=EDGE_LOOP('',(#3989,#3990,#3991));
#3989=ORIENTED_EDGE('',*,*,#3992,.T.);
#3990=ORIENTED_EDGE('',*,*,#3993,.T.);
#3991=ORIENTED_EDGE('',*,*,#3994,.T.);
#3992=EDGE_CURVE('',#255,#241,#3995,.F.);
#3993=EDGE_CURVE('',#241,#233,#3996,.T.);
#3994=EDGE_CURVE('',#233,#255,#3997,.T.);
#3995=LINE('',#254,#3998);
#3996=LINE('',#240,#3999);
#3997=LINE('',#232,#4000);
#3998=VECTOR('',#4001,1.0);
#3999=VECTOR('',#4002,1.0);
#4000=VECTOR('',#4003,1.0);
#4001=DIRECTION('',(-0.46366452887602705,0,-0.8860108377791843));
#4002=DIRECTION('',(0,-1,0));
#4003=DIRECTION('',(0.4437875248407728,0.28965660357707734,0.8480281155715843));
#4004=FACE_SURFACE('',(#4009),#4005,.T.);
#4005=PLANE('',#4006);
#4006=AXIS2_PLACEMENT_3D('',#252,#4007,#4008);
#4007=DIRECTION('',(-0.8860108377791843,0,0.46366452887602705));
#4008=DIRECTION('',(0,1,0));
#4009=FACE_BOUND('',#4010,.T.);
#4010=EDGE_LOOP('',(#4011,#4012,#4013));
#4011=ORIENTED_EDGE('',*,*,#4014,.T.);
#4012=ORIENTED_EDGE('',*,*,#4015,.T.);
#4013=ORIENTED_EDGE('',*,*,#4016,.T.);
#4014=EDGE_CURVE('',#253,#255,#4017,.F.);
#4015=EDGE_CURVE('',#255,#233,#4018,.T.);
#4016=EDGE_CURVE('',#233,#253,#4019,.T.);
#4017=LINE('',#252,#4020);
#4018=LINE('',#254,#4021);
#4019=LINE('',#232,#4022);
#4020=VECTOR('',#4023,1.0);
#4021=VECTOR('',#4024,1.0);
#4022=VECTOR('',#4025,1.0);
#4023=DIRECTION('',(0,1,0));
#4024=DIRECTION('',(-0.4437875248407728,-0.28965660357707734,-0.8480281155715843));
#4025=DIRECTION('',(0.46366452887602705,0,0.8860108377791843));
#4026=FACE_SURFACE('',(#4031),#4027,.T.);
#4027=PLANE('',#4028);
#4028=AXIS2_PLACEMENT_3D('',#256,#4029,#4030);
#4029=DIRECTION('',(0,-1,0));
#4030=DIRECTION('',(-0.9937475181500729,0,-0.11165066130825421));
#4031=FACE_BOUND('',#4032,.T.);
#4032=EDGE_LOOP('',(#4033,#4034,#4035));
#4033=ORIENTED_EDGE('',*,*,#4036,.T.);
#4034=ORIENTED_EDGE('',*,*,#4037,.T.);
#4035=ORIENTED_EDGE('',*,*,#4038,.T.);
#4036=EDGE_CURVE('',#257,#253,#4039,.F.);
#4037=EDGE_CURVE('',#253,#245,#4040,.T.);
#4038=EDGE_CURVE('',#245,#257,#4041,.T.);
#4039=LINE('',#256,#4042);
#4040=LINE('',#252,#4043);
#4041=LINE('',#244,#4044);
#4042=VECTOR('',#4045,1.0);
#4043=VECTOR('',#4046,1.0);
#4044=VECTOR('',#4047,1.0);
#4045=DIRECTION('',(-0.9937475181500729,0,-0.11165066130825421));
#4046=DIRECTION('',(0.47163782786977176,0,-0.8817923561260234));
#4047=DIRECTION('',(0.43776752685309656,0,0.8990882005859734));
#4048=FACE_SURFACE('',(#4053),#4049,.T.);
#4049=PLANE('',#4050);
#4050=AXIS2_PLACEMENT_3D('',#258,#4051,#4052);
#4051=DIRECTION('',(-1.5303610553924053E-14,-1,-6.8326304152255526E-15));
#4052=DIRECTION('',(-0.9896084408561249,1.4162128476234735E-14,0.14378850366531234));
#4053=FACE_BOUND('',#4054,.T.);
#4054=EDGE_LOOP('',(#4055,#4056,#4057));
#4055=ORIENTED_EDGE('',*,*,#4058,.T.);
#4056=ORIENTED_EDGE('',*,*,#4059,.T.);
#4057=ORIENTED_EDGE('',*,*,#4060,.T.);
#4058=EDGE_CURVE('',#259,#261,#4061,.F.);
#4059=EDGE_CURVE('',#261,#247,#4062,.T.);
#4060=EDGE_CURVE('',#247,#259,#4063,.T.);
#4061=LINE('',#258,#4064);
#4062=LINE('',#260,#4065);
#4063=LINE('',#246,#4066);
#4064=VECTOR('',#4067,1.0);
#4065=VECTOR('',#4068,1.0);
#4066=VECTOR('',#4069,1.0);
#4067=DIRECTION('',(-0.9896084408561249,1.4162128476234735E-14,0.14378850366531234));
#4068=DIRECTION('',(0.7742255562748415,-7.524007789887292E-15,-0.6329097787290953));
#4069=DIRECTION('',(-0.40768374679597225,0,0.9131231913594121));
#4070=FACE_SURFACE('',(#4075),#4071,.T.);
#4071=PLANE('',#4072);
#4072=AXIS2_PLACEMENT_3D('',#260,#4073,#4074);
#4073=DIRECTION('',(1.5484692845189288E-15,-1,1.3782173346388002E-14));
#4074=DIRECTION('',(0.3826834120113672,-1.2140494475250537E-14,-0.9238795409420745));
#4075=FACE_BOUND('',#4076,.T.);
#4076=EDGE_LOOP('',(#4077,#4078,#4079));
#4077=ORIENTED_EDGE('',*,*,#4080,.T.);
#4078=ORIENTED_EDGE('',*,*,#4081,.T.);
#4079=ORIENTED_EDGE('',*,*,#4082,.T.);
#4080=EDGE_CURVE('',#261,#249,#4083,.F.);
#4081=EDGE_CURVE('',#249,#247,#4084,.T.);
#4082=EDGE_CURVE('',#247,#261,#4085,.T.);
#4083=LINE('',#260,#4086);
#4084=LINE('',#248,#4087);
#4085=LINE('',#246,#4088);
#4086=VECTOR('',#4089,1.0);
#4087=VECTOR('',#4090,1.0);
#4088=VECTOR('',#4091,1.0);
#4089=DIRECTION('',(0.3826834120113672,-1.2140494475250537E-14,-0.9238795409420745));
#4090=DIRECTION('',(0.9937475282933576,0,-0.111650571027838));
#4091=DIRECTION('',(-0.7742255562748415,7.524007789887292E-15,0.6329097787290953));
#4092=FACE_SURFACE('',(#4097),#4093,.T.);
#4093=PLANE('',#4094);
#4094=AXIS2_PLACEMENT_3D('',#262,#4095,#4096);
#4095=DIRECTION('',(0.9131231913594121,0,0.40768374679597225));
#4096=DIRECTION('',(-0.3902065936530688,-0.2896566822042917,0.8739781580360408));
#4097=FACE_BOUND('',#4098,.T.);
#4098=EDGE_LOOP('',(#4099,#4100,#4101));
#4099=ORIENTED_EDGE('',*,*,#4102,.T.);
#4100=ORIENTED_EDGE('',*,*,#4103,.T.);
#4101=ORIENTED_EDGE('',*,*,#4104,.T.);
#4102=EDGE_CURVE('',#263,#259,#4105,.F.);
#4103=EDGE_CURVE('',#259,#247,#4106,.T.);
#4104=EDGE_CURVE('',#247,#263,#4107,.T.);
#4105=LINE('',#262,#4108);
#4106=LINE('',#258,#4109);
#4107=LINE('',#246,#4110);
#4108=VECTOR('',#4111,1.0);
#4109=VECTOR('',#4112,1.0);
#4110=VECTOR('',#4113,1.0);
#4111=DIRECTION('',(-0.3902065936530688,-0.2896566822042917,0.8739781580360408));
#4112=DIRECTION('',(0.40768374679597225,0,-0.9131231913594121));
#4113=DIRECTION('',(0,1,0));
#4114=FACE_SURFACE('',(#4119),#4115,.T.);
#4115=PLANE('',#4116);
#4116=AXIS2_PLACEMENT_3D('',#250,#4117,#4118);
#4117=DIRECTION('',(0.8860116529105587,0,0.46366297124818995));
#4118=DIRECTION('',(-0.46366297124818995,0,0.8860116529105587));
#4119=FACE_BOUND('',#4120,.T.);
#4120=EDGE_LOOP('',(#4121,#4122,#4123));
#4121=ORIENTED_EDGE('',*,*,#4124,.T.);
#4122=ORIENTED_EDGE('',*,*,#4125,.T.);
#4123=ORIENTED_EDGE('',*,*,#4126,.T.);
#4124=EDGE_CURVE('',#251,#263,#4127,.F.);
#4125=EDGE_CURVE('',#263,#247,#4128,.T.);
#4126=EDGE_CURVE('',#247,#251,#4129,.T.);
#4127=LINE('',#250,#4130);
#4128=LINE('',#262,#4131);
#4129=LINE('',#246,#4132);
#4130=VECTOR('',#4133,1.0);
#4131=VECTOR('',#4134,1.0);
#4132=VECTOR('',#4135,1.0);
#4133=DIRECTION('',(-0.46366297124818995,0,0.8860116529105587));
#4134=DIRECTION('',(0,-1,0));
#4135=DIRECTION('',(0.44378599973203814,0.2896568477032782,-0.8480288303002649));
#4136=FACE_SURFACE('',(#4141),#4137,.T.);
#4137=PLANE('',#4138);
#4138=AXIS2_PLACEMENT_3D('',#256,#4139,#4140);
#4139=DIRECTION('',(-0,-1,0));
#4140=DIRECTION('',(-0.5027692777606967,0,0.8644206460630076));
#4141=FACE_BOUND('',#4142,.T.);
#4142=EDGE_LOOP('',(#4143,#4144,#4145));
#4143=ORIENTED_EDGE('',*,*,#4146,.T.);
#4144=ORIENTED_EDGE('',*,*,#4147,.T.);
#4145=ORIENTED_EDGE('',*,*,#4148,.T.);
#4146=EDGE_CURVE('',#257,#265,#4149,.F.);
#4147=EDGE_CURVE('',#265,#253,#4150,.T.);
#4148=EDGE_CURVE('',#253,#257,#4151,.T.);
#4149=LINE('',#256,#4152);
#4150=LINE('',#264,#4153);
#4151=LINE('',#252,#4154);
#4152=VECTOR('',#4155,1.0);
#4153=VECTOR('',#4156,1.0);
#4154=VECTOR('',#4157,1.0);
#4155=DIRECTION('',(-0.5027692777606967,0,0.8644206460630076));
#4156=DIRECTION('',(-0.40768299478969516,0,-0.9131235271086303));
#4157=DIRECTION('',(0.9937475181500729,0,0.11165066130825421));
#4158=FACE_SURFACE('',(#4163),#4159,.T.);
#4159=PLANE('',#4160);
#4160=AXIS2_PLACEMENT_3D('',#266,#4161,#4162);
#4161=DIRECTION('',(-0.9131235271086303,0,0.40768299478969516));
#4162=DIRECTION('',(-0.40768299478969516,0,-0.9131235271086303));
#4163=FACE_BOUND('',#4164,.T.);
#4164=EDGE_LOOP('',(#4165,#4166,#4167));
#4165=ORIENTED_EDGE('',*,*,#4168,.T.);
#4166=ORIENTED_EDGE('',*,*,#4169,.T.);
#4167=ORIENTED_EDGE('',*,*,#4170,.T.);
#4168=EDGE_CURVE('',#267,#255,#4171,.F.);
#4169=EDGE_CURVE('',#255,#253,#4172,.T.);
#4170=EDGE_CURVE('',#253,#267,#4173,.T.);
#4171=LINE('',#266,#4174);
#4172=LINE('',#254,#4175);
#4173=LINE('',#252,#4176);
#4174=VECTOR('',#4177,1.0);
#4175=VECTOR('',#4178,1.0);
#4176=VECTOR('',#4179,1.0);
#4177=DIRECTION('',(-0.40768299478969516,0,-0.9131235271086303));
#4178=DIRECTION('',(0,-1,0));
#4179=DIRECTION('',(0.3902058618470557,0.2896567797732303,0.873978452429806));
#4180=FACE_SURFACE('',(#4185),#4181,.T.);
#4181=PLANE('',#4182);
#4182=AXIS2_PLACEMENT_3D('',#264,#4183,#4184);
#4183=DIRECTION('',(-0.9131235271086303,0,0.40768299478969516));
#4184=DIRECTION('',(0,1,0));
#4185=FACE_BOUND('',#4186,.T.);
#4186=EDGE_LOOP('',(#4187,#4188,#4189));
#4187=ORIENTED_EDGE('',*,*,#4190,.T.);
#4188=ORIENTED_EDGE('',*,*,#4191,.T.);
#4189=ORIENTED_EDGE('',*,*,#4192,.T.);
#4190=EDGE_CURVE('',#265,#267,#4193,.F.);
#4191=EDGE_CURVE('',#267,#253,#4194,.T.);
#4192=EDGE_CURVE('',#253,#265,#4195,.T.);
#4193=LINE('',#264,#4196);
#4194=LINE('',#266,#4197);
#4195=LINE('',#252,#4198);
#4196=VECTOR('',#4199,1.0);
#4197=VECTOR('',#4200,1.0);
#4198=VECTOR('',#4201,1.0);
#4199=DIRECTION('',(0,1,0));
#4200=DIRECTION('',(-0.3902058618470557,-0.2896567797732303,-0.873978452429806));
#4201=DIRECTION('',(0.40768299478969516,0,0.9131235271086303));
#4202=FACE_SURFACE('',(#4207),#4203,.T.);
#4203=PLANE('',#4204);
#4204=AXIS2_PLACEMENT_3D('',#268,#4205,#4206);
#4205=DIRECTION('',(0,-1,0));
#4206=DIRECTION('',(-0.9896084408561249,0,-0.14378850366531234));
#4207=FACE_BOUND('',#4208,.T.);
#4208=EDGE_LOOP('',(#4209,#4210,#4211));
#4209=ORIENTED_EDGE('',*,*,#4212,.T.);
#4210=ORIENTED_EDGE('',*,*,#4213,.T.);
#4211=ORIENTED_EDGE('',*,*,#4214,.T.);
#4212=EDGE_CURVE('',#269,#265,#4215,.F.);
#4213=EDGE_CURVE('',#265,#257,#4216,.T.);
#4214=EDGE_CURVE('',#257,#269,#4217,.T.);
#4215=LINE('',#268,#4218);
#4216=LINE('',#264,#4219);
#4217=LINE('',#256,#4220);
#4218=VECTOR('',#4221,1.0);
#4219=VECTOR('',#4222,1.0);
#4220=VECTOR('',#4223,1.0);
#4221=DIRECTION('',(-0.9896084408561249,0,-0.14378850366531234));
#4222=DIRECTION('',(0.5027692777606967,0,-0.8644206460630076));
#4223=DIRECTION('',(0.3826832605993163,0,0.9238796036589809));
#4224=FACE_SURFACE('',(#4229),#4225,.T.);
#4225=PLANE('',#4226);
#4226=AXIS2_PLACEMENT_3D('',#270,#4227,#4228);
#4227=DIRECTION('',(-1.5662516591191615E-14,-1,-5.8544389757749146E-15));
#4228=DIRECTION('',(-0.9846033338976429,1.439798944076479E-14,0.17480353222302725));
#4229=FACE_BOUND('',#4230,.T.);
#4230=EDGE_LOOP('',(#4231,#4232,#4233));
#4231=ORIENTED_EDGE('',*,*,#4234,.T.);
#4232=ORIENTED_EDGE('',*,*,#4235,.T.);
#4233=ORIENTED_EDGE('',*,*,#4236,.T.);
#4234=EDGE_CURVE('',#271,#273,#4237,.F.);
#4235=EDGE_CURVE('',#273,#259,#4238,.T.);
#4236=EDGE_CURVE('',#259,#271,#4239,.T.);
#4237=LINE('',#270,#4240);
#4238=LINE('',#272,#4241);
#4239=LINE('',#258,#4242);
#4240=VECTOR('',#4243,1.0);
#4241=VECTOR('',#4244,1.0);
#4242=VECTOR('',#4245,1.0);
#4243=DIRECTION('',(-0.9846033338976429,1.439798944076479E-14,0.17480353222302725));
#4244=DIRECTION('',(0.7396908382451087,-7.645693755224359E-15,-0.6729468506622558));
#4245=DIRECTION('',(-0.3501267842149789,0,0.936702319296412));
#4246=FACE_SURFACE('',(#4251),#4247,.T.);
#4247=PLANE('',#4248);
#4248=AXIS2_PLACEMENT_3D('',#272,#4249,#4250);
#4249=DIRECTION('',(-1.506625189581282E-14,-1,-5.199035756476598E-15));
#4250=DIRECTION('',(0.32620244210052524,0,-0.9452999348183906));
#4251=FACE_BOUND('',#4252,.T.);
#4252=EDGE_LOOP('',(#4253,#4254,#4255));
#4253=ORIENTED_EDGE('',*,*,#4256,.T.);
#4254=ORIENTED_EDGE('',*,*,#4257,.T.);
#4255=ORIENTED_EDGE('',*,*,#4258,.T.);
#4256=EDGE_CURVE('',#273,#261,#4259,.F.);
#4257=EDGE_CURVE('',#261,#259,#4260,.T.);
#4258=EDGE_CURVE('',#259,#273,#4261,.T.);
#4259=LINE('',#272,#4262);
#4260=LINE('',#260,#4263);
#4261=LINE('',#258,#4264);
#4262=VECTOR('',#4265,1.0);
#4263=VECTOR('',#4266,1.0);
#4264=VECTOR('',#4267,1.0);
#4265=DIRECTION('',(0.32620244210052524,0,-0.9452999348183906));
#4266=DIRECTION('',(0.9896084408561249,-1.4162128476234735E-14,-0.14378850366531234));
#4267=DIRECTION('',(-0.7396908382451087,7.645693755224359E-15,0.6729468506622558));
#4268=FACE_SURFACE('',(#4273),#4269,.T.);
#4269=PLANE('',#4270);
#4270=AXIS2_PLACEMENT_3D('',#274,#4271,#4272);
#4271=DIRECTION('',(0.9367023192964121,0,0.35012678421497895));
#4272=DIRECTION('',(-0.33511705227754196,-0.2896567823831117,0.8965464347663616));
#4273=FACE_BOUND('',#4274,.T.);
#4274=EDGE_LOOP('',(#4275,#4276,#4277));
#4275=ORIENTED_EDGE('',*,*,#4278,.T.);
#4276=ORIENTED_EDGE('',*,*,#4279,.T.);
#4277=ORIENTED_EDGE('',*,*,#4280,.T.);
#4278=EDGE_CURVE('',#275,#271,#4281,.F.);
#4279=EDGE_CURVE('',#271,#259,#4282,.T.);
#4280=EDGE_CURVE('',#259,#275,#4283,.T.);
#4281=LINE('',#274,#4284);
#4282=LINE('',#270,#4285);
#4283=LINE('',#258,#4286);
#4284=VECTOR('',#4287,1.0);
#4285=VECTOR('',#4288,1.0);
#4286=VECTOR('',#4289,1.0);
#4287=DIRECTION('',(-0.33511705227754196,-0.2896567823831117,0.8965464347663616));
#4288=DIRECTION('',(0.3501267842149789,0,-0.936702319296412));
#4289=DIRECTION('',(0,1,0));
#4290=FACE_SURFACE('',(#4295),#4291,.T.);
#4291=PLANE('',#4292);
#4292=AXIS2_PLACEMENT_3D('',#262,#4293,#4294);
#4293=DIRECTION('',(0.9131231913594121,0,0.40768374679597225));
#4294=DIRECTION('',(-0.40768374679597225,0,0.9131231913594121));
#4295=FACE_BOUND('',#4296,.T.);
#4296=EDGE_LOOP('',(#4297,#4298,#4299));
#4297=ORIENTED_EDGE('',*,*,#4300,.T.);
#4298=ORIENTED_EDGE('',*,*,#4301,.T.);
#4299=ORIENTED_EDGE('',*,*,#4302,.T.);
#4300=EDGE_CURVE('',#263,#275,#4303,.F.);
#4301=EDGE_CURVE('',#275,#259,#4304,.T.);
#4302=EDGE_CURVE('',#259,#263,#4305,.T.);
#4303=LINE('',#262,#4306);
#4304=LINE('',#274,#4307);
#4305=LINE('',#258,#4308);
#4306=VECTOR('',#4309,1.0);
#4307=VECTOR('',#4310,1.0);
#4308=VECTOR('',#4311,1.0);
#4309=DIRECTION('',(-0.40768374679597225,0,0.9131231913594121));
#4310=DIRECTION('',(0,-1,0));
#4311=DIRECTION('',(0.3902065936530688,0.2896566822042917,-0.8739781580360408));
#4312=FACE_SURFACE('',(#4317),#4313,.T.);
#4313=PLANE('',#4314);
#4314=AXIS2_PLACEMENT_3D('',#268,#4315,#4316);
#4315=DIRECTION('',(-0,-1,0));
#4316=DIRECTION('',(-0.5340565792326579,0,0.8454487389418188));
#4317=FACE_BOUND('',#4318,.T.);
#4318=EDGE_LOOP('',(#4319,#4320,#4321));
#4319=ORIENTED_EDGE('',*,*,#4322,.T.);
#4320=ORIENTED_EDGE('',*,*,#4323,.T.);
#4321=ORIENTED_EDGE('',*,*,#4324,.T.);
#4322=EDGE_CURVE('',#269,#277,#4325,.F.);
#4323=EDGE_CURVE('',#277,#265,#4326,.T.);
#4324=EDGE_CURVE('',#265,#269,#4327,.T.);
#4325=LINE('',#268,#4328);
#4326=LINE('',#276,#4329);
#4327=LINE('',#264,#4330);
#4328=VECTOR('',#4331,1.0);
#4329=VECTOR('',#4332,1.0);
#4330=VECTOR('',#4333,1.0);
#4331=DIRECTION('',(-0.5340565792326579,0,0.8454487389418188));
#4332=DIRECTION('',(-0.35012551806209957,0,-0.936702792566429));
#4333=DIRECTION('',(0.9896084408561249,0,0.14378850366531234));
#4334=FACE_SURFACE('',(#4339),#4335,.T.);
#4335=PLANE('',#4336);
#4336=AXIS2_PLACEMENT_3D('',#278,#4337,#4338);
#4337=DIRECTION('',(-0.9367027925664289,0,0.35012551806209957));
#4338=DIRECTION('',(-0.35012551806209957,0,-0.936702792566429));
#4339=FACE_BOUND('',#4340,.T.);
#4340=EDGE_LOOP('',(#4341,#4342,#4343));
#4341=ORIENTED_EDGE('',*,*,#4344,.T.);
#4342=ORIENTED_EDGE('',*,*,#4345,.T.);
#4343=ORIENTED_EDGE('',*,*,#4346,.T.);
#4344=EDGE_CURVE('',#279,#267,#4347,.F.);
#4345=EDGE_CURVE('',#267,#265,#4348,.T.);
#4346=EDGE_CURVE('',#265,#279,#4349,.T.);
#4347=LINE('',#278,#4350);
#4348=LINE('',#266,#4351);
#4349=LINE('',#264,#4352);
#4350=VECTOR('',#4353,1.0);
#4351=VECTOR('',#4354,1.0);
#4352=VECTOR('',#4355,1.0);
#4353=DIRECTION('',(-0.35012551806209957,0,-0.936702792566429));
#4354=DIRECTION('',(0,-1,0));
#4355=DIRECTION('',(0.33511582619796587,0.28965691645368147,0.8965468497419418));
#4356=FACE_SURFACE('',(#4361),#4357,.T.);
#4357=PLANE('',#4358);
#4358=AXIS2_PLACEMENT_3D('',#276,#4359,#4360);
#4359=DIRECTION('',(-0.9367027925664289,0,0.35012551806209957));
#4360=DIRECTION('',(0,1,0));
#4361=FACE_BOUND('',#4362,.T.);
#4362=EDGE_LOOP('',(#4363,#4364,#4365));
#4363=ORIENTED_EDGE('',*,*,#4366,.T.);
#4364=ORIENTED_EDGE('',*,*,#4367,.T.);
#4365=ORIENTED_EDGE('',*,*,#4368,.T.);
#4366=EDGE_CURVE('',#277,#279,#4369,.F.);
#4367=EDGE_CURVE('',#279,#265,#4370,.T.);
#4368=EDGE_CURVE('',#265,#277,#4371,.T.);
#4369=LINE('',#276,#4372);
#4370=LINE('',#278,#4373);
#4371=LINE('',#264,#4374);
#4372=VECTOR('',#4375,1.0);
#4373=VECTOR('',#4376,1.0);
#4374=VECTOR('',#4377,1.0);
#4375=DIRECTION('',(0,1,0));
#4376=DIRECTION('',(-0.33511582619796587,-0.28965691645368147,-0.8965468497419418));
#4377=DIRECTION('',(0.35012551806209957,0,0.936702792566429));
#4378=FACE_SURFACE('',(#4383),#4379,.T.);
#4379=PLANE('',#4380);
#4380=AXIS2_PLACEMENT_3D('',#280,#4381,#4382);
#4381=DIRECTION('',(1.3148547240930503E-14,-1,8.305729061893585E-15));
#4382=DIRECTION('',(-0.9846033692531871,-1.4397973037868907E-14,-0.1748033330782681));
#4383=FACE_BOUND('',#4384,.T.);
#4384=EDGE_LOOP('',(#4385,#4386,#4387));
#4385=ORIENTED_EDGE('',*,*,#4388,.T.);
#4386=ORIENTED_EDGE('',*,*,#4389,.T.);
#4387=ORIENTED_EDGE('',*,*,#4390,.T.);
#4388=EDGE_CURVE('',#281,#277,#4391,.F.);
#4389=EDGE_CURVE('',#277,#269,#4392,.T.);
#4390=EDGE_CURVE('',#269,#281,#4393,.T.);
#4391=LINE('',#280,#4394);
#4392=LINE('',#276,#4395);
#4393=LINE('',#268,#4396);
#4394=VECTOR('',#4397,1.0);
#4395=VECTOR('',#4398,1.0);
#4396=VECTOR('',#4399,1.0);
#4397=DIRECTION('',(-0.9846033692531871,-1.4397973037868907E-14,-0.1748033330782681));
#4398=DIRECTION('',(0.5340565792326579,0,-0.8454487389418188));
#4399=DIRECTION('',(0.3262020458144536,1.214048928611194E-14,0.9453000715679996));
#4400=FACE_SURFACE('',(#4405),#4401,.T.);
#4401=PLANE('',#4402);
#4402=AXIS2_PLACEMENT_3D('',#282,#4403,#4404);
#4403=DIRECTION('',(-0,-1,-0));
#4404=DIRECTION('',(-0.9788285114203549,0,0.20468205888795485));
#4405=FACE_BOUND('',#4406,.T.);
#4406=EDGE_LOOP('',(#4407,#4408,#4409));
#4407=ORIENTED_EDGE('',*,*,#4410,.T.);
#4408=ORIENTED_EDGE('',*,*,#4411,.T.);
#4409=ORIENTED_EDGE('',*,*,#4412,.T.);
#4410=EDGE_CURVE('',#283,#285,#4413,.F.);
#4411=EDGE_CURVE('',#285,#271,#4414,.T.);
#4412=EDGE_CURVE('',#271,#283,#4415,.T.);
#4413=LINE('',#282,#4416);
#4414=LINE('',#284,#4417);
#4415=LINE('',#270,#4418);
#4416=VECTOR('',#4419,1.0);
#4417=VECTOR('',#4420,1.0);
#4418=VECTOR('',#4421,1.0);
#4419=DIRECTION('',(-0.9788285114203549,0,0.20468205888795485));
#4420=DIRECTION('',(0.7032855199247647,0,-0.7109075027485315));
#4421=DIRECTION('',(-0.29121521215577123,0,0.9566575668488015));
#4422=FACE_SURFACE('',(#4427),#4423,.T.);
#4423=PLANE('',#4424);
#4424=AXIS2_PLACEMENT_3D('',#284,#4425,#4426);
#4425=DIRECTION('',(-1.7738636746404605E-14,-1,-1.7548452251128627E-14));
#4426=DIRECTION('',(0.26853287020515837,1.2140499712683382E-14,-0.9632705215147921));
#4427=FACE_BOUND('',#4428,.T.);
#4428=EDGE_LOOP('',(#4429,#4430,#4431));
#4429=ORIENTED_EDGE('',*,*,#4432,.T.);
#4430=ORIENTED_EDGE('',*,*,#4433,.T.);
#4431=ORIENTED_EDGE('',*,*,#4434,.T.);
#4432=EDGE_CURVE('',#285,#273,#4435,.F.);
#4433=EDGE_CURVE('',#273,#271,#4436,.T.);
#4434=EDGE_CURVE('',#271,#285,#4437,.T.);
#4435=LINE('',#284,#4438);
#4436=LINE('',#272,#4439);
#4437=LINE('',#270,#4440);
#4438=VECTOR('',#4441,1.0);
#4439=VECTOR('',#4442,1.0);
#4440=VECTOR('',#4443,1.0);
#4441=DIRECTION('',(0.26853287020515837,1.2140499712683382E-14,-0.9632705215147921));
#4442=DIRECTION('',(0.9846033338976429,-1.439798944076479E-14,-0.17480353222302725));
#4443=DIRECTION('',(-0.7032855199247647,0,0.7109075027485315));
#4444=FACE_SURFACE('',(#4449),#4445,.T.);
#4445=PLANE('',#4446);
#4446=AXIS2_PLACEMENT_3D('',#286,#4447,#4448);
#4447=DIRECTION('',(0.9566575668488015,0,0.29121521215577123));
#4448=DIRECTION('',(-0.2787309681199726,-0.28965697511311533,0.9156461566452528));
#4449=FACE_BOUND('',#4450,.T.);
#4450=EDGE_LOOP('',(#4451,#4452,#4453));
#4451=ORIENTED_EDGE('',*,*,#4454,.T.);
#4452=ORIENTED_EDGE('',*,*,#4455,.T.);
#4453=ORIENTED_EDGE('',*,*,#4456,.T.);
#4454=EDGE_CURVE('',#287,#283,#4457,.F.);
#4455=EDGE_CURVE('',#283,#271,#4458,.T.);
#4456=EDGE_CURVE('',#271,#287,#4459,.T.);
#4457=LINE('',#286,#4460);
#4458=LINE('',#282,#4461);
#4459=LINE('',#270,#4462);
#4460=VECTOR('',#4463,1.0);
#4461=VECTOR('',#4464,1.0);
#4462=VECTOR('',#4465,1.0);
#4463=DIRECTION('',(-0.2787309681199726,-0.28965697511311533,0.9156461566452528));
#4464=DIRECTION('',(0.29121521215577123,0,-0.9566575668488015));
#4465=DIRECTION('',(0,1,0));
#4466=FACE_SURFACE('',(#4471),#4467,.T.);
#4467=PLANE('',#4468);
#4468=AXIS2_PLACEMENT_3D('',#274,#4469,#4470);
#4469=DIRECTION('',(0.9367023192964121,0,0.35012678421497895));
#4470=DIRECTION('',(-0.3501267842149789,0,0.936702319296412));
#4471=FACE_BOUND('',#4472,.T.);
#4472=EDGE_LOOP('',(#4473,#4474,#4475));
#4473=ORIENTED_EDGE('',*,*,#4476,.T.);
#4474=ORIENTED_EDGE('',*,*,#4477,.T.);
#4475=ORIENTED_EDGE('',*,*,#4478,.T.);
#4476=EDGE_CURVE('',#275,#287,#4479,.F.);
#4477=EDGE_CURVE('',#287,#271,#4480,.T.);
#4478=EDGE_CURVE('',#271,#275,#4481,.T.);
#4479=LINE('',#274,#4482);
#4480=LINE('',#286,#4483);
#4481=LINE('',#270,#4484);
#4482=VECTOR('',#4485,1.0);
#4483=VECTOR('',#4486,1.0);
#4484=VECTOR('',#4487,1.0);
#4485=DIRECTION('',(-0.3501267842149789,0,0.936702319296412));
#4486=DIRECTION('',(0,-1,0));
#4487=DIRECTION('',(0.33511705227754196,0.2896567823831117,-0.8965464347663616));
#4488=FACE_SURFACE('',(#4493),#4489,.T.);
#4489=PLANE('',#4490);
#4490=AXIS2_PLACEMENT_3D('',#280,#4491,#4492);
#4491=DIRECTION('',(1.545856522935753E-14,-1,-4.705759073875161E-15));
#4492=DIRECTION('',(-0.5653841302238058,-1.2621468034717726E-14,0.8248277306753639));
#4493=FACE_BOUND('',#4494,.T.);
#4494=EDGE_LOOP('',(#4495,#4496,#4497));
#4495=ORIENTED_EDGE('',*,*,#4498,.T.);
#4496=ORIENTED_EDGE('',*,*,#4499,.T.);
#4497=ORIENTED_EDGE('',*,*,#4500,.T.);
#4498=EDGE_CURVE('',#281,#289,#4501,.F.);
#4499=EDGE_CURVE('',#289,#277,#4502,.T.);
#4500=EDGE_CURVE('',#277,#281,#4503,.T.);
#4501=LINE('',#280,#4504);
#4502=LINE('',#288,#4505);
#4503=LINE('',#276,#4506);
#4504=VECTOR('',#4507,1.0);
#4505=VECTOR('',#4508,1.0);
#4506=VECTOR('',#4509,1.0);
#4507=DIRECTION('',(-0.5653841302238058,-1.2621468034717726E-14,0.8248277306753639));
#4508=DIRECTION('',(-0.2912170280823526,0,-0.9566570140624499));
#4509=DIRECTION('',(0.9846033692531871,1.4397973037868907E-14,0.1748033330782681));
#4510=FACE_SURFACE('',(#4515),#4511,.T.);
#4511=PLANE('',#4512);
#4512=AXIS2_PLACEMENT_3D('',#290,#4513,#4514);
#4513=DIRECTION('',(-0.9566570140624497,0,0.29121702808235256));
#4514=DIRECTION('',(-0.2912170280823526,0,-0.9566570140624499));
#4515=FACE_BOUND('',#4516,.T.);
#4516=EDGE_LOOP('',(#4517,#4518,#4519));
#4517=ORIENTED_EDGE('',*,*,#4520,.T.);
#4518=ORIENTED_EDGE('',*,*,#4521,.T.);
#4519=ORIENTED_EDGE('',*,*,#4522,.T.);
#4520=EDGE_CURVE('',#291,#279,#4523,.F.);
#4521=EDGE_CURVE('',#279,#277,#4524,.T.);
#4522=EDGE_CURVE('',#277,#291,#4525,.T.);
#4523=LINE('',#290,#4526);
#4524=LINE('',#278,#4527);
#4525=LINE('',#276,#4528);
#4526=VECTOR('',#4529,1.0);
#4527=VECTOR('',#4530,1.0);
#4528=VECTOR('',#4531,1.0);
#4529=DIRECTION('',(-0.2912170280823526,0,-0.9566570140624499));
#4530=DIRECTION('',(0,-1,0));
#4531=DIRECTION('',(0.2787327197118806,0.2896568217831085,0.9156456719476846));
#4532=FACE_SURFACE('',(#4537),#4533,.T.);
#4533=PLANE('',#4534);
#4534=AXIS2_PLACEMENT_3D('',#288,#4535,#4536);
#4535=DIRECTION('',(-0.9566570140624497,0,0.29121702808235256));
#4536=DIRECTION('',(0,1,0));
#4537=FACE_BOUND('',#4538,.T.);
#4538=EDGE_LOOP('',(#4539,#4540,#4541));
#4539=ORIENTED_EDGE('',*,*,#4542,.T.);
#4540=ORIENTED_EDGE('',*,*,#4543,.T.);
#4541=ORIENTED_EDGE('',*,*,#4544,.T.);
#4542=EDGE_CURVE('',#289,#291,#4545,.F.);
#4543=EDGE_CURVE('',#291,#277,#4546,.T.);
#4544=EDGE_CURVE('',#277,#289,#4547,.T.);
#4545=LINE('',#288,#4548);
#4546=LINE('',#290,#4549);
#4547=LINE('',#276,#4550);
#4548=VECTOR('',#4551,1.0);
#4549=VECTOR('',#4552,1.0);
#4550=VECTOR('',#4553,1.0);
#4551=DIRECTION('',(0,1,0));
#4552=DIRECTION('',(-0.2787327197118806,-0.2896568217831085,-0.9156456719476846));
#4553=DIRECTION('',(0.2912170280823526,0,0.9566570140624499));
#4554=FACE_SURFACE('',(#4559),#4555,.T.);
#4555=PLANE('',#4556);
#4556=AXIS2_PLACEMENT_3D('',#292,#4557,#4558);
#4557=DIRECTION('',(1.586962668855943E-14,-1,-4.42399402532484E-15));
#4558=DIRECTION('',(-0.9788284196365741,-1.4628127464363126E-14,-0.2046824978149493));
#4559=FACE_BOUND('',#4560,.T.);
#4560=EDGE_LOOP('',(#4561,#4562,#4563));
#4561=ORIENTED_EDGE('',*,*,#4564,.T.);
#4562=ORIENTED_EDGE('',*,*,#4565,.T.);
#4563=ORIENTED_EDGE('',*,*,#4566,.T.);
#4564=EDGE_CURVE('',#293,#289,#4567,.F.);
#4565=EDGE_CURVE('',#289,#281,#4568,.T.);
#4566=EDGE_CURVE('',#281,#293,#4569,.T.);
#4567=LINE('',#292,#4570);
#4568=LINE('',#288,#4571);
#4569=LINE('',#280,#4572);
#4570=VECTOR('',#4573,1.0);
#4571=VECTOR('',#4574,1.0);
#4572=VECTOR('',#4575,1.0);
#4573=DIRECTION('',(-0.9788284196365741,-1.4628127464363126E-14,-0.2046824978149493));
#4574=DIRECTION('',(0.5653841302238058,1.2621468034717726E-14,-0.8248277306753639));
#4575=DIRECTION('',(0.26853208836102394,0,0.9632707394707197));
#4576=FACE_SURFACE('',(#4581),#4577,.T.);
#4577=PLANE('',#4578);
#4578=AXIS2_PLACEMENT_3D('',#294,#4579,#4580);
#4579=DIRECTION('',(-0,-1,-0));
#4580=DIRECTION('',(-0.9723743853275201,0,0.23342676530108464));
#4581=FACE_BOUND('',#4582,.T.);
#4582=EDGE_LOOP('',(#4583,#4584,#4585));
#4583=ORIENTED_EDGE('',*,*,#4586,.T.);
#4584=ORIENTED_EDGE('',*,*,#4587,.T.);
#4585=ORIENTED_EDGE('',*,*,#4588,.T.);
#4586=EDGE_CURVE('',#295,#297,#4589,.F.);
#4587=EDGE_CURVE('',#297,#283,#4590,.T.);
#4588=EDGE_CURVE('',#283,#295,#4591,.T.);
#4589=LINE('',#294,#4592);
#4590=LINE('',#296,#4593);
#4591=LINE('',#282,#4594);
#4592=VECTOR('',#4595,1.0);
#4593=VECTOR('',#4596,1.0);
#4594=VECTOR('',#4597,1.0);
#4595=DIRECTION('',(-0.9723743853275201,0,0.23342676530108464));
#4596=DIRECTION('',(0.6651491394948245,0,-0.7467105344303738));
#4597=DIRECTION('',(-0.23117597241926105,0,0.9729119537635506));
#4598=FACE_SURFACE('',(#4603),#4599,.T.);
#4599=PLANE('',#4600);
#4600=AXIS2_PLACEMENT_3D('',#296,#4601,#4602);
#4601=DIRECTION('',(0,-1,0));
#4602=DIRECTION('',(0.20988014570927913,0,-0.9777271216638371));
#4603=FACE_BOUND('',#4604,.T.);
#4604=EDGE_LOOP('',(#4605,#4606,#4607));
#4605=ORIENTED_EDGE('',*,*,#4608,.T.);
#4606=ORIENTED_EDGE('',*,*,#4609,.T.);
#4607=ORIENTED_EDGE('',*,*,#4610,.T.);
#4608=EDGE_CURVE('',#297,#285,#4611,.F.);
#4609=EDGE_CURVE('',#285,#283,#4612,.T.);
#4610=EDGE_CURVE('',#283,#297,#4613,.T.);
#4611=LINE('',#296,#4614);
#4612=LINE('',#284,#4615);
#4613=LINE('',#282,#4616);
#4614=VECTOR('',#4617,1.0);
#4615=VECTOR('',#4618,1.0);
#4616=VECTOR('',#4619,1.0);
#4617=DIRECTION('',(0.20988014570927913,0,-0.9777271216638371));
#4618=DIRECTION('',(0.9788285114203549,0,-0.20468205888795485));
#4619=DIRECTION('',(-0.6651491394948245,0,0.7467105344303738));
#4620=FACE_SURFACE('',(#4625),#4621,.T.);
#4621=PLANE('',#4622);
#4622=AXIS2_PLACEMENT_3D('',#298,#4623,#4624);
#4623=DIRECTION('',(0.9729119537635504,0,0.23117597241926102));
#4624=DIRECTION('',(-0.22126561033029707,-0.2896565305875039,0.9312038573659215));
#4625=FACE_BOUND('',#4626,.T.);
#4626=EDGE_LOOP('',(#4627,#4628,#4629));
#4627=ORIENTED_EDGE('',*,*,#4630,.T.);
#4628=ORIENTED_EDGE('',*,*,#4631,.T.);
#4629=ORIENTED_EDGE('',*,*,#4632,.T.);
#4630=EDGE_CURVE('',#299,#295,#4633,.F.);
#4631=EDGE_CURVE('',#295,#283,#4634,.T.);
#4632=EDGE_CURVE('',#283,#299,#4635,.T.);
#4633=LINE('',#298,#4636);
#4634=LINE('',#294,#4637);
#4635=LINE('',#282,#4638);
#4636=VECTOR('',#4639,1.0);
#4637=VECTOR('',#4640,1.0);
#4638=VECTOR('',#4641,1.0);
#4639=DIRECTION('',(-0.22126561033029707,-0.2896565305875039,0.9312038573659215));
#4640=DIRECTION('',(0.23117597241926105,0,-0.9729119537635506));
#4641=DIRECTION('',(0,1,0));
#4642=FACE_SURFACE('',(#4647),#4643,.T.);
#4643=PLANE('',#4644);
#4644=AXIS2_PLACEMENT_3D('',#286,#4645,#4646);
#4645=DIRECTION('',(0.9566575668488015,0,0.29121521215577123));
#4646=DIRECTION('',(-0.29121521215577123,0,0.9566575668488015));
#4647=FACE_BOUND('',#4648,.T.);
#4648=EDGE_LOOP('',(#4649,#4650,#4651));
#4649=ORIENTED_EDGE('',*,*,#4652,.T.);
#4650=ORIENTED_EDGE('',*,*,#4653,.T.);
#4651=ORIENTED_EDGE('',*,*,#4654,.T.);
#4652=EDGE_CURVE('',#287,#299,#4655,.F.);
#4653=EDGE_CURVE('',#299,#283,#4656,.T.);
#4654=EDGE_CURVE('',#283,#287,#4657,.T.);
#4655=LINE('',#286,#4658);
#4656=LINE('',#298,#4659);
#4657=LINE('',#282,#4660);
#4658=VECTOR('',#4661,1.0);
#4659=VECTOR('',#4662,1.0);
#4660=VECTOR('',#4663,1.0);
#4661=DIRECTION('',(-0.29121521215577123,0,0.9566575668488015));
#4662=DIRECTION('',(0,-1,0));
#4663=DIRECTION('',(0.2787309681199726,0.28965697511311533,-0.9156461566452528));
#4664=FACE_SURFACE('',(#4669),#4665,.T.);
#4665=PLANE('',#4666);
#4666=AXIS2_PLACEMENT_3D('',#292,#4667,#4668);
#4667=DIRECTION('',(1.57258940410947E-14,-1,-3.736638722990799E-15));
#4668=DIRECTION('',(-0.5966351848144491,-1.2381321315043982E-14,0.8025125894597719));
#4669=FACE_BOUND('',#4670,.T.);
#4670=EDGE_LOOP('',(#4671,#4672,#4673));
#4671=ORIENTED_EDGE('',*,*,#4674,.T.);
#4672=ORIENTED_EDGE('',*,*,#4675,.T.);
#4673=ORIENTED_EDGE('',*,*,#4676,.T.);
#4674=EDGE_CURVE('',#293,#301,#4677,.F.);
#4675=EDGE_CURVE('',#301,#289,#4678,.T.);
#4676=EDGE_CURVE('',#289,#293,#4679,.T.);
#4677=LINE('',#292,#4680);
#4678=LINE('',#300,#4681);
#4679=LINE('',#288,#4682);
#4680=VECTOR('',#4683,1.0);
#4681=VECTOR('',#4684,1.0);
#4682=VECTOR('',#4685,1.0);
#4683=DIRECTION('',(-0.5966351848144491,-1.2381321315043982E-14,0.8025125894597719));
#4684=DIRECTION('',(-0.23117426500235183,0,-0.9729123594654466));
#4685=DIRECTION('',(0.9788284196365741,1.4628127464363126E-14,0.2046824978149493));
#4686=FACE_SURFACE('',(#4691),#4687,.T.);
#4687=PLANE('',#4688);
#4688=AXIS2_PLACEMENT_3D('',#302,#4689,#4690);
#4689=DIRECTION('',(-0.9729123594654465,0,0.23117426500235183));
#4690=DIRECTION('',(-0.23117426500235183,0,-0.9729123594654466));
#4691=FACE_BOUND('',#4692,.T.);
#4692=EDGE_LOOP('',(#4693,#4694,#4695));
#4693=ORIENTED_EDGE('',*,*,#4696,.T.);
#4694=ORIENTED_EDGE('',*,*,#4697,.T.);
#4695=ORIENTED_EDGE('',*,*,#4698,.T.);
#4696=EDGE_CURVE('',#303,#291,#4699,.F.);
#4697=EDGE_CURVE('',#291,#289,#4700,.T.);
#4698=EDGE_CURVE('',#289,#303,#4701,.T.);
#4699=LINE('',#302,#4702);
#4700=LINE('',#290,#4703);
#4701=LINE('',#288,#4704);
#4702=VECTOR('',#4705,1.0);
#4703=VECTOR('',#4706,1.0);
#4704=VECTOR('',#4707,1.0);
#4705=DIRECTION('',(-0.23117426500235183,0,-0.9729123594654466));
#4706=DIRECTION('',(0,-1,0));
#4707=DIRECTION('',(0.22126396836798218,0.2896566412395002,0.9312042130960877));
#4708=FACE_SURFACE('',(#4713),#4709,.T.);
#4709=PLANE('',#4710);
#4710=AXIS2_PLACEMENT_3D('',#300,#4711,#4712);
#4711=DIRECTION('',(-0.9729123594654465,0,0.23117426500235183));
#4712=DIRECTION('',(0,1,0));
#4713=FACE_BOUND('',#4714,.T.);
#4714=EDGE_LOOP('',(#4715,#4716,#4717));
#4715=ORIENTED_EDGE('',*,*,#4718,.T.);
#4716=ORIENTED_EDGE('',*,*,#4719,.T.);
#4717=ORIENTED_EDGE('',*,*,#4720,.T.);
#4718=EDGE_CURVE('',#301,#303,#4721,.F.);
#4719=EDGE_CURVE('',#303,#289,#4722,.T.);
#4720=EDGE_CURVE('',#289,#301,#4723,.T.);
#4721=LINE('',#300,#4724);
#4722=LINE('',#302,#4725);
#4723=LINE('',#288,#4726);
#4724=VECTOR('',#4727,1.0);
#4725=VECTOR('',#4728,1.0);
#4726=VECTOR('',#4729,1.0);
#4727=DIRECTION('',(0,1,0));
#4728=DIRECTION('',(-0.22126396836798218,-0.2896566412395002,-0.9312042130960877));
#4729=DIRECTION('',(0.23117426500235183,0,0.9729123594654466));
#4730=FACE_SURFACE('',(#4735),#4731,.T.);
#4731=PLANE('',#4732);
#4732=AXIS2_PLACEMENT_3D('',#304,#4733,#4734);
#4733=DIRECTION('',(1.6102531535862144E-14,-1,-3.4566241982966787E-15));
#4734=DIRECTION('',(-0.9723745212973368,-1.4850824746233416E-14,-0.23342619889758526));
#4735=FACE_BOUND('',#4736,.T.);
#4736=EDGE_LOOP('',(#4737,#4738,#4739));
#4737=ORIENTED_EDGE('',*,*,#4740,.T.);
#4738=ORIENTED_EDGE('',*,*,#4741,.T.);
#4739=ORIENTED_EDGE('',*,*,#4742,.T.);
#4740=EDGE_CURVE('',#305,#301,#4743,.F.);
#4741=EDGE_CURVE('',#301,#293,#4744,.T.);
#4742=EDGE_CURVE('',#293,#305,#4745,.T.);
#4743=LINE('',#304,#4746);
#4744=LINE('',#300,#4747);
#4745=LINE('',#292,#4748);
#4746=VECTOR('',#4749,1.0);
#4747=VECTOR('',#4750,1.0);
#4748=VECTOR('',#4751,1.0);
#4749=DIRECTION('',(-0.9723745212973368,-1.4850824746233416E-14,-0.23342619889758526));
#4750=DIRECTION('',(0.5966351848144491,1.2381321315043982E-14,-0.8025125894597719));
#4751=DIRECTION('',(0.20988213822685686,0,0.9777266939453595));
#4752=FACE_SURFACE('',(#4757),#4753,.T.);
#4753=PLANE('',#4754);
#4754=AXIS2_PLACEMENT_3D('',#306,#4755,#4756);
#4755=DIRECTION('',(-1.6370477488414435E-14,-1,-2.8282614288280064E-15));
#4756=DIRECTION('',(-0.9653247465123204,1.506450379932997E-14,0.2610519752289274));
#4757=FACE_BOUND('',#4758,.T.);
#4758=EDGE_LOOP('',(#4759,#4760,#4761));
#4759=ORIENTED_EDGE('',*,*,#4762,.T.);
#4760=ORIENTED_EDGE('',*,*,#4763,.T.);
#4761=ORIENTED_EDGE('',*,*,#4764,.T.);
#4762=EDGE_CURVE('',#307,#309,#4765,.F.);
#4763=EDGE_CURVE('',#309,#295,#4766,.T.);
#4764=EDGE_CURVE('',#295,#307,#4767,.T.);
#4765=LINE('',#306,#4768);
#4766=LINE('',#308,#4769);
#4767=LINE('',#294,#4770);
#4768=VECTOR('',#4771,1.0);
#4769=VECTOR('',#4772,1.0);
#4770=VECTOR('',#4773,1.0);
#4771=DIRECTION('',(-0.9653247465123204,1.506450379932997E-14,0.2610519752289274));
#4772=DIRECTION('',(0.6254304552014461,-8.031759600243548E-15,-0.7802799149705905));
#4773=DIRECTION('',(-0.17024392437954117,0,0.9854019515973433));
#4774=FACE_SURFACE('',(#4779),#4775,.T.);
#4775=PLANE('',#4776);
#4776=AXIS2_PLACEMENT_3D('',#308,#4777,#4778);
#4777=DIRECTION('',(3.05978417906804E-15,-1,1.274599233090744E-14));
#4778=DIRECTION('',(0.1504656716267474,-1.2140489714177622E-14,-0.9886152343869236));
#4779=FACE_BOUND('',#4780,.T.);
#4780=EDGE_LOOP('',(#4781,#4782,#4783));
#4781=ORIENTED_EDGE('',*,*,#4784,.T.);
#4782=ORIENTED_EDGE('',*,*,#4785,.T.);
#4783=ORIENTED_EDGE('',*,*,#4786,.T.);
#4784=EDGE_CURVE('',#309,#297,#4787,.F.);
#4785=EDGE_CURVE('',#297,#295,#4788,.T.);
#4786=EDGE_CURVE('',#295,#309,#4789,.T.);
#4787=LINE('',#308,#4790);
#4788=LINE('',#296,#4791);
#4789=LINE('',#294,#4792);
#4790=VECTOR('',#4793,1.0);
#4791=VECTOR('',#4794,1.0);
#4792=VECTOR('',#4795,1.0);
#4793=DIRECTION('',(0.1504656716267474,-1.2140489714177622E-14,-0.9886152343869236));
#4794=DIRECTION('',(0.9723743853275201,0,-0.23342676530108464));
#4795=DIRECTION('',(-0.6254304552014461,8.031759600243548E-15,0.7802799149705905));
#4796=FACE_SURFACE('',(#4801),#4797,.T.);
#4797=PLANE('',#4798);
#4798=AXIS2_PLACEMENT_3D('',#310,#4799,#4800);
#4799=DIRECTION('',(0.9854019515973433,0,0.1702439243795412));
#4800=DIRECTION('',(-0.16294565392855762,-0.289657020447724,0.9431582711142078));
#4801=FACE_BOUND('',#4802,.T.);
#4802=EDGE_LOOP('',(#4803,#4804,#4805));
#4803=ORIENTED_EDGE('',*,*,#4806,.T.);
#4804=ORIENTED_EDGE('',*,*,#4807,.T.);
#4805=ORIENTED_EDGE('',*,*,#4808,.T.);
#4806=EDGE_CURVE('',#311,#307,#4809,.F.);
#4807=EDGE_CURVE('',#307,#295,#4810,.T.);
#4808=EDGE_CURVE('',#295,#311,#4811,.T.);
#4809=LINE('',#310,#4812);
#4810=LINE('',#306,#4813);
#4811=LINE('',#294,#4814);
#4812=VECTOR('',#4815,1.0);
#4813=VECTOR('',#4816,1.0);
#4814=VECTOR('',#4817,1.0);
#4815=DIRECTION('',(-0.16294565392855762,-0.289657020447724,0.9431582711142078));
#4816=DIRECTION('',(0.17024392437954117,0,-0.9854019515973433));
#4817=DIRECTION('',(0,1,0));
#4818=FACE_SURFACE('',(#4823),#4819,.T.);
#4819=PLANE('',#4820);
#4820=AXIS2_PLACEMENT_3D('',#298,#4821,#4822);
#4821=DIRECTION('',(0.9729119537635504,0,0.23117597241926102));
#4822=DIRECTION('',(-0.23117597241926105,0,0.9729119537635506));
#4823=FACE_BOUND('',#4824,.T.);
#4824=EDGE_LOOP('',(#4825,#4826,#4827));
#4825=ORIENTED_EDGE('',*,*,#4828,.T.);
#4826=ORIENTED_EDGE('',*,*,#4829,.T.);
#4827=ORIENTED_EDGE('',*,*,#4830,.T.);
#4828=EDGE_CURVE('',#299,#311,#4831,.F.);
#4829=EDGE_CURVE('',#311,#295,#4832,.T.);
#4830=EDGE_CURVE('',#295,#299,#4833,.T.);
#4831=LINE('',#298,#4834);
#4832=LINE('',#310,#4835);
#4833=LINE('',#294,#4836);
#4834=VECTOR('',#4837,1.0);
#4835=VECTOR('',#4838,1.0);
#4836=VECTOR('',#4839,1.0);
#4837=DIRECTION('',(-0.23117597241926105,0,0.9729119537635506));
#4838=DIRECTION('',(0,-1,0));
#4839=DIRECTION('',(0.22126561033029707,0.2896565305875039,-0.9312038573659215));
#4840=FACE_SURFACE('',(#4845),#4841,.T.);
#4841=PLANE('',#4842);
#4842=AXIS2_PLACEMENT_3D('',#304,#4843,#4844);
#4843=DIRECTION('',(1.593357579199997E-14,-1,-2.7528117670686855E-15));
#4844=DIRECTION('',(-0.6276812229469658,-1.2144189026318751E-14,0.7784704762287401));
#4845=FACE_BOUND('',#4846,.T.);
#4846=EDGE_LOOP('',(#4847,#4848,#4849));
#4847=ORIENTED_EDGE('',*,*,#4850,.T.);
#4848=ORIENTED_EDGE('',*,*,#4851,.T.);
#4849=ORIENTED_EDGE('',*,*,#4852,.T.);
#4850=EDGE_CURVE('',#305,#313,#4853,.F.);
#4851=EDGE_CURVE('',#313,#301,#4854,.T.);
#4852=EDGE_CURVE('',#301,#305,#4855,.T.);
#4853=LINE('',#304,#4856);
#4854=LINE('',#312,#4857);
#4855=LINE('',#300,#4858);
#4856=VECTOR('',#4859,1.0);
#4857=VECTOR('',#4860,1.0);
#4858=VECTOR('',#4861,1.0);
#4859=DIRECTION('',(-0.6276812229469658,-1.2144189026318751E-14,0.7784704762287401));
#4860=DIRECTION('',(-0.1702458510717029,0,-0.9854016187285626));
#4861=DIRECTION('',(0.9723745212973368,1.4850824746233416E-14,0.23342619889758526));
#4862=FACE_SURFACE('',(#4867),#4863,.T.);
#4863=PLANE('',#4864);
#4864=AXIS2_PLACEMENT_3D('',#314,#4865,#4866);
#4865=DIRECTION('',(-0.9854016187285626,0,0.1702458510717029));
#4866=DIRECTION('',(-0.1702458510717029,0,-0.9854016187285626));
#4867=FACE_BOUND('',#4868,.T.);
#4868=EDGE_LOOP('',(#4869,#4870,#4871));
#4869=ORIENTED_EDGE('',*,*,#4872,.T.);
#4870=ORIENTED_EDGE('',*,*,#4873,.T.);
#4871=ORIENTED_EDGE('',*,*,#4874,.T.);
#4872=EDGE_CURVE('',#315,#303,#4875,.F.);
#4873=EDGE_CURVE('',#303,#301,#4876,.T.);
#4874=EDGE_CURVE('',#301,#315,#4877,.T.);
#4875=LINE('',#314,#4878);
#4876=LINE('',#302,#4879);
#4877=LINE('',#300,#4880);
#4878=VECTOR('',#4881,1.0);
#4879=VECTOR('',#4882,1.0);
#4880=VECTOR('',#4883,1.0);
#4881=DIRECTION('',(-0.1702458510717029,0,-0.9854016187285626));
#4882=DIRECTION('',(0,-1,0));
#4883=DIRECTION('',(0.1629475026426347,0.2896569308109859,0.9431579792461537));
#4884=FACE_SURFACE('',(#4889),#4885,.T.);
#4885=PLANE('',#4886);
#4886=AXIS2_PLACEMENT_3D('',#312,#4887,#4888);
#4887=DIRECTION('',(-0.9854016187285626,0,0.1702458510717029));
#4888=DIRECTION('',(0,1,0));
#4889=FACE_BOUND('',#4890,.T.);
#4890=EDGE_LOOP('',(#4891,#4892,#4893));
#4891=ORIENTED_EDGE('',*,*,#4894,.T.);
#4892=ORIENTED_EDGE('',*,*,#4895,.T.);
#4893=ORIENTED_EDGE('',*,*,#4896,.T.);
#4894=EDGE_CURVE('',#313,#315,#4897,.F.);
#4895=EDGE_CURVE('',#315,#301,#4898,.T.);
#4896=EDGE_CURVE('',#301,#313,#4899,.T.);
#4897=LINE('',#312,#4900);
#4898=LINE('',#314,#4901);
#4899=LINE('',#300,#4902);
#4900=VECTOR('',#4903,1.0);
#4901=VECTOR('',#4904,1.0);
#4902=VECTOR('',#4905,1.0);
#4903=DIRECTION('',(0,1,0));
#4904=DIRECTION('',(-0.1629475026426347,-0.2896569308109859,-0.9431579792461537));
#4905=DIRECTION('',(0.1702458510717029,0,0.9854016187285626));
#4906=FACE_SURFACE('',(#4911),#4907,.T.);
#4907=PLANE('',#4908);
#4908=AXIS2_PLACEMENT_3D('',#316,#4909,#4910);
#4909=DIRECTION('',(1.6275546262851453E-14,-1,-2.4770807664587946E-15));
#4910=DIRECTION('',(-0.9653245918204431,-1.506453680900911E-14,-0.2610525472518799));
#4911=FACE_BOUND('',#4912,.T.);
#4912=EDGE_LOOP('',(#4913,#4914,#4915));
#4913=ORIENTED_EDGE('',*,*,#4916,.T.);
#4914=ORIENTED_EDGE('',*,*,#4917,.T.);
#4915=ORIENTED_EDGE('',*,*,#4918,.T.);
#4916=EDGE_CURVE('',#317,#313,#4919,.F.);
#4917=EDGE_CURVE('',#313,#305,#4920,.T.);
#4918=EDGE_CURVE('',#305,#317,#4921,.T.);
#4919=LINE('',#316,#4922);
#4920=LINE('',#312,#4923);
#4921=LINE('',#304,#4924);
#4922=VECTOR('',#4925,1.0);
#4923=VECTOR('',#4926,1.0);
#4924=VECTOR('',#4927,1.0);
#4925=DIRECTION('',(-0.9653245918204431,-1.506453680900911E-14,-0.2610525472518799));
#4926=DIRECTION('',(0.6276812229469658,1.2144189026318751E-14,-0.7784704762287401));
#4927=DIRECTION('',(0.15046379701888898,0,0.9886155196974498));
#4928=FACE_SURFACE('',(#4933),#4929,.T.);
#4929=PLANE('',#4930);
#4930=AXIS2_PLACEMENT_3D('',#318,#4931,#4932);
#4931=DIRECTION('',(-1.648159428001164E-14,-1,-1.8014197819410195E-15));
#4932=DIRECTION('',(-0.9577559480817953,1.5267288622141697E-14,0.2875822385230731));
#4933=FACE_BOUND('',#4934,.T.);
#4934=EDGE_LOOP('',(#4935,#4936,#4937));
#4935=ORIENTED_EDGE('',*,*,#4938,.T.);
#4936=ORIENTED_EDGE('',*,*,#4939,.T.);
#4937=ORIENTED_EDGE('',*,*,#4940,.T.);
#4938=EDGE_CURVE('',#319,#321,#4941,.F.);
#4939=EDGE_CURVE('',#321,#307,#4942,.T.);
#4940=EDGE_CURVE('',#307,#319,#4943,.T.);
#4941=LINE('',#318,#4944);
#4942=LINE('',#320,#4945);
#4943=LINE('',#306,#4946);
#4944=VECTOR('',#4947,1.0);
#4945=VECTOR('',#4948,1.0);
#4946=VECTOR('',#4949,1.0);
#4947=DIRECTION('',(-0.9577559480817953,1.5267288622141697E-14,0.2875822385230731));
#4948=DIRECTION('',(0.5842755225801786,-8.167840218646139E-15,-0.811555367004408));
#4949=DIRECTION('',(-0.10865181533835525,0,0.9940798675275946));
#4950=FACE_SURFACE('',(#4955),#4951,.T.);
#4951=PLANE('',#4952);
#4952=AXIS2_PLACEMENT_3D('',#320,#4953,#4954);
#4953=DIRECTION('',(-1.5998790423063745E-14,-1,-1.4538273843166864E-15));
#4954=DIRECTION('',(0.09049820255600799,0,-0.9958966187984231));
#4955=FACE_BOUND('',#4956,.T.);
#4956=EDGE_LOOP('',(#4957,#4958,#4959));
#4957=ORIENTED_EDGE('',*,*,#4960,.T.);
#4958=ORIENTED_EDGE('',*,*,#4961,.T.);
#4959=ORIENTED_EDGE('',*,*,#4962,.T.);
#4960=EDGE_CURVE('',#321,#309,#4963,.F.);
#4961=EDGE_CURVE('',#309,#307,#4964,.T.);
#4962=EDGE_CURVE('',#307,#321,#4965,.T.);
#4963=LINE('',#320,#4966);
#4964=LINE('',#308,#4967);
#4965=LINE('',#306,#4968);
#4966=VECTOR('',#4969,1.0);
#4967=VECTOR('',#4970,1.0);
#4968=VECTOR('',#4971,1.0);
#4969=DIRECTION('',(0.09049820255600799,0,-0.9958966187984231));
#4970=DIRECTION('',(0.9653247465123204,-1.506450379932997E-14,-0.2610519752289274));
#4971=DIRECTION('',(-0.5842755225801786,8.167840218646139E-15,0.811555367004408));
#4972=FACE_SURFACE('',(#4977),#4973,.T.);
#4973=PLANE('',#4974);
#4974=AXIS2_PLACEMENT_3D('',#322,#4975,#4976);
#4975=DIRECTION('',(0.9940798675275946,0,0.10865181533835526));
#4976=DIRECTION('',(-0.10399397271315057,-0.2896568550856215,0.9514642189495325));
#4977=FACE_BOUND('',#4978,.T.);
#4978=EDGE_LOOP('',(#4979,#4980,#4981));
#4979=ORIENTED_EDGE('',*,*,#4982,.T.);
#4980=ORIENTED_EDGE('',*,*,#4983,.T.);
#4981=ORIENTED_EDGE('',*,*,#4984,.T.);
#4982=EDGE_CURVE('',#323,#319,#4985,.F.);
#4983=EDGE_CURVE('',#319,#307,#4986,.T.);
#4984=EDGE_CURVE('',#307,#323,#4987,.T.);
#4985=LINE('',#322,#4988);
#4986=LINE('',#318,#4989);
#4987=LINE('',#306,#4990);
#4988=VECTOR('',#4991,1.0);
#4989=VECTOR('',#4992,1.0);
#4990=VECTOR('',#4993,1.0);
#4991=DIRECTION('',(-0.10399397271315057,-0.2896568550856215,0.9514642189495325));
#4992=DIRECTION('',(0.10865181533835525,0,-0.9940798675275946));
#4993=DIRECTION('',(0,1,0));
#4994=FACE_SURFACE('',(#4999),#4995,.T.);
#4995=PLANE('',#4996);
#4996=AXIS2_PLACEMENT_3D('',#310,#4997,#4998);
#4997=DIRECTION('',(0.9854019515973433,0,0.1702439243795412));
#4998=DIRECTION('',(-0.17024392437954117,0,0.9854019515973433));
#4999=FACE_BOUND('',#5000,.T.);
#5000=EDGE_LOOP('',(#5001,#5002,#5003));
#5001=ORIENTED_EDGE('',*,*,#5004,.T.);
#5002=ORIENTED_EDGE('',*,*,#5005,.T.);
#5003=ORIENTED_EDGE('',*,*,#5006,.T.);
#5004=EDGE_CURVE('',#311,#323,#5007,.F.);
#5005=EDGE_CURVE('',#323,#307,#5008,.T.);
#5006=EDGE_CURVE('',#307,#311,#5009,.T.);
#5007=LINE('',#310,#5010);
#5008=LINE('',#322,#5011);
#5009=LINE('',#306,#5012);
#5010=VECTOR('',#5013,1.0);
#5011=VECTOR('',#5014,1.0);
#5012=VECTOR('',#5015,1.0);
#5013=DIRECTION('',(-0.17024392437954117,0,0.9854019515973433));
#5014=DIRECTION('',(0,-1,0));
#5015=DIRECTION('',(0.16294565392855762,0.289657020447724,-0.9431582711142078));
#5016=FACE_SURFACE('',(#5021),#5017,.T.);
#5017=PLANE('',#5018);
#5018=AXIS2_PLACEMENT_3D('',#316,#5019,#5020);
#5019=DIRECTION('',(1.608098025260314E-14,-1,-1.7576112328255406E-15));
#5020=DIRECTION('',(-0.6583910530784061,-1.1910485385669378E-14,0.7526760400240646));
#5021=FACE_BOUND('',#5022,.T.);
#5022=EDGE_LOOP('',(#5023,#5024,#5025));
#5023=ORIENTED_EDGE('',*,*,#5026,.T.);
#5024=ORIENTED_EDGE('',*,*,#5027,.T.);
#5025=ORIENTED_EDGE('',*,*,#5028,.T.);
#5026=EDGE_CURVE('',#317,#325,#5029,.F.);
#5027=EDGE_CURVE('',#325,#313,#5030,.T.);
#5028=EDGE_CURVE('',#313,#317,#5031,.T.);
#5029=LINE('',#316,#5032);
#5030=LINE('',#324,#5033);
#5031=LINE('',#312,#5034);
#5032=VECTOR('',#5035,1.0);
#5033=VECTOR('',#5036,1.0);
#5034=VECTOR('',#5037,1.0);
#5035=DIRECTION('',(-0.6583910530784061,-1.1910485385669378E-14,0.7526760400240646));
#5036=DIRECTION('',(-0.10865047844527734,0,-0.9940800136475999));
#5037=DIRECTION('',(0.9653245918204431,1.506453680900911E-14,0.2610525472518799));
#5038=FACE_SURFACE('',(#5043),#5039,.T.);
#5039=PLANE('',#5040);
#5040=AXIS2_PLACEMENT_3D('',#326,#5041,#5042);
#5041=DIRECTION('',(-0.9940800136475999,0,0.10865047844527734));
#5042=DIRECTION('',(-0.10865047844527734,0,-0.9940800136475999));
#5043=FACE_BOUND('',#5044,.T.);
#5044=EDGE_LOOP('',(#5045,#5046,#5047));
#5045=ORIENTED_EDGE('',*,*,#5048,.T.);
#5046=ORIENTED_EDGE('',*,*,#5049,.T.);
#5047=ORIENTED_EDGE('',*,*,#5050,.T.);
#5048=EDGE_CURVE('',#327,#315,#5051,.F.);
#5049=EDGE_CURVE('',#315,#313,#5052,.T.);
#5050=EDGE_CURVE('',#313,#327,#5053,.T.);
#5051=LINE('',#326,#5054);
#5052=LINE('',#314,#5055);
#5053=LINE('',#312,#5056);
#5054=VECTOR('',#5057,1.0);
#5055=VECTOR('',#5058,1.0);
#5056=VECTOR('',#5059,1.0);
#5057=DIRECTION('',(-0.10865047844527734,0,-0.9940800136475999));
#5058=DIRECTION('',(0,-1,0));
#5059=DIRECTION('',(0.10399269184942762,0.28965689409010836,0.9514643470713875));
#5060=FACE_SURFACE('',(#5065),#5061,.T.);
#5061=PLANE('',#5062);
#5062=AXIS2_PLACEMENT_3D('',#324,#5063,#5064);
#5063=DIRECTION('',(-0.9940800136475999,0,0.10865047844527734));
#5064=DIRECTION('',(0,1,0));
#5065=FACE_BOUND('',#5066,.T.);
#5066=EDGE_LOOP('',(#5067,#5068,#5069));
#5067=ORIENTED_EDGE('',*,*,#5070,.T.);
#5068=ORIENTED_EDGE('',*,*,#5071,.T.);
#5069=ORIENTED_EDGE('',*,*,#5072,.T.);
#5070=EDGE_CURVE('',#325,#327,#5073,.F.);
#5071=EDGE_CURVE('',#327,#313,#5074,.T.);
#5072=EDGE_CURVE('',#313,#325,#5075,.T.);
#5073=LINE('',#324,#5076);
#5074=LINE('',#326,#5077);
#5075=LINE('',#312,#5078);
#5076=VECTOR('',#5079,1.0);
#5077=VECTOR('',#5080,1.0);
#5078=VECTOR('',#5081,1.0);
#5079=DIRECTION('',(0,1,0));
#5080=DIRECTION('',(-0.10399269184942762,-0.28965689409010836,-0.9514643470713875));
#5081=DIRECTION('',(0.10865047844527734,0,0.9940800136475999));
#5082=FACE_SURFACE('',(#5087),#5083,.T.);
#5083=PLANE('',#5084);
#5084=AXIS2_PLACEMENT_3D('',#328,#5085,#5086);
#5085=DIRECTION('',(1.6387814216007978E-14,-1,-1.4892132427953653E-15));
#5086=DIRECTION('',(-0.957756116430958,-1.5267258857265782E-14,-0.2875816778570729));
#5087=FACE_BOUND('',#5088,.T.);
#5088=EDGE_LOOP('',(#5089,#5090,#5091));
#5089=ORIENTED_EDGE('',*,*,#5092,.T.);
#5090=ORIENTED_EDGE('',*,*,#5093,.T.);
#5091=ORIENTED_EDGE('',*,*,#5094,.T.);
#5092=EDGE_CURVE('',#329,#325,#5095,.F.);
#5093=EDGE_CURVE('',#325,#317,#5096,.T.);
#5094=EDGE_CURVE('',#317,#329,#5097,.T.);
#5095=LINE('',#328,#5098);
#5096=LINE('',#324,#5099);
#5097=LINE('',#316,#5100);
#5098=VECTOR('',#5101,1.0);
#5099=VECTOR('',#5102,1.0);
#5100=VECTOR('',#5103,1.0);
#5101=DIRECTION('',(-0.957756116430958,-1.5267258857265782E-14,-0.2875816778570729));
#5102=DIRECTION('',(0.6583910530784061,1.1910485385669378E-14,-0.7526760400240646));
#5103=DIRECTION('',(0.09050030281023125,0,0.9958964279438182));
#5104=FACE_SURFACE('',(#5109),#5105,.T.);
#5105=PLANE('',#5106);
#5106=AXIS2_PLACEMENT_3D('',#330,#5107,#5108);
#5107=DIRECTION('',(-1.6529807544200148E-14,-1,-7.717889884782552E-16));
#5108=DIRECTION('',(-0.949733875478345,1.5457303149114503E-14,0.3130584063220205));
#5109=FACE_BOUND('',#5110,.T.);
#5110=EDGE_LOOP('',(#5111,#5112,#5113));
#5111=ORIENTED_EDGE('',*,*,#5114,.T.);
#5112=ORIENTED_EDGE('',*,*,#5115,.T.);
#5113=ORIENTED_EDGE('',*,*,#5116,.T.);
#5114=EDGE_CURVE('',#331,#333,#5117,.F.);
#5115=EDGE_CURVE('',#333,#319,#5118,.T.);
#5116=EDGE_CURVE('',#319,#331,#5119,.T.);
#5117=LINE('',#330,#5120);
#5118=LINE('',#332,#5121);
#5119=LINE('',#318,#5122);
#5120=VECTOR('',#5123,1.0);
#5121=VECTOR('',#5124,1.0);
#5122=VECTOR('',#5125,1.0);
#5123=DIRECTION('',(-0.949733875478345,1.5457303149114503E-14,0.3130584063220205));
#5124=DIRECTION('',(0.5418379130466198,-8.307800897170554E-15,-0.8404830016040085));
#5125=DIRECTION('',(-0.04663993210955081,0,0.9989117662400501));
#5126=FACE_SURFACE('',(#5131),#5127,.T.);
#5127=PLANE('',#5128);
#5128=AXIS2_PLACEMENT_3D('',#332,#5129,#5130);
#5129=DIRECTION('',(-1.6086645676961218E-14,-1,-4.860938574305999E-16));
#5130=DIRECTION('',(0.030203443124799,0,-0.999543771939682));
#5131=FACE_BOUND('',#5132,.T.);
#5132=EDGE_LOOP('',(#5133,#5134,#5135));
#5133=ORIENTED_EDGE('',*,*,#5136,.T.);
#5134=ORIENTED_EDGE('',*,*,#5137,.T.);
#5135=ORIENTED_EDGE('',*,*,#5138,.T.);
#5136=EDGE_CURVE('',#333,#321,#5139,.F.);
#5137=EDGE_CURVE('',#321,#319,#5140,.T.);
#5138=EDGE_CURVE('',#319,#333,#5141,.T.);
#5139=LINE('',#332,#5142);
#5140=LINE('',#320,#5143);
#5141=LINE('',#318,#5144);
#5142=VECTOR('',#5145,1.0);
#5143=VECTOR('',#5146,1.0);
#5144=VECTOR('',#5147,1.0);
#5145=DIRECTION('',(0.030203443124799,0,-0.999543771939682));
#5146=DIRECTION('',(0.9577559480817953,-1.5267288622141697E-14,-0.2875822385230731));
#5147=DIRECTION('',(-0.5418379130466198,8.307800897170554E-15,0.8404830016040085));
#5148=FACE_SURFACE('',(#5153),#5149,.T.);
#5149=PLANE('',#5150);
#5150=AXIS2_PLACEMENT_3D('',#334,#5151,#5152);
#5151=DIRECTION('',(0.9989117662400501,0,0.0466399321095508));
#5152=DIRECTION('',(-0.04464050761598055,-0.2896566184123541,0.956089048410088));
#5153=FACE_BOUND('',#5154,.T.);
#5154=EDGE_LOOP('',(#5155,#5156,#5157));
#5155=ORIENTED_EDGE('',*,*,#5158,.T.);
#5156=ORIENTED_EDGE('',*,*,#5159,.T.);
#5157=ORIENTED_EDGE('',*,*,#5160,.T.);
#5158=EDGE_CURVE('',#335,#331,#5161,.F.);
#5159=EDGE_CURVE('',#331,#319,#5162,.T.);
#5160=EDGE_CURVE('',#319,#335,#5163,.T.);
#5161=LINE('',#334,#5164);
#5162=LINE('',#330,#5165);
#5163=LINE('',#318,#5166);
#5164=VECTOR('',#5167,1.0);
#5165=VECTOR('',#5168,1.0);
#5166=VECTOR('',#5169,1.0);
#5167=DIRECTION('',(-0.04464050761598055,-0.2896566184123541,0.956089048410088));
#5168=DIRECTION('',(0.04663993210955081,0,-0.9989117662400501));
#5169=DIRECTION('',(0,1,0));
#5170=FACE_SURFACE('',(#5175),#5171,.T.);
#5171=PLANE('',#5172);
#5172=AXIS2_PLACEMENT_3D('',#322,#5173,#5174);
#5173=DIRECTION('',(0.9940798675275946,0,0.10865181533835526));
#5174=DIRECTION('',(-0.10865181533835525,0,0.9940798675275946));
#5175=FACE_BOUND('',#5176,.T.);
#5176=EDGE_LOOP('',(#5177,#5178,#5179));
#5177=ORIENTED_EDGE('',*,*,#5180,.T.);
#5178=ORIENTED_EDGE('',*,*,#5181,.T.);
#5179=ORIENTED_EDGE('',*,*,#5182,.T.);
#5180=EDGE_CURVE('',#323,#335,#5183,.F.);
#5181=EDGE_CURVE('',#335,#319,#5184,.T.);
#5182=EDGE_CURVE('',#319,#323,#5185,.T.);
#5183=LINE('',#322,#5186);
#5184=LINE('',#334,#5187);
#5185=LINE('',#318,#5188);
#5186=VECTOR('',#5189,1.0);
#5187=VECTOR('',#5190,1.0);
#5188=VECTOR('',#5191,1.0);
#5189=DIRECTION('',(-0.10865181533835525,0,0.9940798675275946));
#5190=DIRECTION('',(0,-1,0));
#5191=DIRECTION('',(0.10399397271315057,0.2896568550856215,-0.9514642189495325));
#5192=FACE_SURFACE('',(#5197),#5193,.T.);
#5193=PLANE('',#5194);
#5194=AXIS2_PLACEMENT_3D('',#328,#5195,#5196);
#5195=DIRECTION('',(1.6167311791270087E-14,-1,-7.548564939431903E-16));
#5196=DIRECTION('',(-0.6886287402135836,-1.1680632638766555E-14,0.7251141000917393));
#5197=FACE_BOUND('',#5198,.T.);
#5198=EDGE_LOOP('',(#5199,#5200,#5201));
#5199=ORIENTED_EDGE('',*,*,#5202,.T.);
#5200=ORIENTED_EDGE('',*,*,#5203,.T.);
#5201=ORIENTED_EDGE('',*,*,#5204,.T.);
#5202=EDGE_CURVE('',#329,#337,#5205,.F.);
#5203=EDGE_CURVE('',#337,#325,#5206,.T.);
#5204=EDGE_CURVE('',#325,#329,#5207,.T.);
#5205=LINE('',#328,#5208);
#5206=LINE('',#336,#5209);
#5207=LINE('',#324,#5210);
#5208=VECTOR('',#5211,1.0);
#5209=VECTOR('',#5212,1.0);
#5210=VECTOR('',#5213,1.0);
#5211=DIRECTION('',(-0.6886287402135836,-1.1680632638766555E-14,0.7251141000917393));
#5212=DIRECTION('',(-0.046639482136347866,0,-0.9989117872495314));
#5213=DIRECTION('',(0.957756116430958,1.5267258857265782E-14,0.2875816778570729));
#5214=FACE_SURFACE('',(#5219),#5215,.T.);
#5215=PLANE('',#5216);
#5216=AXIS2_PLACEMENT_3D('',#338,#5217,#5218);
#5217=DIRECTION('',(-0.9989117872495316,0,0.04663948213634787));
#5218=DIRECTION('',(-0.046639482136347866,0,-0.9989117872495314));
#5219=FACE_BOUND('',#5220,.T.);
#5220=EDGE_LOOP('',(#5221,#5222,#5223));
#5221=ORIENTED_EDGE('',*,*,#5224,.T.);
#5222=ORIENTED_EDGE('',*,*,#5225,.T.);
#5223=ORIENTED_EDGE('',*,*,#5226,.T.);
#5224=EDGE_CURVE('',#339,#327,#5227,.F.);
#5225=EDGE_CURVE('',#327,#325,#5228,.T.);
#5226=EDGE_CURVE('',#325,#339,#5229,.T.);
#5227=LINE('',#338,#5230);
#5228=LINE('',#326,#5231);
#5229=LINE('',#324,#5232);
#5230=VECTOR('',#5233,1.0);
#5231=VECTOR('',#5234,1.0);
#5232=VECTOR('',#5235,1.0);
#5233=DIRECTION('',(-0.046639482136347866,0,-0.9989117872495314));
#5234=DIRECTION('',(0,-1,0));
#5235=DIRECTION('',(0.04464007685407173,0.28965662399338066,0.956089066831757));
#5236=FACE_SURFACE('',(#5241),#5237,.T.);
#5237=PLANE('',#5238);
#5238=AXIS2_PLACEMENT_3D('',#336,#5239,#5240);
#5239=DIRECTION('',(-0.9989117872495316,0,0.04663948213634787));
#5240=DIRECTION('',(0,1,0));
#5241=FACE_BOUND('',#5242,.T.);
#5242=EDGE_LOOP('',(#5243,#5244,#5245));
#5243=ORIENTED_EDGE('',*,*,#5246,.T.);
#5244=ORIENTED_EDGE('',*,*,#5247,.T.);
#5245=ORIENTED_EDGE('',*,*,#5248,.T.);
#5246=EDGE_CURVE('',#337,#339,#5249,.F.);
#5247=EDGE_CURVE('',#339,#325,#5250,.T.);
#5248=EDGE_CURVE('',#325,#337,#5251,.T.);
#5249=LINE('',#336,#5252);
#5250=LINE('',#338,#5253);
#5251=LINE('',#324,#5254);
#5252=VECTOR('',#5255,1.0);
#5253=VECTOR('',#5256,1.0);
#5254=VECTOR('',#5257,1.0);
#5255=DIRECTION('',(0,1,0));
#5256=DIRECTION('',(-0.04464007685407173,-0.28965662399338066,-0.956089066831757));
#5257=DIRECTION('',(0.046639482136347866,0,0.9989117872495314));
#5258=FACE_SURFACE('',(#5263),#5259,.T.);
#5259=PLANE('',#5260);
#5260=AXIS2_PLACEMENT_3D('',#340,#5261,#5262);
#5261=DIRECTION('',(4.043940623693714E-15,-1,-1.2268219443599761E-14));
#5262=DIRECTION('',(-0.9497339197481393,0,-0.31305827201949943));
#5263=FACE_BOUND('',#5264,.T.);
#5264=EDGE_LOOP('',(#5265,#5266,#5267));
#5265=ORIENTED_EDGE('',*,*,#5268,.T.);
#5266=ORIENTED_EDGE('',*,*,#5269,.T.);
#5267=ORIENTED_EDGE('',*,*,#5270,.T.);
#5268=EDGE_CURVE('',#341,#337,#5271,.F.);
#5269=EDGE_CURVE('',#337,#329,#5272,.T.);
#5270=EDGE_CURVE('',#329,#341,#5273,.T.);
#5271=LINE('',#340,#5274);
#5272=LINE('',#336,#5275);
#5273=LINE('',#328,#5276);
#5274=VECTOR('',#5277,1.0);
#5275=VECTOR('',#5278,1.0);
#5276=VECTOR('',#5279,1.0);
#5277=DIRECTION('',(-0.9497339197481393,0,-0.31305827201949943));
#5278=DIRECTION('',(0.6886287402135836,1.1680632638766555E-14,-0.7251141000917393));
#5279=DIRECTION('',(0.030201737302119704,-1.2140488937607662E-14,0.9995438234834598));
#5280=FACE_SURFACE('',(#5285),#5281,.T.);
#5281=PLANE('',#5282);
#5282=AXIS2_PLACEMENT_3D('',#342,#5283,#5284);
#5283=DIRECTION('',(-1.651526214847756E-14,-1,2.5685845969100415E-16));
#5284=DIRECTION('',(-0.9413131976759572,1.5632732786738373E-14,0.3375343891828861));
#5285=FACE_BOUND('',#5286,.T.);
#5286=EDGE_LOOP('',(#5287,#5288,#5289));
#5287=ORIENTED_EDGE('',*,*,#5290,.T.);
#5288=ORIENTED_EDGE('',*,*,#5291,.T.);
#5289=ORIENTED_EDGE('',*,*,#5292,.T.);
#5290=EDGE_CURVE('',#343,#345,#5293,.F.);
#5291=EDGE_CURVE('',#345,#331,#5294,.T.);
#5292=EDGE_CURVE('',#331,#343,#5295,.T.);
#5293=LINE('',#342,#5296);
#5294=LINE('',#344,#5297);
#5295=LINE('',#330,#5298);
#5296=VECTOR('',#5299,1.0);
#5297=VECTOR('',#5300,1.0);
#5298=VECTOR('',#5301,1.0);
#5299=DIRECTION('',(-0.9413131976759572,1.5632732786738373E-14,0.3375343891828861));
#5300=DIRECTION('',(0.4982708288950332,-8.451775152279204E-15,-0.8670214421063971));
#5301=DIRECTION('',(0.01555091268608087,0,0.9998790772461588));
#5302=FACE_SURFACE('',(#5307),#5303,.T.);
#5303=PLANE('',#5304);
#5304=AXIS2_PLACEMENT_3D('',#344,#5305,#5306);
#5305=DIRECTION('',(-1.611489340257498E-14,-1,4.869474254262512E-16));
#5306=DIRECTION('',(-0.030203443124799,0,-0.999543771939682));
#5307=FACE_BOUND('',#5308,.T.);
#5308=EDGE_LOOP('',(#5309,#5310,#5311));
#5309=ORIENTED_EDGE('',*,*,#5312,.T.);
#5310=ORIENTED_EDGE('',*,*,#5313,.T.);
#5311=ORIENTED_EDGE('',*,*,#5314,.T.);
#5312=EDGE_CURVE('',#345,#333,#5315,.F.);
#5313=EDGE_CURVE('',#333,#331,#5316,.T.);
#5314=EDGE_CURVE('',#331,#345,#5317,.T.);
#5315=LINE('',#344,#5318);
#5316=LINE('',#332,#5319);
#5317=LINE('',#330,#5320);
#5318=VECTOR('',#5321,1.0);
#5319=VECTOR('',#5322,1.0);
#5320=VECTOR('',#5323,1.0);
#5321=DIRECTION('',(-0.030203443124799,0,-0.999543771939682));
#5322=DIRECTION('',(0.949733875478345,-1.5457303149114503E-14,-0.3130584063220205));
#5323=DIRECTION('',(-0.4982708288950332,8.451775152279204E-15,0.8670214421063971));
#5324=FACE_SURFACE('',(#5329),#5325,.T.);
#5325=PLANE('',#5326);
#5326=AXIS2_PLACEMENT_3D('',#346,#5327,#5328);
#5327=DIRECTION('',(0.9998790772461588,0,-0.015550912686080871));
#5328=DIRECTION('',(0.014884252477089504,-0.28965712487085543,0.9570147381517946));
#5329=FACE_BOUND('',#5330,.T.);
#5330=EDGE_LOOP('',(#5331,#5332,#5333));
#5331=ORIENTED_EDGE('',*,*,#5334,.T.);
#5332=ORIENTED_EDGE('',*,*,#5335,.T.);
#5333=ORIENTED_EDGE('',*,*,#5336,.T.);
#5334=EDGE_CURVE('',#347,#343,#5337,.F.);
#5335=EDGE_CURVE('',#343,#331,#5338,.T.);
#5336=EDGE_CURVE('',#331,#347,#5339,.T.);
#5337=LINE('',#346,#5340);
#5338=LINE('',#342,#5341);
#5339=LINE('',#330,#5342);
#5340=VECTOR('',#5343,1.0);
#5341=VECTOR('',#5344,1.0);
#5342=VECTOR('',#5345,1.0);
#5343=DIRECTION('',(0.014884252477089504,-0.28965712487085543,0.9570147381517946));
#5344=DIRECTION('',(-0.01555091268608087,0,-0.9998790772461588));
#5345=DIRECTION('',(0,1,0));
#5346=FACE_SURFACE('',(#5351),#5347,.T.);
#5347=PLANE('',#5348);
#5348=AXIS2_PLACEMENT_3D('',#334,#5349,#5350);
#5349=DIRECTION('',(0.9989117662400501,0,0.0466399321095508));
#5350=DIRECTION('',(-0.04663993210955081,0,0.9989117662400501));
#5351=FACE_BOUND('',#5352,.T.);
#5352=EDGE_LOOP('',(#5353,#5354,#5355));
#5353=ORIENTED_EDGE('',*,*,#5356,.T.);
#5354=ORIENTED_EDGE('',*,*,#5357,.T.);
#5355=ORIENTED_EDGE('',*,*,#5358,.T.);
#5356=EDGE_CURVE('',#335,#347,#5359,.F.);
#5357=EDGE_CURVE('',#347,#331,#5360,.T.);
#5358=EDGE_CURVE('',#331,#335,#5361,.T.);
#5359=LINE('',#334,#5362);
#5360=LINE('',#346,#5363);
#5361=LINE('',#330,#5364);
#5362=VECTOR('',#5365,1.0);
#5363=VECTOR('',#5366,1.0);
#5364=VECTOR('',#5367,1.0);
#5365=DIRECTION('',(-0.04663993210955081,0,0.9989117662400501));
#5366=DIRECTION('',(0,-1,0));
#5367=DIRECTION('',(0.04464050761598055,0.2896566184123541,-0.956089048410088));
#5368=FACE_SURFACE('',(#5373),#5369,.T.);
#5369=PLANE('',#5370);
#5370=AXIS2_PLACEMENT_3D('',#340,#5371,#5372);
#5371=DIRECTION('',(-0,-1,0));
#5372=DIRECTION('',(-0.7182556970000828,0,0.6957792420925801));
#5373=FACE_BOUND('',#5374,.T.);
#5374=EDGE_LOOP('',(#5375,#5376,#5377));
#5375=ORIENTED_EDGE('',*,*,#5378,.T.);
#5376=ORIENTED_EDGE('',*,*,#5379,.T.);
#5377=ORIENTED_EDGE('',*,*,#5380,.T.);
#5378=EDGE_CURVE('',#341,#349,#5381,.F.);
#5379=EDGE_CURVE('',#349,#337,#5382,.T.);
#5380=EDGE_CURVE('',#337,#341,#5383,.T.);
#5381=LINE('',#340,#5384);
#5382=LINE('',#348,#5385);
#5383=LINE('',#336,#5386);
#5384=VECTOR('',#5387,1.0);
#5385=VECTOR('',#5388,1.0);
#5386=VECTOR('',#5389,1.0);
#5387=DIRECTION('',(-0.7182556970000828,0,0.6957792420925801));
#5388=DIRECTION('',(0.015550371670936933,0,-0.9998790856603091));
#5389=DIRECTION('',(0.9497339197481393,0,0.31305827201949943));
#5390=FACE_SURFACE('',(#5395),#5391,.T.);
#5391=PLANE('',#5392);
#5392=AXIS2_PLACEMENT_3D('',#350,#5393,#5394);
#5393=DIRECTION('',(-0.999879085660309,0,-0.015550371670936931));
#5394=DIRECTION('',(0.015550371670936933,0,-0.9998790856603091));
#5395=FACE_BOUND('',#5396,.T.);
#5396=EDGE_LOOP('',(#5397,#5398,#5399));
#5397=ORIENTED_EDGE('',*,*,#5400,.T.);
#5398=ORIENTED_EDGE('',*,*,#5401,.T.);
#5399=ORIENTED_EDGE('',*,*,#5402,.T.);
#5400=EDGE_CURVE('',#351,#339,#5403,.F.);
#5401=EDGE_CURVE('',#339,#337,#5404,.T.);
#5402=EDGE_CURVE('',#337,#351,#5405,.T.);
#5403=LINE('',#350,#5406);
#5404=LINE('',#338,#5407);
#5405=LINE('',#336,#5408);
#5406=VECTOR('',#5409,1.0);
#5407=VECTOR('',#5410,1.0);
#5408=VECTOR('',#5411,1.0);
#5409=DIRECTION('',(0.015550371670936933,0,-0.9998790856603091));
#5410=DIRECTION('',(0,-1,0));
#5411=DIRECTION('',(-0.01488373464449816,0.2896571271038583,0.9570147455295407));
#5412=FACE_SURFACE('',(#5417),#5413,.T.);
#5413=PLANE('',#5414);
#5414=AXIS2_PLACEMENT_3D('',#348,#5415,#5416);
#5415=DIRECTION('',(-0.999879085660309,0,-0.015550371670936931));
#5416=DIRECTION('',(0,1,0));
#5417=FACE_BOUND('',#5418,.T.);
#5418=EDGE_LOOP('',(#5419,#5420,#5421));
#5419=ORIENTED_EDGE('',*,*,#5422,.T.);
#5420=ORIENTED_EDGE('',*,*,#5423,.T.);
#5421=ORIENTED_EDGE('',*,*,#5424,.T.);
#5422=EDGE_CURVE('',#349,#351,#5425,.F.);
#5423=EDGE_CURVE('',#351,#337,#5426,.T.);
#5424=EDGE_CURVE('',#337,#349,#5427,.T.);
#5425=LINE('',#348,#5428);
#5426=LINE('',#350,#5429);
#5427=LINE('',#336,#5430);
#5428=VECTOR('',#5431,1.0);
#5429=VECTOR('',#5432,1.0);
#5430=VECTOR('',#5433,1.0);
#5431=DIRECTION('',(0,1,0));
#5432=DIRECTION('',(0.01488373464449816,-0.2896571271038583,-0.9570147455295407));
#5433=DIRECTION('',(-0.015550371670936933,0,0.9998790856603091));
#5434=FACE_SURFACE('',(#5439),#5435,.T.);
#5435=PLANE('',#5436);
#5436=AXIS2_PLACEMENT_3D('',#352,#5437,#5438);
#5437=DIRECTION('',(1.212071577014913E-14,-1,1.2512263411948661E-14));
#5438=DIRECTION('',(-0.9413134221272837,-1.5632703796243486E-14,-0.3375337632341721));
#5439=FACE_BOUND('',#5440,.T.);
#5440=EDGE_LOOP('',(#5441,#5442,#5443));
#5441=ORIENTED_EDGE('',*,*,#5444,.T.);
#5442=ORIENTED_EDGE('',*,*,#5445,.T.);
#5443=ORIENTED_EDGE('',*,*,#5446,.T.);
#5444=EDGE_CURVE('',#353,#349,#5447,.F.);
#5445=EDGE_CURVE('',#349,#341,#5448,.T.);
#5446=EDGE_CURVE('',#341,#353,#5449,.T.);
#5447=LINE('',#352,#5450);
#5448=LINE('',#348,#5451);
#5449=LINE('',#340,#5452);
#5450=VECTOR('',#5453,1.0);
#5451=VECTOR('',#5454,1.0);
#5452=VECTOR('',#5455,1.0);
#5453=DIRECTION('',(-0.9413134221272837,-1.5632703796243486E-14,-0.3375337632341721));
#5454=DIRECTION('',(0.7182556970000828,0,-0.6957792420925801));
#5455=DIRECTION('',(-0.030201737302119704,1.2140488937607662E-14,0.9995438234834598));
#5456=FACE_SURFACE('',(#5461),#5457,.T.);
#5457=PLANE('',#5458);
#5458=AXIS2_PLACEMENT_3D('',#354,#5459,#5460);
#5459=DIRECTION('',(-1.6438119627006516E-14,-1,1.2808476335007645E-15));
#5460=DIRECTION('',(-0.9325401104488913,1.579167693154217E-14,0.3610663961156866));
#5461=FACE_BOUND('',#5462,.T.);
#5462=EDGE_LOOP('',(#5463,#5464,#5465));
#5463=ORIENTED_EDGE('',*,*,#5466,.T.);
#5464=ORIENTED_EDGE('',*,*,#5467,.T.);
#5465=ORIENTED_EDGE('',*,*,#5468,.T.);
#5466=EDGE_CURVE('',#355,#357,#5469,.F.);
#5467=EDGE_CURVE('',#357,#343,#5470,.T.);
#5468=EDGE_CURVE('',#343,#355,#5471,.T.);
#5469=LINE('',#354,#5472);
#5470=LINE('',#356,#5473);
#5471=LINE('',#342,#5474);
#5472=VECTOR('',#5475,1.0);
#5473=VECTOR('',#5476,1.0);
#5474=VECTOR('',#5477,1.0);
#5475=DIRECTION('',(-0.9325401104488913,1.579167693154217E-14,0.3610663961156866));
#5476=DIRECTION('',(0.45372891970867496,-8.599864509932368E-15,-0.891139757512815));
#5477=DIRECTION('',(0.07768388316192143,0,0.9969780410304356));
#5478=FACE_SURFACE('',(#5483),#5479,.T.);
#5479=PLANE('',#5480);
#5480=AXIS2_PLACEMENT_3D('',#356,#5481,#5482);
#5481=DIRECTION('',(-1.608330217277915E-14,-1,1.4615049757898043E-15));
#5482=DIRECTION('',(-0.0904980746550851,0,-0.9958966304209099));
#5483=FACE_BOUND('',#5484,.T.);
#5484=EDGE_LOOP('',(#5485,#5486,#5487));
#5485=ORIENTED_EDGE('',*,*,#5488,.T.);
#5486=ORIENTED_EDGE('',*,*,#5489,.T.);
#5487=ORIENTED_EDGE('',*,*,#5490,.T.);
#5488=EDGE_CURVE('',#357,#345,#5491,.F.);
#5489=EDGE_CURVE('',#345,#343,#5492,.T.);
#5490=EDGE_CURVE('',#343,#357,#5493,.T.);
#5491=LINE('',#356,#5494);
#5492=LINE('',#344,#5495);
#5493=LINE('',#342,#5496);
#5494=VECTOR('',#5497,1.0);
#5495=VECTOR('',#5498,1.0);
#5496=VECTOR('',#5499,1.0);
#5497=DIRECTION('',(-0.0904980746550851,0,-0.9958966304209099));
#5498=DIRECTION('',(0.9413131976759572,-1.5632732786738373E-14,-0.3375343891828861));
#5499=DIRECTION('',(-0.45372891970867496,8.599864509932368E-15,0.891139757512815));
#5500=FACE_SURFACE('',(#5505),#5501,.T.);
#5501=PLANE('',#5502);
#5502=AXIS2_PLACEMENT_3D('',#358,#5503,#5504);
#5503=DIRECTION('',(0.9969780410304355,0,-0.07768388316192143));
#5504=DIRECTION('',(0.07435362426475776,-0.28965660940293547,0.9542382234997142));
#5505=FACE_BOUND('',#5506,.T.);
#5506=EDGE_LOOP('',(#5507,#5508,#5509));
#5507=ORIENTED_EDGE('',*,*,#5510,.T.);
#5508=ORIENTED_EDGE('',*,*,#5511,.T.);
#5509=ORIENTED_EDGE('',*,*,#5512,.T.);
#5510=EDGE_CURVE('',#359,#355,#5513,.F.);
#5511=EDGE_CURVE('',#355,#343,#5514,.T.);
#5512=EDGE_CURVE('',#343,#359,#5515,.T.);
#5513=LINE('',#358,#5516);
#5514=LINE('',#354,#5517);
#5515=LINE('',#342,#5518);
#5516=VECTOR('',#5519,1.0);
#5517=VECTOR('',#5520,1.0);
#5518=VECTOR('',#5521,1.0);
#5519=DIRECTION('',(0.07435362426475776,-0.28965660940293547,0.9542382234997142));
#5520=DIRECTION('',(-0.07768388316192143,0,-0.9969780410304356));
#5521=DIRECTION('',(0,1,0));
#5522=FACE_SURFACE('',(#5527),#5523,.T.);
#5523=PLANE('',#5524);
#5524=AXIS2_PLACEMENT_3D('',#346,#5525,#5526);
#5525=DIRECTION('',(0.9998790772461588,0,-0.015550912686080871));
#5526=DIRECTION('',(0.01555091268608087,0,0.9998790772461588));
#5527=FACE_BOUND('',#5528,.T.);
#5528=EDGE_LOOP('',(#5529,#5530,#5531));
#5529=ORIENTED_EDGE('',*,*,#5532,.T.);
#5530=ORIENTED_EDGE('',*,*,#5533,.T.);
#5531=ORIENTED_EDGE('',*,*,#5534,.T.);
#5532=EDGE_CURVE('',#347,#359,#5535,.F.);
#5533=EDGE_CURVE('',#359,#343,#5536,.T.);
#5534=EDGE_CURVE('',#343,#347,#5537,.T.);
#5535=LINE('',#346,#5538);
#5536=LINE('',#358,#5539);
#5537=LINE('',#342,#5540);
#5538=VECTOR('',#5541,1.0);
#5539=VECTOR('',#5542,1.0);
#5540=VECTOR('',#5543,1.0);
#5541=DIRECTION('',(0.01555091268608087,0,0.9998790772461588));
#5542=DIRECTION('',(0,-1,0));
#5543=DIRECTION('',(-0.014884252477089504,0.28965712487085543,-0.9570147381517946));
#5544=FACE_SURFACE('',(#5549),#5545,.T.);
#5545=PLANE('',#5546);
#5546=AXIS2_PLACEMENT_3D('',#352,#5547,#5548);
#5547=DIRECTION('',(1.6155940660256026E-14,-1,1.2588370466446499E-15));
#5548=DIRECTION('',(-0.7471334380713504,-1.1233927141467098E-14,0.6646740748033457));
#5549=FACE_BOUND('',#5550,.T.);
#5550=EDGE_LOOP('',(#5551,#5552,#5553));
#5551=ORIENTED_EDGE('',*,*,#5554,.T.);
#5552=ORIENTED_EDGE('',*,*,#5555,.T.);
#5553=ORIENTED_EDGE('',*,*,#5556,.T.);
#5554=EDGE_CURVE('',#353,#361,#5557,.F.);
#5555=EDGE_CURVE('',#361,#349,#5558,.T.);
#5556=EDGE_CURVE('',#349,#353,#5559,.T.);
#5557=LINE('',#352,#5560);
#5558=LINE('',#360,#5561);
#5559=LINE('',#348,#5562);
#5560=VECTOR('',#5563,1.0);
#5561=VECTOR('',#5564,1.0);
#5562=VECTOR('',#5565,1.0);
#5563=DIRECTION('',(-0.7471334380713504,-1.1233927141467098E-14,0.6646740748033457));
#5564=DIRECTION('',(0.07768244881699252,0,-0.9969781527926254));
#5565=DIRECTION('',(0.9413134221272837,1.5632703796243486E-14,0.3375337632341721));
#5566=FACE_SURFACE('',(#5571),#5567,.T.);
#5567=PLANE('',#5568);
#5568=AXIS2_PLACEMENT_3D('',#362,#5569,#5570);
#5569=DIRECTION('',(-0.9969781527926252,0,-0.07768244881699252));
#5570=DIRECTION('',(0.07768244881699252,0,-0.9969781527926254));
#5571=FACE_BOUND('',#5572,.T.);
#5572=EDGE_LOOP('',(#5573,#5574,#5575));
#5573=ORIENTED_EDGE('',*,*,#5576,.T.);
#5574=ORIENTED_EDGE('',*,*,#5577,.T.);
#5575=ORIENTED_EDGE('',*,*,#5578,.T.);
#5576=EDGE_CURVE('',#363,#351,#5579,.F.);
#5577=EDGE_CURVE('',#351,#349,#5580,.T.);
#5578=EDGE_CURVE('',#349,#363,#5581,.T.);
#5579=LINE('',#362,#5582);
#5580=LINE('',#350,#5583);
#5581=LINE('',#348,#5584);
#5582=VECTOR('',#5585,1.0);
#5583=VECTOR('',#5586,1.0);
#5584=VECTOR('',#5587,1.0);
#5585=DIRECTION('',(0.07768244881699252,0,-0.9969781527926254));
#5586=DIRECTION('',(0,-1,0));
#5587=DIRECTION('',(-0.07435225070997706,0.28965663914938783,0.9542383214957583));
#5588=FACE_SURFACE('',(#5593),#5589,.T.);
#5589=PLANE('',#5590);
#5590=AXIS2_PLACEMENT_3D('',#360,#5591,#5592);
#5591=DIRECTION('',(-0.9969781527926252,0,-0.07768244881699252));
#5592=DIRECTION('',(0,1,0));
#5593=FACE_BOUND('',#5594,.T.);
#5594=EDGE_LOOP('',(#5595,#5596,#5597));
#5595=ORIENTED_EDGE('',*,*,#5598,.T.);
#5596=ORIENTED_EDGE('',*,*,#5599,.T.);
#5597=ORIENTED_EDGE('',*,*,#5600,.T.);
#5598=EDGE_CURVE('',#361,#363,#5601,.F.);
#5599=EDGE_CURVE('',#363,#349,#5602,.T.);
#5600=EDGE_CURVE('',#349,#361,#5603,.T.);
#5601=LINE('',#360,#5604);
#5602=LINE('',#362,#5605);
#5603=LINE('',#348,#5606);
#5604=VECTOR('',#5607,1.0);
#5605=VECTOR('',#5608,1.0);
#5606=VECTOR('',#5609,1.0);
#5607=DIRECTION('',(0,1,0));
#5608=DIRECTION('',(0.07435225070997706,-0.28965663914938783,-0.9542383214957583));
#5609=DIRECTION('',(-0.07768244881699252,0,0.9969781527926254));
#5610=FACE_SURFACE('',(#5615),#5611,.T.);
#5611=PLANE('',#5612);
#5612=AXIS2_PLACEMENT_3D('',#364,#5613,#5614);
#5613=DIRECTION('',(1.6358520694050105E-14,-1,1.4865491282057702E-15));
#5614=DIRECTION('',(-0.9325397701536364,-1.5791715370969974E-14,-0.361067275008139));
#5615=FACE_BOUND('',#5616,.T.);
#5616=EDGE_LOOP('',(#5617,#5618,#5619));
#5617=ORIENTED_EDGE('',*,*,#5620,.T.);
#5618=ORIENTED_EDGE('',*,*,#5621,.T.);
#5619=ORIENTED_EDGE('',*,*,#5622,.T.);
#5620=EDGE_CURVE('',#365,#361,#5623,.F.);
#5621=EDGE_CURVE('',#361,#353,#5624,.T.);
#5622=EDGE_CURVE('',#353,#365,#5625,.T.);
#5623=LINE('',#364,#5626);
#5624=LINE('',#360,#5627);
#5625=LINE('',#352,#5628);
#5626=VECTOR('',#5629,1.0);
#5627=VECTOR('',#5630,1.0);
#5628=VECTOR('',#5631,1.0);
#5629=DIRECTION('',(-0.9325397701536364,-1.5791715370969974E-14,-0.361067275008139));
#5630=DIRECTION('',(0.7471334380713504,1.1233927141467098E-14,-0.6646740748033457));
#5631=DIRECTION('',(-0.09050017490638908,0,0.9958964395668422));
#5632=FACE_SURFACE('',(#5637),#5633,.T.);
#5633=PLANE('',#5634);
#5634=AXIS2_PLACEMENT_3D('',#366,#5635,#5636);
#5635=DIRECTION('',(-0,-1,0));
#5636=DIRECTION('',(-0.9234447547929837,0,0.38373139674168705));
#5637=FACE_BOUND('',#5638,.T.);
#5638=EDGE_LOOP('',(#5639,#5640,#5641));
#5639=ORIENTED_EDGE('',*,*,#5642,.T.);
#5640=ORIENTED_EDGE('',*,*,#5643,.T.);
#5641=ORIENTED_EDGE('',*,*,#5644,.T.);
#5642=EDGE_CURVE('',#367,#369,#5645,.F.);
#5643=EDGE_CURVE('',#369,#355,#5646,.T.);
#5644=EDGE_CURVE('',#355,#367,#5647,.T.);
#5645=LINE('',#366,#5648);
#5646=LINE('',#368,#5649);
#5647=LINE('',#354,#5650);
#5648=VECTOR('',#5651,1.0);
#5649=VECTOR('',#5652,1.0);
#5650=VECTOR('',#5653,1.0);
#5651=DIRECTION('',(-0.9234447547929837,0,0.38373139674168705));
#5652=DIRECTION('',(0.40836876042110315,0,-0.9128170438330627));
#5653=DIRECTION('',(0.13951544290062895,0,0.9902198953728618));
#5654=FACE_SURFACE('',(#5659),#5655,.T.);
#5655=PLANE('',#5656);
#5656=AXIS2_PLACEMENT_3D('',#368,#5657,#5658);
#5657=DIRECTION('',(-2.0481828838589997E-14,-1,-9.162996145262429E-15));
#5658=DIRECTION('',(-0.1504656716267474,1.2140489714177622E-14,-0.9886152343869236));
#5659=FACE_BOUND('',#5660,.T.);
#5660=EDGE_LOOP('',(#5661,#5662,#5663));
#5661=ORIENTED_EDGE('',*,*,#5664,.T.);
#5662=ORIENTED_EDGE('',*,*,#5665,.T.);
#5663=ORIENTED_EDGE('',*,*,#5666,.T.);
#5664=EDGE_CURVE('',#369,#357,#5667,.F.);
#5665=EDGE_CURVE('',#357,#355,#5668,.T.);
#5666=EDGE_CURVE('',#355,#369,#5669,.T.);
#5667=LINE('',#368,#5670);
#5668=LINE('',#356,#5671);
#5669=LINE('',#354,#5672);
#5670=VECTOR('',#5673,1.0);
#5671=VECTOR('',#5674,1.0);
#5672=VECTOR('',#5675,1.0);
#5673=DIRECTION('',(-0.1504656716267474,1.2140489714177622E-14,-0.9886152343869236));
#5674=DIRECTION('',(0.9325401104488913,-1.579167693154217E-14,-0.3610663961156866));
#5675=DIRECTION('',(-0.40836876042110315,0,0.9128170438330627));
#5676=FACE_SURFACE('',(#5681),#5677,.T.);
#5677=PLANE('',#5678);
#5678=AXIS2_PLACEMENT_3D('',#370,#5679,#5680);
#5679=DIRECTION('',(0.9902198953728619,0,-0.13951544290062898));
#5680=DIRECTION('',(0.13353449155516836,-0.28965690834341734,0.9477697056848967));
#5681=FACE_BOUND('',#5682,.T.);
#5682=EDGE_LOOP('',(#5683,#5684,#5685));
#5683=ORIENTED_EDGE('',*,*,#5686,.T.);
#5684=ORIENTED_EDGE('',*,*,#5687,.T.);
#5685=ORIENTED_EDGE('',*,*,#5688,.T.);
#5686=EDGE_CURVE('',#371,#367,#5689,.F.);
#5687=EDGE_CURVE('',#367,#355,#5690,.T.);
#5688=EDGE_CURVE('',#355,#371,#5691,.T.);
#5689=LINE('',#370,#5692);
#5690=LINE('',#366,#5693);
#5691=LINE('',#354,#5694);
#5692=VECTOR('',#5695,1.0);
#5693=VECTOR('',#5696,1.0);
#5694=VECTOR('',#5697,1.0);
#5695=DIRECTION('',(0.13353449155516836,-0.28965690834341734,0.9477697056848967));
#5696=DIRECTION('',(-0.13951544290062895,0,-0.9902198953728618));
#5697=DIRECTION('',(0,1,0));
#5698=FACE_SURFACE('',(#5703),#5699,.T.);
#5699=PLANE('',#5700);
#5700=AXIS2_PLACEMENT_3D('',#358,#5701,#5702);
#5701=DIRECTION('',(0.9969780410304355,0,-0.07768388316192143));
#5702=DIRECTION('',(0.07768388316192143,0,0.9969780410304356));
#5703=FACE_BOUND('',#5704,.T.);
#5704=EDGE_LOOP('',(#5705,#5706,#5707));
#5705=ORIENTED_EDGE('',*,*,#5708,.T.);
#5706=ORIENTED_EDGE('',*,*,#5709,.T.);
#5707=ORIENTED_EDGE('',*,*,#5710,.T.);
#5708=EDGE_CURVE('',#359,#371,#5711,.F.);
#5709=EDGE_CURVE('',#371,#355,#5712,.T.);
#5710=EDGE_CURVE('',#355,#359,#5713,.T.);
#5711=LINE('',#358,#5714);
#5712=LINE('',#370,#5715);
#5713=LINE('',#354,#5716);
#5714=VECTOR('',#5717,1.0);
#5715=VECTOR('',#5718,1.0);
#5716=VECTOR('',#5719,1.0);
#5717=DIRECTION('',(0.07768388316192143,0,0.9969780410304356));
#5718=DIRECTION('',(0,-1,0));
#5719=DIRECTION('',(-0.07435362426475776,0.28965660940293547,-0.9542382234997142));
#5720=FACE_SURFACE('',(#5725),#5721,.T.);
#5721=PLANE('',#5722);
#5722=AXIS2_PLACEMENT_3D('',#364,#5723,#5724);
#5723=DIRECTION('',(1.6058078950259494E-14,-1,2.2625094383522347E-15));
#5724=DIRECTION('',(-0.7751215954064895,-1.1017482966677634E-14,0.6318120862523117));
#5725=FACE_BOUND('',#5726,.T.);
#5726=EDGE_LOOP('',(#5727,#5728,#5729));
#5727=ORIENTED_EDGE('',*,*,#5730,.T.);
#5728=ORIENTED_EDGE('',*,*,#5731,.T.);
#5729=ORIENTED_EDGE('',*,*,#5732,.T.);
#5730=EDGE_CURVE('',#365,#373,#5733,.F.);
#5731=EDGE_CURVE('',#373,#361,#5734,.T.);
#5732=EDGE_CURVE('',#361,#365,#5735,.T.);
#5733=LINE('',#364,#5736);
#5734=LINE('',#372,#5737);
#5735=LINE('',#360,#5738);
#5736=VECTOR('',#5739,1.0);
#5737=VECTOR('',#5740,1.0);
#5738=VECTOR('',#5741,1.0);
#5739=DIRECTION('',(-0.7751215954064895,-1.1017482966677634E-14,0.6318120862523117));
#5740=DIRECTION('',(0.1395173884786275,0,-0.9902196212518231));
#5741=DIRECTION('',(0.9325397701536364,1.5791715370969974E-14,0.361067275008139));
#5742=FACE_SURFACE('',(#5747),#5743,.T.);
#5743=PLANE('',#5744);
#5744=AXIS2_PLACEMENT_3D('',#374,#5745,#5746);
#5745=DIRECTION('',(-0.990219621251823,0,-0.1395173884786275));
#5746=DIRECTION('',(0.1395173884786275,0,-0.9902196212518231));
#5747=FACE_BOUND('',#5748,.T.);
#5748=EDGE_LOOP('',(#5749,#5750,#5751));
#5749=ORIENTED_EDGE('',*,*,#5752,.T.);
#5750=ORIENTED_EDGE('',*,*,#5753,.T.);
#5751=ORIENTED_EDGE('',*,*,#5754,.T.);
#5752=EDGE_CURVE('',#375,#363,#5755,.F.);
#5753=EDGE_CURVE('',#363,#361,#5756,.T.);
#5754=EDGE_CURVE('',#361,#375,#5757,.T.);
#5755=LINE('',#374,#5758);
#5756=LINE('',#362,#5759);
#5757=LINE('',#360,#5760);
#5758=VECTOR('',#5761,1.0);
#5759=VECTOR('',#5762,1.0);
#5760=VECTOR('',#5763,1.0);
#5761=DIRECTION('',(0.1395173884786275,0,-0.9902196212518231));
#5762=DIRECTION('',(0,-1,0));
#5763=DIRECTION('',(-0.13353635682883783,0.28965683488577637,0.9477694653283758));
#5764=FACE_SURFACE('',(#5769),#5765,.T.);
#5765=PLANE('',#5766);
#5766=AXIS2_PLACEMENT_3D('',#372,#5767,#5768);
#5767=DIRECTION('',(-0.990219621251823,0,-0.1395173884786275));
#5768=DIRECTION('',(0,1,0));
#5769=FACE_BOUND('',#5770,.T.);
#5770=EDGE_LOOP('',(#5771,#5772,#5773));
#5771=ORIENTED_EDGE('',*,*,#5774,.T.);
#5772=ORIENTED_EDGE('',*,*,#5775,.T.);
#5773=ORIENTED_EDGE('',*,*,#5776,.T.);
#5774=EDGE_CURVE('',#373,#375,#5777,.F.);
#5775=EDGE_CURVE('',#375,#361,#5778,.T.);
#5776=EDGE_CURVE('',#361,#373,#5779,.T.);
#5777=LINE('',#372,#5780);
#5778=LINE('',#374,#5781);
#5779=LINE('',#360,#5782);
#5780=VECTOR('',#5783,1.0);
#5781=VECTOR('',#5784,1.0);
#5782=VECTOR('',#5785,1.0);
#5783=DIRECTION('',(0,1,0));
#5784=DIRECTION('',(0.13353635682883783,-0.28965683488577637,-0.9477694653283758));
#5785=DIRECTION('',(-0.1395173884786275,0,0.9902196212518231));
#5786=FACE_SURFACE('',(#5791),#5787,.T.);
#5787=PLANE('',#5788);
#5788=AXIS2_PLACEMENT_3D('',#376,#5789,#5790);
#5789=DIRECTION('',(1.6226950243193366E-14,-1,2.469684623578094E-15));
#5790=DIRECTION('',(-0.9234451147227505,-1.59323913198824E-14,-0.38373053057410794));
#5791=FACE_BOUND('',#5792,.T.);
#5792=EDGE_LOOP('',(#5793,#5794,#5795));
#5793=ORIENTED_EDGE('',*,*,#5796,.T.);
#5794=ORIENTED_EDGE('',*,*,#5797,.T.);
#5795=ORIENTED_EDGE('',*,*,#5798,.T.);
#5796=EDGE_CURVE('',#377,#373,#5799,.F.);
#5797=EDGE_CURVE('',#373,#365,#5800,.T.);
#5798=EDGE_CURVE('',#365,#377,#5801,.T.);
#5799=LINE('',#376,#5802);
#5800=LINE('',#372,#5803);
#5801=LINE('',#364,#5804);
#5802=VECTOR('',#5805,1.0);
#5803=VECTOR('',#5806,1.0);
#5804=VECTOR('',#5807,1.0);
#5805=DIRECTION('',(-0.9234451147227505,-1.59323913198824E-14,-0.38373053057410794));
#5806=DIRECTION('',(0.7751215954064895,1.1017482966677634E-14,-0.6318120862523117));
#5807=DIRECTION('',(-0.15046379701888898,0,0.9886155196974498));
#5808=FACE_SURFACE('',(#5813),#5809,.T.);
#5809=PLANE('',#5810);
#5810=AXIS2_PLACEMENT_3D('',#378,#5811,#5812);
#5811=DIRECTION('',(-0,-1,0));
#5812=DIRECTION('',(-0.9140473970001445,0,0.40560739149731984));
#5813=FACE_BOUND('',#5814,.T.);
#5814=EDGE_LOOP('',(#5815,#5816,#5817));
#5815=ORIENTED_EDGE('',*,*,#5818,.T.);
#5816=ORIENTED_EDGE('',*,*,#5819,.T.);
#5817=ORIENTED_EDGE('',*,*,#5820,.T.);
#5818=EDGE_CURVE('',#379,#381,#5821,.F.);
#5819=EDGE_CURVE('',#381,#367,#5822,.T.);
#5820=EDGE_CURVE('',#367,#379,#5823,.T.);
#5821=LINE('',#378,#5824);
#5822=LINE('',#380,#5825);
#5823=LINE('',#366,#5826);
#5824=VECTOR('',#5827,1.0);
#5825=VECTOR('',#5828,1.0);
#5826=VECTOR('',#5829,1.0);
#5827=DIRECTION('',(-0.9140473970001445,0,0.40560739149731984));
#5828=DIRECTION('',(0.3623470481161238,0,-0.9320432483106841));
#5829=DIRECTION('',(0.2008073031190079,0,0.979630760549132));
#5830=FACE_SURFACE('',(#5835),#5831,.T.);
#5831=PLANE('',#5832);
#5832=AXIS2_PLACEMENT_3D('',#380,#5833,#5834);
#5833=DIRECTION('',(0,-1,-0));
#5834=DIRECTION('',(-0.20988043692099953,0,-0.977727059151914));
#5835=FACE_BOUND('',#5836,.T.);
#5836=EDGE_LOOP('',(#5837,#5838,#5839));
#5837=ORIENTED_EDGE('',*,*,#5840,.T.);
#5838=ORIENTED_EDGE('',*,*,#5841,.T.);
#5839=ORIENTED_EDGE('',*,*,#5842,.T.);
#5840=EDGE_CURVE('',#381,#369,#5843,.F.);
#5841=EDGE_CURVE('',#369,#367,#5844,.T.);
#5842=EDGE_CURVE('',#367,#381,#5845,.T.);
#5843=LINE('',#380,#5846);
#5844=LINE('',#368,#5847);
#5845=LINE('',#366,#5848);
#5846=VECTOR('',#5849,1.0);
#5847=VECTOR('',#5850,1.0);
#5848=VECTOR('',#5851,1.0);
#5849=DIRECTION('',(-0.20988043692099953,0,-0.977727059151914));
#5850=DIRECTION('',(0.9234447547929837,0,-0.38373139674168705));
#5851=DIRECTION('',(-0.3623470481161238,0,0.9320432483106841));
#5852=FACE_SURFACE('',(#5857),#5853,.T.);
#5853=PLANE('',#5854);
#5854=AXIS2_PLACEMENT_3D('',#382,#5855,#5856);
#5855=DIRECTION('',(0.979630760549132,0,-0.2008073031190079));
#5856=DIRECTION('',(0.19219880295378877,-0.2896569087553745,0.9376345212039771));
#5857=FACE_BOUND('',#5858,.T.);
#5858=EDGE_LOOP('',(#5859,#5860,#5861));
#5859=ORIENTED_EDGE('',*,*,#5862,.T.);
#5860=ORIENTED_EDGE('',*,*,#5863,.T.);
#5861=ORIENTED_EDGE('',*,*,#5864,.T.);
#5862=EDGE_CURVE('',#383,#379,#5865,.F.);
#5863=EDGE_CURVE('',#379,#367,#5866,.T.);
#5864=EDGE_CURVE('',#367,#383,#5867,.T.);
#5865=LINE('',#382,#5868);
#5866=LINE('',#378,#5869);
#5867=LINE('',#366,#5870);
#5868=VECTOR('',#5871,1.0);
#5869=VECTOR('',#5872,1.0);
#5870=VECTOR('',#5873,1.0);
#5871=DIRECTION('',(0.19219880295378877,-0.2896569087553745,0.9376345212039771));
#5872=DIRECTION('',(-0.2008073031190079,0,-0.979630760549132));
#5873=DIRECTION('',(0,1,0));
#5874=FACE_SURFACE('',(#5879),#5875,.T.);
#5875=PLANE('',#5876);
#5876=AXIS2_PLACEMENT_3D('',#370,#5877,#5878);
#5877=DIRECTION('',(0.9902198953728619,0,-0.13951544290062898));
#5878=DIRECTION('',(0.13951544290062895,0,0.9902198953728618));
#5879=FACE_BOUND('',#5880,.T.);
#5880=EDGE_LOOP('',(#5881,#5882,#5883));
#5881=ORIENTED_EDGE('',*,*,#5884,.T.);
#5882=ORIENTED_EDGE('',*,*,#5885,.T.);
#5883=ORIENTED_EDGE('',*,*,#5886,.T.);
#5884=EDGE_CURVE('',#371,#383,#5887,.F.);
#5885=EDGE_CURVE('',#383,#367,#5888,.T.);
#5886=EDGE_CURVE('',#367,#371,#5889,.T.);
#5887=LINE('',#370,#5890);
#5888=LINE('',#382,#5891);
#5889=LINE('',#366,#5892);
#5890=VECTOR('',#5893,1.0);
#5891=VECTOR('',#5894,1.0);
#5892=VECTOR('',#5895,1.0);
#5893=DIRECTION('',(0.13951544290062895,0,0.9902198953728618));
#5894=DIRECTION('',(0,-1,0));
#5895=DIRECTION('',(-0.13353449155516836,0.28965690834341734,-0.9477697056848967));
#5896=FACE_SURFACE('',(#5901),#5897,.T.);
#5897=PLANE('',#5898);
#5898=AXIS2_PLACEMENT_3D('',#376,#5899,#5900);
#5899=DIRECTION('',(1.5898955233629136E-14,-1,3.259002556614008E-15));
#5900=DIRECTION('',(-0.8020784092321068,-1.080587131616737E-14,0.5972187417049911));
#5901=FACE_BOUND('',#5902,.T.);
#5902=EDGE_LOOP('',(#5903,#5904,#5905));
#5903=ORIENTED_EDGE('',*,*,#5906,.T.);
#5904=ORIENTED_EDGE('',*,*,#5907,.T.);
#5905=ORIENTED_EDGE('',*,*,#5908,.T.);
#5906=EDGE_CURVE('',#377,#385,#5909,.F.);
#5907=EDGE_CURVE('',#385,#373,#5910,.T.);
#5908=EDGE_CURVE('',#373,#377,#5911,.T.);
#5909=LINE('',#376,#5912);
#5910=LINE('',#384,#5913);
#5911=LINE('',#372,#5914);
#5912=VECTOR('',#5915,1.0);
#5913=VECTOR('',#5916,1.0);
#5914=VECTOR('',#5917,1.0);
#5915=DIRECTION('',(-0.8020784092321068,-1.080587131616737E-14,0.5972187417049911));
#5916=DIRECTION('',(0.2008068703484161,0,-0.9796308492594924));
#5917=DIRECTION('',(0.9234451147227505,1.59323913198824E-14,0.38373053057410794));
#5918=FACE_SURFACE('',(#5923),#5919,.T.);
#5919=PLANE('',#5920);
#5920=AXIS2_PLACEMENT_3D('',#386,#5921,#5922);
#5921=DIRECTION('',(-0.9796308492594925,0,-0.20080687034841613));
#5922=DIRECTION('',(0.2008068703484161,0,-0.9796308492594924));
#5923=FACE_BOUND('',#5924,.T.);
#5924=EDGE_LOOP('',(#5925,#5926,#5927));
#5925=ORIENTED_EDGE('',*,*,#5928,.T.);
#5926=ORIENTED_EDGE('',*,*,#5929,.T.);
#5927=ORIENTED_EDGE('',*,*,#5930,.T.);
#5928=EDGE_CURVE('',#387,#375,#5931,.F.);
#5929=EDGE_CURVE('',#375,#373,#5932,.T.);
#5930=EDGE_CURVE('',#373,#387,#5933,.T.);
#5931=LINE('',#386,#5934);
#5932=LINE('',#374,#5935);
#5933=LINE('',#372,#5936);
#5934=VECTOR('',#5937,1.0);
#5935=VECTOR('',#5938,1.0);
#5936=VECTOR('',#5939,1.0);
#5937=DIRECTION('',(0.2008068703484161,0,-0.9796308492594924));
#5938=DIRECTION('',(0,-1,0));
#5939=DIRECTION('',(-0.19219838727557995,0.28965693278451116,0.9376345989875456));
#5940=FACE_SURFACE('',(#5945),#5941,.T.);
#5941=PLANE('',#5942);
#5942=AXIS2_PLACEMENT_3D('',#384,#5943,#5944);
#5943=DIRECTION('',(-0.9796308492594925,0,-0.20080687034841613));
#5944=DIRECTION('',(0,1,0));
#5945=FACE_BOUND('',#5946,.T.);
#5946=EDGE_LOOP('',(#5947,#5948,#5949));
#5947=ORIENTED_EDGE('',*,*,#5950,.T.);
#5948=ORIENTED_EDGE('',*,*,#5951,.T.);
#5949=ORIENTED_EDGE('',*,*,#5952,.T.);
#5950=EDGE_CURVE('',#385,#387,#5953,.F.);
#5951=EDGE_CURVE('',#387,#373,#5954,.T.);
#5952=EDGE_CURVE('',#373,#385,#5955,.T.);
#5953=LINE('',#384,#5956);
#5954=LINE('',#386,#5957);
#5955=LINE('',#372,#5958);
#5956=VECTOR('',#5959,1.0);
#5957=VECTOR('',#5960,1.0);
#5958=VECTOR('',#5961,1.0);
#5959=DIRECTION('',(0,1,0));
#5960=DIRECTION('',(0.19219838727557995,-0.28965693278451116,-0.9376345989875456));
#5961=DIRECTION('',(-0.2008068703484161,0,0.9796308492594924));
#5962=FACE_SURFACE('',(#5967),#5963,.T.);
#5963=PLANE('',#5964);
#5964=AXIS2_PLACEMENT_3D('',#388,#5965,#5966);
#5965=DIRECTION('',(1.6035371211912173E-14,-1,3.4422123308798437E-15));
#5966=DIRECTION('',(-0.9140472522896165,-1.6053274882736816E-14,-0.40560771760631237));
#5967=FACE_BOUND('',#5968,.T.);
#5968=EDGE_LOOP('',(#5969,#5970,#5971));
#5969=ORIENTED_EDGE('',*,*,#5972,.T.);
#5970=ORIENTED_EDGE('',*,*,#5973,.T.);
#5971=ORIENTED_EDGE('',*,*,#5974,.T.);
#5972=EDGE_CURVE('',#389,#385,#5975,.F.);
#5973=EDGE_CURVE('',#385,#377,#5976,.T.);
#5974=EDGE_CURVE('',#377,#389,#5977,.T.);
#5975=LINE('',#388,#5978);
#5976=LINE('',#384,#5979);
#5977=LINE('',#376,#5980);
#5978=VECTOR('',#5981,1.0);
#5979=VECTOR('',#5982,1.0);
#5980=VECTOR('',#5983,1.0);
#5981=DIRECTION('',(-0.9140472522896165,-1.6053274882736816E-14,-0.40560771760631237));
#5982=DIRECTION('',(0.8020784092321068,1.080587131616737E-14,-0.5972187417049911));
#5983=DIRECTION('',(-0.20988242944108707,0,0.9777266314322767));
#5984=FACE_SURFACE('',(#5989),#5985,.T.);
#5985=PLANE('',#5986);
#5986=AXIS2_PLACEMENT_3D('',#390,#5987,#5988);
#5987=DIRECTION('',(-0,-1,0));
#5988=DIRECTION('',(-0.9043529890652554,0,0.426785275248266));
#5989=FACE_BOUND('',#5990,.T.);
#5990=EDGE_LOOP('',(#5991,#5992,#5993));
#5991=ORIENTED_EDGE('',*,*,#5994,.T.);
#5992=ORIENTED_EDGE('',*,*,#5995,.T.);
#5993=ORIENTED_EDGE('',*,*,#5996,.T.);
#5994=EDGE_CURVE('',#391,#393,#5997,.F.);
#5995=EDGE_CURVE('',#393,#379,#5998,.T.);
#5996=EDGE_CURVE('',#379,#391,#5999,.T.);
#5997=LINE('',#390,#6000);
#5998=LINE('',#392,#6001);
#5999=LINE('',#378,#6002);
#6000=VECTOR('',#6003,1.0);
#6001=VECTOR('',#6004,1.0);
#6002=VECTOR('',#6005,1.0);
#6003=DIRECTION('',(-0.9043529890652554,0,0.426785275248266));
#6004=DIRECTION('',(0.31581667776792655,0,-0.9488202285173044));
#6005=DIRECTION('',(0.261322456179931,0,0.965251559903473));
#6006=FACE_SURFACE('',(#6011),#6007,.T.);
#6007=PLANE('',#6008);
#6008=AXIS2_PLACEMENT_3D('',#392,#6009,#6010);
#6009=DIRECTION('',(0,-1,-0));
#6010=DIRECTION('',(-0.2685325031215217,0,-0.9632706238473641));
#6011=FACE_BOUND('',#6012,.T.);
#6012=EDGE_LOOP('',(#6013,#6014,#6015));
#6013=ORIENTED_EDGE('',*,*,#6016,.T.);
#6014=ORIENTED_EDGE('',*,*,#6017,.T.);
#6015=ORIENTED_EDGE('',*,*,#6018,.T.);
#6016=EDGE_CURVE('',#393,#381,#6019,.F.);
#6017=EDGE_CURVE('',#381,#379,#6020,.T.);
#6018=EDGE_CURVE('',#379,#393,#6021,.T.);
#6019=LINE('',#392,#6022);
#6020=LINE('',#380,#6023);
#6021=LINE('',#378,#6024);
#6022=VECTOR('',#6025,1.0);
#6023=VECTOR('',#6026,1.0);
#6024=VECTOR('',#6027,1.0);
#6025=DIRECTION('',(-0.2685325031215217,0,-0.9632706238473641));
#6026=DIRECTION('',(0.9140473970001445,0,-0.40560739149731984));
#6027=DIRECTION('',(-0.31581667776792655,0,0.9488202285173044));
#6028=FACE_SURFACE('',(#6033),#6029,.T.);
#6029=PLANE('',#6030);
#6030=AXIS2_PLACEMENT_3D('',#394,#6031,#6032);
#6031=DIRECTION('',(0.9652515599034731,0,-0.261322456179931));
#6032=DIRECTION('',(0.2501197173212361,-0.2896567431805341,0.9238717974574129));
#6033=FACE_BOUND('',#6034,.T.);
#6034=EDGE_LOOP('',(#6035,#6036,#6037));
#6035=ORIENTED_EDGE('',*,*,#6038,.T.);
#6036=ORIENTED_EDGE('',*,*,#6039,.T.);
#6037=ORIENTED_EDGE('',*,*,#6040,.T.);
#6038=EDGE_CURVE('',#395,#391,#6041,.F.);
#6039=EDGE_CURVE('',#391,#379,#6042,.T.);
#6040=EDGE_CURVE('',#379,#395,#6043,.T.);
#6041=LINE('',#394,#6044);
#6042=LINE('',#390,#6045);
#6043=LINE('',#378,#6046);
#6044=VECTOR('',#6047,1.0);
#6045=VECTOR('',#6048,1.0);
#6046=VECTOR('',#6049,1.0);
#6047=DIRECTION('',(0.2501197173212361,-0.2896567431805341,0.9238717974574129));
#6048=DIRECTION('',(-0.261322456179931,0,-0.965251559903473));
#6049=DIRECTION('',(0,1,0));
#6050=FACE_SURFACE('',(#6055),#6051,.T.);
#6051=PLANE('',#6052);
#6052=AXIS2_PLACEMENT_3D('',#382,#6053,#6054);
#6053=DIRECTION('',(0.979630760549132,0,-0.2008073031190079));
#6054=DIRECTION('',(0.2008073031190079,0,0.979630760549132));
#6055=FACE_BOUND('',#6056,.T.);
#6056=EDGE_LOOP('',(#6057,#6058,#6059));
#6057=ORIENTED_EDGE('',*,*,#6060,.T.);
#6058=ORIENTED_EDGE('',*,*,#6061,.T.);
#6059=ORIENTED_EDGE('',*,*,#6062,.T.);
#6060=EDGE_CURVE('',#383,#395,#6063,.F.);
#6061=EDGE_CURVE('',#395,#379,#6064,.T.);
#6062=EDGE_CURVE('',#379,#383,#6065,.T.);
#6063=LINE('',#382,#6066);
#6064=LINE('',#394,#6067);
#6065=LINE('',#378,#6068);
#6066=VECTOR('',#6069,1.0);
#6067=VECTOR('',#6070,1.0);
#6068=VECTOR('',#6071,1.0);
#6069=DIRECTION('',(0.2008073031190079,0,0.979630760549132));
#6070=DIRECTION('',(0,-1,0));
#6071=DIRECTION('',(-0.19219880295378877,0.2896569087553745,-0.9376345212039771));
#6072=FACE_SURFACE('',(#6077),#6073,.T.);
#6073=PLANE('',#6074);
#6074=AXIS2_PLACEMENT_3D('',#388,#6075,#6076);
#6075=DIRECTION('',(1.5679208724588813E-14,-1,4.244833505910178E-15));
#6076=DIRECTION('',(-0.8278637738508742,-1.059919782597946E-14,0.5609292040403929));
#6077=FACE_BOUND('',#6078,.T.);
#6078=EDGE_LOOP('',(#6079,#6080,#6081));
#6079=ORIENTED_EDGE('',*,*,#6082,.T.);
#6080=ORIENTED_EDGE('',*,*,#6083,.T.);
#6081=ORIENTED_EDGE('',*,*,#6084,.T.);
#6082=EDGE_CURVE('',#389,#397,#6085,.F.);
#6083=EDGE_CURVE('',#397,#385,#6086,.T.);
#6084=EDGE_CURVE('',#385,#389,#6087,.T.);
#6085=LINE('',#388,#6088);
#6086=LINE('',#396,#6089);
#6087=LINE('',#384,#6090);
#6088=VECTOR('',#6091,1.0);
#6089=VECTOR('',#6092,1.0);
#6090=VECTOR('',#6093,1.0);
#6091=DIRECTION('',(-0.8278637738508742,-1.059919782597946E-14,0.5609292040403929));
#6092=DIRECTION('',(0.261322624243495,0,-0.9652515144036258));
#6093=DIRECTION('',(0.9140472522896165,1.6053274882736816E-14,0.40560771760631237));
#6094=FACE_SURFACE('',(#6099),#6095,.T.);
#6095=PLANE('',#6096);
#6096=AXIS2_PLACEMENT_3D('',#398,#6097,#6098);
#6097=DIRECTION('',(-0.965251514403626,0,-0.26132262424349506));
#6098=DIRECTION('',(0.261322624243495,0,-0.9652515144036258));
#6099=FACE_BOUND('',#6100,.T.);
#6100=EDGE_LOOP('',(#6101,#6102,#6103));
#6101=ORIENTED_EDGE('',*,*,#6104,.T.);
#6102=ORIENTED_EDGE('',*,*,#6105,.T.);
#6103=ORIENTED_EDGE('',*,*,#6106,.T.);
#6104=EDGE_CURVE('',#399,#387,#6107,.F.);
#6105=EDGE_CURVE('',#387,#385,#6108,.T.);
#6106=EDGE_CURVE('',#385,#399,#6109,.T.);
#6107=LINE('',#398,#6110);
#6108=LINE('',#386,#6111);
#6109=LINE('',#384,#6112);
#6110=VECTOR('',#6113,1.0);
#6111=VECTOR('',#6114,1.0);
#6112=VECTOR('',#6115,1.0);
#6113=DIRECTION('',(0.261322624243495,0,-0.9652515144036258));
#6114=DIRECTION('',(0,-1,0));
#6115=DIRECTION('',(-0.2501198791692166,0.2896567306723154,0.9238717575619477));
#6116=FACE_SURFACE('',(#6121),#6117,.T.);
#6117=PLANE('',#6118);
#6118=AXIS2_PLACEMENT_3D('',#396,#6119,#6120);
#6119=DIRECTION('',(-0.965251514403626,0,-0.26132262424349506));
#6120=DIRECTION('',(0,1,0));
#6121=FACE_BOUND('',#6122,.T.);
#6122=EDGE_LOOP('',(#6123,#6124,#6125));
#6123=ORIENTED_EDGE('',*,*,#6126,.T.);
#6124=ORIENTED_EDGE('',*,*,#6127,.T.);
#6125=ORIENTED_EDGE('',*,*,#6128,.T.);
#6126=EDGE_CURVE('',#397,#399,#6129,.F.);
#6127=EDGE_CURVE('',#399,#385,#6130,.T.);
#6128=EDGE_CURVE('',#385,#397,#6131,.T.);
#6129=LINE('',#396,#6132);
#6130=LINE('',#398,#6133);
#6131=LINE('',#384,#6134);
#6132=VECTOR('',#6135,1.0);
#6133=VECTOR('',#6136,1.0);
#6134=VECTOR('',#6137,1.0);
#6135=DIRECTION('',(0,1,0));
#6136=DIRECTION('',(0.2501198791692166,-0.2896567306723154,-0.9238717575619477));
#6137=DIRECTION('',(-0.261322624243495,0,0.9652515144036258));
#6138=FACE_SURFACE('',(#6143),#6139,.T.);
#6139=PLANE('',#6140);
#6140=AXIS2_PLACEMENT_3D('',#400,#6141,#6142);
#6141=DIRECTION('',(1.578452168850621E-14,-1,4.4002627242787056E-15));
#6142=DIRECTION('',(-0.9043530750434808,-1.6152747263366862E-14,-0.42678509306136764));
#6143=FACE_BOUND('',#6144,.T.);
#6144=EDGE_LOOP('',(#6145,#6146,#6147));
#6145=ORIENTED_EDGE('',*,*,#6148,.T.);
#6146=ORIENTED_EDGE('',*,*,#6149,.T.);
#6147=ORIENTED_EDGE('',*,*,#6150,.T.);
#6148=EDGE_CURVE('',#401,#397,#6151,.F.);
#6149=EDGE_CURVE('',#397,#389,#6152,.T.);
#6150=EDGE_CURVE('',#389,#401,#6153,.T.);
#6151=LINE('',#400,#6154);
#6152=LINE('',#396,#6155);
#6153=LINE('',#388,#6156);
#6154=VECTOR('',#6157,1.0);
#6155=VECTOR('',#6158,1.0);
#6156=VECTOR('',#6159,1.0);
#6157=DIRECTION('',(-0.9043530750434808,-1.6152747263366862E-14,-0.42678509306136764));
#6158=DIRECTION('',(0.8278637738508742,1.059919782597946E-14,-0.5609292040403929));
#6159=DIRECTION('',(-0.26853172127829,0,0.9632708418027189));
#6160=FACE_SURFACE('',(#6165),#6161,.T.);
#6161=PLANE('',#6162);
#6162=AXIS2_PLACEMENT_3D('',#402,#6163,#6164);
#6163=DIRECTION('',(-0,-1,0));
#6164=DIRECTION('',(-0.8943557061131671,0,0.4473565367163179));
#6165=FACE_BOUND('',#6166,.T.);
#6166=EDGE_LOOP('',(#6167,#6168,#6169));
#6167=ORIENTED_EDGE('',*,*,#6170,.T.);
#6168=ORIENTED_EDGE('',*,*,#6171,.T.);
#6169=ORIENTED_EDGE('',*,*,#6172,.T.);
#6170=EDGE_CURVE('',#403,#405,#6173,.F.);
#6171=EDGE_CURVE('',#405,#391,#6174,.T.);
#6172=EDGE_CURVE('',#391,#403,#6175,.T.);
#6173=LINE('',#402,#6176);
#6174=LINE('',#404,#6177);
#6175=LINE('',#390,#6178);
#6176=VECTOR('',#6179,1.0);
#6177=VECTOR('',#6180,1.0);
#6178=VECTOR('',#6181,1.0);
#6179=DIRECTION('',(-0.8943557061131671,0,0.4473565367163179));
#6180=DIRECTION('',(0.268933685742385,0,-0.963158695477031));
#6181=DIRECTION('',(0.3208257548407865,0,0.9471382343833658));
#6182=FACE_SURFACE('',(#6187),#6183,.T.);
#6183=PLANE('',#6184);
#6184=AXIS2_PLACEMENT_3D('',#404,#6185,#6186);
#6185=DIRECTION('',(0,-1,-0));
#6186=DIRECTION('',(-0.3262026609001389,0,-0.9452998593153756));
#6187=FACE_BOUND('',#6188,.T.);
#6188=EDGE_LOOP('',(#6189,#6190,#6191));
#6189=ORIENTED_EDGE('',*,*,#6192,.T.);
#6190=ORIENTED_EDGE('',*,*,#6193,.T.);
#6191=ORIENTED_EDGE('',*,*,#6194,.T.);
#6192=EDGE_CURVE('',#405,#393,#6195,.F.);
#6193=EDGE_CURVE('',#393,#391,#6196,.T.);
#6194=EDGE_CURVE('',#391,#405,#6197,.T.);
#6195=LINE('',#404,#6198);
#6196=LINE('',#392,#6199);
#6197=LINE('',#390,#6200);
#6198=VECTOR('',#6201,1.0);
#6199=VECTOR('',#6202,1.0);
#6200=VECTOR('',#6203,1.0);
#6201=DIRECTION('',(-0.3262026609001389,0,-0.9452998593153756));
#6202=DIRECTION('',(0.9043529890652554,0,-0.426785275248266));
#6203=DIRECTION('',(-0.268933685742385,0,0.963158695477031));
#6204=FACE_SURFACE('',(#6209),#6205,.T.);
#6205=PLANE('',#6206);
#6206=AXIS2_PLACEMENT_3D('',#406,#6207,#6208);
#6207=DIRECTION('',(0.9471382343833658,0,-0.3208257548407865));
#6208=DIRECTION('',(0.30707214788709236,-0.28965671164397844,0.9065349885093265));
#6209=FACE_BOUND('',#6210,.T.);
#6210=EDGE_LOOP('',(#6211,#6212,#6213));
#6211=ORIENTED_EDGE('',*,*,#6214,.T.);
#6212=ORIENTED_EDGE('',*,*,#6215,.T.);
#6213=ORIENTED_EDGE('',*,*,#6216,.T.);
#6214=EDGE_CURVE('',#407,#403,#6217,.F.);
#6215=EDGE_CURVE('',#403,#391,#6218,.T.);
#6216=EDGE_CURVE('',#391,#407,#6219,.T.);
#6217=LINE('',#406,#6220);
#6218=LINE('',#402,#6221);
#6219=LINE('',#390,#6222);
#6220=VECTOR('',#6223,1.0);
#6221=VECTOR('',#6224,1.0);
#6222=VECTOR('',#6225,1.0);
#6223=DIRECTION('',(0.30707214788709236,-0.28965671164397844,0.9065349885093265));
#6224=DIRECTION('',(-0.3208257548407865,0,-0.9471382343833658));
#6225=DIRECTION('',(0,1,0));
#6226=FACE_SURFACE('',(#6231),#6227,.T.);
#6227=PLANE('',#6228);
#6228=AXIS2_PLACEMENT_3D('',#394,#6229,#6230);
#6229=DIRECTION('',(0.9652515599034731,0,-0.261322456179931));
#6230=DIRECTION('',(0.261322456179931,0,0.965251559903473));
#6231=FACE_BOUND('',#6232,.T.);
#6232=EDGE_LOOP('',(#6233,#6234,#6235));
#6233=ORIENTED_EDGE('',*,*,#6236,.T.);
#6234=ORIENTED_EDGE('',*,*,#6237,.T.);
#6235=ORIENTED_EDGE('',*,*,#6238,.T.);
#6236=EDGE_CURVE('',#395,#407,#6239,.F.);
#6237=EDGE_CURVE('',#407,#391,#6240,.T.);
#6238=EDGE_CURVE('',#391,#395,#6241,.T.);
#6239=LINE('',#394,#6242);
#6240=LINE('',#406,#6243);
#6241=LINE('',#390,#6244);
#6242=VECTOR('',#6245,1.0);
#6243=VECTOR('',#6246,1.0);
#6244=VECTOR('',#6247,1.0);
#6245=DIRECTION('',(0.261322456179931,0,0.965251559903473));
#6246=DIRECTION('',(0,-1,0));
#6247=DIRECTION('',(-0.2501197173212361,0.2896567431805341,-0.9238717974574129));
#6248=FACE_SURFACE('',(#6253),#6249,.T.);
#6249=PLANE('',#6250);
#6250=AXIS2_PLACEMENT_3D('',#400,#6251,#6252);
#6251=DIRECTION('',(1.539942879672582E-14,-1,5.216270468037706E-15));
#6252=DIRECTION('',(-0.8523408781604995,-1.0397522889393983E-14,0.5229866417190677));
#6253=FACE_BOUND('',#6254,.T.);
#6254=EDGE_LOOP('',(#6255,#6256,#6257));
#6255=ORIENTED_EDGE('',*,*,#6258,.T.);
#6256=ORIENTED_EDGE('',*,*,#6259,.T.);
#6257=ORIENTED_EDGE('',*,*,#6260,.T.);
#6258=EDGE_CURVE('',#401,#409,#6261,.F.);
#6259=EDGE_CURVE('',#409,#397,#6262,.T.);
#6260=EDGE_CURVE('',#397,#401,#6263,.T.);
#6261=LINE('',#400,#6264);
#6262=LINE('',#408,#6265);
#6263=LINE('',#396,#6266);
#6264=VECTOR('',#6267,1.0);
#6265=VECTOR('',#6268,1.0);
#6266=VECTOR('',#6269,1.0);
#6267=DIRECTION('',(-0.8523408781604995,-1.0397522889393983E-14,0.5229866417190677));
#6268=DIRECTION('',(0.3208255121179846,0,-0.9471383166012413));
#6269=DIRECTION('',(0.9043530750434808,1.6152747263366862E-14,0.42678509306136764));
#6270=FACE_SURFACE('',(#6275),#6271,.T.);
#6271=PLANE('',#6272);
#6272=AXIS2_PLACEMENT_3D('',#410,#6273,#6274);
#6273=DIRECTION('',(-0.9471383166012413,0,-0.3208255121179846));
#6274=DIRECTION('',(0.3208255121179846,0,-0.9471383166012413));
#6275=FACE_BOUND('',#6276,.T.);
#6276=EDGE_LOOP('',(#6277,#6278,#6279));
#6277=ORIENTED_EDGE('',*,*,#6280,.T.);
#6278=ORIENTED_EDGE('',*,*,#6281,.T.);
#6279=ORIENTED_EDGE('',*,*,#6282,.T.);
#6280=EDGE_CURVE('',#411,#399,#6283,.F.);
#6281=EDGE_CURVE('',#399,#397,#6284,.T.);
#6282=EDGE_CURVE('',#397,#411,#6285,.T.);
#6283=LINE('',#410,#6286);
#6284=LINE('',#398,#6287);
#6285=LINE('',#396,#6288);
#6286=VECTOR('',#6289,1.0);
#6287=VECTOR('',#6290,1.0);
#6288=VECTOR('',#6291,1.0);
#6289=DIRECTION('',(0.3208255121179846,0,-0.9471383166012413));
#6290=DIRECTION('',(0,-1,0));
#6291=DIRECTION('',(-0.30707191333321565,0.2896567346784831,0.9065350606001277));
#6292=FACE_SURFACE('',(#6297),#6293,.T.);
#6293=PLANE('',#6294);
#6294=AXIS2_PLACEMENT_3D('',#408,#6295,#6296);
#6295=DIRECTION('',(-0.9471383166012413,0,-0.3208255121179846));
#6296=DIRECTION('',(0,1,0));
#6297=FACE_BOUND('',#6298,.T.);
#6298=EDGE_LOOP('',(#6299,#6300,#6301));
#6299=ORIENTED_EDGE('',*,*,#6302,.T.);
#6300=ORIENTED_EDGE('',*,*,#6303,.T.);
#6301=ORIENTED_EDGE('',*,*,#6304,.T.);
#6302=EDGE_CURVE('',#409,#411,#6305,.F.);
#6303=EDGE_CURVE('',#411,#397,#6306,.T.);
#6304=EDGE_CURVE('',#397,#409,#6307,.T.);
#6305=LINE('',#408,#6308);
#6306=LINE('',#410,#6309);
#6307=LINE('',#396,#6310);
#6308=VECTOR('',#6311,1.0);
#6309=VECTOR('',#6312,1.0);
#6310=VECTOR('',#6313,1.0);
#6311=DIRECTION('',(0,1,0));
#6312=DIRECTION('',(0.30707191333321565,-0.2896567346784831,-0.9065350606001277));
#6313=DIRECTION('',(-0.3208255121179846,0,0.9471383166012413));
#6314=FACE_SURFACE('',(#6319),#6315,.T.);
#6315=PLANE('',#6316);
#6316=AXIS2_PLACEMENT_3D('',#412,#6317,#6318);
#6317=DIRECTION('',(5.478443636293977E-15,-1,-1.0952519572305425E-14));
#6318=DIRECTION('',(-0.8943558484869412,0,-0.44735625208239066));
#6319=FACE_BOUND('',#6320,.T.);
#6320=EDGE_LOOP('',(#6321,#6322,#6323));
#6321=ORIENTED_EDGE('',*,*,#6324,.T.);
#6322=ORIENTED_EDGE('',*,*,#6325,.T.);
#6323=ORIENTED_EDGE('',*,*,#6326,.T.);
#6324=EDGE_CURVE('',#413,#409,#6327,.F.);
#6325=EDGE_CURVE('',#409,#401,#6328,.T.);
#6326=EDGE_CURVE('',#401,#413,#6329,.T.);
#6327=LINE('',#412,#6330);
#6328=LINE('',#408,#6331);
#6329=LINE('',#400,#6332);
#6330=VECTOR('',#6333,1.0);
#6331=VECTOR('',#6334,1.0);
#6332=VECTOR('',#6335,1.0);
#6333=DIRECTION('',(-0.8943558484869412,0,-0.44735625208239066));
#6334=DIRECTION('',(0.8523408781604995,1.0397522889393983E-14,-0.5229866417190677));
#6335=DIRECTION('',(-0.32620226461386476,-1.2140497429322385E-14,0.9452999960651571));
#6336=FACE_SURFACE('',(#6341),#6337,.T.);
#6337=PLANE('',#6338);
#6338=AXIS2_PLACEMENT_3D('',#414,#6339,#6340);
#6339=DIRECTION('',(-0,-1,0));
#6340=DIRECTION('',(-0.8840346845863181,0,0.4674213050860745));
#6341=FACE_BOUND('',#6342,.T.);
#6342=EDGE_LOOP('',(#6343,#6344,#6345));
#6343=ORIENTED_EDGE('',*,*,#6346,.T.);
#6344=ORIENTED_EDGE('',*,*,#6347,.T.);
#6345=ORIENTED_EDGE('',*,*,#6348,.T.);
#6346=EDGE_CURVE('',#415,#417,#6349,.F.);
#6347=EDGE_CURVE('',#417,#403,#6350,.T.);
#6348=EDGE_CURVE('',#403,#415,#6351,.T.);
#6349=LINE('',#414,#6352);
#6350=LINE('',#416,#6353);
#6351=LINE('',#402,#6354);
#6352=VECTOR('',#6355,1.0);
#6353=VECTOR('',#6356,1.0);
#6354=VECTOR('',#6357,1.0);
#6355=DIRECTION('',(-0.8840346845863181,0,0.4674213050860745));
#6356=DIRECTION('',(0.2218477350674489,0,-0.9750813209396655));
#6357=DIRECTION('',(0.3790880774447428,0,0.9253605943302583));
#6358=FACE_SURFACE('',(#6363),#6359,.T.);
#6359=PLANE('',#6360);
#6360=AXIS2_PLACEMENT_3D('',#416,#6361,#6362);
#6361=DIRECTION('',(0,-1,-0));
#6362=DIRECTION('',(-0.3826834120113672,0,-0.9238795409420745));
#6363=FACE_BOUND('',#6364,.T.);
#6364=EDGE_LOOP('',(#6365,#6366,#6367));
#6365=ORIENTED_EDGE('',*,*,#6368,.T.);
#6366=ORIENTED_EDGE('',*,*,#6369,.T.);
#6367=ORIENTED_EDGE('',*,*,#6370,.T.);
#6368=EDGE_CURVE('',#417,#405,#6371,.F.);
#6369=EDGE_CURVE('',#405,#403,#6372,.T.);
#6370=EDGE_CURVE('',#403,#417,#6373,.T.);
#6371=LINE('',#416,#6374);
#6372=LINE('',#404,#6375);
#6373=LINE('',#402,#6376);
#6374=VECTOR('',#6377,1.0);
#6375=VECTOR('',#6378,1.0);
#6376=VECTOR('',#6379,1.0);
#6377=DIRECTION('',(-0.3826834120113672,0,-0.9238795409420745));
#6378=DIRECTION('',(0.8943557061131671,0,-0.4473565367163179));
#6379=DIRECTION('',(-0.2218477350674489,0,0.9750813209396655));
#6380=FACE_SURFACE('',(#6385),#6381,.T.);
#6381=PLANE('',#6382);
#6382=AXIS2_PLACEMENT_3D('',#418,#6383,#6384);
#6383=DIRECTION('',(0.9253605943302583,0,-0.3790880774447428));
#6384=DIRECTION('',(0.36283676929215436,-0.28965697755504044,0.8856908683075099));
#6385=FACE_BOUND('',#6386,.T.);
#6386=EDGE_LOOP('',(#6387,#6388,#6389));
#6387=ORIENTED_EDGE('',*,*,#6390,.T.);
#6388=ORIENTED_EDGE('',*,*,#6391,.T.);
#6389=ORIENTED_EDGE('',*,*,#6392,.T.);
#6390=EDGE_CURVE('',#419,#415,#6393,.F.);
#6391=EDGE_CURVE('',#415,#403,#6394,.T.);
#6392=EDGE_CURVE('',#403,#419,#6395,.T.);
#6393=LINE('',#418,#6396);
#6394=LINE('',#414,#6397);
#6395=LINE('',#402,#6398);
#6396=VECTOR('',#6399,1.0);
#6397=VECTOR('',#6400,1.0);
#6398=VECTOR('',#6401,1.0);
#6399=DIRECTION('',(0.36283676929215436,-0.28965697755504044,0.8856908683075099));
#6400=DIRECTION('',(-0.3790880774447428,0,-0.9253605943302583));
#6401=DIRECTION('',(0,1,0));
#6402=FACE_SURFACE('',(#6407),#6403,.T.);
#6403=PLANE('',#6404);
#6404=AXIS2_PLACEMENT_3D('',#406,#6405,#6406);
#6405=DIRECTION('',(0.9471382343833658,0,-0.3208257548407865));
#6406=DIRECTION('',(0.3208257548407865,0,0.9471382343833658));
#6407=FACE_BOUND('',#6408,.T.);
#6408=EDGE_LOOP('',(#6409,#6410,#6411));
#6409=ORIENTED_EDGE('',*,*,#6412,.T.);
#6410=ORIENTED_EDGE('',*,*,#6413,.T.);
#6411=ORIENTED_EDGE('',*,*,#6414,.T.);
#6412=EDGE_CURVE('',#407,#419,#6415,.F.);
#6413=EDGE_CURVE('',#419,#403,#6416,.T.);
#6414=EDGE_CURVE('',#403,#407,#6417,.T.);
#6415=LINE('',#406,#6418);
#6416=LINE('',#418,#6419);
#6417=LINE('',#402,#6420);
#6418=VECTOR('',#6421,1.0);
#6419=VECTOR('',#6422,1.0);
#6420=VECTOR('',#6423,1.0);
#6421=DIRECTION('',(0.3208257548407865,0,0.9471382343833658));
#6422=DIRECTION('',(0,-1,0));
#6423=DIRECTION('',(-0.30707214788709236,0.28965671164397844,-0.9065349885093265));
#6424=FACE_SURFACE('',(#6429),#6425,.T.);
#6425=PLANE('',#6426);
#6426=AXIS2_PLACEMENT_3D('',#412,#6427,#6428);
#6427=DIRECTION('',(-0,-1,0));
#6428=DIRECTION('',(-0.875373970580892,0,0.4834463896125855));
#6429=FACE_BOUND('',#6430,.T.);
#6430=EDGE_LOOP('',(#6431,#6432,#6433));
#6431=ORIENTED_EDGE('',*,*,#6434,.T.);
#6432=ORIENTED_EDGE('',*,*,#6435,.T.);
#6433=ORIENTED_EDGE('',*,*,#6436,.T.);
#6434=EDGE_CURVE('',#413,#421,#6437,.F.);
#6435=EDGE_CURVE('',#421,#409,#6438,.T.);
#6436=EDGE_CURVE('',#409,#413,#6439,.T.);
#6437=LINE('',#412,#6440);
#6438=LINE('',#420,#6441);
#6439=LINE('',#408,#6442);
#6440=VECTOR('',#6443,1.0);
#6441=VECTOR('',#6444,1.0);
#6442=VECTOR('',#6445,1.0);
#6443=DIRECTION('',(-0.875373970580892,0,0.4834463896125855));
#6444=DIRECTION('',(0.3790877685254393,0,-0.925360720883701));
#6445=DIRECTION('',(0.8943558484869412,0,0.44735625208239066));
#6446=FACE_SURFACE('',(#6451),#6447,.T.);
#6447=PLANE('',#6448);
#6448=AXIS2_PLACEMENT_3D('',#422,#6449,#6450);
#6449=DIRECTION('',(-0.925360720883701,0,-0.3790877685254393));
#6450=DIRECTION('',(0.3790877685254393,0,-0.925360720883701));
#6451=FACE_BOUND('',#6452,.T.);
#6452=EDGE_LOOP('',(#6453,#6454,#6455));
#6453=ORIENTED_EDGE('',*,*,#6456,.T.);
#6454=ORIENTED_EDGE('',*,*,#6457,.T.);
#6455=ORIENTED_EDGE('',*,*,#6458,.T.);
#6456=EDGE_CURVE('',#423,#411,#6459,.F.);
#6457=EDGE_CURVE('',#411,#409,#6460,.T.);
#6458=EDGE_CURVE('',#409,#423,#6461,.T.);
#6459=LINE('',#422,#6462);
#6460=LINE('',#410,#6463);
#6461=LINE('',#408,#6464);
#6462=VECTOR('',#6465,1.0);
#6463=VECTOR('',#6466,1.0);
#6464=VECTOR('',#6467,1.0);
#6465=DIRECTION('',(0.3790877685254393,0,-0.925360720883701));
#6466=DIRECTION('',(0,-1,0));
#6467=DIRECTION('',(-0.36283646945272,0.28965701384523374,0.8856909792728768));
#6468=FACE_SURFACE('',(#6473),#6469,.T.);
#6469=PLANE('',#6470);
#6470=AXIS2_PLACEMENT_3D('',#420,#6471,#6472);
#6471=DIRECTION('',(-0.925360720883701,0,-0.3790877685254393));
#6472=DIRECTION('',(0,1,0));
#6473=FACE_BOUND('',#6474,.T.);
#6474=EDGE_LOOP('',(#6475,#6476,#6477));
#6475=ORIENTED_EDGE('',*,*,#6478,.T.);
#6476=ORIENTED_EDGE('',*,*,#6479,.T.);
#6477=ORIENTED_EDGE('',*,*,#6480,.T.);
#6478=EDGE_CURVE('',#421,#423,#6481,.F.);
#6479=EDGE_CURVE('',#423,#409,#6482,.T.);
#6480=EDGE_CURVE('',#409,#421,#6483,.T.);
#6481=LINE('',#420,#6484);
#6482=LINE('',#422,#6485);
#6483=LINE('',#408,#6486);
#6484=VECTOR('',#6487,1.0);
#6485=VECTOR('',#6488,1.0);
#6486=VECTOR('',#6489,1.0);
#6487=DIRECTION('',(0,1,0));
#6488=DIRECTION('',(0.36283646945272,-0.28965701384523374,-0.8856909792728768));
#6489=DIRECTION('',(-0.3790877685254393,0,0.925360720883701));
#6490=FACE_SURFACE('',(#6495),#6491,.T.);
#6491=PLANE('',#6492);
#6492=AXIS2_PLACEMENT_3D('',#424,#6493,#6494);
#6493=DIRECTION('',(0,-1,-0));
#6494=DIRECTION('',(-0.8840347885473262,0,-0.4674211084643956));
#6495=FACE_BOUND('',#6496,.T.);
#6496=EDGE_LOOP('',(#6497,#6498,#6499));
#6497=ORIENTED_EDGE('',*,*,#6500,.T.);
#6498=ORIENTED_EDGE('',*,*,#6501,.T.);
#6499=ORIENTED_EDGE('',*,*,#6502,.T.);
#6500=EDGE_CURVE('',#425,#421,#6503,.F.);
#6501=EDGE_CURVE('',#421,#413,#6504,.T.);
#6502=EDGE_CURVE('',#413,#425,#6505,.T.);
#6503=LINE('',#424,#6506);
#6504=LINE('',#420,#6507);
#6505=LINE('',#412,#6508);
#6506=VECTOR('',#6509,1.0);
#6507=VECTOR('',#6510,1.0);
#6508=VECTOR('',#6511,1.0);
#6509=DIRECTION('',(-0.8840347885473262,0,-0.4674211084643956));
#6510=DIRECTION('',(0.875373970580892,0,-0.4834463896125855));
#6511=DIRECTION('',(-0.3826832605993163,0,0.9238796036589809));
#6512=FACE_SURFACE('',(#6517),#6513,.T.);
#6513=PLANE('',#6514);
#6514=AXIS2_PLACEMENT_3D('',#426,#6515,#6516);
#6515=DIRECTION('',(-0,-1,0));
#6516=DIRECTION('',(-0.8733599962816385,0,0.48707526820290975));
#6517=FACE_BOUND('',#6518,.T.);
#6518=EDGE_LOOP('',(#6519,#6520,#6521));
#6519=ORIENTED_EDGE('',*,*,#6522,.T.);
#6520=ORIENTED_EDGE('',*,*,#6523,.T.);
#6521=ORIENTED_EDGE('',*,*,#6524,.T.);
#6522=EDGE_CURVE('',#427,#429,#6525,.F.);
#6523=EDGE_CURVE('',#429,#415,#6526,.T.);
#6524=EDGE_CURVE('',#415,#427,#6527,.T.);
#6525=LINE('',#426,#6528);
#6526=LINE('',#428,#6529);
#6527=LINE('',#414,#6530);
#6528=VECTOR('',#6531,1.0);
#6529=VECTOR('',#6532,1.0);
#6530=VECTOR('',#6533,1.0);
#6531=DIRECTION('',(-0.8733599962816385,0,0.48707526820290975));
#6532=DIRECTION('',(0.17470736289054853,0,-0.9846204026688814));
#6533=DIRECTION('',(0.4358835995608218,0,0.9000030486803371));
#6534=FACE_SURFACE('',(#6539),#6535,.T.);
#6535=PLANE('',#6536);
#6536=AXIS2_PLACEMENT_3D('',#428,#6537,#6538);
#6537=DIRECTION('',(0,-1,-0));
#6538=DIRECTION('',(-0.43776695327289883,0,-0.8990884798628906));
#6539=FACE_BOUND('',#6540,.T.);
#6540=EDGE_LOOP('',(#6541,#6542,#6543));
#6541=ORIENTED_EDGE('',*,*,#6544,.T.);
#6542=ORIENTED_EDGE('',*,*,#6545,.T.);
#6543=ORIENTED_EDGE('',*,*,#6546,.T.);
#6544=EDGE_CURVE('',#429,#417,#6547,.F.);
#6545=EDGE_CURVE('',#417,#415,#6548,.T.);
#6546=EDGE_CURVE('',#415,#429,#6549,.T.);
#6547=LINE('',#428,#6550);
#6548=LINE('',#416,#6551);
#6549=LINE('',#414,#6552);
#6550=VECTOR('',#6553,1.0);
#6551=VECTOR('',#6554,1.0);
#6552=VECTOR('',#6555,1.0);
#6553=DIRECTION('',(-0.43776695327289883,0,-0.8990884798628906));
#6554=DIRECTION('',(0.8840346845863181,0,-0.4674213050860745));
#6555=DIRECTION('',(-0.17470736289054853,0,0.9846204026688814));
#6556=FACE_SURFACE('',(#6561),#6557,.T.);
#6557=PLANE('',#6558);
#6558=AXIS2_PLACEMENT_3D('',#430,#6559,#6560);
#6559=DIRECTION('',(0.900003048680337,0,-0.43588359956082173));
#6560=DIRECTION('',(0.4171975601062507,-0.2896564991488761,0.8614205177160621));
#6561=FACE_BOUND('',#6562,.T.);
#6562=EDGE_LOOP('',(#6563,#6564,#6565));
#6563=ORIENTED_EDGE('',*,*,#6566,.T.);
#6564=ORIENTED_EDGE('',*,*,#6567,.T.);
#6565=ORIENTED_EDGE('',*,*,#6568,.T.);
#6566=EDGE_CURVE('',#431,#427,#6569,.F.);
#6567=EDGE_CURVE('',#427,#415,#6570,.T.);
#6568=EDGE_CURVE('',#415,#431,#6571,.T.);
#6569=LINE('',#430,#6572);
#6570=LINE('',#426,#6573);
#6571=LINE('',#414,#6574);
#6572=VECTOR('',#6575,1.0);
#6573=VECTOR('',#6576,1.0);
#6574=VECTOR('',#6577,1.0);
#6575=DIRECTION('',(0.4171975601062507,-0.2896564991488761,0.8614205177160621));
#6576=DIRECTION('',(-0.4358835995608218,0,-0.9000030486803371));
#6577=DIRECTION('',(0,1,0));
#6578=FACE_SURFACE('',(#6583),#6579,.T.);
#6579=PLANE('',#6580);
#6580=AXIS2_PLACEMENT_3D('',#418,#6581,#6582);
#6581=DIRECTION('',(0.9253605943302583,0,-0.3790880774447428));
#6582=DIRECTION('',(0.3790880774447428,0,0.9253605943302583));
#6583=FACE_BOUND('',#6584,.T.);
#6584=EDGE_LOOP('',(#6585,#6586,#6587));
#6585=ORIENTED_EDGE('',*,*,#6588,.T.);
#6586=ORIENTED_EDGE('',*,*,#6589,.T.);
#6587=ORIENTED_EDGE('',*,*,#6590,.T.);
#6588=EDGE_CURVE('',#419,#431,#6591,.F.);
#6589=EDGE_CURVE('',#431,#415,#6592,.T.);
#6590=EDGE_CURVE('',#415,#419,#6593,.T.);
#6591=LINE('',#418,#6594);
#6592=LINE('',#430,#6595);
#6593=LINE('',#414,#6596);
#6594=VECTOR('',#6597,1.0);
#6595=VECTOR('',#6598,1.0);
#6596=VECTOR('',#6599,1.0);
#6597=DIRECTION('',(0.3790880774447428,0,0.9253605943302583));
#6598=DIRECTION('',(0,-1,0));
#6599=DIRECTION('',(-0.36283676929215436,0.28965697755504044,-0.8856908683075099));
#6600=FACE_SURFACE('',(#6605),#6601,.T.);
#6601=PLANE('',#6602);
#6602=AXIS2_PLACEMENT_3D('',#424,#6603,#6604);
#6603=DIRECTION('',(-0,-1,0));
#6604=DIRECTION('',(-0.8968304126731609,0,0.44237451430263036));
#6605=FACE_BOUND('',#6606,.T.);
#6606=EDGE_LOOP('',(#6607,#6608,#6609));
#6607=ORIENTED_EDGE('',*,*,#6610,.T.);
#6608=ORIENTED_EDGE('',*,*,#6611,.T.);
#6609=ORIENTED_EDGE('',*,*,#6612,.T.);
#6610=EDGE_CURVE('',#425,#433,#6613,.F.);
#6611=EDGE_CURVE('',#433,#421,#6614,.T.);
#6612=EDGE_CURVE('',#421,#425,#6615,.T.);
#6613=LINE('',#424,#6616);
#6614=LINE('',#432,#6617);
#6615=LINE('',#420,#6618);
#6616=VECTOR('',#6619,1.0);
#6617=VECTOR('',#6620,1.0);
#6618=VECTOR('',#6621,1.0);
#6619=DIRECTION('',(-0.8968304126731609,0,0.44237451430263036));
#6620=DIRECTION('',(0.43588286901006035,0,-0.9000034024955453));
#6621=DIRECTION('',(0.8840347885473262,0,0.4674211084643956));
#6622=FACE_SURFACE('',(#6627),#6623,.T.);
#6623=PLANE('',#6624);
#6624=AXIS2_PLACEMENT_3D('',#434,#6625,#6626);
#6625=DIRECTION('',(-0.9000034024955453,0,-0.43588286901006035));
#6626=DIRECTION('',(0.43588286901006035,0,-0.9000034024955453));
#6627=FACE_BOUND('',#6628,.T.);
#6628=EDGE_LOOP('',(#6629,#6630,#6631));
#6629=ORIENTED_EDGE('',*,*,#6632,.T.);
#6630=ORIENTED_EDGE('',*,*,#6633,.T.);
#6631=ORIENTED_EDGE('',*,*,#6634,.T.);
#6632=EDGE_CURVE('',#435,#423,#6635,.F.);
#6633=EDGE_CURVE('',#423,#421,#6636,.T.);
#6634=EDGE_CURVE('',#421,#435,#6637,.T.);
#6635=LINE('',#434,#6638);
#6636=LINE('',#422,#6639);
#6637=LINE('',#420,#6640);
#6638=VECTOR('',#6641,1.0);
#6639=VECTOR('',#6642,1.0);
#6640=VECTOR('',#6643,1.0);
#6641=DIRECTION('',(0.43588286901006035,0,-0.9000034024955453));
#6642=DIRECTION('',(0,-1,0));
#6643=DIRECTION('',(-0.417196847113025,0.2896566034666316,0.8614208279506166));
#6644=FACE_SURFACE('',(#6649),#6645,.T.);
#6645=PLANE('',#6646);
#6646=AXIS2_PLACEMENT_3D('',#432,#6647,#6648);
#6647=DIRECTION('',(-0.9000034024955453,0,-0.43588286901006035));
#6648=DIRECTION('',(0,1,0));
#6649=FACE_BOUND('',#6650,.T.);
#6650=EDGE_LOOP('',(#6651,#6652,#6653));
#6651=ORIENTED_EDGE('',*,*,#6654,.T.);
#6652=ORIENTED_EDGE('',*,*,#6655,.T.);
#6653=ORIENTED_EDGE('',*,*,#6656,.T.);
#6654=EDGE_CURVE('',#433,#435,#6657,.F.);
#6655=EDGE_CURVE('',#435,#421,#6658,.T.);
#6656=EDGE_CURVE('',#421,#433,#6659,.T.);
#6657=LINE('',#432,#6660);
#6658=LINE('',#434,#6661);
#6659=LINE('',#420,#6662);
#6660=VECTOR('',#6663,1.0);
#6661=VECTOR('',#6664,1.0);
#6662=VECTOR('',#6665,1.0);
#6663=DIRECTION('',(0,1,0));
#6664=DIRECTION('',(0.417196847113025,-0.2896566034666316,-0.8614208279506166));
#6665=DIRECTION('',(-0.43588286901006035,0,0.9000034024955453));
#6666=FACE_SURFACE('',(#6671),#6667,.T.);
#6667=PLANE('',#6668);
#6668=AXIS2_PLACEMENT_3D('',#436,#6669,#6670);
#6669=DIRECTION('',(0,-1,-0));
#6670=DIRECTION('',(-0.873359600473673,0,-0.48707597791357565));
#6671=FACE_BOUND('',#6672,.T.);
#6672=EDGE_LOOP('',(#6673,#6674,#6675));
#6673=ORIENTED_EDGE('',*,*,#6676,.T.);
#6674=ORIENTED_EDGE('',*,*,#6677,.T.);
#6675=ORIENTED_EDGE('',*,*,#6678,.T.);
#6676=EDGE_CURVE('',#437,#433,#6679,.F.);
#6677=EDGE_CURVE('',#433,#425,#6680,.T.);
#6678=EDGE_CURVE('',#425,#437,#6681,.T.);
#6679=LINE('',#436,#6682);
#6680=LINE('',#432,#6683);
#6681=LINE('',#424,#6684);
#6682=VECTOR('',#6685,1.0);
#6683=VECTOR('',#6686,1.0);
#6684=VECTOR('',#6687,1.0);
#6685=DIRECTION('',(-0.873359600473673,0,-0.48707597791357565));
#6686=DIRECTION('',(0.8968304126731609,0,-0.44237451430263036));
#6687=DIRECTION('',(-0.43776752685309656,0,0.8990882005859734));
#6688=FACE_SURFACE('',(#6693),#6689,.T.);
#6689=PLANE('',#6690);
#6690=AXIS2_PLACEMENT_3D('',#438,#6691,#6692);
#6691=DIRECTION('',(-1.4216030830958777E-14,-1,8.012274168935307E-15));
#6692=DIRECTION('',(-0.8622893950515631,1.631587514860411E-14,0.5064158362271161));
#6693=FACE_BOUND('',#6694,.T.);
#6694=EDGE_LOOP('',(#6695,#6696,#6697));
#6695=ORIENTED_EDGE('',*,*,#6698,.T.);
#6696=ORIENTED_EDGE('',*,*,#6699,.T.);
#6697=ORIENTED_EDGE('',*,*,#6700,.T.);
#6698=EDGE_CURVE('',#439,#441,#6701,.F.);
#6699=EDGE_CURVE('',#441,#427,#6702,.T.);
#6700=EDGE_CURVE('',#427,#439,#6703,.T.);
#6701=LINE('',#438,#6704);
#6702=LINE('',#440,#6705);
#6703=LINE('',#426,#6706);
#6704=VECTOR('',#6707,1.0);
#6705=VECTOR('',#6708,1.0);
#6706=VECTOR('',#6709,1.0);
#6707=DIRECTION('',(-0.8622893950515631,1.631587514860411E-14,0.5064158362271161));
#6708=DIRECTION('',(0.12765812707239915,-9.761511459768231E-15,-0.9918182306210989));
#6709=DIRECTION('',(0.49099456531345925,0,0.8711626351219657));
#6710=FACE_SURFACE('',(#6715),#6711,.T.);
#6711=PLANE('',#6712);
#6712=AXIS2_PLACEMENT_3D('',#440,#6713,#6714);
#6713=DIRECTION('',(5.913410903262253E-15,-1,1.060315902209479E-14));
#6714=DIRECTION('',(-0.49125526739857245,-1.2140511700427112E-14,-0.8710156498325143));
#6715=FACE_BOUND('',#6716,.T.);
#6716=EDGE_LOOP('',(#6717,#6718,#6719));
#6717=ORIENTED_EDGE('',*,*,#6720,.T.);
#6718=ORIENTED_EDGE('',*,*,#6721,.T.);
#6719=ORIENTED_EDGE('',*,*,#6722,.T.);
#6720=EDGE_CURVE('',#441,#429,#6723,.F.);
#6721=EDGE_CURVE('',#429,#427,#6724,.T.);
#6722=EDGE_CURVE('',#427,#441,#6725,.T.);
#6723=LINE('',#440,#6726);
#6724=LINE('',#428,#6727);
#6725=LINE('',#426,#6728);
#6726=VECTOR('',#6729,1.0);
#6727=VECTOR('',#6730,1.0);
#6728=VECTOR('',#6731,1.0);
#6729=DIRECTION('',(-0.49125526739857245,-1.2140511700427112E-14,-0.8710156498325143));
#6730=DIRECTION('',(0.8733599962816385,0,-0.48707526820290975));
#6731=DIRECTION('',(-0.12765812707239915,9.761511459768231E-15,0.9918182306210989));
#6732=FACE_SURFACE('',(#6737),#6733,.T.);
#6733=PLANE('',#6734);
#6734=AXIS2_PLACEMENT_3D('',#442,#6735,#6736);
#6735=DIRECTION('',(0.8711626351219657,0,-0.4909945653134592));
#6736=DIRECTION('',(0.46994593575664395,-0.28965663189408736,0.8338164384716732));
#6737=FACE_BOUND('',#6738,.T.);
#6738=EDGE_LOOP('',(#6739,#6740,#6741));
#6739=ORIENTED_EDGE('',*,*,#6742,.T.);
#6740=ORIENTED_EDGE('',*,*,#6743,.T.);
#6741=ORIENTED_EDGE('',*,*,#6744,.T.);
#6742=EDGE_CURVE('',#443,#439,#6745,.F.);
#6743=EDGE_CURVE('',#439,#427,#6746,.T.);
#6744=EDGE_CURVE('',#427,#443,#6747,.T.);
#6745=LINE('',#442,#6748);
#6746=LINE('',#438,#6749);
#6747=LINE('',#426,#6750);
#6748=VECTOR('',#6751,1.0);
#6749=VECTOR('',#6752,1.0);
#6750=VECTOR('',#6753,1.0);
#6751=DIRECTION('',(0.46994593575664395,-0.28965663189408736,0.8338164384716732));
#6752=DIRECTION('',(-0.49099456531345925,0,-0.8711626351219657));
#6753=DIRECTION('',(0,1,0));
#6754=FACE_SURFACE('',(#6759),#6755,.T.);
#6755=PLANE('',#6756);
#6756=AXIS2_PLACEMENT_3D('',#430,#6757,#6758);
#6757=DIRECTION('',(0.900003048680337,0,-0.43588359956082173));
#6758=DIRECTION('',(0.4358835995608218,0,0.9000030486803371));
#6759=FACE_BOUND('',#6760,.T.);
#6760=EDGE_LOOP('',(#6761,#6762,#6763));
#6761=ORIENTED_EDGE('',*,*,#6764,.T.);
#6762=ORIENTED_EDGE('',*,*,#6765,.T.);
#6763=ORIENTED_EDGE('',*,*,#6766,.T.);
#6764=EDGE_CURVE('',#431,#443,#6767,.F.);
#6765=EDGE_CURVE('',#443,#427,#6768,.T.);
#6766=EDGE_CURVE('',#427,#431,#6769,.T.);
#6767=LINE('',#430,#6770);
#6768=LINE('',#442,#6771);
#6769=LINE('',#426,#6772);
#6770=VECTOR('',#6773,1.0);
#6771=VECTOR('',#6774,1.0);
#6772=VECTOR('',#6775,1.0);
#6773=DIRECTION('',(0.4358835995608218,0,0.9000030486803371));
#6774=DIRECTION('',(0,-1,0));
#6775=DIRECTION('',(-0.4171975601062507,0.2896564991488761,-0.8614205177160621));
#6776=FACE_SURFACE('',(#6781),#6777,.T.);
#6777=PLANE('',#6778);
#6778=AXIS2_PLACEMENT_3D('',#436,#6779,#6780);
#6779=DIRECTION('',(-0,-1,0));
#6780=DIRECTION('',(-0.9165841850657275,0,0.39984175830870444));
#6781=FACE_BOUND('',#6782,.T.);
#6782=EDGE_LOOP('',(#6783,#6784,#6785));
#6783=ORIENTED_EDGE('',*,*,#6786,.T.);
#6784=ORIENTED_EDGE('',*,*,#6787,.T.);
#6785=ORIENTED_EDGE('',*,*,#6788,.T.);
#6786=EDGE_CURVE('',#437,#445,#6789,.F.);
#6787=EDGE_CURVE('',#445,#433,#6790,.T.);
#6788=EDGE_CURVE('',#433,#437,#6791,.T.);
#6789=LINE('',#436,#6792);
#6790=LINE('',#444,#6793);
#6791=LINE('',#432,#6794);
#6792=VECTOR('',#6795,1.0);
#6793=VECTOR('',#6796,1.0);
#6794=VECTOR('',#6797,1.0);
#6795=DIRECTION('',(-0.9165841850657275,0,0.39984175830870444));
#6796=DIRECTION('',(0.4909956604805844,0,-0.8711620178756846));
#6797=DIRECTION('',(0.873359600473673,0,0.48707597791357565));
#6798=FACE_SURFACE('',(#6803),#6799,.T.);
#6799=PLANE('',#6800);
#6800=AXIS2_PLACEMENT_3D('',#446,#6801,#6802);
#6801=DIRECTION('',(-0.8711620178756847,0,-0.49099566048058446));
#6802=DIRECTION('',(0.4909956604805844,0,-0.8711620178756846));
#6803=FACE_BOUND('',#6804,.T.);
#6804=EDGE_LOOP('',(#6805,#6806,#6807));
#6805=ORIENTED_EDGE('',*,*,#6808,.T.);
#6806=ORIENTED_EDGE('',*,*,#6809,.T.);
#6807=ORIENTED_EDGE('',*,*,#6810,.T.);
#6808=EDGE_CURVE('',#447,#435,#6811,.F.);
#6809=EDGE_CURVE('',#435,#433,#6812,.T.);
#6810=EDGE_CURVE('',#433,#447,#6813,.T.);
#6811=LINE('',#446,#6814);
#6812=LINE('',#434,#6815);
#6813=LINE('',#432,#6816);
#6814=VECTOR('',#6817,1.0);
#6815=VECTOR('',#6818,1.0);
#6816=VECTOR('',#6819,1.0);
#6817=DIRECTION('',(0.4909956604805844,0,-0.8711620178756846));
#6818=DIRECTION('',(0,-1,0));
#6819=DIRECTION('',(-0.4699470119113301,0.2896564438822545,0.8338158972537635));
#6820=FACE_SURFACE('',(#6825),#6821,.T.);
#6821=PLANE('',#6822);
#6822=AXIS2_PLACEMENT_3D('',#444,#6823,#6824);
#6823=DIRECTION('',(-0.8711620178756847,0,-0.49099566048058446));
#6824=DIRECTION('',(0,1,0));
#6825=FACE_BOUND('',#6826,.T.);
#6826=EDGE_LOOP('',(#6827,#6828,#6829));
#6827=ORIENTED_EDGE('',*,*,#6830,.T.);
#6828=ORIENTED_EDGE('',*,*,#6831,.T.);
#6829=ORIENTED_EDGE('',*,*,#6832,.T.);
#6830=EDGE_CURVE('',#445,#447,#6833,.F.);
#6831=EDGE_CURVE('',#447,#433,#6834,.T.);
#6832=EDGE_CURVE('',#433,#445,#6835,.T.);
#6833=LINE('',#444,#6836);
#6834=LINE('',#446,#6837);
#6835=LINE('',#432,#6838);
#6836=VECTOR('',#6839,1.0);
#6837=VECTOR('',#6840,1.0);
#6838=VECTOR('',#6841,1.0);
#6839=DIRECTION('',(0,1,0));
#6840=DIRECTION('',(0.4699470119113301,-0.2896564438822545,-0.8338158972537635));
#6841=DIRECTION('',(-0.4909956604805844,0,0.8711620178756846));
#6842=FACE_SURFACE('',(#6847),#6843,.T.);
#6843=PLANE('',#6844);
#6844=AXIS2_PLACEMENT_3D('',#448,#6845,#6846);
#6845=DIRECTION('',(0,-1,-0));
#6846=DIRECTION('',(-0.8622894561905332,0,-0.5064157321239484));
#6847=FACE_BOUND('',#6848,.T.);
#6848=EDGE_LOOP('',(#6849,#6850,#6851));
#6849=ORIENTED_EDGE('',*,*,#6852,.T.);
#6850=ORIENTED_EDGE('',*,*,#6853,.T.);
#6851=ORIENTED_EDGE('',*,*,#6854,.T.);
#6852=EDGE_CURVE('',#449,#445,#6855,.F.);
#6853=EDGE_CURVE('',#445,#437,#6856,.T.);
#6854=EDGE_CURVE('',#437,#449,#6857,.T.);
#6855=LINE('',#448,#6858);
#6856=LINE('',#444,#6859);
#6857=LINE('',#436,#6860);
#6858=VECTOR('',#6861,1.0);
#6859=VECTOR('',#6862,1.0);
#6860=VECTOR('',#6863,1.0);
#6861=DIRECTION('',(-0.8622894561905332,0,-0.5064157321239484));
#6862=DIRECTION('',(0.9165841850657275,0,-0.39984175830870444));
#6863=DIRECTION('',(-0.49125526739857245,0,0.8710156498325143));
#6864=FACE_SURFACE('',(#6869),#6865,.T.);
#6865=PLANE('',#6866);
#6866=AXIS2_PLACEMENT_3D('',#450,#6867,#6868);
#6867=DIRECTION('',(-1.367423776270801E-14,-1,8.870083680318493E-15));
#6868=DIRECTION('',(-0.8507653562163173,1.629520231635415E-14,0.5255457246159678));
#6869=FACE_BOUND('',#6870,.T.);
#6870=EDGE_LOOP('',(#6871,#6872,#6873));
#6871=ORIENTED_EDGE('',*,*,#6874,.T.);
#6872=ORIENTED_EDGE('',*,*,#6875,.T.);
#6873=ORIENTED_EDGE('',*,*,#6876,.T.);
#6874=EDGE_CURVE('',#451,#453,#6877,.F.);
#6875=EDGE_CURVE('',#453,#439,#6878,.T.);
#6876=EDGE_CURVE('',#439,#451,#6879,.T.);
#6877=LINE('',#450,#6880);
#6878=LINE('',#452,#6881);
#6879=LINE('',#438,#6882);
#6880=VECTOR('',#6883,1.0);
#6881=VECTOR('',#6884,1.0);
#6882=VECTOR('',#6885,1.0);
#6883=DIRECTION('',(-0.8507653562163173,1.629520231635415E-14,0.5255457246159678));
#6884=DIRECTION('',(0.08083986367747474,-9.946476320389645E-15,-0.9967271022905956));
#6885=DIRECTION('',(0.54420439840074,0,0.8389526641958346));
#6886=FACE_SURFACE('',(#6891),#6887,.T.);
#6887=PLANE('',#6888);
#6888=AXIS2_PLACEMENT_3D('',#452,#6889,#6890);
#6889=DIRECTION('',(-1.3714146971569616E-14,-1,8.866846831439363E-15));
#6890=DIRECTION('',(-0.5429485475583826,0,-0.8397659642449453));
#6891=FACE_BOUND('',#6892,.T.);
#6892=EDGE_LOOP('',(#6893,#6894,#6895));
#6893=ORIENTED_EDGE('',*,*,#6896,.T.);
#6894=ORIENTED_EDGE('',*,*,#6897,.T.);
#6895=ORIENTED_EDGE('',*,*,#6898,.T.);
#6896=EDGE_CURVE('',#453,#441,#6899,.F.);
#6897=EDGE_CURVE('',#441,#439,#6900,.T.);
#6898=EDGE_CURVE('',#439,#453,#6901,.T.);
#6899=LINE('',#452,#6902);
#6900=LINE('',#440,#6903);
#6901=LINE('',#438,#6904);
#6902=VECTOR('',#6905,1.0);
#6903=VECTOR('',#6906,1.0);
#6904=VECTOR('',#6907,1.0);
#6905=DIRECTION('',(-0.5429485475583826,0,-0.8397659642449453));
#6906=DIRECTION('',(0.8622893950515631,-1.631587514860411E-14,-0.5064158362271161));
#6907=DIRECTION('',(-0.08083986367747474,9.946476320389645E-15,0.9967271022905956));
#6908=FACE_SURFACE('',(#6913),#6909,.T.);
#6909=PLANE('',#6910);
#6910=AXIS2_PLACEMENT_3D('',#454,#6911,#6912);
#6911=DIRECTION('',(0.8389526641958346,0,-0.54420439840074));
#6912=DIRECTION('',(0.5208745994464148,-0.28965722191824544,0.8029871390266105));
#6913=FACE_BOUND('',#6914,.T.);
#6914=EDGE_LOOP('',(#6915,#6916,#6917));
#6915=ORIENTED_EDGE('',*,*,#6918,.T.);
#6916=ORIENTED_EDGE('',*,*,#6919,.T.);
#6917=ORIENTED_EDGE('',*,*,#6920,.T.);
#6918=EDGE_CURVE('',#455,#451,#6921,.F.);
#6919=EDGE_CURVE('',#451,#439,#6922,.T.);
#6920=EDGE_CURVE('',#439,#455,#6923,.T.);
#6921=LINE('',#454,#6924);
#6922=LINE('',#450,#6925);
#6923=LINE('',#438,#6926);
#6924=VECTOR('',#6927,1.0);
#6925=VECTOR('',#6928,1.0);
#6926=VECTOR('',#6929,1.0);
#6927=DIRECTION('',(0.5208745994464148,-0.28965722191824544,0.8029871390266105));
#6928=DIRECTION('',(-0.54420439840074,0,-0.8389526641958346));
#6929=DIRECTION('',(0,1,0));
#6930=FACE_SURFACE('',(#6935),#6931,.T.);
#6931=PLANE('',#6932);
#6932=AXIS2_PLACEMENT_3D('',#442,#6933,#6934);
#6933=DIRECTION('',(0.8711626351219657,0,-0.4909945653134592));
#6934=DIRECTION('',(0.49099456531345925,0,0.8711626351219657));
#6935=FACE_BOUND('',#6936,.T.);
#6936=EDGE_LOOP('',(#6937,#6938,#6939));
#6937=ORIENTED_EDGE('',*,*,#6940,.T.);
#6938=ORIENTED_EDGE('',*,*,#6941,.T.);
#6939=ORIENTED_EDGE('',*,*,#6942,.T.);
#6940=EDGE_CURVE('',#443,#455,#6943,.F.);
#6941=EDGE_CURVE('',#455,#439,#6944,.T.);
#6942=EDGE_CURVE('',#439,#443,#6945,.T.);
#6943=LINE('',#442,#6946);
#6944=LINE('',#454,#6947);
#6945=LINE('',#438,#6948);
#6946=VECTOR('',#6949,1.0);
#6947=VECTOR('',#6950,1.0);
#6948=VECTOR('',#6951,1.0);
#6949=DIRECTION('',(0.49099456531345925,0,0.8711626351219657));
#6950=DIRECTION('',(0,-1,0));
#6951=DIRECTION('',(-0.46994593575664395,0.28965663189408736,-0.8338164384716732));
#6952=FACE_SURFACE('',(#6957),#6953,.T.);
#6953=PLANE('',#6954);
#6954=AXIS2_PLACEMENT_3D('',#448,#6955,#6956);
#6955=DIRECTION('',(-0,-1,0));
#6956=DIRECTION('',(-0.9345104057803,0,0.35593581091025256));
#6957=FACE_BOUND('',#6958,.T.);
#6958=EDGE_LOOP('',(#6959,#6960,#6961));
#6959=ORIENTED_EDGE('',*,*,#6962,.T.);
#6960=ORIENTED_EDGE('',*,*,#6963,.T.);
#6961=ORIENTED_EDGE('',*,*,#6964,.T.);
#6962=EDGE_CURVE('',#449,#457,#6965,.F.);
#6963=EDGE_CURVE('',#457,#445,#6966,.T.);
#6964=EDGE_CURVE('',#445,#449,#6967,.T.);
#6965=LINE('',#448,#6968);
#6966=LINE('',#456,#6969);
#6967=LINE('',#444,#6970);
#6968=VECTOR('',#6971,1.0);
#6969=VECTOR('',#6972,1.0);
#6970=VECTOR('',#6973,1.0);
#6971=DIRECTION('',(-0.9345104057803,0,0.35593581091025256));
#6972=DIRECTION('',(0.5442031287948935,0,-0.8389534877511675));
#6973=DIRECTION('',(0.8622894561905332,0,0.5064157321239484));
#6974=FACE_SURFACE('',(#6979),#6975,.T.);
#6975=PLANE('',#6976);
#6976=AXIS2_PLACEMENT_3D('',#458,#6977,#6978);
#6977=DIRECTION('',(-0.8389534877511675,0,-0.5442031287948934));
#6978=DIRECTION('',(0.5442031287948935,0,-0.8389534877511675));
#6979=FACE_BOUND('',#6980,.T.);
#6980=EDGE_LOOP('',(#6981,#6982,#6983));
#6981=ORIENTED_EDGE('',*,*,#6984,.T.);
#6982=ORIENTED_EDGE('',*,*,#6985,.T.);
#6983=ORIENTED_EDGE('',*,*,#6986,.T.);
#6984=EDGE_CURVE('',#459,#447,#6987,.F.);
#6985=EDGE_CURVE('',#447,#445,#6988,.T.);
#6986=EDGE_CURVE('',#445,#459,#6989,.T.);
#6987=LINE('',#458,#6990);
#6988=LINE('',#446,#6991);
#6989=LINE('',#444,#6992);
#6990=VECTOR('',#6993,1.0);
#6991=VECTOR('',#6994,1.0);
#6992=VECTOR('',#6995,1.0);
#6993=DIRECTION('',(0.5442031287948935,0,-0.8389534877511675));
#6994=DIRECTION('',(0,-1,0));
#6995=DIRECTION('',(-0.5208733413680934,0.2896574824027525,0.802987861141211));
#6996=FACE_SURFACE('',(#7001),#6997,.T.);
#6997=PLANE('',#6998);
#6998=AXIS2_PLACEMENT_3D('',#456,#6999,#7000);
#6999=DIRECTION('',(-0.8389534877511675,0,-0.5442031287948934));
#7000=DIRECTION('',(0,1,0));
#7001=FACE_BOUND('',#7002,.T.);
#7002=EDGE_LOOP('',(#7003,#7004,#7005));
#7003=ORIENTED_EDGE('',*,*,#7006,.T.);
#7004=ORIENTED_EDGE('',*,*,#7007,.T.);
#7005=ORIENTED_EDGE('',*,*,#7008,.T.);
#7006=EDGE_CURVE('',#457,#459,#7009,.F.);
#7007=EDGE_CURVE('',#459,#445,#7010,.T.);
#7008=EDGE_CURVE('',#445,#457,#7011,.T.);
#7009=LINE('',#456,#7012);
#7010=LINE('',#458,#7013);
#7011=LINE('',#444,#7014);
#7012=VECTOR('',#7015,1.0);
#7013=VECTOR('',#7016,1.0);
#7014=VECTOR('',#7017,1.0);
#7015=DIRECTION('',(0,1,0));
#7016=DIRECTION('',(0.5208733413680934,-0.2896574824027525,-0.802987861141211));
#7017=DIRECTION('',(-0.5442031287948935,0,0.8389534877511675));
#7018=FACE_SURFACE('',(#7023),#7019,.T.);
#7019=PLANE('',#7020);
#7020=AXIS2_PLACEMENT_3D('',#460,#7021,#7022);
#7021=DIRECTION('',(0,-1,-0));
#7022=DIRECTION('',(-0.85076463283343,0,-0.5255468956428142));
#7023=FACE_BOUND('',#7024,.T.);
#7024=EDGE_LOOP('',(#7025,#7026,#7027));
#7025=ORIENTED_EDGE('',*,*,#7028,.T.);
#7026=ORIENTED_EDGE('',*,*,#7029,.T.);
#7027=ORIENTED_EDGE('',*,*,#7030,.T.);
#7028=EDGE_CURVE('',#461,#457,#7031,.F.);
#7029=EDGE_CURVE('',#457,#449,#7032,.T.);
#7030=EDGE_CURVE('',#449,#461,#7033,.T.);
#7031=LINE('',#460,#7034);
#7032=LINE('',#456,#7035);
#7033=LINE('',#448,#7036);
#7034=VECTOR('',#7037,1.0);
#7035=VECTOR('',#7038,1.0);
#7036=VECTOR('',#7039,1.0);
#7037=DIRECTION('',(-0.85076463283343,0,-0.5255468956428142));
#7038=DIRECTION('',(0.9345104057803,0,-0.35593581091025256));
#7039=DIRECTION('',(-0.5429487977512675,0,0.8397658024833193));
#7040=FACE_SURFACE('',(#7045),#7041,.T.);
#7041=PLANE('',#7042);
#7042=AXIS2_PLACEMENT_3D('',#462,#7043,#7044);
#7043=DIRECTION('',(-1.3081793797106275E-14,-1,9.692292758905122E-15));
#7044=DIRECTION('',(-0.8387338611535052,1.624999963749899E-14,0.5445415596210565));
#7045=FACE_BOUND('',#7046,.T.);
#7046=EDGE_LOOP('',(#7047,#7048,#7049));
#7047=ORIENTED_EDGE('',*,*,#7050,.T.);
#7048=ORIENTED_EDGE('',*,*,#7051,.T.);
#7049=ORIENTED_EDGE('',*,*,#7052,.T.);
#7050=EDGE_CURVE('',#463,#465,#7053,.F.);
#7051=EDGE_CURVE('',#465,#451,#7054,.T.);
#7052=EDGE_CURVE('',#451,#463,#7055,.T.);
#7053=LINE('',#462,#7056);
#7054=LINE('',#464,#7057);
#7055=LINE('',#450,#7058);
#7056=VECTOR('',#7059,1.0);
#7057=VECTOR('',#7060,1.0);
#7058=VECTOR('',#7061,1.0);
#7059=DIRECTION('',(-0.8387338611535052,1.624999963749899E-14,0.5445415596210565));
#7060=DIRECTION('',(0.03438888106200577,-1.013642828533762E-14,-0.9994085275097983));
#7061=DIRECTION('',(0.5953098467268532,0,0.8034962267428832));
#7062=FACE_SURFACE('',(#7067),#7063,.T.);
#7063=PLANE('',#7064);
#7064=AXIS2_PLACEMENT_3D('',#464,#7065,#7066);
#7065=DIRECTION('',(-1.316816813771993E-14,-1,9.68932068407845E-15));
#7066=DIRECTION('',(-0.5926621388403144,0,-0.805451171198617));
#7067=FACE_BOUND('',#7068,.T.);
#7068=EDGE_LOOP('',(#7069,#7070,#7071));
#7069=ORIENTED_EDGE('',*,*,#7072,.T.);
#7070=ORIENTED_EDGE('',*,*,#7073,.T.);
#7071=ORIENTED_EDGE('',*,*,#7074,.T.);
#7072=EDGE_CURVE('',#465,#453,#7075,.F.);
#7073=EDGE_CURVE('',#453,#451,#7076,.T.);
#7074=EDGE_CURVE('',#451,#465,#7077,.T.);
#7075=LINE('',#464,#7078);
#7076=LINE('',#452,#7079);
#7077=LINE('',#450,#7080);
#7078=VECTOR('',#7081,1.0);
#7079=VECTOR('',#7082,1.0);
#7080=VECTOR('',#7083,1.0);
#7081=DIRECTION('',(-0.5926621388403144,0,-0.805451171198617));
#7082=DIRECTION('',(0.8507653562163173,-1.629520231635415E-14,-0.5255457246159678));
#7083=DIRECTION('',(-0.03438888106200577,1.013642828533762E-14,0.9994085275097983));
#7084=FACE_SURFACE('',(#7089),#7085,.T.);
#7085=PLANE('',#7086);
#7086=AXIS2_PLACEMENT_3D('',#466,#7087,#7088);
#7087=DIRECTION('',(0.8034962267428832,0,-0.595309846726853));
#7088=DIRECTION('',(0.5697892121112996,-0.289657044120333,0.7690507464095305));
#7089=FACE_BOUND('',#7090,.T.);
#7090=EDGE_LOOP('',(#7091,#7092,#7093));
#7091=ORIENTED_EDGE('',*,*,#7094,.T.);
#7092=ORIENTED_EDGE('',*,*,#7095,.T.);
#7093=ORIENTED_EDGE('',*,*,#7096,.T.);
#7094=EDGE_CURVE('',#467,#463,#7097,.F.);
#7095=EDGE_CURVE('',#463,#451,#7098,.T.);
#7096=EDGE_CURVE('',#451,#467,#7099,.T.);
#7097=LINE('',#466,#7100);
#7098=LINE('',#462,#7101);
#7099=LINE('',#450,#7102);
#7100=VECTOR('',#7103,1.0);
#7101=VECTOR('',#7104,1.0);
#7102=VECTOR('',#7105,1.0);
#7103=DIRECTION('',(0.5697892121112996,-0.289657044120333,0.7690507464095305));
#7104=DIRECTION('',(-0.5953098467268532,0,-0.8034962267428832));
#7105=DIRECTION('',(0,1,0));
#7106=FACE_SURFACE('',(#7111),#7107,.T.);
#7107=PLANE('',#7108);
#7108=AXIS2_PLACEMENT_3D('',#454,#7109,#7110);
#7109=DIRECTION('',(0.8389526641958346,0,-0.54420439840074));
#7110=DIRECTION('',(0.54420439840074,0,0.8389526641958346));
#7111=FACE_BOUND('',#7112,.T.);
#7112=EDGE_LOOP('',(#7113,#7114,#7115));
#7113=ORIENTED_EDGE('',*,*,#7116,.T.);
#7114=ORIENTED_EDGE('',*,*,#7117,.T.);
#7115=ORIENTED_EDGE('',*,*,#7118,.T.);
#7116=EDGE_CURVE('',#455,#467,#7119,.F.);
#7117=EDGE_CURVE('',#467,#451,#7120,.T.);
#7118=EDGE_CURVE('',#451,#455,#7121,.T.);
#7119=LINE('',#454,#7122);
#7120=LINE('',#466,#7123);
#7121=LINE('',#450,#7124);
#7122=VECTOR('',#7125,1.0);
#7123=VECTOR('',#7126,1.0);
#7124=VECTOR('',#7127,1.0);
#7125=DIRECTION('',(0.54420439840074,0,0.8389526641958346));
#7126=DIRECTION('',(0,-1,0));
#7127=DIRECTION('',(-0.5208745994464148,0.28965722191824544,-0.8029871390266105));
#7128=FACE_SURFACE('',(#7133),#7129,.T.);
#7129=PLANE('',#7130);
#7130=AXIS2_PLACEMENT_3D('',#460,#7131,#7132);
#7131=DIRECTION('',(-0,-1,0));
#7132=DIRECTION('',(-0.9504937165733736,0,0.3107437766947802));
#7133=FACE_BOUND('',#7134,.T.);
#7134=EDGE_LOOP('',(#7135,#7136,#7137));
#7135=ORIENTED_EDGE('',*,*,#7138,.T.);
#7136=ORIENTED_EDGE('',*,*,#7139,.T.);
#7137=ORIENTED_EDGE('',*,*,#7140,.T.);
#7138=EDGE_CURVE('',#461,#469,#7141,.F.);
#7139=EDGE_CURVE('',#469,#457,#7142,.T.);
#7140=EDGE_CURVE('',#457,#461,#7143,.T.);
#7141=LINE('',#460,#7144);
#7142=LINE('',#468,#7145);
#7143=LINE('',#456,#7146);
#7144=VECTOR('',#7147,1.0);
#7145=VECTOR('',#7148,1.0);
#7146=VECTOR('',#7149,1.0);
#7147=DIRECTION('',(-0.9504937165733736,0,0.3107437766947802));
#7148=DIRECTION('',(0.5953114771029807,0,-0.8034950187956782));
#7149=DIRECTION('',(0.85076463283343,0,0.5255468956428142));
#7150=FACE_SURFACE('',(#7155),#7151,.T.);
#7151=PLANE('',#7152);
#7152=AXIS2_PLACEMENT_3D('',#470,#7153,#7154);
#7153=DIRECTION('',(-0.8034950187956781,0,-0.5953114771029807));
#7154=DIRECTION('',(0.5953114771029807,0,-0.8034950187956782));
#7155=FACE_BOUND('',#7156,.T.);
#7156=EDGE_LOOP('',(#7157,#7158,#7159));
#7157=ORIENTED_EDGE('',*,*,#7160,.T.);
#7158=ORIENTED_EDGE('',*,*,#7161,.T.);
#7159=ORIENTED_EDGE('',*,*,#7162,.T.);
#7160=EDGE_CURVE('',#471,#459,#7163,.F.);
#7161=EDGE_CURVE('',#459,#457,#7164,.T.);
#7162=EDGE_CURVE('',#457,#471,#7165,.T.);
#7163=LINE('',#470,#7166);
#7164=LINE('',#458,#7167);
#7165=LINE('',#456,#7168);
#7166=VECTOR('',#7169,1.0);
#7167=VECTOR('',#7170,1.0);
#7168=VECTOR('',#7171,1.0);
#7169=DIRECTION('',(0.5953114771029807,0,-0.8034950187956782));
#7170=DIRECTION('',(0,-1,0));
#7171=DIRECTION('',(-0.569790844463991,0.2896566451959325,0.7690496872496925));
#7172=FACE_SURFACE('',(#7177),#7173,.T.);
#7173=PLANE('',#7174);
#7174=AXIS2_PLACEMENT_3D('',#468,#7175,#7176);
#7175=DIRECTION('',(-0.8034950187956781,0,-0.5953114771029807));
#7176=DIRECTION('',(0,1,0));
#7177=FACE_BOUND('',#7178,.T.);
#7178=EDGE_LOOP('',(#7179,#7180,#7181));
#7179=ORIENTED_EDGE('',*,*,#7182,.T.);
#7180=ORIENTED_EDGE('',*,*,#7183,.T.);
#7181=ORIENTED_EDGE('',*,*,#7184,.T.);
#7182=EDGE_CURVE('',#469,#471,#7185,.F.);
#7183=EDGE_CURVE('',#471,#457,#7186,.T.);
#7184=EDGE_CURVE('',#457,#469,#7187,.T.);
#7185=LINE('',#468,#7188);
#7186=LINE('',#470,#7189);
#7187=LINE('',#456,#7190);
#7188=VECTOR('',#7191,1.0);
#7189=VECTOR('',#7192,1.0);
#7190=VECTOR('',#7193,1.0);
#7191=DIRECTION('',(0,1,0));
#7192=DIRECTION('',(0.569790844463991,-0.2896566451959325,-0.7690496872496925));
#7193=DIRECTION('',(-0.5953114771029807,0,0.8034950187956782));
#7194=FACE_SURFACE('',(#7199),#7195,.T.);
#7195=PLANE('',#7196);
#7196=AXIS2_PLACEMENT_3D('',#472,#7197,#7198);
#7197=DIRECTION('',(0,-1,-0));
#7198=DIRECTION('',(-0.8387340019651192,0,-0.544541342734944));
#7199=FACE_BOUND('',#7200,.T.);
#7200=EDGE_LOOP('',(#7201,#7202,#7203));
#7201=ORIENTED_EDGE('',*,*,#7204,.T.);
#7202=ORIENTED_EDGE('',*,*,#7205,.T.);
#7203=ORIENTED_EDGE('',*,*,#7206,.T.);
#7204=EDGE_CURVE('',#473,#469,#7207,.F.);
#7205=EDGE_CURVE('',#469,#461,#7208,.T.);
#7206=EDGE_CURVE('',#461,#473,#7209,.T.);
#7207=LINE('',#472,#7210);
#7208=LINE('',#468,#7211);
#7209=LINE('',#460,#7212);
#7210=VECTOR('',#7213,1.0);
#7211=VECTOR('',#7214,1.0);
#7212=VECTOR('',#7215,1.0);
#7213=DIRECTION('',(-0.8387340019651192,0,-0.544541342734944));
#7214=DIRECTION('',(0.9504937165733736,0,-0.3107437766947802));
#7215=DIRECTION('',(-0.5926622539225167,0,0.8054510865195242));
#7216=FACE_SURFACE('',(#7221),#7217,.T.);
#7217=PLANE('',#7218);
#7218=AXIS2_PLACEMENT_3D('',#474,#7219,#7220);
#7219=DIRECTION('',(-0,-1,0));
#7220=DIRECTION('',(-0.8261277104510625,0,0.5634829243418874));
#7221=FACE_BOUND('',#7222,.T.);
#7222=EDGE_LOOP('',(#7223,#7224,#7225));
#7223=ORIENTED_EDGE('',*,*,#7226,.T.);
#7224=ORIENTED_EDGE('',*,*,#7227,.T.);
#7225=ORIENTED_EDGE('',*,*,#7228,.T.);
#7226=EDGE_CURVE('',#475,#477,#7229,.F.);
#7227=EDGE_CURVE('',#477,#463,#7230,.T.);
#7228=EDGE_CURVE('',#463,#475,#7231,.T.);
#7229=LINE('',#474,#7232);
#7230=LINE('',#476,#7233);
#7231=LINE('',#462,#7234);
#7232=VECTOR('',#7235,1.0);
#7233=VECTOR('',#7236,1.0);
#7234=VECTOR('',#7237,1.0);
#7235=DIRECTION('',(-0.8261277104510625,0,0.5634829243418874));
#7236=DIRECTION('',(-0.011563292386997224,0,-0.9999331428996504));
#7237=DIRECTION('',(0.644109860522824,0,0.7649329954821324));
#7238=FACE_SURFACE('',(#7243),#7239,.T.);
#7239=PLANE('',#7240);
#7240=AXIS2_PLACEMENT_3D('',#476,#7241,#7242);
#7241=DIRECTION('',(-1.923006387926711E-14,-1,2.2237771878606006E-16));
#7242=DIRECTION('',(-0.6402132237120663,1.2140511234380174E-14,-0.7681972586414272));
#7243=FACE_BOUND('',#7244,.T.);
#7244=EDGE_LOOP('',(#7245,#7246,#7247));
#7245=ORIENTED_EDGE('',*,*,#7248,.T.);
#7246=ORIENTED_EDGE('',*,*,#7249,.T.);
#7247=ORIENTED_EDGE('',*,*,#7250,.T.);
#7248=EDGE_CURVE('',#477,#465,#7251,.F.);
#7249=EDGE_CURVE('',#465,#463,#7252,.T.);
#7250=EDGE_CURVE('',#463,#477,#7253,.T.);
#7251=LINE('',#476,#7254);
#7252=LINE('',#464,#7255);
#7253=LINE('',#462,#7256);
#7254=VECTOR('',#7257,1.0);
#7255=VECTOR('',#7258,1.0);
#7256=VECTOR('',#7259,1.0);
#7257=DIRECTION('',(-0.6402132237120663,1.2140511234380174E-14,-0.7681972586414272));
#7258=DIRECTION('',(0.8387338611535052,-1.624999963749899E-14,-0.5445415596210565));
#7259=DIRECTION('',(0.011563292386997224,0,0.9999331428996504));
#7260=FACE_SURFACE('',(#7265),#7261,.T.);
#7261=PLANE('',#7262);
#7262=AXIS2_PLACEMENT_3D('',#478,#7263,#7264);
#7263=DIRECTION('',(0.7649329954821324,0,-0.644109860522824));
#7264=DIRECTION('',(0.6164973222880139,-0.28965638489059375,0.7321408541420299));
#7265=FACE_BOUND('',#7266,.T.);
#7266=EDGE_LOOP('',(#7267,#7268,#7269));
#7267=ORIENTED_EDGE('',*,*,#7270,.T.);
#7268=ORIENTED_EDGE('',*,*,#7271,.T.);
#7269=ORIENTED_EDGE('',*,*,#7272,.T.);
#7270=EDGE_CURVE('',#479,#475,#7273,.F.);
#7271=EDGE_CURVE('',#475,#463,#7274,.T.);
#7272=EDGE_CURVE('',#463,#479,#7275,.T.);
#7273=LINE('',#478,#7276);
#7274=LINE('',#474,#7277);
#7275=LINE('',#462,#7278);
#7276=VECTOR('',#7279,1.0);
#7277=VECTOR('',#7280,1.0);
#7278=VECTOR('',#7281,1.0);
#7279=DIRECTION('',(0.6164973222880139,-0.28965638489059375,0.7321408541420299));
#7280=DIRECTION('',(-0.644109860522824,0,-0.7649329954821324));
#7281=DIRECTION('',(0,1,0));
#7282=FACE_SURFACE('',(#7287),#7283,.T.);
#7283=PLANE('',#7284);
#7284=AXIS2_PLACEMENT_3D('',#466,#7285,#7286);
#7285=DIRECTION('',(0.8034962267428832,0,-0.595309846726853));
#7286=DIRECTION('',(0.5953098467268532,0,0.8034962267428832));
#7287=FACE_BOUND('',#7288,.T.);
#7288=EDGE_LOOP('',(#7289,#7290,#7291));
#7289=ORIENTED_EDGE('',*,*,#7292,.T.);
#7290=ORIENTED_EDGE('',*,*,#7293,.T.);
#7291=ORIENTED_EDGE('',*,*,#7294,.T.);
#7292=EDGE_CURVE('',#467,#479,#7295,.F.);
#7293=EDGE_CURVE('',#479,#463,#7296,.T.);
#7294=EDGE_CURVE('',#463,#467,#7297,.T.);
#7295=LINE('',#466,#7298);
#7296=LINE('',#478,#7299);
#7297=LINE('',#462,#7300);
#7298=VECTOR('',#7301,1.0);
#7299=VECTOR('',#7302,1.0);
#7300=VECTOR('',#7303,1.0);
#7301=DIRECTION('',(0.5953098467268532,0,0.8034962267428832));
#7302=DIRECTION('',(0,-1,0));
#7303=DIRECTION('',(-0.5697892121112996,0.289657044120333,-0.7690507464095305));
#7304=FACE_SURFACE('',(#7309),#7305,.T.);
#7305=PLANE('',#7306);
#7306=AXIS2_PLACEMENT_3D('',#472,#7307,#7308);
#7307=DIRECTION('',(-0,-1,0));
#7308=DIRECTION('',(-0.9644198047525173,0,0.26437556657360795));
#7309=FACE_BOUND('',#7310,.T.);
#7310=EDGE_LOOP('',(#7311,#7312,#7313));
#7311=ORIENTED_EDGE('',*,*,#7314,.T.);
#7312=ORIENTED_EDGE('',*,*,#7315,.T.);
#7313=ORIENTED_EDGE('',*,*,#7316,.T.);
#7314=EDGE_CURVE('',#473,#481,#7317,.F.);
#7315=EDGE_CURVE('',#481,#469,#7318,.T.);
#7316=EDGE_CURVE('',#469,#473,#7319,.T.);
#7317=LINE('',#472,#7320);
#7318=LINE('',#480,#7321);
#7319=LINE('',#468,#7322);
#7320=VECTOR('',#7323,1.0);
#7321=VECTOR('',#7324,1.0);
#7322=VECTOR('',#7325,1.0);
#7323=DIRECTION('',(-0.9644198047525173,0,0.26437556657360795));
#7324=DIRECTION('',(0.6441094383414466,0,-0.764933350978676));
#7325=DIRECTION('',(0.8387340019651192,0,0.544541342734944));
#7326=FACE_SURFACE('',(#7331),#7327,.T.);
#7327=PLANE('',#7328);
#7328=AXIS2_PLACEMENT_3D('',#482,#7329,#7330);
#7329=DIRECTION('',(-0.764933350978676,0,-0.6441094383414466));
#7330=DIRECTION('',(0.6441094383414466,0,-0.764933350978676));
#7331=FACE_BOUND('',#7332,.T.);
#7332=EDGE_LOOP('',(#7333,#7334,#7335));
#7333=ORIENTED_EDGE('',*,*,#7336,.T.);
#7334=ORIENTED_EDGE('',*,*,#7337,.T.);
#7335=ORIENTED_EDGE('',*,*,#7338,.T.);
#7336=EDGE_CURVE('',#483,#471,#7339,.F.);
#7337=EDGE_CURVE('',#471,#469,#7340,.T.);
#7338=EDGE_CURVE('',#469,#483,#7341,.T.);
#7339=LINE('',#482,#7342);
#7340=LINE('',#470,#7343);
#7341=LINE('',#468,#7344);
#7342=VECTOR('',#7345,1.0);
#7343=VECTOR('',#7346,1.0);
#7344=VECTOR('',#7347,1.0);
#7345=DIRECTION('',(0.6441094383414466,0,-0.764933350978676));
#7346=DIRECTION('',(0,-1,0));
#7347=DIRECTION('',(-0.6164968941666553,0.2896565082117427,0.7321411658508545));
#7348=FACE_SURFACE('',(#7353),#7349,.T.);
#7349=PLANE('',#7350);
#7350=AXIS2_PLACEMENT_3D('',#480,#7351,#7352);
#7351=DIRECTION('',(-0.764933350978676,0,-0.6441094383414466));
#7352=DIRECTION('',(0,1,0));
#7353=FACE_BOUND('',#7354,.T.);
#7354=EDGE_LOOP('',(#7355,#7356,#7357));
#7355=ORIENTED_EDGE('',*,*,#7358,.T.);
#7356=ORIENTED_EDGE('',*,*,#7359,.T.);
#7357=ORIENTED_EDGE('',*,*,#7360,.T.);
#7358=EDGE_CURVE('',#481,#483,#7361,.F.);
#7359=EDGE_CURVE('',#483,#469,#7362,.T.);
#7360=EDGE_CURVE('',#469,#481,#7363,.T.);
#7361=LINE('',#480,#7364);
#7362=LINE('',#482,#7365);
#7363=LINE('',#468,#7366);
#7364=VECTOR('',#7367,1.0);
#7365=VECTOR('',#7368,1.0);
#7366=VECTOR('',#7369,1.0);
#7367=DIRECTION('',(0,1,0));
#7368=DIRECTION('',(0.6164968941666553,-0.2896565082117427,-0.7321411658508545));
#7369=DIRECTION('',(-0.6441094383414466,0,0.764933350978676));
#7370=FACE_SURFACE('',(#7375),#7371,.T.);
#7371=PLANE('',#7372);
#7372=AXIS2_PLACEMENT_3D('',#484,#7373,#7374);
#7373=DIRECTION('',(0,-1,-0));
#7374=DIRECTION('',(-0.8261280107252128,0,-0.5634824841068289));
#7375=FACE_BOUND('',#7376,.T.);
#7376=EDGE_LOOP('',(#7377,#7378,#7379));
#7377=ORIENTED_EDGE('',*,*,#7380,.T.);
#7378=ORIENTED_EDGE('',*,*,#7381,.T.);
#7379=ORIENTED_EDGE('',*,*,#7382,.T.);
#7380=EDGE_CURVE('',#485,#481,#7383,.F.);
#7381=EDGE_CURVE('',#481,#473,#7384,.T.);
#7382=EDGE_CURVE('',#473,#485,#7385,.T.);
#7383=LINE('',#484,#7386);
#7384=LINE('',#480,#7387);
#7385=LINE('',#472,#7388);
#7386=VECTOR('',#7389,1.0);
#7387=VECTOR('',#7390,1.0);
#7388=VECTOR('',#7391,1.0);
#7389=DIRECTION('',(-0.8261280107252128,0,-0.5634824841068289));
#7390=DIRECTION('',(0.9644198047525173,0,-0.26437556657360795));
#7391=DIRECTION('',(-0.6402125956139401,0,0.7681977820960314));
#7392=FACE_SURFACE('',(#7397),#7393,.T.);
#7393=PLANE('',#7394);
#7394=AXIS2_PLACEMENT_3D('',#486,#7395,#7396);
#7395=DIRECTION('',(-0,-1,0));
#7396=DIRECTION('',(-0.8128669603407672,0,0.5824494010524532));
#7397=FACE_BOUND('',#7398,.T.);
#7398=EDGE_LOOP('',(#7399,#7400,#7401));
#7399=ORIENTED_EDGE('',*,*,#7402,.T.);
#7400=ORIENTED_EDGE('',*,*,#7403,.T.);
#7401=ORIENTED_EDGE('',*,*,#7404,.T.);
#7402=EDGE_CURVE('',#487,#489,#7405,.F.);
#7403=EDGE_CURVE('',#489,#475,#7406,.T.);
#7404=EDGE_CURVE('',#475,#487,#7407,.T.);
#7405=LINE('',#486,#7408);
#7406=LINE('',#488,#7409);
#7407=LINE('',#474,#7410);
#7408=VECTOR('',#7411,1.0);
#7409=VECTOR('',#7412,1.0);
#7410=VECTOR('',#7413,1.0);
#7411=DIRECTION('',(-0.8128669603407672,0,0.5824494010524532));
#7412=DIRECTION('',(-0.056894351877318936,0,-0.9983802044934884));
#7413=DIRECTION('',(0.6904193375022671,0,0.7234093850669416));
#7414=FACE_SURFACE('',(#7419),#7415,.T.);
#7415=PLANE('',#7416);
#7416=AXIS2_PLACEMENT_3D('',#488,#7417,#7418);
#7417=DIRECTION('',(0,-1,0));
#7418=DIRECTION('',(-0.685426591624533,0,-0.7281417358550296));
#7419=FACE_BOUND('',#7420,.T.);
#7420=EDGE_LOOP('',(#7421,#7422,#7423));
#7421=ORIENTED_EDGE('',*,*,#7424,.T.);
#7422=ORIENTED_EDGE('',*,*,#7425,.T.);
#7423=ORIENTED_EDGE('',*,*,#7426,.T.);
#7424=EDGE_CURVE('',#489,#477,#7427,.F.);
#7425=EDGE_CURVE('',#477,#475,#7428,.T.);
#7426=EDGE_CURVE('',#475,#489,#7429,.T.);
#7427=LINE('',#488,#7430);
#7428=LINE('',#476,#7431);
#7429=LINE('',#474,#7432);
#7430=VECTOR('',#7433,1.0);
#7431=VECTOR('',#7434,1.0);
#7432=VECTOR('',#7435,1.0);
#7433=DIRECTION('',(-0.685426591624533,0,-0.7281417358550296));
#7434=DIRECTION('',(0.8261277104510625,0,-0.5634829243418874));
#7435=DIRECTION('',(0.056894351877318936,0,0.9983802044934884));
#7436=FACE_SURFACE('',(#7441),#7437,.T.);
#7437=PLANE('',#7438);
#7438=AXIS2_PLACEMENT_3D('',#490,#7439,#7440);
#7439=DIRECTION('',(0.7234093850669416,0,-0.690419337502267));
#7440=DIRECTION('',(0.6608214177246063,-0.2896569913999776,0.6923971990191429));
#7441=FACE_BOUND('',#7442,.T.);
#7442=EDGE_LOOP('',(#7443,#7444,#7445));
#7443=ORIENTED_EDGE('',*,*,#7446,.T.);
#7444=ORIENTED_EDGE('',*,*,#7447,.T.);
#7445=ORIENTED_EDGE('',*,*,#7448,.T.);
#7446=EDGE_CURVE('',#491,#487,#7449,.F.);
#7447=EDGE_CURVE('',#487,#475,#7450,.T.);
#7448=EDGE_CURVE('',#475,#491,#7451,.T.);
#7449=LINE('',#490,#7452);
#7450=LINE('',#486,#7453);
#7451=LINE('',#474,#7454);
#7452=VECTOR('',#7455,1.0);
#7453=VECTOR('',#7456,1.0);
#7454=VECTOR('',#7457,1.0);
#7455=DIRECTION('',(0.6608214177246063,-0.2896569913999776,0.6923971990191429));
#7456=DIRECTION('',(-0.6904193375022671,0,-0.7234093850669416));
#7457=DIRECTION('',(0,1,0));
#7458=FACE_SURFACE('',(#7463),#7459,.T.);
#7459=PLANE('',#7460);
#7460=AXIS2_PLACEMENT_3D('',#478,#7461,#7462);
#7461=DIRECTION('',(0.7649329954821324,0,-0.644109860522824));
#7462=DIRECTION('',(0.644109860522824,0,0.7649329954821324));
#7463=FACE_BOUND('',#7464,.T.);
#7464=EDGE_LOOP('',(#7465,#7466,#7467));
#7465=ORIENTED_EDGE('',*,*,#7468,.T.);
#7466=ORIENTED_EDGE('',*,*,#7469,.T.);
#7467=ORIENTED_EDGE('',*,*,#7470,.T.);
#7468=EDGE_CURVE('',#479,#491,#7471,.F.);
#7469=EDGE_CURVE('',#491,#475,#7472,.T.);
#7470=EDGE_CURVE('',#475,#479,#7473,.T.);
#7471=LINE('',#478,#7474);
#7472=LINE('',#490,#7475);
#7473=LINE('',#474,#7476);
#7474=VECTOR('',#7477,1.0);
#7475=VECTOR('',#7478,1.0);
#7476=VECTOR('',#7479,1.0);
#7477=DIRECTION('',(0.644109860522824,0,0.7649329954821324));
#7478=DIRECTION('',(0,-1,0));
#7479=DIRECTION('',(-0.6164973222880139,0.28965638489059375,-0.7321408541420299));
#7480=FACE_SURFACE('',(#7485),#7481,.T.);
#7481=PLANE('',#7482);
#7482=AXIS2_PLACEMENT_3D('',#484,#7483,#7484);
#7483=DIRECTION('',(-0,-1,0));
#7484=DIRECTION('',(-0.9761857551336373,0,0.21693633046165972));
#7485=FACE_BOUND('',#7486,.T.);
#7486=EDGE_LOOP('',(#7487,#7488,#7489));
#7487=ORIENTED_EDGE('',*,*,#7490,.T.);
#7488=ORIENTED_EDGE('',*,*,#7491,.T.);
#7489=ORIENTED_EDGE('',*,*,#7492,.T.);
#7490=EDGE_CURVE('',#485,#493,#7493,.F.);
#7491=EDGE_CURVE('',#493,#481,#7494,.T.);
#7492=EDGE_CURVE('',#481,#485,#7495,.T.);
#7493=LINE('',#484,#7496);
#7494=LINE('',#492,#7497);
#7495=LINE('',#480,#7498);
#7496=VECTOR('',#7499,1.0);
#7497=VECTOR('',#7500,1.0);
#7498=VECTOR('',#7501,1.0);
#7499=DIRECTION('',(-0.9761857551336373,0,0.21693633046165972));
#7500=DIRECTION('',(0.6904187711156325,0,-0.7234099256239023));
#7501=DIRECTION('',(0.8261280107252128,0,0.5634824841068289));
#7502=FACE_SURFACE('',(#7507),#7503,.T.);
#7503=PLANE('',#7504);
#7504=AXIS2_PLACEMENT_3D('',#494,#7505,#7506);
#7505=DIRECTION('',(-0.7234099256239023,0,-0.6904187711156325));
#7506=DIRECTION('',(0.6904187711156325,0,-0.7234099256239023));
#7507=FACE_BOUND('',#7508,.T.);
#7508=EDGE_LOOP('',(#7509,#7510,#7511));
#7509=ORIENTED_EDGE('',*,*,#7512,.T.);
#7510=ORIENTED_EDGE('',*,*,#7513,.T.);
#7511=ORIENTED_EDGE('',*,*,#7514,.T.);
#7512=EDGE_CURVE('',#495,#483,#7515,.F.);
#7513=EDGE_CURVE('',#483,#481,#7516,.T.);
#7514=EDGE_CURVE('',#481,#495,#7517,.T.);
#7515=LINE('',#494,#7518);
#7516=LINE('',#482,#7519);
#7517=LINE('',#480,#7520);
#7518=VECTOR('',#7521,1.0);
#7519=VECTOR('',#7522,1.0);
#7520=VECTOR('',#7523,1.0);
#7521=DIRECTION('',(0.6904187711156325,0,-0.7234099256239023));
#7522=DIRECTION('',(0,-1,0));
#7523=DIRECTION('',(-0.6608208341892177,0.28965718968213117,0.6923976729935741));
#7524=FACE_SURFACE('',(#7529),#7525,.T.);
#7525=PLANE('',#7526);
#7526=AXIS2_PLACEMENT_3D('',#492,#7527,#7528);
#7527=DIRECTION('',(-0.7234099256239023,0,-0.6904187711156325));
#7528=DIRECTION('',(0,1,0));
#7529=FACE_BOUND('',#7530,.T.);
#7530=EDGE_LOOP('',(#7531,#7532,#7533));
#7531=ORIENTED_EDGE('',*,*,#7534,.T.);
#7532=ORIENTED_EDGE('',*,*,#7535,.T.);
#7533=ORIENTED_EDGE('',*,*,#7536,.T.);
#7534=EDGE_CURVE('',#493,#495,#7537,.F.);
#7535=EDGE_CURVE('',#495,#481,#7538,.T.);
#7536=EDGE_CURVE('',#481,#493,#7539,.T.);
#7537=LINE('',#492,#7540);
#7538=LINE('',#494,#7541);
#7539=LINE('',#480,#7542);
#7540=VECTOR('',#7543,1.0);
#7541=VECTOR('',#7544,1.0);
#7542=VECTOR('',#7545,1.0);
#7543=DIRECTION('',(0,1,0));
#7544=DIRECTION('',(0.6608208341892177,-0.28965718968213117,-0.6923976729935741));
#7545=DIRECTION('',(-0.6904187711156325,0,0.7234099256239023));
#7546=FACE_SURFACE('',(#7551),#7547,.T.);
#7547=PLANE('',#7548);
#7548=AXIS2_PLACEMENT_3D('',#496,#7549,#7550);
#7549=DIRECTION('',(4.685418688431212E-15,-1,2.1083785139860826E-14));
#7550=DIRECTION('',(-0.8128669603407672,-1.6088860073819456E-14,-0.5824494010524532));
#7551=FACE_BOUND('',#7552,.T.);
#7552=EDGE_LOOP('',(#7553,#7554,#7555));
#7553=ORIENTED_EDGE('',*,*,#7556,.T.);
#7554=ORIENTED_EDGE('',*,*,#7557,.T.);
#7555=ORIENTED_EDGE('',*,*,#7558,.T.);
#7556=EDGE_CURVE('',#497,#493,#7559,.F.);
#7557=EDGE_CURVE('',#493,#485,#7560,.T.);
#7558=EDGE_CURVE('',#485,#497,#7561,.T.);
#7559=LINE('',#496,#7562);
#7560=LINE('',#492,#7563);
#7561=LINE('',#484,#7564);
#7562=VECTOR('',#7565,1.0);
#7563=VECTOR('',#7566,1.0);
#7564=VECTOR('',#7567,1.0);
#7565=DIRECTION('',(-0.8128669603407672,-1.6088860073819456E-14,-0.5824494010524532));
#7566=DIRECTION('',(0.9761857551336373,0,-0.21693633046165972));
#7567=DIRECTION('',(-0.6854264035235759,1.2140477962747052E-14,0.7281419129213316));
#7568=FACE_SURFACE('',(#7573),#7569,.T.);
#7569=PLANE('',#7570);
#7570=AXIS2_PLACEMENT_3D('',#498,#7571,#7572);
#7571=DIRECTION('',(-0,-1,0));
#7572=DIRECTION('',(-0.7988806710080016,0,0.6014895456197098));
#7573=FACE_BOUND('',#7574,.T.);
#7574=EDGE_LOOP('',(#7575,#7576,#7577));
#7575=ORIENTED_EDGE('',*,*,#7578,.T.);
#7576=ORIENTED_EDGE('',*,*,#7579,.T.);
#7577=ORIENTED_EDGE('',*,*,#7580,.T.);
#7578=EDGE_CURVE('',#499,#501,#7581,.F.);
#7579=EDGE_CURVE('',#501,#487,#7582,.T.);
#7580=EDGE_CURVE('',#487,#499,#7583,.T.);
#7581=LINE('',#498,#7584);
#7582=LINE('',#500,#7585);
#7583=LINE('',#486,#7586);
#7584=VECTOR('',#7587,1.0);
#7585=VECTOR('',#7588,1.0);
#7586=VECTOR('',#7589,1.0);
#7587=DIRECTION('',(-0.7988806710080016,0,0.6014895456197098));
#7588=DIRECTION('',(-0.10148821931071109,0,-0.9948367410490734));
#7589=DIRECTION('',(0.7340583864461055,0,0.6790863606995358));
#7590=FACE_SURFACE('',(#7595),#7591,.T.);
#7591=PLANE('',#7592);
#7592=AXIS2_PLACEMENT_3D('',#500,#7593,#7594);
#7593=DIRECTION('',(0,-1,0));
#7594=DIRECTION('',(-0.7281414128838923,0,-0.6854269347227676));
#7595=FACE_BOUND('',#7596,.T.);
#7596=EDGE_LOOP('',(#7597,#7598,#7599));
#7597=ORIENTED_EDGE('',*,*,#7600,.T.);
#7598=ORIENTED_EDGE('',*,*,#7601,.T.);
#7599=ORIENTED_EDGE('',*,*,#7602,.T.);
#7600=EDGE_CURVE('',#501,#489,#7603,.F.);
#7601=EDGE_CURVE('',#489,#487,#7604,.T.);
#7602=EDGE_CURVE('',#487,#501,#7605,.T.);
#7603=LINE('',#500,#7606);
#7604=LINE('',#488,#7607);
#7605=LINE('',#486,#7608);
#7606=VECTOR('',#7609,1.0);
#7607=VECTOR('',#7610,1.0);
#7608=VECTOR('',#7611,1.0);
#7609=DIRECTION('',(-0.7281414128838923,0,-0.6854269347227676));
#7610=DIRECTION('',(0.8128669603407672,0,-0.5824494010524532));
#7611=DIRECTION('',(0.10148821931071109,0,0.9948367410490734));
#7612=FACE_SURFACE('',(#7617),#7613,.T.);
#7613=PLANE('',#7614);
#7614=AXIS2_PLACEMENT_3D('',#502,#7615,#7616);
#7615=DIRECTION('',(0.6790863606995358,0,-0.7340583864461055));
#7616=DIRECTION('',(0.7025897721450545,-0.2896565910994539,0.649974362040384));
#7617=FACE_BOUND('',#7618,.T.);
#7618=EDGE_LOOP('',(#7619,#7620,#7621));
#7619=ORIENTED_EDGE('',*,*,#7622,.T.);
#7620=ORIENTED_EDGE('',*,*,#7623,.T.);
#7621=ORIENTED_EDGE('',*,*,#7624,.T.);
#7622=EDGE_CURVE('',#503,#499,#7625,.F.);
#7623=EDGE_CURVE('',#499,#487,#7626,.T.);
#7624=EDGE_CURVE('',#487,#503,#7627,.T.);
#7625=LINE('',#502,#7628);
#7626=LINE('',#498,#7629);
#7627=LINE('',#486,#7630);
#7628=VECTOR('',#7631,1.0);
#7629=VECTOR('',#7632,1.0);
#7630=VECTOR('',#7633,1.0);
#7631=DIRECTION('',(0.7025897721450545,-0.2896565910994539,0.649974362040384));
#7632=DIRECTION('',(-0.7340583864461055,0,-0.6790863606995358));
#7633=DIRECTION('',(0,1,0));
#7634=FACE_SURFACE('',(#7639),#7635,.T.);
#7635=PLANE('',#7636);
#7636=AXIS2_PLACEMENT_3D('',#490,#7637,#7638);
#7637=DIRECTION('',(0.7234093850669416,0,-0.690419337502267));
#7638=DIRECTION('',(0.6904193375022671,0,0.7234093850669416));
#7639=FACE_BOUND('',#7640,.T.);
#7640=EDGE_LOOP('',(#7641,#7642,#7643));
#7641=ORIENTED_EDGE('',*,*,#7644,.T.);
#7642=ORIENTED_EDGE('',*,*,#7645,.T.);
#7643=ORIENTED_EDGE('',*,*,#7646,.T.);
#7644=EDGE_CURVE('',#491,#503,#7647,.F.);
#7645=EDGE_CURVE('',#503,#487,#7648,.T.);
#7646=EDGE_CURVE('',#487,#491,#7649,.T.);
#7647=LINE('',#490,#7650);
#7648=LINE('',#502,#7651);
#7649=LINE('',#486,#7652);
#7650=VECTOR('',#7653,1.0);
#7651=VECTOR('',#7654,1.0);
#7652=VECTOR('',#7655,1.0);
#7653=DIRECTION('',(0.6904193375022671,0,0.7234093850669416));
#7654=DIRECTION('',(0,-1,0));
#7655=DIRECTION('',(-0.6608214177246063,0.2896569913999776,-0.6923971990191429));
#7656=FACE_SURFACE('',(#7661),#7657,.T.);
#7657=PLANE('',#7658);
#7658=AXIS2_PLACEMENT_3D('',#496,#7659,#7660);
#7659=DIRECTION('',(1.1153724025938147E-14,-1,1.2056611811577639E-14));
#7660=DIRECTION('',(-0.9856945408001504,-8.962124189936309E-15,0.16854160387506925));
#7661=FACE_BOUND('',#7662,.T.);
#7662=EDGE_LOOP('',(#7663,#7664,#7665));
#7663=ORIENTED_EDGE('',*,*,#7666,.T.);
#7664=ORIENTED_EDGE('',*,*,#7667,.T.);
#7665=ORIENTED_EDGE('',*,*,#7668,.T.);
#7666=EDGE_CURVE('',#497,#505,#7669,.F.);
#7667=EDGE_CURVE('',#505,#493,#7670,.T.);
#7668=EDGE_CURVE('',#493,#497,#7671,.T.);
#7669=LINE('',#496,#7672);
#7670=LINE('',#504,#7673);
#7671=LINE('',#492,#7674);
#7672=VECTOR('',#7675,1.0);
#7673=VECTOR('',#7676,1.0);
#7674=VECTOR('',#7677,1.0);
#7675=DIRECTION('',(-0.9856945408001504,-8.962124189936309E-15,0.16854160387506925));
#7676=DIRECTION('',(0.7340582200770657,0,-0.6790865405361016));
#7677=DIRECTION('',(0.8128669603407672,1.6088860073819456E-14,0.5824494010524532));
#7678=FACE_SURFACE('',(#7683),#7679,.T.);
#7679=PLANE('',#7680);
#7680=AXIS2_PLACEMENT_3D('',#506,#7681,#7682);
#7681=DIRECTION('',(-0.6790865405361016,0,-0.7340582200770656));
#7682=DIRECTION('',(0.7340582200770657,0,-0.6790865405361016));
#7683=FACE_BOUND('',#7684,.T.);
#7684=EDGE_LOOP('',(#7685,#7686,#7687));
#7685=ORIENTED_EDGE('',*,*,#7688,.T.);
#7686=ORIENTED_EDGE('',*,*,#7689,.T.);
#7687=ORIENTED_EDGE('',*,*,#7690,.T.);
#7688=EDGE_CURVE('',#507,#495,#7691,.F.);
#7689=EDGE_CURVE('',#495,#493,#7692,.T.);
#7690=EDGE_CURVE('',#493,#507,#7693,.T.);
#7691=LINE('',#506,#7694);
#7692=LINE('',#494,#7695);
#7693=LINE('',#492,#7696);
#7694=VECTOR('',#7697,1.0);
#7695=VECTOR('',#7698,1.0);
#7696=VECTOR('',#7699,1.0);
#7697=DIRECTION('',(0.7340582200770657,0,-0.6790865405361016));
#7698=DIRECTION('',(0,-1,0));
#7699=DIRECTION('',(-0.7025895972974773,0.28965666137089024,0.6499745197258413));
#7700=FACE_SURFACE('',(#7705),#7701,.T.);
#7701=PLANE('',#7702);
#7702=AXIS2_PLACEMENT_3D('',#504,#7703,#7704);
#7703=DIRECTION('',(-0.6790865405361016,0,-0.7340582200770656));
#7704=DIRECTION('',(0,1,0));
#7705=FACE_BOUND('',#7706,.T.);
#7706=EDGE_LOOP('',(#7707,#7708,#7709));
#7707=ORIENTED_EDGE('',*,*,#7710,.T.);
#7708=ORIENTED_EDGE('',*,*,#7711,.T.);
#7709=ORIENTED_EDGE('',*,*,#7712,.T.);
#7710=EDGE_CURVE('',#505,#507,#7713,.F.);
#7711=EDGE_CURVE('',#507,#493,#7714,.T.);
#7712=EDGE_CURVE('',#493,#505,#7715,.T.);
#7713=LINE('',#504,#7716);
#7714=LINE('',#506,#7717);
#7715=LINE('',#492,#7718);
#7716=VECTOR('',#7719,1.0);
#7717=VECTOR('',#7720,1.0);
#7718=VECTOR('',#7721,1.0);
#7719=DIRECTION('',(0,1,0));
#7720=DIRECTION('',(0.7025895972974773,-0.28965666137089024,-0.6499745197258413));
#7721=DIRECTION('',(-0.7340582200770657,0,0.6790865405361016));
#7722=FACE_SURFACE('',(#7727),#7723,.T.);
#7723=PLANE('',#7724);
#7724=AXIS2_PLACEMENT_3D('',#508,#7725,#7726);
#7725=DIRECTION('',(1.1110307898273465E-14,-1,1.1802698006096815E-14));
#7726=DIRECTION('',(-0.7988799954214216,-1.597501277415681E-14,-0.6014904429128273));
#7727=FACE_BOUND('',#7728,.T.);
#7728=EDGE_LOOP('',(#7729,#7730,#7731));
#7729=ORIENTED_EDGE('',*,*,#7732,.T.);
#7730=ORIENTED_EDGE('',*,*,#7733,.T.);
#7731=ORIENTED_EDGE('',*,*,#7734,.T.);
#7732=EDGE_CURVE('',#509,#505,#7735,.F.);
#7733=EDGE_CURVE('',#505,#497,#7736,.T.);
#7734=EDGE_CURVE('',#497,#509,#7737,.T.);
#7735=LINE('',#508,#7738);
#7736=LINE('',#504,#7739);
#7737=LINE('',#496,#7740);
#7738=VECTOR('',#7741,1.0);
#7739=VECTOR('',#7742,1.0);
#7740=VECTOR('',#7743,1.0);
#7741=DIRECTION('',(-0.7988799954214216,-1.597501277415681E-14,-0.6014904429128273));
#7742=DIRECTION('',(0.9856945408001504,8.962124189936309E-15,-0.16854160387506925));
#7743=DIRECTION('',(-0.7281419129213316,0,0.6854264035235759));
#7744=FACE_SURFACE('',(#7749),#7745,.T.);
#7745=PLANE('',#7746);
#7746=AXIS2_PLACEMENT_3D('',#510,#7747,#7748);
#7747=DIRECTION('',(-0,-1,0));
#7748=DIRECTION('',(-0.784088006397298,0,0.6206496582001078));
#7749=FACE_BOUND('',#7750,.T.);
#7750=EDGE_LOOP('',(#7751,#7752,#7753));
#7751=ORIENTED_EDGE('',*,*,#7754,.T.);
#7752=ORIENTED_EDGE('',*,*,#7755,.T.);
#7753=ORIENTED_EDGE('',*,*,#7756,.T.);
#7754=EDGE_CURVE('',#511,#513,#7757,.F.);
#7755=EDGE_CURVE('',#513,#499,#7758,.T.);
#7756=EDGE_CURVE('',#499,#511,#7759,.T.);
#7757=LINE('',#510,#7760);
#7758=LINE('',#512,#7761);
#7759=LINE('',#498,#7762);
#7760=VECTOR('',#7763,1.0);
#7761=VECTOR('',#7764,1.0);
#7762=VECTOR('',#7765,1.0);
#7763=DIRECTION('',(-0.784088006397298,0,0.6206496582001078));
#7764=DIRECTION('',(-0.14523089533559305,0,-0.9893977900925502));
#7765=DIRECTION('',(0.7748575711359735,0,0.6321358591736905));
#7766=FACE_SURFACE('',(#7771),#7767,.T.);
#7767=PLANE('',#7768);
#7768=AXIS2_PLACEMENT_3D('',#512,#7769,#7770);
#7769=DIRECTION('',(0,-1,0));
#7770=DIRECTION('',(-0.7681983637548256,0,-0.6402118976748313));
#7771=FACE_BOUND('',#7772,.T.);
#7772=EDGE_LOOP('',(#7773,#7774,#7775));
#7773=ORIENTED_EDGE('',*,*,#7776,.T.);
#7774=ORIENTED_EDGE('',*,*,#7777,.T.);
#7775=ORIENTED_EDGE('',*,*,#7778,.T.);
#7776=EDGE_CURVE('',#513,#501,#7779,.F.);
#7777=EDGE_CURVE('',#501,#499,#7780,.T.);
#7778=EDGE_CURVE('',#499,#513,#7781,.T.);
#7779=LINE('',#512,#7782);
#7780=LINE('',#500,#7783);
#7781=LINE('',#498,#7784);
#7782=VECTOR('',#7785,1.0);
#7783=VECTOR('',#7786,1.0);
#7784=VECTOR('',#7787,1.0);
#7785=DIRECTION('',(-0.7681983637548256,0,-0.6402118976748313));
#7786=DIRECTION('',(0.7988806710080016,0,-0.6014895456197098));
#7787=DIRECTION('',(0.14523089533559305,0,0.9893977900925502));
#7788=FACE_SURFACE('',(#7793),#7789,.T.);
#7789=PLANE('',#7790);
#7790=AXIS2_PLACEMENT_3D('',#514,#7791,#7792);
#7791=DIRECTION('',(0.6321358591736904,0,-0.7748575711359734));
#7792=DIRECTION('',(0.7416398554644164,-0.2896568741531073,0.6050365443860153));
#7793=FACE_BOUND('',#7794,.T.);
#7794=EDGE_LOOP('',(#7795,#7796,#7797));
#7795=ORIENTED_EDGE('',*,*,#7798,.T.);
#7796=ORIENTED_EDGE('',*,*,#7799,.T.);
#7797=ORIENTED_EDGE('',*,*,#7800,.T.);
#7798=EDGE_CURVE('',#515,#511,#7801,.F.);
#7799=EDGE_CURVE('',#511,#499,#7802,.T.);
#7800=EDGE_CURVE('',#499,#515,#7803,.T.);
#7801=LINE('',#514,#7804);
#7802=LINE('',#510,#7805);
#7803=LINE('',#498,#7806);
#7804=VECTOR('',#7807,1.0);
#7805=VECTOR('',#7808,1.0);
#7806=VECTOR('',#7809,1.0);
#7807=DIRECTION('',(0.7416398554644164,-0.2896568741531073,0.6050365443860153));
#7808=DIRECTION('',(-0.7748575711359735,0,-0.6321358591736905));
#7809=DIRECTION('',(0,1,0));
#7810=FACE_SURFACE('',(#7815),#7811,.T.);
#7811=PLANE('',#7812);
#7812=AXIS2_PLACEMENT_3D('',#502,#7813,#7814);
#7813=DIRECTION('',(0.6790863606995358,0,-0.7340583864461055));
#7814=DIRECTION('',(0.7340583864461055,0,0.6790863606995358));
#7815=FACE_BOUND('',#7816,.T.);
#7816=EDGE_LOOP('',(#7817,#7818,#7819));
#7817=ORIENTED_EDGE('',*,*,#7820,.T.);
#7818=ORIENTED_EDGE('',*,*,#7821,.T.);
#7819=ORIENTED_EDGE('',*,*,#7822,.T.);
#7820=EDGE_CURVE('',#503,#515,#7823,.F.);
#7821=EDGE_CURVE('',#515,#499,#7824,.T.);
#7822=EDGE_CURVE('',#499,#503,#7825,.T.);
#7823=LINE('',#502,#7826);
#7824=LINE('',#514,#7827);
#7825=LINE('',#498,#7828);
#7826=VECTOR('',#7829,1.0);
#7827=VECTOR('',#7830,1.0);
#7828=VECTOR('',#7831,1.0);
#7829=DIRECTION('',(0.7340583864461055,0,0.6790863606995358));
#7830=DIRECTION('',(0,-1,0));
#7831=DIRECTION('',(-0.7025897721450545,0.2896565910994539,-0.649974362040384));
#7832=FACE_SURFACE('',(#7837),#7833,.T.);
#7833=PLANE('',#7834);
#7834=AXIS2_PLACEMENT_3D('',#508,#7835,#7836);
#7835=DIRECTION('',(1.039921290957964E-14,-1,1.274715118570328E-14));
#7836=DIRECTION('',(-0.9928559911912044,-8.803945805804804E-15,0.11931881978854425));
#7837=FACE_BOUND('',#7838,.T.);
#7838=EDGE_LOOP('',(#7839,#7840,#7841));
#7839=ORIENTED_EDGE('',*,*,#7842,.T.);
#7840=ORIENTED_EDGE('',*,*,#7843,.T.);
#7841=ORIENTED_EDGE('',*,*,#7844,.T.);
#7842=EDGE_CURVE('',#509,#517,#7845,.F.);
#7843=EDGE_CURVE('',#517,#505,#7846,.T.);
#7844=EDGE_CURVE('',#505,#509,#7847,.T.);
#7845=LINE('',#508,#7848);
#7846=LINE('',#516,#7849);
#7847=LINE('',#504,#7850);
#7848=VECTOR('',#7851,1.0);
#7849=VECTOR('',#7852,1.0);
#7850=VECTOR('',#7853,1.0);
#7851=DIRECTION('',(-0.9928559911912044,-8.803945805804804E-15,0.11931881978854425));
#7852=DIRECTION('',(0.7748584360915397,0,-0.6321347989296059));
#7853=DIRECTION('',(0.7988799954214216,1.597501277415681E-14,0.6014904429128273));
#7854=FACE_SURFACE('',(#7859),#7855,.T.);
#7855=PLANE('',#7856);
#7856=AXIS2_PLACEMENT_3D('',#518,#7857,#7858);
#7857=DIRECTION('',(-0.6321347989296059,0,-0.7748584360915396));
#7858=DIRECTION('',(0.7748584360915397,0,-0.6321347989296059));
#7859=FACE_BOUND('',#7860,.T.);
#7860=EDGE_LOOP('',(#7861,#7862,#7863));
#7861=ORIENTED_EDGE('',*,*,#7864,.T.);
#7862=ORIENTED_EDGE('',*,*,#7865,.T.);
#7863=ORIENTED_EDGE('',*,*,#7866,.T.);
#7864=EDGE_CURVE('',#519,#507,#7867,.F.);
#7865=EDGE_CURVE('',#507,#505,#7868,.T.);
#7866=EDGE_CURVE('',#505,#519,#7869,.T.);
#7867=LINE('',#518,#7870);
#7868=LINE('',#506,#7871);
#7869=LINE('',#504,#7872);
#7870=VECTOR('',#7873,1.0);
#7871=VECTOR('',#7874,1.0);
#7872=VECTOR('',#7875,1.0);
#7873=DIRECTION('',(0.7748584360915397,0,-0.6321347989296059));
#7874=DIRECTION('',(0,-1,0));
#7875=DIRECTION('',(-0.7416407877051775,0.28965642908987105,0.6050356147359827));
#7876=FACE_SURFACE('',(#7881),#7877,.T.);
#7877=PLANE('',#7878);
#7878=AXIS2_PLACEMENT_3D('',#516,#7879,#7880);
#7879=DIRECTION('',(-0.6321347989296059,0,-0.7748584360915396));
#7880=DIRECTION('',(0,1,0));
#7881=FACE_BOUND('',#7882,.T.);
#7882=EDGE_LOOP('',(#7883,#7884,#7885));
#7883=ORIENTED_EDGE('',*,*,#7886,.T.);
#7884=ORIENTED_EDGE('',*,*,#7887,.T.);
#7885=ORIENTED_EDGE('',*,*,#7888,.T.);
#7886=EDGE_CURVE('',#517,#519,#7889,.F.);
#7887=EDGE_CURVE('',#519,#505,#7890,.T.);
#7888=EDGE_CURVE('',#505,#517,#7891,.T.);
#7889=LINE('',#516,#7892);
#7890=LINE('',#518,#7893);
#7891=LINE('',#504,#7894);
#7892=VECTOR('',#7895,1.0);
#7893=VECTOR('',#7896,1.0);
#7894=VECTOR('',#7897,1.0);
#7895=DIRECTION('',(0,1,0));
#7896=DIRECTION('',(0.7416407877051775,-0.28965642908987105,-0.6050356147359827));
#7897=DIRECTION('',(-0.7748584360915397,0,0.6321347989296059));
#7898=FACE_SURFACE('',(#7903),#7899,.T.);
#7899=PLANE('',#7900);
#7900=AXIS2_PLACEMENT_3D('',#520,#7901,#7902);
#7901=DIRECTION('',(1.03614341859376E-14,-1,1.2432793130754125E-14));
#7902=DIRECTION('',(-0.784089076291761,-1.5840679362364474E-14,-0.620648306563333));
#7903=FACE_BOUND('',#7904,.T.);
#7904=EDGE_LOOP('',(#7905,#7906,#7907));
#7905=ORIENTED_EDGE('',*,*,#7908,.T.);
#7906=ORIENTED_EDGE('',*,*,#7909,.T.);
#7907=ORIENTED_EDGE('',*,*,#7910,.T.);
#7908=EDGE_CURVE('',#521,#517,#7911,.F.);
#7909=EDGE_CURVE('',#517,#509,#7912,.T.);
#7910=EDGE_CURVE('',#509,#521,#7913,.T.);
#7911=LINE('',#520,#7914);
#7912=LINE('',#516,#7915);
#7913=LINE('',#508,#7916);
#7914=VECTOR('',#7917,1.0);
#7915=VECTOR('',#7918,1.0);
#7916=VECTOR('',#7919,1.0);
#7917=DIRECTION('',(-0.784089076291761,-1.5840679362364474E-14,-0.620648306563333));
#7918=DIRECTION('',(0.9928559911912044,8.803945805804804E-15,-0.11931881978854425));
#7919=DIRECTION('',(-0.7681977820960314,0,0.6402125956139401));
#7920=FACE_SURFACE('',(#7925),#7921,.T.);
#7921=PLANE('',#7922);
#7922=AXIS2_PLACEMENT_3D('',#522,#7923,#7924);
#7923=DIRECTION('',(-9.445472749811941E-15,-1,1.317214287543421E-14));
#7924=DIRECTION('',(-0.7684072527690979,1.5687629679079483E-14,0.6399611659248142));
#7925=FACE_BOUND('',#7926,.T.);
#7926=EDGE_LOOP('',(#7927,#7928,#7929));
#7927=ORIENTED_EDGE('',*,*,#7930,.T.);
#7928=ORIENTED_EDGE('',*,*,#7931,.T.);
#7929=ORIENTED_EDGE('',*,*,#7932,.T.);
#7930=EDGE_CURVE('',#523,#525,#7933,.F.);
#7931=EDGE_CURVE('',#525,#511,#7934,.T.);
#7932=EDGE_CURVE('',#511,#523,#7935,.T.);
#7933=LINE('',#522,#7936);
#7934=LINE('',#524,#7937);
#7935=LINE('',#510,#7938);
#7936=VECTOR('',#7939,1.0);
#7937=VECTOR('',#7940,1.0);
#7938=VECTOR('',#7941,1.0);
#7939=DIRECTION('',(-0.7684072527690979,1.5687629679079483E-14,0.6399611659248142));
#7940=DIRECTION('',(-0.18802146150763974,-1.1161265061986105E-14,-0.9821649199663625));
#7941=DIRECTION('',(0.8126582735742538,0,0.5827405343644058));
#7942=FACE_SURFACE('',(#7947),#7943,.T.);
#7943=PLANE('',#7944);
#7944=AXIS2_PLACEMENT_3D('',#524,#7945,#7946);
#7945=DIRECTION('',(7.811503917620225E-15,-1,9.868540895509128E-15));
#7946=DIRECTION('',(-0.8054510865195242,-1.2140496007857701E-14,-0.5926622539225167));
#7947=FACE_BOUND('',#7948,.T.);
#7948=EDGE_LOOP('',(#7949,#7950,#7951));
#7949=ORIENTED_EDGE('',*,*,#7952,.T.);
#7950=ORIENTED_EDGE('',*,*,#7953,.T.);
#7951=ORIENTED_EDGE('',*,*,#7954,.T.);
#7952=EDGE_CURVE('',#525,#513,#7955,.F.);
#7953=EDGE_CURVE('',#513,#511,#7956,.T.);
#7954=EDGE_CURVE('',#511,#525,#7957,.T.);
#7955=LINE('',#524,#7958);
#7956=LINE('',#512,#7959);
#7957=LINE('',#510,#7960);
#7958=VECTOR('',#7961,1.0);
#7959=VECTOR('',#7962,1.0);
#7960=VECTOR('',#7963,1.0);
#7961=DIRECTION('',(-0.8054510865195242,-1.2140496007857701E-14,-0.5926622539225167));
#7962=DIRECTION('',(0.784088006397298,0,-0.6206496582001078));
#7963=DIRECTION('',(0.18802146150763974,1.1161265061986105E-14,0.9821649199663625));
#7964=FACE_SURFACE('',(#7969),#7965,.T.);
#7965=PLANE('',#7966);
#7966=AXIS2_PLACEMENT_3D('',#526,#7967,#7968);
#7967=DIRECTION('',(0.5827405343644058,0,-0.8126582735742539));
#7968=DIRECTION('',(0.7778200138989135,-0.2896570725366079,0.5577587348556868));
#7969=FACE_BOUND('',#7970,.T.);
#7970=EDGE_LOOP('',(#7971,#7972,#7973));
#7971=ORIENTED_EDGE('',*,*,#7974,.T.);
#7972=ORIENTED_EDGE('',*,*,#7975,.T.);
#7973=ORIENTED_EDGE('',*,*,#7976,.T.);
#7974=EDGE_CURVE('',#527,#523,#7977,.F.);
#7975=EDGE_CURVE('',#523,#511,#7978,.T.);
#7976=EDGE_CURVE('',#511,#527,#7979,.T.);
#7977=LINE('',#526,#7980);
#7978=LINE('',#522,#7981);
#7979=LINE('',#510,#7982);
#7980=VECTOR('',#7983,1.0);
#7981=VECTOR('',#7984,1.0);
#7982=VECTOR('',#7985,1.0);
#7983=DIRECTION('',(0.7778200138989135,-0.2896570725366079,0.5577587348556868));
#7984=DIRECTION('',(-0.8126582735742538,0,-0.5827405343644058));
#7985=DIRECTION('',(0,1,0));
#7986=FACE_SURFACE('',(#7991),#7987,.T.);
#7987=PLANE('',#7988);
#7988=AXIS2_PLACEMENT_3D('',#514,#7989,#7990);
#7989=DIRECTION('',(0.6321358591736904,0,-0.7748575711359734));
#7990=DIRECTION('',(0.7748575711359735,0,0.6321358591736905));
#7991=FACE_BOUND('',#7992,.T.);
#7992=EDGE_LOOP('',(#7993,#7994,#7995));
#7993=ORIENTED_EDGE('',*,*,#7996,.T.);
#7994=ORIENTED_EDGE('',*,*,#7997,.T.);
#7995=ORIENTED_EDGE('',*,*,#7998,.T.);
#7996=EDGE_CURVE('',#515,#527,#7999,.F.);
#7997=EDGE_CURVE('',#527,#511,#8000,.T.);
#7998=EDGE_CURVE('',#511,#515,#8001,.T.);
#7999=LINE('',#514,#8002);
#8000=LINE('',#526,#8003);
#8001=LINE('',#510,#8004);
#8002=VECTOR('',#8005,1.0);
#8003=VECTOR('',#8006,1.0);
#8004=VECTOR('',#8007,1.0);
#8005=DIRECTION('',(0.7748575711359735,0,0.6321358591736905));
#8006=DIRECTION('',(0,-1,0));
#8007=DIRECTION('',(-0.7416398554644164,0.2896568741531073,-0.6050365443860153));
#8008=FACE_SURFACE('',(#8013),#8009,.T.);
#8009=PLANE('',#8010);
#8010=AXIS2_PLACEMENT_3D('',#520,#8011,#8012);
#8011=DIRECTION('',(9.60268185811746E-15,-1,1.339135437318943E-14));
#8012=DIRECTION('',(-0.9975889093829523,-8.650168168606563E-15,0.06940005674444338));
#8013=FACE_BOUND('',#8014,.T.);
#8014=EDGE_LOOP('',(#8015,#8016,#8017));
#8015=ORIENTED_EDGE('',*,*,#8018,.T.);
#8016=ORIENTED_EDGE('',*,*,#8019,.T.);
#8017=ORIENTED_EDGE('',*,*,#8020,.T.);
#8018=EDGE_CURVE('',#521,#529,#8021,.F.);
#8019=EDGE_CURVE('',#529,#517,#8022,.T.);
#8020=EDGE_CURVE('',#517,#521,#8023,.T.);
#8021=LINE('',#520,#8024);
#8022=LINE('',#528,#8025);
#8023=LINE('',#516,#8026);
#8024=VECTOR('',#8027,1.0);
#8025=VECTOR('',#8028,1.0);
#8026=VECTOR('',#8029,1.0);
#8027=DIRECTION('',(-0.9975889093829523,-8.650168168606563E-15,0.06940005674444338));
#8028=DIRECTION('',(0.8126577835311056,0,-0.5827412177513366));
#8029=DIRECTION('',(0.784089076291761,1.5840679362364474E-14,0.620648306563333));
#8030=FACE_SURFACE('',(#8035),#8031,.T.);
#8031=PLANE('',#8032);
#8032=AXIS2_PLACEMENT_3D('',#530,#8033,#8034);
#8033=DIRECTION('',(-0.5827412177513366,0,-0.8126577835311056));
#8034=DIRECTION('',(0.8126577835311056,0,-0.5827412177513366));
#8035=FACE_BOUND('',#8036,.T.);
#8036=EDGE_LOOP('',(#8037,#8038,#8039));
#8037=ORIENTED_EDGE('',*,*,#8040,.T.);
#8038=ORIENTED_EDGE('',*,*,#8041,.T.);
#8039=ORIENTED_EDGE('',*,*,#8042,.T.);
#8040=EDGE_CURVE('',#531,#519,#8043,.F.);
#8041=EDGE_CURVE('',#519,#517,#8044,.T.);
#8042=EDGE_CURVE('',#517,#531,#8045,.T.);
#8043=LINE('',#530,#8046);
#8044=LINE('',#518,#8047);
#8045=LINE('',#516,#8048);
#8046=VECTOR('',#8049,1.0);
#8047=VECTOR('',#8050,1.0);
#8048=VECTOR('',#8051,1.0);
#8049=DIRECTION('',(0.8126577835311056,0,-0.5827412177513366));
#8050=DIRECTION('',(0,-1,0));
#8051=DIRECTION('',(-0.7778194683324322,0.2896573837210092,0.55775933406708));
#8052=FACE_SURFACE('',(#8057),#8053,.T.);
#8053=PLANE('',#8054);
#8054=AXIS2_PLACEMENT_3D('',#528,#8055,#8056);
#8055=DIRECTION('',(-0.5827412177513366,0,-0.8126577835311056));
#8056=DIRECTION('',(0,1,0));
#8057=FACE_BOUND('',#8058,.T.);
#8058=EDGE_LOOP('',(#8059,#8060,#8061));
#8059=ORIENTED_EDGE('',*,*,#8062,.T.);
#8060=ORIENTED_EDGE('',*,*,#8063,.T.);
#8061=ORIENTED_EDGE('',*,*,#8064,.T.);
#8062=EDGE_CURVE('',#529,#531,#8065,.F.);
#8063=EDGE_CURVE('',#531,#517,#8066,.T.);
#8064=EDGE_CURVE('',#517,#529,#8067,.T.);
#8065=LINE('',#528,#8068);
#8066=LINE('',#530,#8069);
#8067=LINE('',#516,#8070);
#8068=VECTOR('',#8071,1.0);
#8069=VECTOR('',#8072,1.0);
#8070=VECTOR('',#8073,1.0);
#8071=DIRECTION('',(0,1,0));
#8072=DIRECTION('',(0.7778194683324322,-0.2896573837210092,-0.55775933406708));
#8073=DIRECTION('',(-0.8126577835311056,0,0.5827412177513366));
#8074=FACE_SURFACE('',(#8079),#8075,.T.);
#8075=PLANE('',#8076);
#8076=AXIS2_PLACEMENT_3D('',#532,#8077,#8078);
#8077=DIRECTION('',(9.576487123470027E-15,-1,1.3014818992754003E-14));
#8078=DIRECTION('',(-0.7684076282755689,-1.568761862661248E-14,-0.6399607150504749));
#8079=FACE_BOUND('',#8080,.T.);
#8080=EDGE_LOOP('',(#8081,#8082,#8083));
#8081=ORIENTED_EDGE('',*,*,#8084,.T.);
#8082=ORIENTED_EDGE('',*,*,#8085,.T.);
#8083=ORIENTED_EDGE('',*,*,#8086,.T.);
#8084=EDGE_CURVE('',#533,#529,#8087,.F.);
#8085=EDGE_CURVE('',#529,#521,#8088,.T.);
#8086=EDGE_CURVE('',#521,#533,#8089,.T.);
#8087=LINE('',#532,#8090);
#8088=LINE('',#528,#8091);
#8089=LINE('',#520,#8092);
#8090=VECTOR('',#8093,1.0);
#8091=VECTOR('',#8094,1.0);
#8092=VECTOR('',#8095,1.0);
#8093=DIRECTION('',(-0.7684076282755689,-1.568761862661248E-14,-0.6399607150504749));
#8094=DIRECTION('',(0.9975889093829523,8.650168168606563E-15,-0.06940005674444338));
#8095=DIRECTION('',(-0.8054510865195242,0,0.5926622539225167));
#8096=FACE_SURFACE('',(#8101),#8097,.T.);
#8097=PLANE('',#8098);
#8098=AXIS2_PLACEMENT_3D('',#534,#8099,#8100);
#8099=DIRECTION('',(-0,-1,0));
#8100=DIRECTION('',(-0.7517602487025836,0,0.6594365234581945));
#8101=FACE_BOUND('',#8102,.T.);
#8102=EDGE_LOOP('',(#8103,#8104,#8105));
#8103=ORIENTED_EDGE('',*,*,#8106,.T.);
#8104=ORIENTED_EDGE('',*,*,#8107,.T.);
#8105=ORIENTED_EDGE('',*,*,#8108,.T.);
#8106=EDGE_CURVE('',#535,#537,#8109,.F.);
#8107=EDGE_CURVE('',#537,#523,#8110,.T.);
#8108=EDGE_CURVE('',#523,#535,#8111,.T.);
#8109=LINE('',#534,#8112);
#8110=LINE('',#536,#8113);
#8111=LINE('',#522,#8114);
#8112=VECTOR('',#8115,1.0);
#8113=VECTOR('',#8116,1.0);
#8114=VECTOR('',#8117,1.0);
#8115=DIRECTION('',(-0.7517602487025836,0,0.6594365234581945));
#8116=DIRECTION('',(-0.22976674711457726,0,-0.9732457253542838));
#8117=DIRECTION('',(0.8473153122857988,0,0.5310901633112961));
#8118=FACE_SURFACE('',(#8123),#8119,.T.);
#8119=PLANE('',#8120);
#8120=AXIS2_PLACEMENT_3D('',#536,#8121,#8122);
#8121=DIRECTION('',(-1.706120717855555E-14,-1,4.027860563001782E-15));
#8122=DIRECTION('',(-0.8397651749617967,1.2140481671842283E-14,-0.5429497683224325));
#8123=FACE_BOUND('',#8124,.T.);
#8124=EDGE_LOOP('',(#8125,#8126,#8127));
#8125=ORIENTED_EDGE('',*,*,#8128,.T.);
#8126=ORIENTED_EDGE('',*,*,#8129,.T.);
#8127=ORIENTED_EDGE('',*,*,#8130,.T.);
#8128=EDGE_CURVE('',#537,#525,#8131,.F.);
#8129=EDGE_CURVE('',#525,#523,#8132,.T.);
#8130=EDGE_CURVE('',#523,#537,#8133,.T.);
#8131=LINE('',#536,#8134);
#8132=LINE('',#524,#8135);
#8133=LINE('',#522,#8136);
#8134=VECTOR('',#8137,1.0);
#8135=VECTOR('',#8138,1.0);
#8136=VECTOR('',#8139,1.0);
#8137=DIRECTION('',(-0.8397651749617967,1.2140481671842283E-14,-0.5429497683224325));
#8138=DIRECTION('',(0.7684072527690979,-1.5687629679079483E-14,-0.6399611659248142));
#8139=DIRECTION('',(0.22976674711457726,0,0.9732457253542838));
#8140=FACE_SURFACE('',(#8145),#8141,.T.);
#8141=PLANE('',#8142);
#8142=AXIS2_PLACEMENT_3D('',#538,#8143,#8144);
#8143=DIRECTION('',(0.5310901633112961,0,-0.8473153122857988));
#8144=DIRECTION('',(0.8109913891415211,-0.28965681241944313,0.5083226315612096));
#8145=FACE_BOUND('',#8146,.T.);
#8146=EDGE_LOOP('',(#8147,#8148,#8149));
#8147=ORIENTED_EDGE('',*,*,#8150,.T.);
#8148=ORIENTED_EDGE('',*,*,#8151,.T.);
#8149=ORIENTED_EDGE('',*,*,#8152,.T.);
#8150=EDGE_CURVE('',#539,#535,#8153,.F.);
#8151=EDGE_CURVE('',#535,#523,#8154,.T.);
#8152=EDGE_CURVE('',#523,#539,#8155,.T.);
#8153=LINE('',#538,#8156);
#8154=LINE('',#534,#8157);
#8155=LINE('',#522,#8158);
#8156=VECTOR('',#8159,1.0);
#8157=VECTOR('',#8160,1.0);
#8158=VECTOR('',#8161,1.0);
#8159=DIRECTION('',(0.8109913891415211,-0.28965681241944313,0.5083226315612096));
#8160=DIRECTION('',(-0.8473153122857988,0,-0.5310901633112961));
#8161=DIRECTION('',(0,1,0));
#8162=FACE_SURFACE('',(#8167),#8163,.T.);
#8163=PLANE('',#8164);
#8164=AXIS2_PLACEMENT_3D('',#526,#8165,#8166);
#8165=DIRECTION('',(0.5827405343644058,0,-0.8126582735742539));
#8166=DIRECTION('',(0.8126582735742538,0,0.5827405343644058));
#8167=FACE_BOUND('',#8168,.T.);
#8168=EDGE_LOOP('',(#8169,#8170,#8171));
#8169=ORIENTED_EDGE('',*,*,#8172,.T.);
#8170=ORIENTED_EDGE('',*,*,#8173,.T.);
#8171=ORIENTED_EDGE('',*,*,#8174,.T.);
#8172=EDGE_CURVE('',#527,#539,#8175,.F.);
#8173=EDGE_CURVE('',#539,#523,#8176,.T.);
#8174=EDGE_CURVE('',#523,#527,#8177,.T.);
#8175=LINE('',#526,#8178);
#8176=LINE('',#538,#8179);
#8177=LINE('',#522,#8180);
#8178=VECTOR('',#8181,1.0);
#8179=VECTOR('',#8182,1.0);
#8180=VECTOR('',#8183,1.0);
#8181=DIRECTION('',(0.8126582735742538,0,0.5827405343644058));
#8182=DIRECTION('',(0,-1,0));
#8183=DIRECTION('',(-0.7778200138989135,0.2896570725366079,-0.5577587348556868));
#8184=FACE_SURFACE('',(#8189),#8185,.T.);
#8185=PLANE('',#8186);
#8186=AXIS2_PLACEMENT_3D('',#532,#8187,#8188);
#8187=DIRECTION('',(8.766883692893895E-15,-1,1.3986918431519873E-14));
#8188=DIRECTION('',(-0.9998209779967849,-8.500664892042907E-15,0.01892120391393274));
#8189=FACE_BOUND('',#8190,.T.);
#8190=EDGE_LOOP('',(#8191,#8192,#8193));
#8191=ORIENTED_EDGE('',*,*,#8194,.T.);
#8192=ORIENTED_EDGE('',*,*,#8195,.T.);
#8193=ORIENTED_EDGE('',*,*,#8196,.T.);
#8194=EDGE_CURVE('',#533,#541,#8197,.F.);
#8195=EDGE_CURVE('',#541,#529,#8198,.T.);
#8196=EDGE_CURVE('',#529,#533,#8199,.T.);
#8197=LINE('',#532,#8200);
#8198=LINE('',#540,#8201);
#8199=LINE('',#528,#8202);
#8200=VECTOR('',#8203,1.0);
#8201=VECTOR('',#8204,1.0);
#8202=VECTOR('',#8205,1.0);
#8203=DIRECTION('',(-0.9998209779967849,-8.500664892042907E-15,0.01892120391393274));
#8204=DIRECTION('',(0.8473153122857988,0,-0.5310901633112961));
#8205=DIRECTION('',(0.7684076282755689,1.568761862661248E-14,0.6399607150504749));
#8206=FACE_SURFACE('',(#8211),#8207,.T.);
#8207=PLANE('',#8208);
#8208=AXIS2_PLACEMENT_3D('',#542,#8209,#8210);
#8209=DIRECTION('',(-0.5310901633112961,0,-0.8473153122857988));
#8210=DIRECTION('',(0.8473153122857988,0,-0.5310901633112961));
#8211=FACE_BOUND('',#8212,.T.);
#8212=EDGE_LOOP('',(#8213,#8214,#8215));
#8213=ORIENTED_EDGE('',*,*,#8216,.T.);
#8214=ORIENTED_EDGE('',*,*,#8217,.T.);
#8215=ORIENTED_EDGE('',*,*,#8218,.T.);
#8216=EDGE_CURVE('',#543,#531,#8219,.F.);
#8217=EDGE_CURVE('',#531,#529,#8220,.T.);
#8218=EDGE_CURVE('',#529,#543,#8221,.T.);
#8219=LINE('',#542,#8222);
#8220=LINE('',#530,#8223);
#8221=LINE('',#528,#8224);
#8222=VECTOR('',#8225,1.0);
#8223=VECTOR('',#8226,1.0);
#8224=VECTOR('',#8227,1.0);
#8225=DIRECTION('',(0.8473153122857988,0,-0.5310901633112961));
#8226=DIRECTION('',(0,-1,0));
#8227=DIRECTION('',(-0.8109913891415211,0.28965681241944313,0.5083226315612096));
#8228=FACE_SURFACE('',(#8233),#8229,.T.);
#8229=PLANE('',#8230);
#8230=AXIS2_PLACEMENT_3D('',#540,#8231,#8232);
#8231=DIRECTION('',(-0.5310901633112961,0,-0.8473153122857988));
#8232=DIRECTION('',(0,1,0));
#8233=FACE_BOUND('',#8234,.T.);
#8234=EDGE_LOOP('',(#8235,#8236,#8237));
#8235=ORIENTED_EDGE('',*,*,#8238,.T.);
#8236=ORIENTED_EDGE('',*,*,#8239,.T.);
#8237=ORIENTED_EDGE('',*,*,#8240,.T.);
#8238=EDGE_CURVE('',#541,#543,#8241,.F.);
#8239=EDGE_CURVE('',#543,#529,#8242,.T.);
#8240=EDGE_CURVE('',#529,#541,#8243,.T.);
#8241=LINE('',#540,#8244);
#8242=LINE('',#542,#8245);
#8243=LINE('',#528,#8246);
#8244=VECTOR('',#8247,1.0);
#8245=VECTOR('',#8248,1.0);
#8246=VECTOR('',#8249,1.0);
#8247=DIRECTION('',(0,1,0));
#8248=DIRECTION('',(0.8109913891415211,-0.28965681241944313,-0.5083226315612096));
#8249=DIRECTION('',(-0.8473153122857988,0,0.5310901633112961));
#8250=FACE_SURFACE('',(#8255),#8251,.T.);
#8251=PLANE('',#8252);
#8252=AXIS2_PLACEMENT_3D('',#544,#8253,#8254);
#8253=DIRECTION('',(8.75855161097431E-15,-1,1.3546640406322257E-14));
#8254=DIRECTION('',(-0.7517594599315512,-1.5517485664084934E-14,-0.6594374226592107));
#8255=FACE_BOUND('',#8256,.T.);
#8256=EDGE_LOOP('',(#8257,#8258,#8259));
#8257=ORIENTED_EDGE('',*,*,#8260,.T.);
#8258=ORIENTED_EDGE('',*,*,#8261,.T.);
#8259=ORIENTED_EDGE('',*,*,#8262,.T.);
#8260=EDGE_CURVE('',#545,#541,#8263,.F.);
#8261=EDGE_CURVE('',#541,#533,#8264,.T.);
#8262=EDGE_CURVE('',#533,#545,#8265,.T.);
#8263=LINE('',#544,#8266);
#8264=LINE('',#540,#8267);
#8265=LINE('',#532,#8268);
#8266=VECTOR('',#8269,1.0);
#8267=VECTOR('',#8270,1.0);
#8268=VECTOR('',#8271,1.0);
#8269=DIRECTION('',(-0.7517594599315512,-1.5517485664084934E-14,-0.6594374226592107));
#8270=DIRECTION('',(0.9998209779967849,8.500664892042907E-15,-0.01892120391393274));
#8271=DIRECTION('',(-0.8397658024833193,0,0.5429487977512675));
#8272=FACE_SURFACE('',(#8277),#8273,.T.);
#8273=PLANE('',#8274);
#8274=AXIS2_PLACEMENT_3D('',#546,#8275,#8276);
#8275=DIRECTION('',(-7.727934908754277E-15,-1,1.4224232965435327E-14));
#8276=DIRECTION('',(-0.734073039593066,1.5332125959448335E-14,0.6790705210378352));
#8277=FACE_BOUND('',#8278,.T.);
#8278=EDGE_LOOP('',(#8279,#8280,#8281));
#8279=ORIENTED_EDGE('',*,*,#8282,.T.);
#8280=ORIENTED_EDGE('',*,*,#8283,.T.);
#8281=ORIENTED_EDGE('',*,*,#8284,.T.);
#8282=EDGE_CURVE('',#547,#549,#8285,.F.);
#8283=EDGE_CURVE('',#549,#535,#8286,.T.);
#8284=EDGE_CURVE('',#535,#547,#8287,.T.);
#8285=LINE('',#546,#8288);
#8286=LINE('',#548,#8289);
#8287=LINE('',#534,#8290);
#8288=VECTOR('',#8291,1.0);
#8289=VECTOR('',#8292,1.0);
#8290=VECTOR('',#8293,1.0);
#8291=DIRECTION('',(-0.734073039593066,1.5332125959448335E-14,0.6790705210378352));
#8292=DIRECTION('',(-0.27037935272214825,-1.1604961233375478E-14,-0.9627538655448505));
#8293=DIRECTION('',(0.8786925731778691,0,0.47738806210676793));
#8294=FACE_SURFACE('',(#8299),#8295,.T.);
#8295=PLANE('',#8296);
#8296=AXIS2_PLACEMENT_3D('',#548,#8297,#8298);
#8297=DIRECTION('',(8.48363896029351E-15,-1,9.671382017555923E-15));
#8298=DIRECTION('',(-0.8710159923115057,-1.214049669381007E-14,-0.4912546601688404));
#8299=FACE_BOUND('',#8300,.T.);
#8300=EDGE_LOOP('',(#8301,#8302,#8303));
#8301=ORIENTED_EDGE('',*,*,#8304,.T.);
#8302=ORIENTED_EDGE('',*,*,#8305,.T.);
#8303=ORIENTED_EDGE('',*,*,#8306,.T.);
#8304=EDGE_CURVE('',#549,#537,#8307,.F.);
#8305=EDGE_CURVE('',#537,#535,#8308,.T.);
#8306=EDGE_CURVE('',#535,#549,#8309,.T.);
#8307=LINE('',#548,#8310);
#8308=LINE('',#536,#8311);
#8309=LINE('',#534,#8312);
#8310=VECTOR('',#8313,1.0);
#8311=VECTOR('',#8314,1.0);
#8312=VECTOR('',#8315,1.0);
#8313=DIRECTION('',(-0.8710159923115057,-1.214049669381007E-14,-0.4912546601688404));
#8314=DIRECTION('',(0.7517602487025836,0,-0.6594365234581945));
#8315=DIRECTION('',(0.27037935272214825,1.1604961233375478E-14,0.9627538655448505));
#8316=FACE_SURFACE('',(#8321),#8317,.T.);
#8317=PLANE('',#8318);
#8318=AXIS2_PLACEMENT_3D('',#550,#8319,#8320);
#8319=DIRECTION('',(0.4773880621067679,0,-0.8786925731778689));
#8320=DIRECTION('',(0.8410235659085318,-0.2896566578034697,0.4569227310789222));
#8321=FACE_BOUND('',#8322,.T.);
#8322=EDGE_LOOP('',(#8323,#8324,#8325));
#8323=ORIENTED_EDGE('',*,*,#8326,.T.);
#8324=ORIENTED_EDGE('',*,*,#8327,.T.);
#8325=ORIENTED_EDGE('',*,*,#8328,.T.);
#8326=EDGE_CURVE('',#551,#547,#8329,.F.);
#8327=EDGE_CURVE('',#547,#535,#8330,.T.);
#8328=EDGE_CURVE('',#535,#551,#8331,.T.);
#8329=LINE('',#550,#8332);
#8330=LINE('',#546,#8333);
#8331=LINE('',#534,#8334);
#8332=VECTOR('',#8335,1.0);
#8333=VECTOR('',#8336,1.0);
#8334=VECTOR('',#8337,1.0);
#8335=DIRECTION('',(0.8410235659085318,-0.2896566578034697,0.4569227310789222));
#8336=DIRECTION('',(-0.8786925731778691,0,-0.47738806210676793));
#8337=DIRECTION('',(0,1,0));
#8338=FACE_SURFACE('',(#8343),#8339,.T.);
#8339=PLANE('',#8340);
#8340=AXIS2_PLACEMENT_3D('',#538,#8341,#8342);
#8341=DIRECTION('',(0.5310901633112961,0,-0.8473153122857988));
#8342=DIRECTION('',(0.8473153122857988,0,0.5310901633112961));
#8343=FACE_BOUND('',#8344,.T.);
#8344=EDGE_LOOP('',(#8345,#8346,#8347));
#8345=ORIENTED_EDGE('',*,*,#8348,.T.);
#8346=ORIENTED_EDGE('',*,*,#8349,.T.);
#8347=ORIENTED_EDGE('',*,*,#8350,.T.);
#8348=EDGE_CURVE('',#539,#551,#8351,.F.);
#8349=EDGE_CURVE('',#551,#535,#8352,.T.);
#8350=EDGE_CURVE('',#535,#539,#8353,.T.);
#8351=LINE('',#538,#8354);
#8352=LINE('',#550,#8355);
#8353=LINE('',#534,#8356);
#8354=VECTOR('',#8357,1.0);
#8355=VECTOR('',#8358,1.0);
#8356=VECTOR('',#8359,1.0);
#8357=DIRECTION('',(0.8473153122857988,0,0.5310901633112961));
#8358=DIRECTION('',(0,-1,0));
#8359=DIRECTION('',(-0.8109913891415211,0.28965681241944313,-0.5083226315612096));
#8360=FACE_SURFACE('',(#8365),#8361,.T.);
#8361=PLANE('',#8362);
#8362=AXIS2_PLACEMENT_3D('',#544,#8363,#8364);
#8363=DIRECTION('',(7.894782958046978E-15,-1,1.4531337716056268E-14));
#8364=DIRECTION('',(-0.9994887564837605,-8.355346566555906E-15,-0.031972263957157354));
#8365=FACE_BOUND('',#8366,.T.);
#8366=EDGE_LOOP('',(#8367,#8368,#8369));
#8367=ORIENTED_EDGE('',*,*,#8370,.T.);
#8368=ORIENTED_EDGE('',*,*,#8371,.T.);
#8369=ORIENTED_EDGE('',*,*,#8372,.T.);
#8370=EDGE_CURVE('',#545,#553,#8373,.F.);
#8371=EDGE_CURVE('',#553,#541,#8374,.T.);
#8372=EDGE_CURVE('',#541,#545,#8375,.T.);
#8373=LINE('',#544,#8376);
#8374=LINE('',#552,#8377);
#8375=LINE('',#540,#8378);
#8376=VECTOR('',#8379,1.0);
#8377=VECTOR('',#8380,1.0);
#8378=VECTOR('',#8381,1.0);
#8379=DIRECTION('',(-0.9994887564837605,-8.355346566555906E-15,-0.031972263957157354));
#8380=DIRECTION('',(0.8786925731778691,0,-0.47738806210676793));
#8381=DIRECTION('',(0.7517594599315512,1.5517485664084934E-14,0.6594374226592107));
#8382=FACE_SURFACE('',(#8387),#8383,.T.);
#8383=PLANE('',#8384);
#8384=AXIS2_PLACEMENT_3D('',#554,#8385,#8386);
#8385=DIRECTION('',(-0.4773880621067679,0,-0.8786925731778689));
#8386=DIRECTION('',(0.8786925731778691,0,-0.47738806210676793));
#8387=FACE_BOUND('',#8388,.T.);
#8388=EDGE_LOOP('',(#8389,#8390,#8391));
#8389=ORIENTED_EDGE('',*,*,#8392,.T.);
#8390=ORIENTED_EDGE('',*,*,#8393,.T.);
#8391=ORIENTED_EDGE('',*,*,#8394,.T.);
#8392=EDGE_CURVE('',#555,#543,#8395,.F.);
#8393=EDGE_CURVE('',#543,#541,#8396,.T.);
#8394=EDGE_CURVE('',#541,#555,#8397,.T.);
#8395=LINE('',#554,#8398);
#8396=LINE('',#542,#8399);
#8397=LINE('',#540,#8400);
#8398=VECTOR('',#8401,1.0);
#8399=VECTOR('',#8402,1.0);
#8400=VECTOR('',#8403,1.0);
#8401=DIRECTION('',(0.8786925731778691,0,-0.47738806210676793));
#8402=DIRECTION('',(0,-1,0));
#8403=DIRECTION('',(-0.8410235659085318,0.2896566578034697,0.4569227310789222));
#8404=FACE_SURFACE('',(#8409),#8405,.T.);
#8405=PLANE('',#8406);
#8406=AXIS2_PLACEMENT_3D('',#552,#8407,#8408);
#8407=DIRECTION('',(-0.4773880621067679,0,-0.8786925731778689));
#8408=DIRECTION('',(0,1,0));
#8409=FACE_BOUND('',#8410,.T.);
#8410=EDGE_LOOP('',(#8411,#8412,#8413));
#8411=ORIENTED_EDGE('',*,*,#8414,.T.);
#8412=ORIENTED_EDGE('',*,*,#8415,.T.);
#8413=ORIENTED_EDGE('',*,*,#8416,.T.);
#8414=EDGE_CURVE('',#553,#555,#8417,.F.);
#8415=EDGE_CURVE('',#555,#541,#8418,.T.);
#8416=EDGE_CURVE('',#541,#553,#8419,.T.);
#8417=LINE('',#552,#8420);
#8418=LINE('',#554,#8421);
#8419=LINE('',#540,#8422);
#8420=VECTOR('',#8423,1.0);
#8421=VECTOR('',#8424,1.0);
#8422=VECTOR('',#8425,1.0);
#8423=DIRECTION('',(0,1,0));
#8424=DIRECTION('',(0.8410235659085318,-0.2896566578034697,-0.4569227310789222));
#8425=DIRECTION('',(-0.8786925731778691,0,0.47738806210676793));
#8426=FACE_SURFACE('',(#8431),#8427,.T.);
#8427=PLANE('',#8428);
#8428=AXIS2_PLACEMENT_3D('',#556,#8429,#8430);
#8429=DIRECTION('',(-6.824993808462647E-15,-1,1.4669358998200552E-14));
#8430=DIRECTION('',(-0.715266709912036,1.5133395609658294E-14,0.6988515820198242));
#8431=FACE_BOUND('',#8432,.T.);
#8432=EDGE_LOOP('',(#8433,#8434,#8435));
#8433=ORIENTED_EDGE('',*,*,#8436,.T.);
#8434=ORIENTED_EDGE('',*,*,#8437,.T.);
#8435=ORIENTED_EDGE('',*,*,#8438,.T.);
#8436=EDGE_CURVE('',#557,#559,#8439,.F.);
#8437=EDGE_CURVE('',#559,#547,#8440,.T.);
#8438=EDGE_CURVE('',#547,#557,#8441,.T.);
#8439=LINE('',#556,#8442);
#8440=LINE('',#558,#8443);
#8441=LINE('',#546,#8444);
#8442=VECTOR('',#8445,1.0);
#8443=VECTOR('',#8446,1.0);
#8444=VECTOR('',#8447,1.0);
#8445=DIRECTION('',(-0.715266709912036,1.5133395609658294E-14,0.6988515820198242));
#8446=DIRECTION('',(-0.30978640711256034,-1.1833426804821647E-14,-0.9508061747634431));
#8447=DIRECTION('',(0.9066729827212213,0,0.4218342119878425));
#8448=FACE_SURFACE('',(#8453),#8449,.T.);
#8449=PLANE('',#8450);
#8450=AXIS2_PLACEMENT_3D('',#558,#8451,#8452);
#8451=DIRECTION('',(-7.202407896413591E-15,-1,1.4792325968129073E-14));
#8452=DIRECTION('',(-0.8990882005859734,0,-0.43776752685309656));
#8453=FACE_BOUND('',#8454,.T.);
#8454=EDGE_LOOP('',(#8455,#8456,#8457));
#8455=ORIENTED_EDGE('',*,*,#8458,.T.);
#8456=ORIENTED_EDGE('',*,*,#8459,.T.);
#8457=ORIENTED_EDGE('',*,*,#8460,.T.);
#8458=EDGE_CURVE('',#559,#549,#8461,.F.);
#8459=EDGE_CURVE('',#549,#547,#8462,.T.);
#8460=EDGE_CURVE('',#547,#559,#8463,.T.);
#8461=LINE('',#558,#8464);
#8462=LINE('',#548,#8465);
#8463=LINE('',#546,#8466);
#8464=VECTOR('',#8467,1.0);
#8465=VECTOR('',#8468,1.0);
#8466=VECTOR('',#8469,1.0);
#8467=DIRECTION('',(-0.8990882005859734,0,-0.43776752685309656));
#8468=DIRECTION('',(0.734073039593066,-1.5332125959448335E-14,-0.6790705210378352));
#8469=DIRECTION('',(0.30978640711256034,1.1833426804821647E-14,0.9508061747634431));
#8470=FACE_SURFACE('',(#8475),#8471,.T.);
#8471=PLANE('',#8472);
#8472=AXIS2_PLACEMENT_3D('',#560,#8473,#8474);
#8473=DIRECTION('',(0.4218342119878424,0,-0.9066729827212211));
#8474=DIRECTION('',(0.8678043306678874,-0.2896571750608634,0.40375037412963516));
#8475=FACE_BOUND('',#8476,.T.);
#8476=EDGE_LOOP('',(#8477,#8478,#8479));
#8477=ORIENTED_EDGE('',*,*,#8480,.T.);
#8478=ORIENTED_EDGE('',*,*,#8481,.T.);
#8479=ORIENTED_EDGE('',*,*,#8482,.T.);
#8480=EDGE_CURVE('',#561,#557,#8483,.F.);
#8481=EDGE_CURVE('',#557,#547,#8484,.T.);
#8482=EDGE_CURVE('',#547,#561,#8485,.T.);
#8483=LINE('',#560,#8486);
#8484=LINE('',#556,#8487);
#8485=LINE('',#546,#8488);
#8486=VECTOR('',#8489,1.0);
#8487=VECTOR('',#8490,1.0);
#8488=VECTOR('',#8491,1.0);
#8489=DIRECTION('',(0.8678043306678874,-0.2896571750608634,0.40375037412963516));
#8490=DIRECTION('',(-0.9066729827212213,0,-0.4218342119878425));
#8491=DIRECTION('',(0,1,0));
#8492=FACE_SURFACE('',(#8497),#8493,.T.);
#8493=PLANE('',#8494);
#8494=AXIS2_PLACEMENT_3D('',#550,#8495,#8496);
#8495=DIRECTION('',(0.4773880621067679,0,-0.8786925731778689));
#8496=DIRECTION('',(0.8786925731778691,0,0.47738806210676793));
#8497=FACE_BOUND('',#8498,.T.);
#8498=EDGE_LOOP('',(#8499,#8500,#8501));
#8499=ORIENTED_EDGE('',*,*,#8502,.T.);
#8500=ORIENTED_EDGE('',*,*,#8503,.T.);
#8501=ORIENTED_EDGE('',*,*,#8504,.T.);
#8502=EDGE_CURVE('',#551,#561,#8505,.F.);
#8503=EDGE_CURVE('',#561,#547,#8506,.T.);
#8504=EDGE_CURVE('',#547,#551,#8507,.T.);
#8505=LINE('',#550,#8508);
#8506=LINE('',#560,#8509);
#8507=LINE('',#546,#8510);
#8508=VECTOR('',#8511,1.0);
#8509=VECTOR('',#8512,1.0);
#8510=VECTOR('',#8513,1.0);
#8511=DIRECTION('',(0.8786925731778691,0,0.47738806210676793));
#8512=DIRECTION('',(0,-1,0));
#8513=DIRECTION('',(-0.8410235659085318,0.2896566578034697,-0.4569227310789222));
#8514=FACE_SURFACE('',(#8519),#8515,.T.);
#8515=PLANE('',#8516);
#8516=AXIS2_PLACEMENT_3D('',#544,#8517,#8518);
#8517=DIRECTION('',(8.659046675009155E-15,-1,-9.360401483762905E-15));
#8518=DIRECTION('',(-0.8710156498325143,-1.2140511700427112E-14,0.49125526739857245));
#8519=FACE_BOUND('',#8520,.T.);
#8520=EDGE_LOOP('',(#8521,#8522,#8523));
#8521=ORIENTED_EDGE('',*,*,#8524,.T.);
#8522=ORIENTED_EDGE('',*,*,#8525,.T.);
#8523=ORIENTED_EDGE('',*,*,#8526,.T.);
#8524=EDGE_CURVE('',#545,#563,#8527,.F.);
#8525=EDGE_CURVE('',#563,#553,#8528,.T.);
#8526=EDGE_CURVE('',#553,#545,#8529,.T.);
#8527=LINE('',#544,#8530);
#8528=LINE('',#562,#8531);
#8529=LINE('',#552,#8532);
#8530=VECTOR('',#8533,1.0);
#8531=VECTOR('',#8534,1.0);
#8532=VECTOR('',#8535,1.0);
#8533=DIRECTION('',(-0.8710156498325143,-1.2140511700427112E-14,0.49125526739857245));
#8534=DIRECTION('',(-0.734073039593066,0,-0.6790705210378352));
#8535=DIRECTION('',(0.9994887564837605,8.355346566555906E-15,0.031972263957157354));
#8536=FACE_SURFACE('',(#8541),#8537,.T.);
#8537=PLANE('',#8538);
#8538=AXIS2_PLACEMENT_3D('',#562,#8539,#8540);
#8539=DIRECTION('',(0,-1,0));
#8540=DIRECTION('',(-0.9965383843156512,0,-0.08313391958491596));
#8541=FACE_BOUND('',#8542,.T.);
#8542=EDGE_LOOP('',(#8543,#8544,#8545));
#8543=ORIENTED_EDGE('',*,*,#8546,.T.);
#8544=ORIENTED_EDGE('',*,*,#8547,.T.);
#8545=ORIENTED_EDGE('',*,*,#8548,.T.);
#8546=EDGE_CURVE('',#563,#565,#8549,.F.);
#8547=EDGE_CURVE('',#565,#553,#8550,.T.);
#8548=EDGE_CURVE('',#553,#563,#8551,.T.);
#8549=LINE('',#562,#8552);
#8550=LINE('',#564,#8553);
#8551=LINE('',#552,#8554);
#8552=VECTOR('',#8555,1.0);
#8553=VECTOR('',#8556,1.0);
#8554=VECTOR('',#8557,1.0);
#8555=DIRECTION('',(-0.9965383843156512,0,-0.08313391958491596));
#8556=DIRECTION('',(0.9066731111127726,0,-0.42183393602825026));
#8557=DIRECTION('',(0.734073039593066,0,0.6790705210378352));
#8558=FACE_SURFACE('',(#8563),#8559,.T.);
#8559=PLANE('',#8560);
#8560=AXIS2_PLACEMENT_3D('',#566,#8561,#8562);
#8561=DIRECTION('',(-0.4218339360282503,0,-0.9066731111127727));
#8562=DIRECTION('',(0.9066731111127726,0,-0.42183393602825026));
#8563=FACE_BOUND('',#8564,.T.);
#8564=EDGE_LOOP('',(#8565,#8566,#8567));
#8565=ORIENTED_EDGE('',*,*,#8568,.T.);
#8566=ORIENTED_EDGE('',*,*,#8569,.T.);
#8567=ORIENTED_EDGE('',*,*,#8570,.T.);
#8568=EDGE_CURVE('',#567,#555,#8571,.F.);
#8569=EDGE_CURVE('',#555,#553,#8572,.T.);
#8570=EDGE_CURVE('',#553,#567,#8573,.T.);
#8571=LINE('',#566,#8574);
#8572=LINE('',#554,#8575);
#8573=LINE('',#552,#8576);
#8574=VECTOR('',#8577,1.0);
#8575=VECTOR('',#8578,1.0);
#8576=VECTOR('',#8579,1.0);
#8577=DIRECTION('',(0.9066731111127726,0,-0.42183393602825026));
#8578=DIRECTION('',(0,-1,0));
#8579=DIRECTION('',(-0.8678045011868287,0.28965700146862694,0.40375013216107214));
#8580=FACE_SURFACE('',(#8585),#8581,.T.);
#8581=PLANE('',#8582);
#8582=AXIS2_PLACEMENT_3D('',#564,#8583,#8584);
#8583=DIRECTION('',(-0.4218339360282503,0,-0.9066731111127727));
#8584=DIRECTION('',(0,1,0));
#8585=FACE_BOUND('',#8586,.T.);
#8586=EDGE_LOOP('',(#8587,#8588,#8589));
#8587=ORIENTED_EDGE('',*,*,#8590,.T.);
#8588=ORIENTED_EDGE('',*,*,#8591,.T.);
#8589=ORIENTED_EDGE('',*,*,#8592,.T.);
#8590=EDGE_CURVE('',#565,#567,#8593,.F.);
#8591=EDGE_CURVE('',#567,#553,#8594,.T.);
#8592=EDGE_CURVE('',#553,#565,#8595,.T.);
#8593=LINE('',#564,#8596);
#8594=LINE('',#566,#8597);
#8595=LINE('',#552,#8598);
#8596=VECTOR('',#8599,1.0);
#8597=VECTOR('',#8600,1.0);
#8598=VECTOR('',#8601,1.0);
#8599=DIRECTION('',(0,1,0));
#8600=DIRECTION('',(0.8678045011868287,-0.28965700146862694,-0.40375013216107214));
#8601=DIRECTION('',(-0.9066731111127726,0,0.42183393602825026));
#8602=FACE_SURFACE('',(#8607),#8603,.T.);
#8603=PLANE('',#8604);
#8604=AXIS2_PLACEMENT_3D('',#568,#8605,#8606);
#8605=DIRECTION('',(-0,-1,0));
#8606=DIRECTION('',(-0.695277549610021,0,0.7187413505624154));
#8607=FACE_BOUND('',#8608,.T.);
#8608=EDGE_LOOP('',(#8609,#8610,#8611));
#8609=ORIENTED_EDGE('',*,*,#8612,.T.);
#8610=ORIENTED_EDGE('',*,*,#8613,.T.);
#8611=ORIENTED_EDGE('',*,*,#8614,.T.);
#8612=EDGE_CURVE('',#569,#571,#8615,.F.);
#8613=EDGE_CURVE('',#571,#557,#8616,.T.);
#8614=EDGE_CURVE('',#557,#569,#8617,.T.);
#8615=LINE('',#568,#8618);
#8616=LINE('',#570,#8619);
#8617=LINE('',#556,#8620);
#8618=VECTOR('',#8621,1.0);
#8619=VECTOR('',#8622,1.0);
#8620=VECTOR('',#8623,1.0);
#8621=DIRECTION('',(-0.695277549610021,0,0.7187413505624154));
#8622=DIRECTION('',(-0.34791758108885307,0,-0.9375251232736546));
#8623=DIRECTION('',(0.9311442430595115,0,0.3646510641930575));
#8624=FACE_SURFACE('',(#8629),#8625,.T.);
#8625=PLANE('',#8626);
#8626=AXIS2_PLACEMENT_3D('',#570,#8627,#8628);
#8627=DIRECTION('',(-1.552761013017765E-14,-1,5.7623293738713925E-15));
#8628=DIRECTION('',(-0.9238796036589809,1.2140495299399382E-14,-0.3826832605993163));
#8629=FACE_BOUND('',#8630,.T.);
#8630=EDGE_LOOP('',(#8631,#8632,#8633));
#8631=ORIENTED_EDGE('',*,*,#8634,.T.);
#8632=ORIENTED_EDGE('',*,*,#8635,.T.);
#8633=ORIENTED_EDGE('',*,*,#8636,.T.);
#8634=EDGE_CURVE('',#571,#559,#8637,.F.);
#8635=EDGE_CURVE('',#559,#557,#8638,.T.);
#8636=EDGE_CURVE('',#557,#571,#8639,.T.);
#8637=LINE('',#570,#8640);
#8638=LINE('',#558,#8641);
#8639=LINE('',#556,#8642);
#8640=VECTOR('',#8643,1.0);
#8641=VECTOR('',#8644,1.0);
#8642=VECTOR('',#8645,1.0);
#8643=DIRECTION('',(-0.9238796036589809,1.2140495299399382E-14,-0.3826832605993163));
#8644=DIRECTION('',(0.715266709912036,-1.5133395609658294E-14,-0.6988515820198242));
#8645=DIRECTION('',(0.34791758108885307,0,0.9375251232736546));
#8646=FACE_SURFACE('',(#8651),#8647,.T.);
#8647=PLANE('',#8648);
#8648=AXIS2_PLACEMENT_3D('',#572,#8649,#8650);
#8649=DIRECTION('',(0.36465106419305754,0,-0.9311442430595116));
#8650=DIRECTION('',(0.8912266423327458,-0.2896567387257487,0.3490186896242998));
#8651=FACE_BOUND('',#8652,.T.);
#8652=EDGE_LOOP('',(#8653,#8654,#8655));
#8653=ORIENTED_EDGE('',*,*,#8656,.T.);
#8654=ORIENTED_EDGE('',*,*,#8657,.T.);
#8655=ORIENTED_EDGE('',*,*,#8658,.T.);
#8656=EDGE_CURVE('',#573,#569,#8659,.F.);
#8657=EDGE_CURVE('',#569,#557,#8660,.T.);
#8658=EDGE_CURVE('',#557,#573,#8661,.T.);
#8659=LINE('',#572,#8662);
#8660=LINE('',#568,#8663);
#8661=LINE('',#556,#8664);
#8662=VECTOR('',#8665,1.0);
#8663=VECTOR('',#8666,1.0);
#8664=VECTOR('',#8667,1.0);
#8665=DIRECTION('',(0.8912266423327458,-0.2896567387257487,0.3490186896242998));
#8666=DIRECTION('',(-0.9311442430595115,0,-0.3646510641930575));
#8667=DIRECTION('',(0,1,0));
#8668=FACE_SURFACE('',(#8673),#8669,.T.);
#8669=PLANE('',#8670);
#8670=AXIS2_PLACEMENT_3D('',#560,#8671,#8672);
#8671=DIRECTION('',(0.4218342119878424,0,-0.9066729827212211));
#8672=DIRECTION('',(0.9066729827212213,0,0.4218342119878425));
#8673=FACE_BOUND('',#8674,.T.);
#8674=EDGE_LOOP('',(#8675,#8676,#8677));
#8675=ORIENTED_EDGE('',*,*,#8678,.T.);
#8676=ORIENTED_EDGE('',*,*,#8679,.T.);
#8677=ORIENTED_EDGE('',*,*,#8680,.T.);
#8678=EDGE_CURVE('',#561,#573,#8681,.F.);
#8679=EDGE_CURVE('',#573,#557,#8682,.T.);
#8680=EDGE_CURVE('',#557,#561,#8683,.T.);
#8681=LINE('',#560,#8684);
#8682=LINE('',#572,#8685);
#8683=LINE('',#556,#8686);
#8684=VECTOR('',#8687,1.0);
#8685=VECTOR('',#8688,1.0);
#8686=VECTOR('',#8689,1.0);
#8687=DIRECTION('',(0.9066729827212213,0,0.4218342119878425));
#8688=DIRECTION('',(0,-1,0));
#8689=DIRECTION('',(-0.8678043306678874,0.2896571750608634,-0.40375037412963516));
#8690=FACE_SURFACE('',(#8695),#8691,.T.);
#8691=PLANE('',#8692);
#8692=AXIS2_PLACEMENT_3D('',#562,#8693,#8694);
#8693=DIRECTION('',(-1.975131676425114E-15,-1,2.3676190650735047E-14));
#8694=DIRECTION('',(-0.8990882005859734,1.2140485011352102E-14,0.43776752685309656));
#8695=FACE_BOUND('',#8696,.T.);
#8696=EDGE_LOOP('',(#8697,#8698,#8699));
#8697=ORIENTED_EDGE('',*,*,#8700,.T.);
#8698=ORIENTED_EDGE('',*,*,#8701,.T.);
#8699=ORIENTED_EDGE('',*,*,#8702,.T.);
#8700=EDGE_CURVE('',#563,#575,#8703,.F.);
#8701=EDGE_CURVE('',#575,#565,#8704,.T.);
#8702=EDGE_CURVE('',#565,#563,#8705,.T.);
#8703=LINE('',#562,#8706);
#8704=LINE('',#574,#8707);
#8705=LINE('',#564,#8708);
#8706=VECTOR('',#8709,1.0);
#8707=VECTOR('',#8710,1.0);
#8708=VECTOR('',#8711,1.0);
#8709=DIRECTION('',(-0.8990882005859734,1.2140485011352102E-14,0.43776752685309656));
#8710=DIRECTION('',(-0.7152671418876118,-1.513338603564661E-14,-0.6988511398974228));
#8711=DIRECTION('',(0.9965383843156512,0,0.08313391958491596));
#8712=FACE_SURFACE('',(#8717),#8713,.T.);
#8713=PLANE('',#8714);
#8714=AXIS2_PLACEMENT_3D('',#574,#8715,#8716);
#8715=DIRECTION('',(6.053845989301164E-15,-1,1.5458612429303742E-14));
#8716=DIRECTION('',(-0.9909259000271745,-8.076694103080895E-15,-0.1344093027112863));
#8717=FACE_BOUND('',#8718,.T.);
#8718=EDGE_LOOP('',(#8719,#8720,#8721));
#8719=ORIENTED_EDGE('',*,*,#8722,.T.);
#8720=ORIENTED_EDGE('',*,*,#8723,.T.);
#8721=ORIENTED_EDGE('',*,*,#8724,.T.);
#8722=EDGE_CURVE('',#575,#577,#8725,.F.);
#8723=EDGE_CURVE('',#577,#565,#8726,.T.);
#8724=EDGE_CURVE('',#565,#575,#8727,.T.);
#8725=LINE('',#574,#8728);
#8726=LINE('',#576,#8729);
#8727=LINE('',#564,#8730);
#8728=VECTOR('',#8731,1.0);
#8729=VECTOR('',#8732,1.0);
#8730=VECTOR('',#8733,1.0);
#8731=DIRECTION('',(-0.9909259000271745,-8.076694103080895E-15,-0.1344093027112863));
#8732=DIRECTION('',(0.9311441471176881,0,-0.3646513091824478));
#8733=DIRECTION('',(0.7152671418876118,1.513338603564661E-14,0.6988511398974228));
#8734=FACE_SURFACE('',(#8739),#8735,.T.);
#8735=PLANE('',#8736);
#8736=AXIS2_PLACEMENT_3D('',#578,#8737,#8738);
#8737=DIRECTION('',(-0.3646513091824478,0,-0.9311441471176882));
#8738=DIRECTION('',(0.9311441471176881,0,-0.3646513091824478));
#8739=FACE_BOUND('',#8740,.T.);
#8740=EDGE_LOOP('',(#8741,#8742,#8743));
#8741=ORIENTED_EDGE('',*,*,#8744,.T.);
#8742=ORIENTED_EDGE('',*,*,#8745,.T.);
#8743=ORIENTED_EDGE('',*,*,#8746,.T.);
#8744=EDGE_CURVE('',#579,#567,#8747,.F.);
#8745=EDGE_CURVE('',#567,#565,#8748,.T.);
#8746=EDGE_CURVE('',#565,#579,#8749,.T.);
#8747=LINE('',#578,#8750);
#8748=LINE('',#566,#8751);
#8749=LINE('',#564,#8752);
#8750=VECTOR('',#8753,1.0);
#8751=VECTOR('',#8754,1.0);
#8752=VECTOR('',#8755,1.0);
#8753=DIRECTION('',(0.9311441471176881,0,-0.3646513091824478));
#8754=DIRECTION('',(0,-1,0));
#8755=DIRECTION('',(-0.8912265002667072,0.28965691700294194,0.34901890443743566));
#8756=FACE_SURFACE('',(#8761),#8757,.T.);
#8757=PLANE('',#8758);
#8758=AXIS2_PLACEMENT_3D('',#576,#8759,#8760);
#8759=DIRECTION('',(-0.3646513091824478,0,-0.9311441471176882));
#8760=DIRECTION('',(0,1,0));
#8761=FACE_BOUND('',#8762,.T.);
#8762=EDGE_LOOP('',(#8763,#8764,#8765));
#8763=ORIENTED_EDGE('',*,*,#8766,.T.);
#8764=ORIENTED_EDGE('',*,*,#8767,.T.);
#8765=ORIENTED_EDGE('',*,*,#8768,.T.);
#8766=EDGE_CURVE('',#577,#579,#8769,.F.);
#8767=EDGE_CURVE('',#579,#565,#8770,.T.);
#8768=EDGE_CURVE('',#565,#577,#8771,.T.);
#8769=LINE('',#576,#8772);
#8770=LINE('',#578,#8773);
#8771=LINE('',#564,#8774);
#8772=VECTOR('',#8775,1.0);
#8773=VECTOR('',#8776,1.0);
#8774=VECTOR('',#8777,1.0);
#8775=DIRECTION('',(0,1,0));
#8776=DIRECTION('',(0.8912265002667072,-0.28965691700294194,-0.34901890443743566));
#8777=DIRECTION('',(-0.9311441471176881,0,0.3646513091824478));
#8778=FACE_SURFACE('',(#8783),#8779,.T.);
#8779=PLANE('',#8780);
#8780=AXIS2_PLACEMENT_3D('',#580,#8781,#8782);
#8781=DIRECTION('',(-0,-1,0));
#8782=DIRECTION('',(-0.6740397733495591,0,0.7386950547708269));
#8783=FACE_BOUND('',#8784,.T.);
#8784=EDGE_LOOP('',(#8785,#8786,#8787));
#8785=ORIENTED_EDGE('',*,*,#8788,.T.);
#8786=ORIENTED_EDGE('',*,*,#8789,.T.);
#8787=ORIENTED_EDGE('',*,*,#8790,.T.);
#8788=EDGE_CURVE('',#581,#583,#8791,.F.);
#8789=EDGE_CURVE('',#583,#569,#8792,.T.);
#8790=EDGE_CURVE('',#569,#581,#8793,.T.);
#8791=LINE('',#580,#8794);
#8792=LINE('',#582,#8795);
#8793=LINE('',#568,#8796);
#8794=VECTOR('',#8797,1.0);
#8795=VECTOR('',#8798,1.0);
#8796=VECTOR('',#8799,1.0);
#8797=DIRECTION('',(-0.6740397733495591,0,0.7386950547708269));
#8798=DIRECTION('',(-0.38471646710718016,0,-0.9230347988762775));
#8799=DIRECTION('',(0.9520130125978501,0,0.30605754988950323));
#8800=FACE_SURFACE('',(#8805),#8801,.T.);
#8801=PLANE('',#8802);
#8802=AXIS2_PLACEMENT_3D('',#582,#8803,#8804);
#8803=DIRECTION('',(0,-1,0));
#8804=DIRECTION('',(-0.9453000715679996,0,-0.3262020458144536));
#8805=FACE_BOUND('',#8806,.T.);
#8806=EDGE_LOOP('',(#8807,#8808,#8809));
#8807=ORIENTED_EDGE('',*,*,#8810,.T.);
#8808=ORIENTED_EDGE('',*,*,#8811,.T.);
#8809=ORIENTED_EDGE('',*,*,#8812,.T.);
#8810=EDGE_CURVE('',#583,#571,#8813,.F.);
#8811=EDGE_CURVE('',#571,#569,#8814,.T.);
#8812=EDGE_CURVE('',#569,#583,#8815,.T.);
#8813=LINE('',#582,#8816);
#8814=LINE('',#570,#8817);
#8815=LINE('',#568,#8818);
#8816=VECTOR('',#8819,1.0);
#8817=VECTOR('',#8820,1.0);
#8818=VECTOR('',#8821,1.0);
#8819=DIRECTION('',(-0.9453000715679996,0,-0.3262020458144536));
#8820=DIRECTION('',(0.695277549610021,0,-0.7187413505624154));
#8821=DIRECTION('',(0.38471646710718016,0,0.9230347988762775));
#8822=FACE_SURFACE('',(#8827),#8823,.T.);
#8823=PLANE('',#8824);
#8824=AXIS2_PLACEMENT_3D('',#584,#8825,#8826);
#8825=DIRECTION('',(0.30605754988950323,0,-0.9520130125978501));
#8826=DIRECTION('',(0.911200718522637,-0.2896569525050526,0.29293702468161303));
#8827=FACE_BOUND('',#8828,.T.);
#8828=EDGE_LOOP('',(#8829,#8830,#8831));
#8829=ORIENTED_EDGE('',*,*,#8832,.T.);
#8830=ORIENTED_EDGE('',*,*,#8833,.T.);
#8831=ORIENTED_EDGE('',*,*,#8834,.T.);
#8832=EDGE_CURVE('',#585,#581,#8835,.F.);
#8833=EDGE_CURVE('',#581,#569,#8836,.T.);
#8834=EDGE_CURVE('',#569,#585,#8837,.T.);
#8835=LINE('',#584,#8838);
#8836=LINE('',#580,#8839);
#8837=LINE('',#568,#8840);
#8838=VECTOR('',#8841,1.0);
#8839=VECTOR('',#8842,1.0);
#8840=VECTOR('',#8843,1.0);
#8841=DIRECTION('',(0.911200718522637,-0.2896569525050526,0.29293702468161303));
#8842=DIRECTION('',(-0.9520130125978501,0,-0.30605754988950323));
#8843=DIRECTION('',(0,1,0));
#8844=FACE_SURFACE('',(#8849),#8845,.T.);
#8845=PLANE('',#8846);
#8846=AXIS2_PLACEMENT_3D('',#572,#8847,#8848);
#8847=DIRECTION('',(0.36465106419305754,0,-0.9311442430595116));
#8848=DIRECTION('',(0.9311442430595115,0,0.3646510641930575));
#8849=FACE_BOUND('',#8850,.T.);
#8850=EDGE_LOOP('',(#8851,#8852,#8853));
#8851=ORIENTED_EDGE('',*,*,#8854,.T.);
#8852=ORIENTED_EDGE('',*,*,#8855,.T.);
#8853=ORIENTED_EDGE('',*,*,#8856,.T.);
#8854=EDGE_CURVE('',#573,#585,#8857,.F.);
#8855=EDGE_CURVE('',#585,#569,#8858,.T.);
#8856=EDGE_CURVE('',#569,#573,#8859,.T.);
#8857=LINE('',#572,#8860);
#8858=LINE('',#584,#8861);
#8859=LINE('',#568,#8862);
#8860=VECTOR('',#8863,1.0);
#8861=VECTOR('',#8864,1.0);
#8862=VECTOR('',#8865,1.0);
#8863=DIRECTION('',(0.9311442430595115,0,0.3646510641930575));
#8864=DIRECTION('',(0,-1,0));
#8865=DIRECTION('',(-0.8912266423327458,0.2896567387257487,-0.3490186896242998));
#8866=FACE_SURFACE('',(#8871),#8867,.T.);
#8867=PLANE('',#8868);
#8868=AXIS2_PLACEMENT_3D('',#574,#8869,#8870);
#8869=DIRECTION('',(9.381637900036936E-15,-1,-9.07536794058399E-15));
#8870=DIRECTION('',(-0.9238796036589809,-1.2140495299399382E-14,0.3826832605993163));
#8871=FACE_BOUND('',#8872,.T.);
#8872=EDGE_LOOP('',(#8873,#8874,#8875));
#8873=ORIENTED_EDGE('',*,*,#8876,.T.);
#8874=ORIENTED_EDGE('',*,*,#8877,.T.);
#8875=ORIENTED_EDGE('',*,*,#8878,.T.);
#8876=EDGE_CURVE('',#575,#587,#8879,.F.);
#8877=EDGE_CURVE('',#587,#577,#8880,.T.);
#8878=EDGE_CURVE('',#577,#575,#8881,.T.);
#8879=LINE('',#574,#8882);
#8880=LINE('',#586,#8883);
#8881=LINE('',#576,#8884);
#8882=VECTOR('',#8885,1.0);
#8883=VECTOR('',#8886,1.0);
#8884=VECTOR('',#8887,1.0);
#8885=DIRECTION('',(-0.9238796036589809,-1.2140495299399382E-14,0.3826832605993163));
#8886=DIRECTION('',(-0.695277549610021,0,-0.7187413505624154));
#8887=DIRECTION('',(0.9909259000271745,8.076694103080895E-15,0.1344093027112863));
#8888=FACE_SURFACE('',(#8893),#8889,.T.);
#8889=PLANE('',#8890);
#8890=AXIS2_PLACEMENT_3D('',#586,#8891,#8892);
#8891=DIRECTION('',(0,-1,0));
#8892=DIRECTION('',(-0.9826175156370949,0,-0.18564163854906998));
#8893=FACE_BOUND('',#8894,.T.);
#8894=EDGE_LOOP('',(#8895,#8896,#8897));
#8895=ORIENTED_EDGE('',*,*,#8898,.T.);
#8896=ORIENTED_EDGE('',*,*,#8899,.T.);
#8897=ORIENTED_EDGE('',*,*,#8900,.T.);
#8898=EDGE_CURVE('',#587,#589,#8901,.F.);
#8899=EDGE_CURVE('',#589,#577,#8902,.T.);
#8900=EDGE_CURVE('',#577,#587,#8903,.T.);
#8901=LINE('',#586,#8904);
#8902=LINE('',#588,#8905);
#8903=LINE('',#576,#8906);
#8904=VECTOR('',#8907,1.0);
#8905=VECTOR('',#8908,1.0);
#8906=VECTOR('',#8909,1.0);
#8907=DIRECTION('',(-0.9826175156370949,0,-0.18564163854906998));
#8908=DIRECTION('',(0.9520130801841477,0,-0.3060573396576066));
#8909=DIRECTION('',(0.695277549610021,0,0.7187413505624154));
#8910=FACE_SURFACE('',(#8915),#8911,.T.);
#8911=PLANE('',#8912);
#8912=AXIS2_PLACEMENT_3D('',#590,#8913,#8914);
#8913=DIRECTION('',(-0.30605733965760656,0,-0.9520130801841477));
#8914=DIRECTION('',(0.9520130801841477,0,-0.3060573396576066));
#8915=FACE_BOUND('',#8916,.T.);
#8916=EDGE_LOOP('',(#8917,#8918,#8919));
#8917=ORIENTED_EDGE('',*,*,#8920,.T.);
#8918=ORIENTED_EDGE('',*,*,#8921,.T.);
#8919=ORIENTED_EDGE('',*,*,#8922,.T.);
#8920=EDGE_CURVE('',#591,#579,#8923,.F.);
#8921=EDGE_CURVE('',#579,#577,#8924,.T.);
#8922=EDGE_CURVE('',#577,#591,#8925,.T.);
#8923=LINE('',#590,#8926);
#8924=LINE('',#578,#8927);
#8925=LINE('',#576,#8928);
#8926=VECTOR('',#8929,1.0);
#8927=VECTOR('',#8930,1.0);
#8928=VECTOR('',#8931,1.0);
#8929=DIRECTION('',(0.9520130801841477,0,-0.3060573396576066));
#8930=DIRECTION('',(0,-1,0));
#8931=DIRECTION('',(-0.9112008357258237,0.28965677023226155,0.29293684034476686));
#8932=FACE_SURFACE('',(#8937),#8933,.T.);
#8933=PLANE('',#8934);
#8934=AXIS2_PLACEMENT_3D('',#588,#8935,#8936);
#8935=DIRECTION('',(-0.30605733965760656,0,-0.9520130801841477));
#8936=DIRECTION('',(0,1,0));
#8937=FACE_BOUND('',#8938,.T.);
#8938=EDGE_LOOP('',(#8939,#8940,#8941));
#8939=ORIENTED_EDGE('',*,*,#8942,.T.);
#8940=ORIENTED_EDGE('',*,*,#8943,.T.);
#8941=ORIENTED_EDGE('',*,*,#8944,.T.);
#8942=EDGE_CURVE('',#589,#591,#8945,.F.);
#8943=EDGE_CURVE('',#591,#577,#8946,.T.);
#8944=EDGE_CURVE('',#577,#589,#8947,.T.);
#8945=LINE('',#588,#8948);
#8946=LINE('',#590,#8949);
#8947=LINE('',#576,#8950);
#8948=VECTOR('',#8951,1.0);
#8949=VECTOR('',#8952,1.0);
#8950=VECTOR('',#8953,1.0);
#8951=DIRECTION('',(0,1,0));
#8952=DIRECTION('',(0.9112008357258237,-0.28965677023226155,-0.29293684034476686));
#8953=DIRECTION('',(-0.9520130801841477,0,0.3060573396576066));
#8954=FACE_SURFACE('',(#8959),#8955,.T.);
#8955=PLANE('',#8956);
#8956=AXIS2_PLACEMENT_3D('',#592,#8957,#8958);
#8957=DIRECTION('',(-0,-1,0));
#8958=DIRECTION('',(-0.6514996621693004,0,0.7586489242022869));
#8959=FACE_BOUND('',#8960,.T.);
#8960=EDGE_LOOP('',(#8961,#8962,#8963));
#8961=ORIENTED_EDGE('',*,*,#8964,.T.);
#8962=ORIENTED_EDGE('',*,*,#8965,.T.);
#8963=ORIENTED_EDGE('',*,*,#8966,.T.);
#8964=EDGE_CURVE('',#593,#595,#8967,.F.);
#8965=EDGE_CURVE('',#595,#581,#8968,.T.);
#8966=EDGE_CURVE('',#581,#593,#8969,.T.);
#8967=LINE('',#592,#8970);
#8968=LINE('',#594,#8971);
#8969=LINE('',#580,#8972);
#8970=VECTOR('',#8973,1.0);
#8971=VECTOR('',#8974,1.0);
#8972=VECTOR('',#8975,1.0);
#8973=DIRECTION('',(-0.6514996621693004,0,0.7586489242022869));
#8974=DIRECTION('',(-0.4201355059860767,0,-0.9074613802304885));
#8975=DIRECTION('',(0.9691987262843563,0,0.24627998085264968));
#8976=FACE_SURFACE('',(#8981),#8977,.T.);
#8977=PLANE('',#8978);
#8978=AXIS2_PLACEMENT_3D('',#594,#8979,#8980);
#8979=DIRECTION('',(0,-1,0));
#8980=DIRECTION('',(-0.9632707394707197,0,-0.26853208836102394));
#8981=FACE_BOUND('',#8982,.T.);
#8982=EDGE_LOOP('',(#8983,#8984,#8985));
#8983=ORIENTED_EDGE('',*,*,#8986,.T.);
#8984=ORIENTED_EDGE('',*,*,#8987,.T.);
#8985=ORIENTED_EDGE('',*,*,#8988,.T.);
#8986=EDGE_CURVE('',#595,#583,#8989,.F.);
#8987=EDGE_CURVE('',#583,#581,#8990,.T.);
#8988=EDGE_CURVE('',#581,#595,#8991,.T.);
#8989=LINE('',#594,#8992);
#8990=LINE('',#582,#8993);
#8991=LINE('',#580,#8994);
#8992=VECTOR('',#8995,1.0);
#8993=VECTOR('',#8996,1.0);
#8994=VECTOR('',#8997,1.0);
#8995=DIRECTION('',(-0.9632707394707197,0,-0.26853208836102394));
#8996=DIRECTION('',(0.6740397733495591,0,-0.7386950547708269));
#8997=DIRECTION('',(0.4201355059860767,0,0.9074613802304885));
#8998=FACE_SURFACE('',(#9003),#8999,.T.);
#8999=PLANE('',#9000);
#9000=AXIS2_PLACEMENT_3D('',#596,#9001,#9002);
#9001=DIRECTION('',(0.24627998085264968,0,-0.9691987262843563));
#9002=DIRECTION('',(0.9276498338014894,-0.2896564614051811,0.2357221249995384));
#9003=FACE_BOUND('',#9004,.T.);
#9004=EDGE_LOOP('',(#9005,#9006,#9007));
#9005=ORIENTED_EDGE('',*,*,#9008,.T.);
#9006=ORIENTED_EDGE('',*,*,#9009,.T.);
#9007=ORIENTED_EDGE('',*,*,#9010,.T.);
#9008=EDGE_CURVE('',#597,#593,#9011,.F.);
#9009=EDGE_CURVE('',#593,#581,#9012,.T.);
#9010=EDGE_CURVE('',#581,#597,#9013,.T.);
#9011=LINE('',#596,#9014);
#9012=LINE('',#592,#9015);
#9013=LINE('',#580,#9016);
#9014=VECTOR('',#9017,1.0);
#9015=VECTOR('',#9018,1.0);
#9016=VECTOR('',#9019,1.0);
#9017=DIRECTION('',(0.9276498338014894,-0.2896564614051811,0.2357221249995384));
#9018=DIRECTION('',(-0.9691987262843563,0,-0.24627998085264968));
#9019=DIRECTION('',(0,1,0));
#9020=FACE_SURFACE('',(#9025),#9021,.T.);
#9021=PLANE('',#9022);
#9022=AXIS2_PLACEMENT_3D('',#584,#9023,#9024);
#9023=DIRECTION('',(0.30605754988950323,0,-0.9520130125978501));
#9024=DIRECTION('',(0.9520130125978501,0,0.30605754988950323));
#9025=FACE_BOUND('',#9026,.T.);
#9026=EDGE_LOOP('',(#9027,#9028,#9029));
#9027=ORIENTED_EDGE('',*,*,#9030,.T.);
#9028=ORIENTED_EDGE('',*,*,#9031,.T.);
#9029=ORIENTED_EDGE('',*,*,#9032,.T.);
#9030=EDGE_CURVE('',#585,#597,#9033,.F.);
#9031=EDGE_CURVE('',#597,#581,#9034,.T.);
#9032=EDGE_CURVE('',#581,#585,#9035,.T.);
#9033=LINE('',#584,#9036);
#9034=LINE('',#596,#9037);
#9035=LINE('',#580,#9038);
#9036=VECTOR('',#9039,1.0);
#9037=VECTOR('',#9040,1.0);
#9038=VECTOR('',#9041,1.0);
#9039=DIRECTION('',(0.9520130125978501,0,0.30605754988950323));
#9040=DIRECTION('',(0,-1,0));
#9041=DIRECTION('',(-0.911200718522637,0.2896569525050526,-0.29293702468161303));
#9042=FACE_SURFACE('',(#9047),#9043,.T.);
#9043=PLANE('',#9044);
#9044=AXIS2_PLACEMENT_3D('',#586,#9045,#9046);
#9045=DIRECTION('',(-0,-1,0));
#9046=DIRECTION('',(-0.9452999960651571,0,0.32620226461386476));
#9047=FACE_BOUND('',#9048,.T.);
#9048=EDGE_LOOP('',(#9049,#9050,#9051));
#9049=ORIENTED_EDGE('',*,*,#9052,.T.);
#9050=ORIENTED_EDGE('',*,*,#9053,.T.);
#9051=ORIENTED_EDGE('',*,*,#9054,.T.);
#9052=EDGE_CURVE('',#587,#599,#9055,.F.);
#9053=EDGE_CURVE('',#599,#589,#9056,.T.);
#9054=EDGE_CURVE('',#589,#587,#9057,.T.);
#9055=LINE('',#586,#9058);
#9056=LINE('',#598,#9059);
#9057=LINE('',#588,#9060);
#9058=VECTOR('',#9061,1.0);
#9059=VECTOR('',#9062,1.0);
#9060=VECTOR('',#9063,1.0);
#9061=DIRECTION('',(-0.9452999960651571,0,0.32620226461386476));
#9062=DIRECTION('',(-0.6740407111844546,0,-0.7386941990201052));
#9063=DIRECTION('',(0.9826175156370949,0,0.18564163854906998));
#9064=FACE_SURFACE('',(#9069),#9065,.T.);
#9065=PLANE('',#9066);
#9066=AXIS2_PLACEMENT_3D('',#598,#9067,#9068);
#9067=DIRECTION('',(0,-1,0));
#9068=DIRECTION('',(-0.9715898539723518,0,-0.2366709860924742));
#9069=FACE_BOUND('',#9070,.T.);
#9070=EDGE_LOOP('',(#9071,#9072,#9073));
#9071=ORIENTED_EDGE('',*,*,#9074,.T.);
#9072=ORIENTED_EDGE('',*,*,#9075,.T.);
#9073=ORIENTED_EDGE('',*,*,#9076,.T.);
#9074=EDGE_CURVE('',#599,#601,#9077,.F.);
#9075=EDGE_CURVE('',#601,#589,#9078,.T.);
#9076=EDGE_CURVE('',#589,#599,#9079,.T.);
#9077=LINE('',#598,#9080);
#9078=LINE('',#600,#9081);
#9079=LINE('',#588,#9082);
#9080=VECTOR('',#9083,1.0);
#9081=VECTOR('',#9084,1.0);
#9082=VECTOR('',#9085,1.0);
#9083=DIRECTION('',(-0.9715898539723518,0,-0.2366709860924742));
#9084=DIRECTION('',(0.9691986387575191,0,-0.24628032530141708));
#9085=DIRECTION('',(0.6740407111844546,0,0.7386941990201052));
#9086=FACE_SURFACE('',(#9091),#9087,.T.);
#9087=PLANE('',#9088);
#9088=AXIS2_PLACEMENT_3D('',#602,#9089,#9090);
#9089=DIRECTION('',(-0.24628032530141708,0,-0.9691986387575191));
#9090=DIRECTION('',(0.9691986387575191,0,-0.24628032530141708));
#9091=FACE_BOUND('',#9092,.T.);
#9092=EDGE_LOOP('',(#9093,#9094,#9095));
#9093=ORIENTED_EDGE('',*,*,#9096,.T.);
#9094=ORIENTED_EDGE('',*,*,#9097,.T.);
#9095=ORIENTED_EDGE('',*,*,#9098,.T.);
#9096=EDGE_CURVE('',#603,#591,#9099,.F.);
#9097=EDGE_CURVE('',#591,#589,#9100,.T.);
#9098=EDGE_CURVE('',#589,#603,#9101,.T.);
#9099=LINE('',#602,#9102);
#9100=LINE('',#590,#9103);
#9101=LINE('',#588,#9104);
#9102=VECTOR('',#9105,1.0);
#9103=VECTOR('',#9106,1.0);
#9104=VECTOR('',#9107,1.0);
#9105=DIRECTION('',(0.9691986387575191,0,-0.24628032530141708));
#9106=DIRECTION('',(0,-1,0));
#9107=DIRECTION('',(-0.9276496411724092,0.2896568325309762,0.23572242702132185));
#9108=FACE_SURFACE('',(#9113),#9109,.T.);
#9109=PLANE('',#9110);
#9110=AXIS2_PLACEMENT_3D('',#600,#9111,#9112);
#9111=DIRECTION('',(-0.24628032530141708,0,-0.9691986387575191));
#9112=DIRECTION('',(0,1,0));
#9113=FACE_BOUND('',#9114,.T.);
#9114=EDGE_LOOP('',(#9115,#9116,#9117));
#9115=ORIENTED_EDGE('',*,*,#9118,.T.);
#9116=ORIENTED_EDGE('',*,*,#9119,.T.);
#9117=ORIENTED_EDGE('',*,*,#9120,.T.);
#9118=EDGE_CURVE('',#601,#603,#9121,.F.);
#9119=EDGE_CURVE('',#603,#589,#9122,.T.);
#9120=EDGE_CURVE('',#589,#601,#9123,.T.);
#9121=LINE('',#600,#9124);
#9122=LINE('',#602,#9125);
#9123=LINE('',#588,#9126);
#9124=VECTOR('',#9127,1.0);
#9125=VECTOR('',#9128,1.0);
#9126=VECTOR('',#9129,1.0);
#9127=DIRECTION('',(0,1,0));
#9128=DIRECTION('',(0.9276496411724092,-0.2896568325309762,-0.23572242702132185));
#9129=DIRECTION('',(-0.9691986387575191,0,0.24628032530141708));
#9130=FACE_SURFACE('',(#9135),#9131,.T.);
#9131=PLANE('',#9132);
#9132=AXIS2_PLACEMENT_3D('',#604,#9133,#9134);
#9133=DIRECTION('',(-0,-1,0));
#9134=DIRECTION('',(-0.6276020812723478,0,0.7785342815718632));
#9135=FACE_BOUND('',#9136,.T.);
#9136=EDGE_LOOP('',(#9137,#9138,#9139));
#9137=ORIENTED_EDGE('',*,*,#9140,.T.);
#9138=ORIENTED_EDGE('',*,*,#9141,.T.);
#9139=ORIENTED_EDGE('',*,*,#9142,.T.);
#9140=EDGE_CURVE('',#605,#607,#9143,.F.);
#9141=EDGE_CURVE('',#607,#593,#9144,.T.);
#9142=EDGE_CURVE('',#593,#605,#9145,.T.);
#9143=LINE('',#604,#9146);
#9144=LINE('',#606,#9147);
#9145=LINE('',#592,#9148);
#9146=VECTOR('',#9149,1.0);
#9147=VECTOR('',#9150,1.0);
#9148=VECTOR('',#9151,1.0);
#9149=DIRECTION('',(-0.6276020812723478,0,0.7785342815718632));
#9150=DIRECTION('',(-0.45413805438941696,0,-0.8909313259479628));
#9151=DIRECTION('',(0.9826352034599252,0,0.18554799088449245));
#9152=FACE_SURFACE('',(#9157),#9153,.T.);
#9153=PLANE('',#9154);
#9154=AXIS2_PLACEMENT_3D('',#606,#9155,#9156);
#9155=DIRECTION('',(0,-1,0));
#9156=DIRECTION('',(-0.9777266939453595,0,-0.20988213822685686));
#9157=FACE_BOUND('',#9158,.T.);
#9158=EDGE_LOOP('',(#9159,#9160,#9161));
#9159=ORIENTED_EDGE('',*,*,#9162,.T.);
#9160=ORIENTED_EDGE('',*,*,#9163,.T.);
#9161=ORIENTED_EDGE('',*,*,#9164,.T.);
#9162=EDGE_CURVE('',#607,#595,#9165,.F.);
#9163=EDGE_CURVE('',#595,#593,#9166,.T.);
#9164=EDGE_CURVE('',#593,#607,#9167,.T.);
#9165=LINE('',#606,#9168);
#9166=LINE('',#594,#9169);
#9167=LINE('',#592,#9170);
#9168=VECTOR('',#9171,1.0);
#9169=VECTOR('',#9172,1.0);
#9170=VECTOR('',#9173,1.0);
#9171=DIRECTION('',(-0.9777266939453595,0,-0.20988213822685686));
#9172=DIRECTION('',(0.6514996621693004,0,-0.7586489242022869));
#9173=DIRECTION('',(0.45413805438941696,0,0.8909313259479628));
#9174=FACE_SURFACE('',(#9179),#9175,.T.);
#9175=PLANE('',#9176);
#9176=AXIS2_PLACEMENT_3D('',#608,#9177,#9178);
#9177=DIRECTION('',(0.18554799088449245,0,-0.982635203459925));
#9178=DIRECTION('',(0.9405101650560226,-0.2896569094978562,0.17759364911630138));
#9179=FACE_BOUND('',#9180,.T.);
#9180=EDGE_LOOP('',(#9181,#9182,#9183));
#9181=ORIENTED_EDGE('',*,*,#9184,.T.);
#9182=ORIENTED_EDGE('',*,*,#9185,.T.);
#9183=ORIENTED_EDGE('',*,*,#9186,.T.);
#9184=EDGE_CURVE('',#609,#605,#9187,.F.);
#9185=EDGE_CURVE('',#605,#593,#9188,.T.);
#9186=EDGE_CURVE('',#593,#609,#9189,.T.);
#9187=LINE('',#608,#9190);
#9188=LINE('',#604,#9191);
#9189=LINE('',#592,#9192);
#9190=VECTOR('',#9193,1.0);
#9191=VECTOR('',#9194,1.0);
#9192=VECTOR('',#9195,1.0);
#9193=DIRECTION('',(0.9405101650560226,-0.2896569094978562,0.17759364911630138));
#9194=DIRECTION('',(-0.9826352034599252,0,-0.18554799088449245));
#9195=DIRECTION('',(0,1,0));
#9196=FACE_SURFACE('',(#9201),#9197,.T.);
#9197=PLANE('',#9198);
#9198=AXIS2_PLACEMENT_3D('',#596,#9199,#9200);
#9199=DIRECTION('',(0.24627998085264968,0,-0.9691987262843563));
#9200=DIRECTION('',(0.9691987262843563,0,0.24627998085264968));
#9201=FACE_BOUND('',#9202,.T.);
#9202=EDGE_LOOP('',(#9203,#9204,#9205));
#9203=ORIENTED_EDGE('',*,*,#9206,.T.);
#9204=ORIENTED_EDGE('',*,*,#9207,.T.);
#9205=ORIENTED_EDGE('',*,*,#9208,.T.);
#9206=EDGE_CURVE('',#597,#609,#9209,.F.);
#9207=EDGE_CURVE('',#609,#593,#9210,.T.);
#9208=EDGE_CURVE('',#593,#597,#9211,.T.);
#9209=LINE('',#596,#9212);
#9210=LINE('',#608,#9213);
#9211=LINE('',#592,#9214);
#9212=VECTOR('',#9215,1.0);
#9213=VECTOR('',#9216,1.0);
#9214=VECTOR('',#9217,1.0);
#9215=DIRECTION('',(0.9691987262843563,0,0.24627998085264968));
#9216=DIRECTION('',(0,-1,0));
#9217=DIRECTION('',(-0.9276498338014894,0.2896564614051811,-0.2357221249995384));
#9218=FACE_SURFACE('',(#9223),#9219,.T.);
#9219=PLANE('',#9220);
#9220=AXIS2_PLACEMENT_3D('',#598,#9221,#9222);
#9221=DIRECTION('',(-5.877301470847319E-15,-1,2.412769969015486E-14));
#9222=DIRECTION('',(-0.9632708418027189,1.2140485863634404E-14,0.26853172127829));
#9223=FACE_BOUND('',#9224,.T.);
#9224=EDGE_LOOP('',(#9225,#9226,#9227));
#9225=ORIENTED_EDGE('',*,*,#9228,.T.);
#9226=ORIENTED_EDGE('',*,*,#9229,.T.);
#9227=ORIENTED_EDGE('',*,*,#9230,.T.);
#9228=EDGE_CURVE('',#599,#611,#9231,.F.);
#9229=EDGE_CURVE('',#611,#601,#9232,.T.);
#9230=EDGE_CURVE('',#601,#599,#9233,.T.);
#9231=LINE('',#598,#9234);
#9232=LINE('',#610,#9235);
#9233=LINE('',#600,#9236);
#9234=VECTOR('',#9237,1.0);
#9235=VECTOR('',#9238,1.0);
#9236=VECTOR('',#9239,1.0);
#9237=DIRECTION('',(-0.9632708418027189,1.2140485863634404E-14,0.26853172127829));
#9238=DIRECTION('',(-0.6514986883095955,-1.4475419392679156E-14,-0.758649760515929));
#9239=DIRECTION('',(0.9715898539723518,0,0.2366709860924742));
#9240=FACE_SURFACE('',(#9245),#9241,.T.);
#9241=PLANE('',#9242);
#9242=AXIS2_PLACEMENT_3D('',#610,#9243,#9244);
#9243=DIRECTION('',(3.1001902957764387E-15,-1,1.6418181524238603E-14));
#9244=DIRECTION('',(-0.9578294506861219,-7.68701007313168E-15,-0.2873373338052715));
#9245=FACE_BOUND('',#9246,.T.);
#9246=EDGE_LOOP('',(#9247,#9248,#9249));
#9247=ORIENTED_EDGE('',*,*,#9250,.T.);
#9248=ORIENTED_EDGE('',*,*,#9251,.T.);
#9249=ORIENTED_EDGE('',*,*,#9252,.T.);
#9250=EDGE_CURVE('',#611,#613,#9253,.F.);
#9251=EDGE_CURVE('',#613,#601,#9254,.T.);
#9252=EDGE_CURVE('',#601,#611,#9255,.T.);
#9253=LINE('',#610,#9256);
#9254=LINE('',#612,#9257);
#9255=LINE('',#600,#9258);
#9256=VECTOR('',#9259,1.0);
#9257=VECTOR('',#9260,1.0);
#9258=VECTOR('',#9261,1.0);
#9259=DIRECTION('',(-0.9578294506861219,-7.68701007313168E-15,-0.2873373338052715));
#9260=DIRECTION('',(0.9826352531413934,0,-0.18554772777846038));
#9261=DIRECTION('',(0.6514986883095955,1.4475419392679156E-14,0.758649760515929));
#9262=FACE_SURFACE('',(#9267),#9263,.T.);
#9263=PLANE('',#9264);
#9264=AXIS2_PLACEMENT_3D('',#614,#9265,#9266);
#9265=DIRECTION('',(-0.18554772777846038,0,-0.9826352531413934));
#9266=DIRECTION('',(0.9826352531413934,0,-0.18554772777846038));
#9267=FACE_BOUND('',#9268,.T.);
#9268=EDGE_LOOP('',(#9269,#9270,#9271));
#9269=ORIENTED_EDGE('',*,*,#9272,.T.);
#9270=ORIENTED_EDGE('',*,*,#9273,.T.);
#9271=ORIENTED_EDGE('',*,*,#9274,.T.);
#9272=EDGE_CURVE('',#615,#603,#9275,.F.);
#9273=EDGE_CURVE('',#603,#601,#9276,.T.);
#9274=EDGE_CURVE('',#601,#615,#9277,.T.);
#9275=LINE('',#614,#9278);
#9276=LINE('',#602,#9279);
#9277=LINE('',#600,#9280);
#9278=VECTOR('',#9281,1.0);
#9279=VECTOR('',#9282,1.0);
#9280=VECTOR('',#9283,1.0);
#9281=DIRECTION('',(0.9826352531413934,0,-0.18554772777846038));
#9282=DIRECTION('',(0,-1,0));
#9283=DIRECTION('',(-0.9405103245013693,0.28965653322675133,0.1775934184179946));
#9284=FACE_SURFACE('',(#9289),#9285,.T.);
#9285=PLANE('',#9286);
#9286=AXIS2_PLACEMENT_3D('',#612,#9287,#9288);
#9287=DIRECTION('',(-0.18554772777846038,0,-0.9826352531413934));
#9288=DIRECTION('',(0,1,0));
#9289=FACE_BOUND('',#9290,.T.);
#9290=EDGE_LOOP('',(#9291,#9292,#9293));
#9291=ORIENTED_EDGE('',*,*,#9294,.T.);
#9292=ORIENTED_EDGE('',*,*,#9295,.T.);
#9293=ORIENTED_EDGE('',*,*,#9296,.T.);
#9294=EDGE_CURVE('',#613,#615,#9297,.F.);
#9295=EDGE_CURVE('',#615,#601,#9298,.T.);
#9296=EDGE_CURVE('',#601,#613,#9299,.T.);
#9297=LINE('',#612,#9300);
#9298=LINE('',#614,#9301);
#9299=LINE('',#600,#9302);
#9300=VECTOR('',#9303,1.0);
#9301=VECTOR('',#9304,1.0);
#9302=VECTOR('',#9305,1.0);
#9303=DIRECTION('',(0,1,0));
#9304=DIRECTION('',(0.9405103245013693,-0.28965653322675133,-0.1775934184179946));
#9305=DIRECTION('',(-0.9826352531413934,0,0.18554772777846038));
#9306=FACE_SURFACE('',(#9311),#9307,.T.);
#9307=PLANE('',#9308);
#9308=AXIS2_PLACEMENT_3D('',#616,#9309,#9310);
#9309=DIRECTION('',(-2.0046002878239274E-15,-1,1.6028643666134628E-14));
#9310=DIRECTION('',(-0.602310964461923,1.4002442668846902E-14,0.7982615499251785));
#9311=FACE_BOUND('',#9312,.T.);
#9312=EDGE_LOOP('',(#9313,#9314,#9315));
#9313=ORIENTED_EDGE('',*,*,#9316,.T.);
#9314=ORIENTED_EDGE('',*,*,#9317,.T.);
#9315=ORIENTED_EDGE('',*,*,#9318,.T.);
#9316=EDGE_CURVE('',#617,#619,#9319,.F.);
#9317=EDGE_CURVE('',#619,#605,#9320,.T.);
#9318=EDGE_CURVE('',#605,#617,#9321,.T.);
#9319=LINE('',#616,#9322);
#9320=LINE('',#618,#9323);
#9321=LINE('',#604,#9324);
#9322=VECTOR('',#9325,1.0);
#9323=VECTOR('',#9326,1.0);
#9324=VECTOR('',#9327,1.0);
#9325=DIRECTION('',(-0.602310964461923,1.4002442668846902E-14,0.7982615499251785));
#9326=DIRECTION('',(-0.48669754342015054,-1.3026516985368287E-14,-0.8735705473679792));
#9327=DIRECTION('',(0.9922701044742253,0,0.12409689668444612));
#9328=FACE_SURFACE('',(#9333),#9329,.T.);
#9329=PLANE('',#9330);
#9330=AXIS2_PLACEMENT_3D('',#618,#9331,#9332);
#9331=DIRECTION('',(1.0938274732685302E-14,-1,8.817702894086832E-15));
#9332=DIRECTION('',(-0.9886155196974498,-1.2140493217875914E-14,-0.15046379701888898));
#9333=FACE_BOUND('',#9334,.T.);
#9334=EDGE_LOOP('',(#9335,#9336,#9337));
#9335=ORIENTED_EDGE('',*,*,#9338,.T.);
#9336=ORIENTED_EDGE('',*,*,#9339,.T.);
#9337=ORIENTED_EDGE('',*,*,#9340,.T.);
#9338=EDGE_CURVE('',#619,#607,#9341,.F.);
#9339=EDGE_CURVE('',#607,#605,#9342,.T.);
#9340=EDGE_CURVE('',#605,#619,#9343,.T.);
#9341=LINE('',#618,#9344);
#9342=LINE('',#606,#9345);
#9343=LINE('',#604,#9346);
#9344=VECTOR('',#9347,1.0);
#9345=VECTOR('',#9348,1.0);
#9346=VECTOR('',#9349,1.0);
#9347=DIRECTION('',(-0.9886155196974498,-1.2140493217875914E-14,-0.15046379701888898));
#9348=DIRECTION('',(0.6276020812723478,0,-0.7785342815718632));
#9349=DIRECTION('',(0.48669754342015054,1.3026516985368287E-14,0.8735705473679792));
#9350=FACE_SURFACE('',(#9355),#9351,.T.);
#9351=PLANE('',#9352);
#9352=AXIS2_PLACEMENT_3D('',#620,#9353,#9354);
#9353=DIRECTION('',(0.12409689668444614,0,-0.9922701044742254));
#9354=DIRECTION('',(0.9497320532925251,-0.28965680891280027,0.11877693378437444));
#9355=FACE_BOUND('',#9356,.T.);
#9356=EDGE_LOOP('',(#9357,#9358,#9359));
#9357=ORIENTED_EDGE('',*,*,#9360,.T.);
#9358=ORIENTED_EDGE('',*,*,#9361,.T.);
#9359=ORIENTED_EDGE('',*,*,#9362,.T.);
#9360=EDGE_CURVE('',#621,#617,#9363,.F.);
#9361=EDGE_CURVE('',#617,#605,#9364,.T.);
#9362=EDGE_CURVE('',#605,#621,#9365,.T.);
#9363=LINE('',#620,#9366);
#9364=LINE('',#616,#9367);
#9365=LINE('',#604,#9368);
#9366=VECTOR('',#9369,1.0);
#9367=VECTOR('',#9370,1.0);
#9368=VECTOR('',#9371,1.0);
#9369=DIRECTION('',(0.9497320532925251,-0.28965680891280027,0.11877693378437444));
#9370=DIRECTION('',(-0.9922701044742253,0,-0.12409689668444612));
#9371=DIRECTION('',(0,1,0));
#9372=FACE_SURFACE('',(#9377),#9373,.T.);
#9373=PLANE('',#9374);
#9374=AXIS2_PLACEMENT_3D('',#608,#9375,#9376);
#9375=DIRECTION('',(0.18554799088449245,0,-0.982635203459925));
#9376=DIRECTION('',(0.9826352034599252,0,0.18554799088449245));
#9377=FACE_BOUND('',#9378,.T.);
#9378=EDGE_LOOP('',(#9379,#9380,#9381));
#9379=ORIENTED_EDGE('',*,*,#9382,.T.);
#9380=ORIENTED_EDGE('',*,*,#9383,.T.);
#9381=ORIENTED_EDGE('',*,*,#9384,.T.);
#9382=EDGE_CURVE('',#609,#621,#9385,.F.);
#9383=EDGE_CURVE('',#621,#605,#9386,.T.);
#9384=EDGE_CURVE('',#605,#609,#9387,.T.);
#9385=LINE('',#608,#9388);
#9386=LINE('',#620,#9389);
#9387=LINE('',#604,#9390);
#9388=VECTOR('',#9391,1.0);
#9389=VECTOR('',#9392,1.0);
#9390=VECTOR('',#9393,1.0);
#9391=DIRECTION('',(0.9826352034599252,0,0.18554799088449245));
#9392=DIRECTION('',(0,-1,0));
#9393=DIRECTION('',(-0.9405101650560226,0.2896569094978562,-0.17759364911630138));
#9394=FACE_SURFACE('',(#9399),#9395,.T.);
#9395=PLANE('',#9396);
#9396=AXIS2_PLACEMENT_3D('',#610,#9397,#9398);
#9397=DIRECTION('',(3.3474529792901256E-15,-1,1.559393958815384E-14));
#9398=DIRECTION('',(-0.9777266314322767,0,0.20988242944108707));
#9399=FACE_BOUND('',#9400,.T.);
#9400=EDGE_LOOP('',(#9401,#9402,#9403));
#9401=ORIENTED_EDGE('',*,*,#9404,.T.);
#9402=ORIENTED_EDGE('',*,*,#9405,.T.);
#9403=ORIENTED_EDGE('',*,*,#9406,.T.);
#9404=EDGE_CURVE('',#611,#623,#9407,.F.);
#9405=EDGE_CURVE('',#623,#613,#9408,.T.);
#9406=EDGE_CURVE('',#613,#611,#9409,.T.);
#9407=LINE('',#610,#9410);
#9408=LINE('',#622,#9411);
#9409=LINE('',#612,#9412);
#9410=VECTOR('',#9413,1.0);
#9411=VECTOR('',#9414,1.0);
#9412=VECTOR('',#9415,1.0);
#9413=DIRECTION('',(-0.9777266314322767,0,0.20988242944108707));
#9414=DIRECTION('',(-0.6276030902637334,-1.4241275704620392E-14,-0.7785334681896549));
#9415=DIRECTION('',(0.9578294506861219,7.68701007313168E-15,0.2873373338052715));
#9416=FACE_SURFACE('',(#9421),#9417,.T.);
#9417=PLANE('',#9418);
#9418=AXIS2_PLACEMENT_3D('',#622,#9419,#9420);
#9419=DIRECTION('',(2.0782012735621163E-15,-1,1.6617127832956904E-14));
#9420=DIRECTION('',(-0.9413334313972681,-7.564194675274804E-15,-0.33747795621913523));
#9421=FACE_BOUND('',#9422,.T.);
#9422=EDGE_LOOP('',(#9423,#9424,#9425));
#9423=ORIENTED_EDGE('',*,*,#9426,.T.);
#9424=ORIENTED_EDGE('',*,*,#9427,.T.);
#9425=ORIENTED_EDGE('',*,*,#9428,.T.);
#9426=EDGE_CURVE('',#623,#625,#9429,.F.);
#9427=EDGE_CURVE('',#625,#613,#9430,.T.);
#9428=EDGE_CURVE('',#613,#623,#9431,.T.);
#9429=LINE('',#622,#9432);
#9430=LINE('',#624,#9433);
#9431=LINE('',#612,#9434);
#9432=VECTOR('',#9435,1.0);
#9433=VECTOR('',#9436,1.0);
#9434=VECTOR('',#9437,1.0);
#9435=DIRECTION('',(-0.9413334313972681,-7.564194675274804E-15,-0.33747795621913523));
#9436=DIRECTION('',(0.992270082251084,0,-0.1240970743789991));
#9437=DIRECTION('',(0.6276030902637334,1.4241275704620392E-14,0.7785334681896549));
#9438=FACE_SURFACE('',(#9443),#9439,.T.);
#9439=PLANE('',#9440);
#9440=AXIS2_PLACEMENT_3D('',#626,#9441,#9442);
#9441=DIRECTION('',(-0.12409707437899911,0,-0.9922700822510842));
#9442=DIRECTION('',(0.992270082251084,0,-0.1240970743789991));
#9443=FACE_BOUND('',#9444,.T.);
#9444=EDGE_LOOP('',(#9445,#9446,#9447));
#9445=ORIENTED_EDGE('',*,*,#9448,.T.);
#9446=ORIENTED_EDGE('',*,*,#9449,.T.);
#9447=ORIENTED_EDGE('',*,*,#9450,.T.);
#9448=EDGE_CURVE('',#627,#615,#9451,.F.);
#9449=EDGE_CURVE('',#615,#613,#9452,.T.);
#9450=EDGE_CURVE('',#613,#627,#9453,.T.);
#9451=LINE('',#626,#9454);
#9452=LINE('',#614,#9455);
#9453=LINE('',#612,#9456);
#9454=VECTOR('',#9457,1.0);
#9455=VECTOR('',#9458,1.0);
#9456=VECTOR('',#9459,1.0);
#9457=DIRECTION('',(0.992270082251084,0,-0.1240970743789991));
#9458=DIRECTION('',(0,-1,0));
#9459=DIRECTION('',(-0.9497319179230358,0.2896571888739866,0.11877708959160316));
#9460=FACE_SURFACE('',(#9465),#9461,.T.);
#9461=PLANE('',#9462);
#9462=AXIS2_PLACEMENT_3D('',#624,#9463,#9464);
#9463=DIRECTION('',(-0.12409707437899911,0,-0.9922700822510842));
#9464=DIRECTION('',(0,1,0));
#9465=FACE_BOUND('',#9466,.T.);
#9466=EDGE_LOOP('',(#9467,#9468,#9469));
#9467=ORIENTED_EDGE('',*,*,#9470,.T.);
#9468=ORIENTED_EDGE('',*,*,#9471,.T.);
#9469=ORIENTED_EDGE('',*,*,#9472,.T.);
#9470=EDGE_CURVE('',#625,#627,#9473,.F.);
#9471=EDGE_CURVE('',#627,#613,#9474,.T.);
#9472=EDGE_CURVE('',#613,#625,#9475,.T.);
#9473=LINE('',#624,#9476);
#9474=LINE('',#626,#9477);
#9475=LINE('',#612,#9478);
#9476=VECTOR('',#9479,1.0);
#9477=VECTOR('',#9480,1.0);
#9478=VECTOR('',#9481,1.0);
#9479=DIRECTION('',(0,1,0));
#9480=DIRECTION('',(0.9497319179230358,-0.2896571888739866,-0.11877708959160316));
#9481=DIRECTION('',(-0.992270082251084,0,0.1240970743789991));
#9482=FACE_SURFACE('',(#9487),#9483,.T.);
#9483=PLANE('',#9484);
#9484=AXIS2_PLACEMENT_3D('',#628,#9485,#9486);
#9485=DIRECTION('',(-0,-1,0));
#9486=DIRECTION('',(-0.5755932874304646,0,0.8177361233704858));
#9487=FACE_BOUND('',#9488,.T.);
#9488=EDGE_LOOP('',(#9489,#9490,#9491));
#9489=ORIENTED_EDGE('',*,*,#9492,.T.);
#9490=ORIENTED_EDGE('',*,*,#9493,.T.);
#9491=ORIENTED_EDGE('',*,*,#9494,.T.);
#9492=EDGE_CURVE('',#629,#631,#9495,.F.);
#9493=EDGE_CURVE('',#631,#617,#9496,.T.);
#9494=EDGE_CURVE('',#617,#629,#9497,.T.);
#9495=LINE('',#628,#9498);
#9496=LINE('',#630,#9499);
#9497=LINE('',#616,#9500);
#9498=VECTOR('',#9501,1.0);
#9499=VECTOR('',#9502,1.0);
#9500=VECTOR('',#9503,1.0);
#9501=DIRECTION('',(-0.5755932874304646,0,0.8177361233704858));
#9502=DIRECTION('',(-0.5177932379316418,0,-0.8555057935234958));
#9503=DIRECTION('',(0.9980655947076841,0,0.06216967637680687));
#9504=FACE_SURFACE('',(#9509),#9505,.T.);
#9505=PLANE('',#9506);
#9506=AXIS2_PLACEMENT_3D('',#630,#9507,#9508);
#9507=DIRECTION('',(-1.2900040859377055E-14,-1,7.807724946568553E-15));
#9508=DIRECTION('',(-0.9958964279438182,1.214050314025946E-14,-0.09050030281023125));
#9509=FACE_BOUND('',#9510,.T.);
#9510=EDGE_LOOP('',(#9511,#9512,#9513));
#9511=ORIENTED_EDGE('',*,*,#9514,.T.);
#9512=ORIENTED_EDGE('',*,*,#9515,.T.);
#9513=ORIENTED_EDGE('',*,*,#9516,.T.);
#9514=EDGE_CURVE('',#631,#619,#9517,.F.);
#9515=EDGE_CURVE('',#619,#617,#9518,.T.);
#9516=EDGE_CURVE('',#617,#631,#9519,.T.);
#9517=LINE('',#630,#9520);
#9518=LINE('',#618,#9521);
#9519=LINE('',#616,#9522);
#9520=VECTOR('',#9523,1.0);
#9521=VECTOR('',#9524,1.0);
#9522=VECTOR('',#9525,1.0);
#9523=DIRECTION('',(-0.9958964279438182,1.214050314025946E-14,-0.09050030281023125));
#9524=DIRECTION('',(0.602310964461923,-1.4002442668846902E-14,-0.7982615499251785));
#9525=DIRECTION('',(0.5177932379316418,0,0.8555057935234958));
#9526=FACE_SURFACE('',(#9531),#9527,.T.);
#9527=PLANE('',#9528);
#9528=AXIS2_PLACEMENT_3D('',#632,#9529,#9530);
#9529=DIRECTION('',(0.06216967637680687,0,-0.9980655947076841));
#9530=DIRECTION('',(0.9552790793857268,-0.28965685788756057,0.059504497028913965));
#9531=FACE_BOUND('',#9532,.T.);
#9532=EDGE_LOOP('',(#9533,#9534,#9535));
#9533=ORIENTED_EDGE('',*,*,#9536,.T.);
#9534=ORIENTED_EDGE('',*,*,#9537,.T.);
#9535=ORIENTED_EDGE('',*,*,#9538,.T.);
#9536=EDGE_CURVE('',#633,#629,#9539,.F.);
#9537=EDGE_CURVE('',#629,#617,#9540,.T.);
#9538=EDGE_CURVE('',#617,#633,#9541,.T.);
#9539=LINE('',#632,#9542);
#9540=LINE('',#628,#9543);
#9541=LINE('',#616,#9544);
#9542=VECTOR('',#9545,1.0);
#9543=VECTOR('',#9546,1.0);
#9544=VECTOR('',#9547,1.0);
#9545=DIRECTION('',(0.9552790793857268,-0.28965685788756057,0.059504497028913965));
#9546=DIRECTION('',(-0.9980655947076841,0,-0.06216967637680687));
#9547=DIRECTION('',(0,1,0));
#9548=FACE_SURFACE('',(#9553),#9549,.T.);
#9549=PLANE('',#9550);
#9550=AXIS2_PLACEMENT_3D('',#620,#9551,#9552);
#9551=DIRECTION('',(0.12409689668444614,0,-0.9922701044742254));
#9552=DIRECTION('',(0.9922701044742253,0,0.12409689668444612));
#9553=FACE_BOUND('',#9554,.T.);
#9554=EDGE_LOOP('',(#9555,#9556,#9557));
#9555=ORIENTED_EDGE('',*,*,#9558,.T.);
#9556=ORIENTED_EDGE('',*,*,#9559,.T.);
#9557=ORIENTED_EDGE('',*,*,#9560,.T.);
#9558=EDGE_CURVE('',#621,#633,#9561,.F.);
#9559=EDGE_CURVE('',#633,#617,#9562,.T.);
#9560=EDGE_CURVE('',#617,#621,#9563,.T.);
#9561=LINE('',#620,#9564);
#9562=LINE('',#632,#9565);
#9563=LINE('',#616,#9566);
#9564=VECTOR('',#9567,1.0);
#9565=VECTOR('',#9568,1.0);
#9566=VECTOR('',#9569,1.0);
#9567=DIRECTION('',(0.9922701044742253,0,0.12409689668444612));
#9568=DIRECTION('',(0,-1,0));
#9569=DIRECTION('',(-0.9497320532925251,0.28965680891280027,-0.11877693378437444));
#9570=FACE_SURFACE('',(#9575),#9571,.T.);
#9571=PLANE('',#9572);
#9572=AXIS2_PLACEMENT_3D('',#622,#9573,#9574);
#9573=DIRECTION('',(2.394704803387831E-15,-1,1.5734298752450297E-14));
#9574=DIRECTION('',(-0.9886155196974498,0,0.15046379701888898));
#9575=FACE_BOUND('',#9576,.T.);
#9576=EDGE_LOOP('',(#9577,#9578,#9579));
#9577=ORIENTED_EDGE('',*,*,#9580,.T.);
#9578=ORIENTED_EDGE('',*,*,#9581,.T.);
#9579=ORIENTED_EDGE('',*,*,#9582,.T.);
#9580=EDGE_CURVE('',#623,#635,#9583,.F.);
#9581=EDGE_CURVE('',#635,#625,#9584,.T.);
#9582=EDGE_CURVE('',#625,#623,#9585,.T.);
#9583=LINE('',#622,#9586);
#9584=LINE('',#634,#9587);
#9585=LINE('',#624,#9588);
#9586=VECTOR('',#9589,1.0);
#9587=VECTOR('',#9590,1.0);
#9588=VECTOR('',#9591,1.0);
#9589=DIRECTION('',(-0.9886155196974498,0,0.15046379701888898));
#9590=DIRECTION('',(-0.602310964461923,-1.4002442668846902E-14,-0.7982615499251785));
#9591=DIRECTION('',(0.9413334313972681,7.564194675274804E-15,0.33747795621913523));
#9592=FACE_SURFACE('',(#9597),#9593,.T.);
#9593=PLANE('',#9594);
#9594=AXIS2_PLACEMENT_3D('',#634,#9595,#9596);
#9595=DIRECTION('',(1.0435939603392734E-15,-1,1.6753750177923334E-14));
#9596=DIRECTION('',(-0.9221116861088894,-7.444735114875866E-15,-0.3869238146475619));
#9597=FACE_BOUND('',#9598,.T.);
#9598=EDGE_LOOP('',(#9599,#9600,#9601));
#9599=ORIENTED_EDGE('',*,*,#9602,.T.);
#9600=ORIENTED_EDGE('',*,*,#9603,.T.);
#9601=ORIENTED_EDGE('',*,*,#9604,.T.);
#9602=EDGE_CURVE('',#635,#637,#9605,.F.);
#9603=EDGE_CURVE('',#637,#625,#9606,.T.);
#9604=EDGE_CURVE('',#625,#635,#9607,.T.);
#9605=LINE('',#634,#9608);
#9606=LINE('',#636,#9609);
#9607=LINE('',#624,#9610);
#9608=VECTOR('',#9611,1.0);
#9609=VECTOR('',#9612,1.0);
#9610=VECTOR('',#9613,1.0);
#9611=DIRECTION('',(-0.9221116861088894,-7.444735114875866E-15,-0.3869238146475619));
#9612=DIRECTION('',(0.9980655947076841,0,-0.06216967637680687));
#9613=DIRECTION('',(0.602310964461923,1.4002442668846902E-14,0.7982615499251785));
#9614=FACE_SURFACE('',(#9619),#9615,.T.);
#9615=PLANE('',#9616);
#9616=AXIS2_PLACEMENT_3D('',#638,#9617,#9618);
#9617=DIRECTION('',(-0.06216967637680687,0,-0.9980655947076841));
#9618=DIRECTION('',(0.9980655947076841,0,-0.06216967637680687));
#9619=FACE_BOUND('',#9620,.T.);
#9620=EDGE_LOOP('',(#9621,#9622,#9623));
#9621=ORIENTED_EDGE('',*,*,#9624,.T.);
#9622=ORIENTED_EDGE('',*,*,#9625,.T.);
#9623=ORIENTED_EDGE('',*,*,#9626,.T.);
#9624=EDGE_CURVE('',#639,#627,#9627,.F.);
#9625=EDGE_CURVE('',#627,#625,#9628,.T.);
#9626=EDGE_CURVE('',#625,#639,#9629,.T.);
#9627=LINE('',#638,#9630);
#9628=LINE('',#626,#9631);
#9629=LINE('',#624,#9632);
#9630=VECTOR('',#9633,1.0);
#9631=VECTOR('',#9634,1.0);
#9632=VECTOR('',#9635,1.0);
#9633=DIRECTION('',(0.9980655947076841,0,-0.06216967637680687));
#9634=DIRECTION('',(0,-1,0));
#9635=DIRECTION('',(-0.9552790793857268,0.28965685788756057,0.059504497028913965));
#9636=FACE_SURFACE('',(#9641),#9637,.T.);
#9637=PLANE('',#9638);
#9638=AXIS2_PLACEMENT_3D('',#636,#9639,#9640);
#9639=DIRECTION('',(-0.06216967637680687,0,-0.9980655947076841));
#9640=DIRECTION('',(0,1,0));
#9641=FACE_BOUND('',#9642,.T.);
#9642=EDGE_LOOP('',(#9643,#9644,#9645));
#9643=ORIENTED_EDGE('',*,*,#9646,.T.);
#9644=ORIENTED_EDGE('',*,*,#9647,.T.);
#9645=ORIENTED_EDGE('',*,*,#9648,.T.);
#9646=EDGE_CURVE('',#637,#639,#9649,.F.);
#9647=EDGE_CURVE('',#639,#625,#9650,.T.);
#9648=EDGE_CURVE('',#625,#637,#9651,.T.);
#9649=LINE('',#636,#9652);
#9650=LINE('',#638,#9653);
#9651=LINE('',#624,#9654);
#9652=VECTOR('',#9655,1.0);
#9653=VECTOR('',#9656,1.0);
#9654=VECTOR('',#9657,1.0);
#9655=DIRECTION('',(0,1,0));
#9656=DIRECTION('',(0.9552790793857268,-0.28965685788756057,-0.059504497028913965));
#9657=DIRECTION('',(-0.9980655947076841,0,0.06216967637680687));
#9658=FACE_SURFACE('',(#9663),#9659,.T.);
#9659=PLANE('',#9660);
#9660=AXIS2_PLACEMENT_3D('',#640,#9661,#9662);
#9661=DIRECTION('',(-0,-1,0));
#9662=DIRECTION('',(0,0,1));
#9663=FACE_BOUND('',#9664,.T.);
#9664=EDGE_LOOP('',(#9665,#9666,#9667));
#9665=ORIENTED_EDGE('',*,*,#9668,.T.);
#9666=ORIENTED_EDGE('',*,*,#9669,.T.);
#9667=ORIENTED_EDGE('',*,*,#9670,.T.);
#9668=EDGE_CURVE('',#641,#643,#9671,.F.);
#9669=EDGE_CURVE('',#643,#629,#9672,.T.);
#9670=EDGE_CURVE('',#629,#641,#9673,.T.);
#9671=LINE('',#640,#9674);
#9672=LINE('',#642,#9675);
#9673=LINE('',#628,#9676);
#9674=VECTOR('',#9677,1.0);
#9675=VECTOR('',#9678,1.0);
#9676=VECTOR('',#9679,1.0);
#9677=DIRECTION('',(0,0,1));
#9678=DIRECTION('',(-0.5474254124464948,0,-0.8368544782743205));
#9679=DIRECTION('',(0.9998790252226161,0,0.015554257290893743));
#9680=FACE_SURFACE('',(#9685),#9681,.T.);
#9681=PLANE('',#9682);
#9682=AXIS2_PLACEMENT_3D('',#642,#9683,#9684);
#9683=DIRECTION('',(0,-1,0));
#9684=DIRECTION('',(-0.9995438234834598,0,-0.030201737302119704));
#9685=FACE_BOUND('',#9686,.T.);
#9686=EDGE_LOOP('',(#9687,#9688,#9689));
#9687=ORIENTED_EDGE('',*,*,#9690,.T.);
#9688=ORIENTED_EDGE('',*,*,#9691,.T.);
#9689=ORIENTED_EDGE('',*,*,#9692,.T.);
#9690=EDGE_CURVE('',#643,#631,#9693,.F.);
#9691=EDGE_CURVE('',#631,#629,#9694,.T.);
#9692=EDGE_CURVE('',#629,#643,#9695,.T.);
#9693=LINE('',#642,#9696);
#9694=LINE('',#630,#9697);
#9695=LINE('',#628,#9698);
#9696=VECTOR('',#9699,1.0);
#9697=VECTOR('',#9700,1.0);
#9698=VECTOR('',#9701,1.0);
#9699=DIRECTION('',(-0.9995438234834598,0,-0.030201737302119704));
#9700=DIRECTION('',(0.5755932874304646,0,-0.8177361233704858));
#9701=DIRECTION('',(0.5474254124464948,0,0.8368544782743205));
#9702=FACE_SURFACE('',(#9707),#9703,.T.);
#9703=PLANE('',#9704);
#9704=AXIS2_PLACEMENT_3D('',#644,#9705,#9706);
#9705=DIRECTION('',(0.015554257290893742,0,-0.999879025222616));
#9706=DIRECTION('',(0.8554250171622995,-0.5177556960762809,0.013307110634756265));
#9707=FACE_BOUND('',#9708,.T.);
#9708=EDGE_LOOP('',(#9709,#9710,#9711));
#9709=ORIENTED_EDGE('',*,*,#9712,.T.);
#9710=ORIENTED_EDGE('',*,*,#9713,.T.);
#9711=ORIENTED_EDGE('',*,*,#9714,.T.);
#9712=EDGE_CURVE('',#645,#641,#9715,.F.);
#9713=EDGE_CURVE('',#641,#629,#9716,.T.);
#9714=EDGE_CURVE('',#629,#645,#9717,.T.);
#9715=LINE('',#644,#9718);
#9716=LINE('',#640,#9719);
#9717=LINE('',#628,#9720);
#9718=VECTOR('',#9721,1.0);
#9719=VECTOR('',#9722,1.0);
#9720=VECTOR('',#9723,1.0);
#9721=DIRECTION('',(0.8554250171622995,-0.5177556960762809,0.013307110634756265));
#9722=DIRECTION('',(-0.9998790252226161,0,-0.015554257290893743));
#9723=DIRECTION('',(0,1,0));
#9724=FACE_SURFACE('',(#9729),#9725,.T.);
#9725=PLANE('',#9726);
#9726=AXIS2_PLACEMENT_3D('',#632,#9727,#9728);
#9727=DIRECTION('',(0.06216967637680687,0,-0.9980655947076841));
#9728=DIRECTION('',(0.9980655947076841,0,0.06216967637680687));
#9729=FACE_BOUND('',#9730,.T.);
#9730=EDGE_LOOP('',(#9731,#9732,#9733));
#9731=ORIENTED_EDGE('',*,*,#9734,.T.);
#9732=ORIENTED_EDGE('',*,*,#9735,.T.);
#9733=ORIENTED_EDGE('',*,*,#9736,.T.);
#9734=EDGE_CURVE('',#633,#645,#9737,.F.);
#9735=EDGE_CURVE('',#645,#629,#9738,.T.);
#9736=EDGE_CURVE('',#629,#633,#9739,.T.);
#9737=LINE('',#632,#9740);
#9738=LINE('',#644,#9741);
#9739=LINE('',#628,#9742);
#9740=VECTOR('',#9743,1.0);
#9741=VECTOR('',#9744,1.0);
#9742=VECTOR('',#9745,1.0);
#9743=DIRECTION('',(0.9980655947076841,0,0.06216967637680687));
#9744=DIRECTION('',(0,-1,0));
#9745=DIRECTION('',(-0.9552790793857268,0.28965685788756057,-0.059504497028913965));
#9746=FACE_SURFACE('',(#9751),#9747,.T.);
#9747=PLANE('',#9748);
#9748=AXIS2_PLACEMENT_3D('',#634,#9749,#9750);
#9749=DIRECTION('',(1.1457632850986781E-14,-1,-8.064848722238808E-15));
#9750=DIRECTION('',(-0.9958964395668422,-1.2140485982118002E-14,0.09050017490638908));
#9751=FACE_BOUND('',#9752,.T.);
#9752=EDGE_LOOP('',(#9753,#9754,#9755));
#9753=ORIENTED_EDGE('',*,*,#9756,.T.);
#9754=ORIENTED_EDGE('',*,*,#9757,.T.);
#9755=ORIENTED_EDGE('',*,*,#9758,.T.);
#9756=EDGE_CURVE('',#635,#647,#9759,.F.);
#9757=EDGE_CURVE('',#647,#637,#9760,.T.);
#9758=EDGE_CURVE('',#637,#635,#9761,.T.);
#9759=LINE('',#634,#9762);
#9760=LINE('',#646,#9763);
#9761=LINE('',#636,#9764);
#9762=VECTOR('',#9765,1.0);
#9763=VECTOR('',#9766,1.0);
#9764=VECTOR('',#9767,1.0);
#9765=DIRECTION('',(-0.9958964395668422,-1.2140485982118002E-14,0.09050017490638908));
#9766=DIRECTION('',(-0.5755922118620815,0,-0.8177368804473213));
#9767=DIRECTION('',(0.9221116861088894,7.444735114875866E-15,0.3869238146475619));
#9768=FACE_SURFACE('',(#9773),#9769,.T.);
#9769=PLANE('',#9770);
#9770=AXIS2_PLACEMENT_3D('',#646,#9771,#9772);
#9771=DIRECTION('',(0,-1,0));
#9772=DIRECTION('',(-0.8137848358824131,0,-0.5811662764543674));
#9773=FACE_BOUND('',#9774,.T.);
#9774=EDGE_LOOP('',(#9775,#9776,#9777));
#9775=ORIENTED_EDGE('',*,*,#9778,.T.);
#9776=ORIENTED_EDGE('',*,*,#9779,.T.);
#9777=ORIENTED_EDGE('',*,*,#9780,.T.);
#9778=EDGE_CURVE('',#647,#641,#9781,.F.);
#9779=EDGE_CURVE('',#641,#637,#9782,.T.);
#9780=EDGE_CURVE('',#637,#647,#9783,.T.);
#9781=LINE('',#646,#9784);
#9782=LINE('',#640,#9785);
#9783=LINE('',#636,#9786);
#9784=VECTOR('',#9787,1.0);
#9785=VECTOR('',#9788,1.0);
#9786=VECTOR('',#9789,1.0);
#9787=DIRECTION('',(-0.8137848358824131,0,-0.5811662764543674));
#9788=DIRECTION('',(0.9998790259207795,0,-0.015554212410568336));
#9789=DIRECTION('',(0.5755922118620815,0,0.8177368804473213));
#9790=FACE_SURFACE('',(#9795),#9791,.T.);
#9791=PLANE('',#9792);
#9792=AXIS2_PLACEMENT_3D('',#648,#9793,#9794);
#9793=DIRECTION('',(-0.015554212410568334,0,-0.9998790259207794));
#9794=DIRECTION('',(0.9998790259207795,0,-0.015554212410568336));
#9795=FACE_BOUND('',#9796,.T.);
#9796=EDGE_LOOP('',(#9797,#9798,#9799));
#9797=ORIENTED_EDGE('',*,*,#9800,.T.);
#9798=ORIENTED_EDGE('',*,*,#9801,.T.);
#9799=ORIENTED_EDGE('',*,*,#9802,.T.);
#9800=EDGE_CURVE('',#649,#639,#9803,.F.);
#9801=EDGE_CURVE('',#639,#637,#9804,.T.);
#9802=EDGE_CURVE('',#637,#649,#9805,.T.);
#9803=LINE('',#648,#9806);
#9804=LINE('',#638,#9807);
#9805=LINE('',#636,#9808);
#9806=VECTOR('',#9809,1.0);
#9807=VECTOR('',#9810,1.0);
#9808=VECTOR('',#9811,1.0);
#9809=DIRECTION('',(0.9998790259207795,0,-0.015554212410568336));
#9810=DIRECTION('',(0,-1,0));
#9811=DIRECTION('',(-0.8554256794248296,0.5177546026208498,0.013307082531284868));
#9812=FACE_SURFACE('',(#9817),#9813,.T.);
#9813=PLANE('',#9814);
#9814=AXIS2_PLACEMENT_3D('',#640,#9815,#9816);
#9815=DIRECTION('',(-0.015554212410568334,0,-0.9998790259207794));
#9816=DIRECTION('',(0,1,0));
#9817=FACE_BOUND('',#9818,.T.);
#9818=EDGE_LOOP('',(#9819,#9820,#9821));
#9819=ORIENTED_EDGE('',*,*,#9822,.T.);
#9820=ORIENTED_EDGE('',*,*,#9823,.T.);
#9821=ORIENTED_EDGE('',*,*,#9824,.T.);
#9822=EDGE_CURVE('',#641,#649,#9825,.F.);
#9823=EDGE_CURVE('',#649,#637,#9826,.T.);
#9824=EDGE_CURVE('',#637,#641,#9827,.T.);
#9825=LINE('',#640,#9828);
#9826=LINE('',#648,#9829);
#9827=LINE('',#636,#9830);
#9828=VECTOR('',#9831,1.0);
#9829=VECTOR('',#9832,1.0);
#9830=VECTOR('',#9833,1.0);
#9831=DIRECTION('',(0,1,0));
#9832=DIRECTION('',(0.8554256794248296,-0.5177546026208498,-0.013307082531284868));
#9833=DIRECTION('',(-0.9998790259207795,0,0.015554212410568336));
#9834=FACE_SURFACE('',(#9839),#9835,.T.);
#9835=PLANE('',#9836);
#9836=AXIS2_PLACEMENT_3D('',#646,#9837,#9838);
#9837=DIRECTION('',(-0,-1,0));
#9838=DIRECTION('',(-0.9995438234834598,0,0.030201737302119704));
#9839=FACE_BOUND('',#9840,.T.);
#9840=EDGE_LOOP('',(#9841,#9842,#9843));
#9841=ORIENTED_EDGE('',*,*,#9844,.T.);
#9842=ORIENTED_EDGE('',*,*,#9845,.T.);
#9843=ORIENTED_EDGE('',*,*,#9846,.T.);
#9844=EDGE_CURVE('',#647,#643,#9847,.F.);
#9845=EDGE_CURVE('',#643,#641,#9848,.T.);
#9846=EDGE_CURVE('',#641,#647,#9849,.T.);
#9847=LINE('',#646,#9850);
#9848=LINE('',#642,#9851);
#9849=LINE('',#640,#9852);
#9850=VECTOR('',#9853,1.0);
#9851=VECTOR('',#9854,1.0);
#9852=VECTOR('',#9855,1.0);
#9853=DIRECTION('',(-0.9995438234834598,0,0.030201737302119704));
#9854=DIRECTION('',(0,0,-1));
#9855=DIRECTION('',(0.8137848358824131,0,0.5811662764543674));
#9856=FACE_SURFACE('',(#9861),#9857,.T.);
#9857=PLANE('',#9858);
#9858=AXIS2_PLACEMENT_3D('',#644,#9859,#9860);
#9859=DIRECTION('',(0.015554257290893742,0,-0.999879025222616));
#9860=DIRECTION('',(0.9998790252226161,0,0.015554257290893743));
#9861=FACE_BOUND('',#9862,.T.);
#9862=EDGE_LOOP('',(#9863,#9864,#9865));
#9863=ORIENTED_EDGE('',*,*,#9866,.T.);
#9864=ORIENTED_EDGE('',*,*,#9867,.T.);
#9865=ORIENTED_EDGE('',*,*,#9868,.T.);
#9866=EDGE_CURVE('',#645,#649,#9869,.F.);
#9867=EDGE_CURVE('',#649,#641,#9870,.T.);
#9868=EDGE_CURVE('',#641,#645,#9871,.T.);
#9869=LINE('',#644,#9872);
#9870=LINE('',#648,#9873);
#9871=LINE('',#640,#9874);
#9872=VECTOR('',#9875,1.0);
#9873=VECTOR('',#9876,1.0);
#9874=VECTOR('',#9877,1.0);
#9875=DIRECTION('',(0.9998790252226161,0,0.015554257290893743));
#9876=DIRECTION('',(0,-1,0));
#9877=DIRECTION('',(-0.8554250171622995,0.5177556960762809,-0.013307110634756265));
#9878=FACE_SURFACE('',(#9883),#9879,.T.);
#9879=PLANE('',#9880);
#9880=AXIS2_PLACEMENT_3D('',#650,#9881,#9882);
#9881=DIRECTION('',(0.02136195962921532,0.7069445048184066,-0.7069463443486059));
#9882=DIRECTION('',(0.04269313107692518,-0.7071077230105098,-0.7058158149388127));
#9883=FACE_BOUND('',#9884,.T.);
#9884=EDGE_LOOP('',(#9885,#9886,#9887));
#9885=ORIENTED_EDGE('',*,*,#9888,.T.);
#9886=ORIENTED_EDGE('',*,*,#9889,.T.);
#9887=ORIENTED_EDGE('',*,*,#9890,.T.);
#9888=EDGE_CURVE('',#651,#43,#9891,.F.);
#9889=EDGE_CURVE('',#43,#39,#9892,.T.);
#9890=EDGE_CURVE('',#39,#651,#9893,.T.);
#9891=LINE('',#650,#9894);
#9892=LINE('',#42,#9895);
#9893=LINE('',#38,#9896);
#9894=VECTOR('',#9897,1.0);
#9895=VECTOR('',#9898,1.0);
#9896=VECTOR('',#9899,1.0);
#9897=DIRECTION('',(0.04269313107692518,-0.7071077230105098,-0.7058158149388127));
#9898=DIRECTION('',(-0.999543771939682,-1.2140488311555408E-14,-0.030203443124799));
#9899=DIRECTION('',(0.9116964139844701,0.2764242673640491,0.3039724874723146));
#9900=FACE_SURFACE('',(#9905),#9901,.T.);
#9901=PLANE('',#9902);
#9902=AXIS2_PLACEMENT_3D('',#36,#9903,#9904);
#9903=DIRECTION('',(-0.021361900031952073,0.7069464789130189,-0.7069443720544847));
#9904=DIRECTION('',(0.9283862439406079,0.276424305336084,0.24837186934376015));
#9905=FACE_BOUND('',#9906,.T.);
#9906=EDGE_LOOP('',(#9907,#9908,#9909));
#9907=ORIENTED_EDGE('',*,*,#9910,.T.);
#9908=ORIENTED_EDGE('',*,*,#9911,.T.);
#9909=ORIENTED_EDGE('',*,*,#9912,.T.);
#9910=EDGE_CURVE('',#37,#653,#9913,.F.);
#9911=EDGE_CURVE('',#653,#39,#9914,.T.);
#9912=EDGE_CURVE('',#39,#37,#9915,.T.);
#9913=LINE('',#36,#9916);
#9914=LINE('',#652,#9917);
#9915=LINE('',#38,#9918);
#9916=VECTOR('',#9919,1.0);
#9917=VECTOR('',#9920,1.0);
#9918=VECTOR('',#9921,1.0);
#9919=DIRECTION('',(0.9283862439406079,0.276424305336084,0.24837186934376015));
#9920=DIRECTION('',(0,-0.7071057275160569,-0.7071078348554679));
#9921=DIRECTION('',(-0.999543771939682,1.2140488311555408E-14,0.030203443124799));
#9922=FACE_SURFACE('',(#9927),#9923,.T.);
#9923=PLANE('',#9924);
#9924=AXIS2_PLACEMENT_3D('',#652,#9925,#9926);
#9925=DIRECTION('',(0.021360704043440492,0.7069464969822422,-0.7069443901236542));
#9926=DIRECTION('',(0.9995438230122787,0,0.030201752896122105));
#9927=FACE_BOUND('',#9928,.T.);
#9928=EDGE_LOOP('',(#9929,#9930,#9931));
#9929=ORIENTED_EDGE('',*,*,#9932,.T.);
#9930=ORIENTED_EDGE('',*,*,#9933,.T.);
#9931=ORIENTED_EDGE('',*,*,#9934,.T.);
#9932=EDGE_CURVE('',#653,#651,#9935,.F.);
#9933=EDGE_CURVE('',#651,#39,#9936,.T.);
#9934=EDGE_CURVE('',#39,#653,#9937,.T.);
#9935=LINE('',#652,#9938);
#9936=LINE('',#650,#9939);
#9937=LINE('',#38,#9940);
#9938=VECTOR('',#9941,1.0);
#9939=VECTOR('',#9942,1.0);
#9940=VECTOR('',#9943,1.0);
#9941=DIRECTION('',(0.9995438230122787,0,0.030201752896122105));
#9942=DIRECTION('',(-0.9116964139844701,-0.2764242673640491,-0.3039724874723146));
#9943=DIRECTION('',(0,0.7071057275160569,0.7071078348554679));
#9944=FACE_SURFACE('',(#9949),#9945,.T.);
#9945=PLANE('',#9946);
#9946=AXIS2_PLACEMENT_3D('',#46,#9947,#9948);
#9947=DIRECTION('',(-0.0640065633478035,0.7069446343265968,-0.7043666970018088));
#9948=DIRECTION('',(0.9416888107106484,0.2764244119871949,0.19186382733568702));
#9949=FACE_BOUND('',#9950,.T.);
#9950=EDGE_LOOP('',(#9951,#9952,#9953));
#9951=ORIENTED_EDGE('',*,*,#9954,.T.);
#9952=ORIENTED_EDGE('',*,*,#9955,.T.);
#9953=ORIENTED_EDGE('',*,*,#9956,.T.);
#9954=EDGE_CURVE('',#47,#655,#9957,.F.);
#9955=EDGE_CURVE('',#655,#37,#9958,.T.);
#9956=EDGE_CURVE('',#37,#47,#9959,.T.);
#9957=LINE('',#46,#9960);
#9958=LINE('',#654,#9961);
#9959=LINE('',#36,#9962);
#9960=VECTOR('',#9963,1.0);
#9961=VECTOR('',#9964,1.0);
#9962=VECTOR('',#9965,1.0);
#9963=DIRECTION('',(0.9416888107106484,0.2764244119871949,0.19186382733568702));
#9964=DIRECTION('',(-0.04269649668306623,-0.7071076212178786,-0.70581571333216));
#9965=DIRECTION('',(-0.9958966187984231,-1.2140505466877837E-14,0.09049820255600799));
#9966=FACE_SURFACE('',(#9971),#9967,.T.);
#9967=PLANE('',#9968);
#9968=AXIS2_PLACEMENT_3D('',#654,#9969,#9970);
#9969=DIRECTION('',(-0.0213607940305139,0.7069445381671967,-0.7069463462201039));
#9970=DIRECTION('',(0.9995438216941339,0,-0.03020179652082617));
#9971=FACE_BOUND('',#9972,.T.);
#9972=EDGE_LOOP('',(#9973,#9974,#9975));
#9973=ORIENTED_EDGE('',*,*,#9976,.T.);
#9974=ORIENTED_EDGE('',*,*,#9977,.T.);
#9975=ORIENTED_EDGE('',*,*,#9978,.T.);
#9976=EDGE_CURVE('',#655,#653,#9979,.F.);
#9977=EDGE_CURVE('',#653,#37,#9980,.T.);
#9978=EDGE_CURVE('',#37,#655,#9981,.T.);
#9979=LINE('',#654,#9982);
#9980=LINE('',#652,#9983);
#9981=LINE('',#36,#9984);
#9982=VECTOR('',#9985,1.0);
#9983=VECTOR('',#9986,1.0);
#9984=VECTOR('',#9987,1.0);
#9985=DIRECTION('',(0.9995438216941339,0,-0.03020179652082617));
#9986=DIRECTION('',(-0.9283862439406079,-0.276424305336084,-0.24837186934376015));
#9987=DIRECTION('',(0.04269649668306623,0.7071076212178786,0.70581571333216));
#9988=FACE_SURFACE('',(#9993),#9989,.T.);
#9989=PLANE('',#9990);
#9990=AXIS2_PLACEMENT_3D('',#650,#9991,#9992);
#9991=DIRECTION('',(0.06400752868257535,0.7069444672369738,-0.7043667769812689));
#9992=DIRECTION('',(0.995896496711643,0,0.09049954606226687));
#9993=FACE_BOUND('',#9994,.T.);
#9994=EDGE_LOOP('',(#9995,#9996,#9997));
#9995=ORIENTED_EDGE('',*,*,#9998,.T.);
#9996=ORIENTED_EDGE('',*,*,#9999,.T.);
#9997=ORIENTED_EDGE('',*,*,#10000,.T.);
#9998=EDGE_CURVE('',#651,#657,#10001,.F.);
#9999=EDGE_CURVE('',#657,#43,#10002,.T.);
#10000=EDGE_CURVE('',#43,#651,#10003,.T.);
#10001=LINE('',#650,#10004);
#10002=LINE('',#656,#10005);
#10003=LINE('',#42,#10006);
#10004=VECTOR('',#10007,1.0);
#10005=VECTOR('',#10008,1.0);
#10006=VECTOR('',#10009,1.0);
#10007=DIRECTION('',(0.995896496711643,0,0.09049954606226687));
#10008=DIRECTION('',(-0.8916794030299224,-0.2764245395671201,-0.35846522305142364));
#10009=DIRECTION('',(-0.04269313107692518,0.7071077230105098,0.7058158149388127));
#10010=FACE_SURFACE('',(#10015),#10011,.T.);
#10011=PLANE('',#10012);
#10012=AXIS2_PLACEMENT_3D('',#656,#10013,#10014);
#10013=DIRECTION('',(0.06400633055244682,0.7069462078405281,-0.704365138879763));
#10014=DIRECTION('',(0.08523432139772973,-0.7071059651631849,-0.7019517536743597));
#10015=FACE_BOUND('',#10016,.T.);
#10016=EDGE_LOOP('',(#10017,#10018,#10019));
#10017=ORIENTED_EDGE('',*,*,#10020,.T.);
#10018=ORIENTED_EDGE('',*,*,#10021,.T.);
#10019=ORIENTED_EDGE('',*,*,#10022,.T.);
#10020=EDGE_CURVE('',#657,#51,#10023,.F.);
#10021=EDGE_CURVE('',#51,#43,#10024,.T.);
#10022=EDGE_CURVE('',#43,#657,#10025,.T.);
#10023=LINE('',#656,#10026);
#10024=LINE('',#50,#10027);
#10025=LINE('',#42,#10028);
#10026=VECTOR('',#10029,1.0);
#10027=VECTOR('',#10030,1.0);
#10028=VECTOR('',#10031,1.0);
#10029=DIRECTION('',(0.08523432139772973,-0.7071059651631849,-0.7019517536743597));
#10030=DIRECTION('',(-0.9958966304209099,1.2140488308726515E-14,-0.0904980746550851));
#10031=DIRECTION('',(0.8916794030299224,0.2764245395671201,0.35846522305142364));
#10032=FACE_SURFACE('',(#10037),#10033,.T.);
#10033=PLANE('',#10034);
#10034=AXIS2_PLACEMENT_3D('',#54,#10035,#10036);
#10035=DIRECTION('',(-0.10641948202976245,0.7069460083977965,-0.6992154425174971));
#10036=DIRECTION('',(0.9515552309836975,0.2764245525210681,0.13465552031420422));
#10037=FACE_BOUND('',#10038,.T.);
#10038=EDGE_LOOP('',(#10039,#10040,#10041));
#10039=ORIENTED_EDGE('',*,*,#10042,.T.);
#10040=ORIENTED_EDGE('',*,*,#10043,.T.);
#10041=ORIENTED_EDGE('',*,*,#10044,.T.);
#10042=EDGE_CURVE('',#55,#659,#10045,.F.);
#10043=EDGE_CURVE('',#659,#47,#10046,.T.);
#10044=EDGE_CURVE('',#47,#55,#10047,.T.);
#10045=LINE('',#54,#10048);
#10046=LINE('',#658,#10049);
#10047=LINE('',#46,#10050);
#10048=VECTOR('',#10051,1.0);
#10049=VECTOR('',#10052,1.0);
#10050=VECTOR('',#10053,1.0);
#10051=DIRECTION('',(0.9515552309836975,0.2764245525210681,0.13465552031420422));
#10052=DIRECTION('',(-0.08523097414744518,-0.7071061683732542,-0.7019519554031974));
#10053=DIRECTION('',(-0.9886152343869236,0,0.1504656716267474));
#10054=FACE_SURFACE('',(#10059),#10055,.T.);
#10055=PLANE('',#10056);
#10056=AXIS2_PLACEMENT_3D('',#658,#10057,#10058);
#10057=DIRECTION('',(-0.0640072916219941,0.7069460695575871,-0.7043651903354512));
#10058=DIRECTION('',(0.9958965085472468,0,-0.09049941581802366));
#10059=FACE_BOUND('',#10060,.T.);
#10060=EDGE_LOOP('',(#10061,#10062,#10063));
#10061=ORIENTED_EDGE('',*,*,#10064,.T.);
#10062=ORIENTED_EDGE('',*,*,#10065,.T.);
#10063=ORIENTED_EDGE('',*,*,#10066,.T.);
#10064=EDGE_CURVE('',#659,#655,#10067,.F.);
#10065=EDGE_CURVE('',#655,#47,#10068,.T.);
#10066=EDGE_CURVE('',#47,#659,#10069,.T.);
#10067=LINE('',#658,#10070);
#10068=LINE('',#654,#10071);
#10069=LINE('',#46,#10072);
#10070=VECTOR('',#10073,1.0);
#10071=VECTOR('',#10074,1.0);
#10072=VECTOR('',#10075,1.0);
#10073=DIRECTION('',(0.9958965085472468,0,-0.09049941581802366));
#10074=DIRECTION('',(-0.9416888107106484,-0.2764244119871949,-0.19186382733568702));
#10075=DIRECTION('',(0.08523097414744518,0.7071061683732542,0.7019519554031974));
#10076=FACE_SURFACE('',(#10081),#10077,.T.);
#10077=PLANE('',#10078);
#10078=AXIS2_PLACEMENT_3D('',#656,#10079,#10080);
#10079=DIRECTION('',(0.10641831760627818,0.706946279407792,-0.6992153457335799));
#10080=DIRECTION('',(0.9886154761894431,0,0.15046408288598512));
#10081=FACE_BOUND('',#10082,.T.);
#10082=EDGE_LOOP('',(#10083,#10084,#10085));
#10083=ORIENTED_EDGE('',*,*,#10086,.T.);
#10084=ORIENTED_EDGE('',*,*,#10087,.T.);
#10085=ORIENTED_EDGE('',*,*,#10088,.T.);
#10086=EDGE_CURVE('',#657,#661,#10089,.F.);
#10087=EDGE_CURVE('',#661,#51,#10090,.T.);
#10088=EDGE_CURVE('',#51,#657,#10091,.T.);
#10089=LINE('',#656,#10092);
#10090=LINE('',#660,#10093);
#10091=LINE('',#50,#10094);
#10092=VECTOR('',#10095,1.0);
#10093=VECTOR('',#10096,1.0);
#10094=VECTOR('',#10097,1.0);
#10095=DIRECTION('',(0.9886154761894431,0,0.15046408288598512));
#10096=DIRECTION('',(-0.8684087380735777,-0.27642463576935494,-0.41164995369517043));
#10097=DIRECTION('',(-0.08523432139772973,0.7071059651631849,0.7019517536743597));
#10098=FACE_SURFACE('',(#10103),#10099,.T.);
#10099=PLANE('',#10100);
#10100=AXIS2_PLACEMENT_3D('',#660,#10101,#10102);
#10101=DIRECTION('',(0.10641972600887857,0.706944386163093,-0.6992170455507237));
#10102=DIRECTION('',(0.12746237473241354,-0.7071077908156328,-0.6955227639663631));
#10103=FACE_BOUND('',#10104,.T.);
#10104=EDGE_LOOP('',(#10105,#10106,#10107));
#10105=ORIENTED_EDGE('',*,*,#10108,.T.);
#10106=ORIENTED_EDGE('',*,*,#10109,.T.);
#10107=ORIENTED_EDGE('',*,*,#10110,.T.);
#10108=EDGE_CURVE('',#661,#59,#10111,.F.);
#10109=EDGE_CURVE('',#59,#51,#10112,.T.);
#10110=EDGE_CURVE('',#51,#661,#10113,.T.);
#10111=LINE('',#660,#10114);
#10112=LINE('',#58,#10115);
#10113=LINE('',#50,#10116);
#10114=VECTOR('',#10117,1.0);
#10115=VECTOR('',#10118,1.0);
#10116=VECTOR('',#10119,1.0);
#10117=DIRECTION('',(0.12746237473241354,-0.7071077908156328,-0.6955227639663631));
#10118=DIRECTION('',(-0.9886152343869236,0,-0.1504656716267474));
#10119=DIRECTION('',(0.8684087380735777,0.27642463576935494,0.41164995369517043));
#10120=FACE_SURFACE('',(#10125),#10121,.T.);
#10121=PLANE('',#10122);
#10122=AXIS2_PLACEMENT_3D('',#62,#10123,#10124);
#10123=DIRECTION('',(-0.14844180534952273,0.7069441220016992,-0.6915164775996454));
#10124=DIRECTION('',(0.957949543149274,0.276424239417313,0.07695656335009415));
#10125=FACE_BOUND('',#10126,.T.);
#10126=EDGE_LOOP('',(#10127,#10128,#10129));
#10127=ORIENTED_EDGE('',*,*,#10130,.T.);
#10128=ORIENTED_EDGE('',*,*,#10131,.T.);
#10129=ORIENTED_EDGE('',*,*,#10132,.T.);
#10130=EDGE_CURVE('',#63,#663,#10133,.F.);
#10131=EDGE_CURVE('',#663,#55,#10134,.T.);
#10132=EDGE_CURVE('',#55,#63,#10135,.T.);
#10133=LINE('',#62,#10136);
#10134=LINE('',#662,#10137);
#10135=LINE('',#54,#10138);
#10136=VECTOR('',#10139,1.0);
#10137=VECTOR('',#10140,1.0);
#10138=VECTOR('',#10141,1.0);
#10139=DIRECTION('',(0.957949543149274,0.276424239417313,0.07695656335009415));
#10140=DIRECTION('',(-0.1274590577570918,-0.7071080947066779,-0.6955230628785549));
#10141=DIRECTION('',(-0.9777271216638371,1.2140482087531926E-14,0.20988014570927913));
#10142=FACE_SURFACE('',(#10147),#10143,.T.);
#10143=PLANE('',#10144);
#10144=AXIS2_PLACEMENT_3D('',#662,#10145,#10146);
#10145=DIRECTION('',(-0.106418643100547,0.7069441151501186,-0.6992174843746787));
#10146=DIRECTION('',(0.9886154761894431,0,-0.15046408288598512));
#10147=FACE_BOUND('',#10148,.T.);
#10148=EDGE_LOOP('',(#10149,#10150,#10151));
#10149=ORIENTED_EDGE('',*,*,#10152,.T.);
#10150=ORIENTED_EDGE('',*,*,#10153,.T.);
#10151=ORIENTED_EDGE('',*,*,#10154,.T.);
#10152=EDGE_CURVE('',#663,#659,#10155,.F.);
#10153=EDGE_CURVE('',#659,#55,#10156,.T.);
#10154=EDGE_CURVE('',#55,#663,#10157,.T.);
#10155=LINE('',#662,#10158);
#10156=LINE('',#658,#10159);
#10157=LINE('',#54,#10160);
#10158=VECTOR('',#10161,1.0);
#10159=VECTOR('',#10162,1.0);
#10160=VECTOR('',#10163,1.0);
#10161=DIRECTION('',(0.9886154761894431,0,-0.15046408288598512));
#10162=DIRECTION('',(-0.9515552309836975,-0.2764245525210681,-0.13465552031420422));
#10163=DIRECTION('',(0.1274590577570918,0.7071080947066779,0.6955230628785549));
#10164=FACE_SURFACE('',(#10169),#10165,.T.);
#10165=PLANE('',#10166);
#10166=AXIS2_PLACEMENT_3D('',#660,#10167,#10168);
#10167=DIRECTION('',(0.14844232605430774,0.7069444669142434,-0.6915160132165581));
#10168=DIRECTION('',(0.9777269416649149,0,0.20988098423290305));
#10169=FACE_BOUND('',#10170,.T.);
#10170=EDGE_LOOP('',(#10171,#10172,#10173));
#10171=ORIENTED_EDGE('',*,*,#10174,.T.);
#10172=ORIENTED_EDGE('',*,*,#10175,.T.);
#10173=ORIENTED_EDGE('',*,*,#10176,.T.);
#10174=EDGE_CURVE('',#661,#665,#10177,.F.);
#10175=EDGE_CURVE('',#665,#59,#10178,.T.);
#10176=EDGE_CURVE('',#59,#661,#10179,.T.);
#10177=LINE('',#660,#10180);
#10178=LINE('',#664,#10181);
#10179=LINE('',#58,#10182);
#10180=VECTOR('',#10183,1.0);
#10181=VECTOR('',#10184,1.0);
#10182=VECTOR('',#10185,1.0);
#10183=DIRECTION('',(0.9777269416649149,0,0.20988098423290305));
#10184=DIRECTION('',(-0.8419701891645891,-0.2764245733103868,-0.4633310434541558));
#10185=DIRECTION('',(-0.12746237473241354,0.7071077908156328,0.6955227639663631));
#10186=FACE_SURFACE('',(#10191),#10187,.T.);
#10187=PLANE('',#10188);
#10188=AXIS2_PLACEMENT_3D('',#664,#10189,#10190);
#10189=DIRECTION('',(0.14844180060965087,0.7069451263910257,-0.6915154518184979));
#10190=DIRECTION('',(0.1692213645904654,-0.7071070814556331,-0.686559323818006));
#10191=FACE_BOUND('',#10192,.T.);
#10192=EDGE_LOOP('',(#10193,#10194,#10195));
#10193=ORIENTED_EDGE('',*,*,#10196,.T.);
#10194=ORIENTED_EDGE('',*,*,#10197,.T.);
#10195=ORIENTED_EDGE('',*,*,#10198,.T.);
#10196=EDGE_CURVE('',#665,#67,#10199,.F.);
#10197=EDGE_CURVE('',#67,#59,#10200,.T.);
#10198=EDGE_CURVE('',#59,#665,#10201,.T.);
#10199=LINE('',#664,#10202);
#10200=LINE('',#66,#10203);
#10201=LINE('',#58,#10204);
#10202=VECTOR('',#10205,1.0);
#10203=VECTOR('',#10206,1.0);
#10204=VECTOR('',#10207,1.0);
#10205=DIRECTION('',(0.1692213645904654,-0.7071070814556331,-0.686559323818006));
#10206=DIRECTION('',(-0.977727059151914,0,-0.20988043692099953));
#10207=DIRECTION('',(0.8419701891645891,0.2764245733103868,0.4633310434541558));
#10208=FACE_SURFACE('',(#10213),#10209,.T.);
#10209=PLANE('',#10210);
#10210=AXIS2_PLACEMENT_3D('',#70,#10211,#10212);
#10211=DIRECTION('',(-0.1899246950813951,0.706945566450838,-0.6812903758851605));
#10212=DIRECTION('',(0.9608483265080021,0.2764243244596178,0.01897593986645841));
#10213=FACE_BOUND('',#10214,.T.);
#10214=EDGE_LOOP('',(#10215,#10216,#10217));
#10215=ORIENTED_EDGE('',*,*,#10218,.T.);
#10216=ORIENTED_EDGE('',*,*,#10219,.T.);
#10217=ORIENTED_EDGE('',*,*,#10220,.T.);
#10218=EDGE_CURVE('',#71,#667,#10221,.F.);
#10219=EDGE_CURVE('',#667,#63,#10222,.T.);
#10220=EDGE_CURVE('',#63,#71,#10223,.T.);
#10221=LINE('',#70,#10224);
#10222=LINE('',#666,#10225);
#10223=LINE('',#62,#10226);
#10224=VECTOR('',#10227,1.0);
#10225=VECTOR('',#10228,1.0);
#10226=VECTOR('',#10229,1.0);
#10227=DIRECTION('',(0.9608483265080021,0.2764243244596178,0.01897593986645841));
#10228=DIRECTION('',(-0.16922463978419783,-0.7071066779964048,-0.6865589320828892));
#10229=DIRECTION('',(-0.9632705215147921,0,0.26853287020515837));
#10230=FACE_SURFACE('',(#10235),#10231,.T.);
#10231=PLANE('',#10232);
#10232=AXIS2_PLACEMENT_3D('',#666,#10233,#10234);
#10233=DIRECTION('',(-0.14844232122751203,0.706945489689387,-0.6915149686568042));
#10234=DIRECTION('',(0.9777268780081023,0,-0.20988128077684687));
#10235=FACE_BOUND('',#10236,.T.);
#10236=EDGE_LOOP('',(#10237,#10238,#10239));
#10237=ORIENTED_EDGE('',*,*,#10240,.T.);
#10238=ORIENTED_EDGE('',*,*,#10241,.T.);
#10239=ORIENTED_EDGE('',*,*,#10242,.T.);
#10240=EDGE_CURVE('',#667,#663,#10243,.F.);
#10241=EDGE_CURVE('',#663,#63,#10244,.T.);
#10242=EDGE_CURVE('',#63,#667,#10245,.T.);
#10243=LINE('',#666,#10246);
#10244=LINE('',#662,#10247);
#10245=LINE('',#62,#10248);
#10246=VECTOR('',#10249,1.0);
#10247=VECTOR('',#10250,1.0);
#10248=VECTOR('',#10251,1.0);
#10249=DIRECTION('',(0.9777268780081023,0,-0.20988128077684687));
#10250=DIRECTION('',(-0.957949543149274,-0.276424239417313,-0.07695656335009415));
#10251=DIRECTION('',(0.16922463978419783,0.7071066779964048,0.6865589320828892));
#10252=FACE_SURFACE('',(#10257),#10253,.T.);
#10253=PLANE('',#10254);
#10254=AXIS2_PLACEMENT_3D('',#664,#10255,#10256);
#10255=DIRECTION('',(0.18992408569157776,0.7069451248455716,-0.6812910039999776));
#10256=DIRECTION('',(0.9632708084265925,0,0.26853184100433763));
#10257=FACE_BOUND('',#10258,.T.);
#10258=EDGE_LOOP('',(#10259,#10260,#10261));
#10259=ORIENTED_EDGE('',*,*,#10262,.T.);
#10260=ORIENTED_EDGE('',*,*,#10263,.T.);
#10261=ORIENTED_EDGE('',*,*,#10264,.T.);
#10262=EDGE_CURVE('',#665,#669,#10265,.F.);
#10263=EDGE_CURVE('',#669,#67,#10266,.T.);
#10264=EDGE_CURVE('',#67,#665,#10267,.T.);
#10265=LINE('',#664,#10268);
#10266=LINE('',#668,#10269);
#10267=LINE('',#66,#10270);
#10268=VECTOR('',#10271,1.0);
#10269=VECTOR('',#10272,1.0);
#10270=VECTOR('',#10273,1.0);
#10271=DIRECTION('',(0.9632708084265925,0,0.26853184100433763));
#10272=DIRECTION('',(-0.8124586865939911,-0.27642434533235116,-0.513322962554324));
#10273=DIRECTION('',(-0.1692213645904654,0.7071070814556331,0.686559323818006));
#10274=FACE_SURFACE('',(#10279),#10275,.T.);
#10275=PLANE('',#10276);
#10276=AXIS2_PLACEMENT_3D('',#668,#10277,#10278);
#10277=DIRECTION('',(0.18992477133987626,0.7069443150613709,-0.6812916531368228));
#10278=DIRECTION('',(0.2103670635812691,-0.7071078870793908,-0.6750882420767774));
#10279=FACE_BOUND('',#10280,.T.);
#10280=EDGE_LOOP('',(#10281,#10282,#10283));
#10281=ORIENTED_EDGE('',*,*,#10284,.T.);
#10282=ORIENTED_EDGE('',*,*,#10285,.T.);
#10283=ORIENTED_EDGE('',*,*,#10286,.T.);
#10284=EDGE_CURVE('',#669,#75,#10287,.F.);
#10285=EDGE_CURVE('',#75,#67,#10288,.T.);
#10286=EDGE_CURVE('',#67,#669,#10289,.T.);
#10287=LINE('',#668,#10290);
#10288=LINE('',#74,#10291);
#10289=LINE('',#66,#10292);
#10290=VECTOR('',#10293,1.0);
#10291=VECTOR('',#10294,1.0);
#10292=VECTOR('',#10295,1.0);
#10293=DIRECTION('',(0.2103670635812691,-0.7071078870793908,-0.6750882420767774));
#10294=DIRECTION('',(-0.9632706238473641,0,-0.2685325031215217));
#10295=DIRECTION('',(0.8124586865939911,0.27642434533235116,0.513322962554324));
#10296=FACE_SURFACE('',(#10301),#10297,.T.);
#10297=PLANE('',#10298);
#10298=AXIS2_PLACEMENT_3D('',#82,#10299,#10300);
#10299=DIRECTION('',(-0.2307130242888377,0.7069440673496943,-0.6685817721584766));
#10300=DIRECTION('',(0.9602410308491592,0.276424423965338,-0.039073015102176756));
#10301=FACE_BOUND('',#10302,.T.);
#10302=EDGE_LOOP('',(#10303,#10304,#10305));
#10303=ORIENTED_EDGE('',*,*,#10306,.T.);
#10304=ORIENTED_EDGE('',*,*,#10307,.T.);
#10305=ORIENTED_EDGE('',*,*,#10308,.T.);
#10306=EDGE_CURVE('',#83,#671,#10309,.F.);
#10307=EDGE_CURVE('',#671,#71,#10310,.T.);
#10308=EDGE_CURVE('',#71,#83,#10311,.T.);
#10309=LINE('',#82,#10312);
#10310=LINE('',#670,#10313);
#10311=LINE('',#70,#10314);
#10312=VECTOR('',#10315,1.0);
#10313=VECTOR('',#10316,1.0);
#10314=VECTOR('',#10317,1.0);
#10315=DIRECTION('',(0.9602410308491592,0.276424423965338,-0.039073015102176756));
#10316=DIRECTION('',(-0.21036545231103335,-0.7071081378563862,-0.6750884814979797));
#10317=DIRECTION('',(-0.9452999348183906,0,0.32620244210052524));
#10318=FACE_SURFACE('',(#10323),#10319,.T.);
#10319=PLANE('',#10320);
#10320=AXIS2_PLACEMENT_3D('',#670,#10321,#10322);
#10321=DIRECTION('',(-0.1899242341809159,0.7069440791313034,-0.6812920476946622));
#10322=DIRECTION('',(0.9632708605291695,0,-0.268531654103186));
#10323=FACE_BOUND('',#10324,.T.);
#10324=EDGE_LOOP('',(#10325,#10326,#10327));
#10325=ORIENTED_EDGE('',*,*,#10328,.T.);
#10326=ORIENTED_EDGE('',*,*,#10329,.T.);
#10327=ORIENTED_EDGE('',*,*,#10330,.T.);
#10328=EDGE_CURVE('',#671,#667,#10331,.F.);
#10329=EDGE_CURVE('',#667,#71,#10332,.T.);
#10330=EDGE_CURVE('',#71,#671,#10333,.T.);
#10331=LINE('',#670,#10334);
#10332=LINE('',#666,#10335);
#10333=LINE('',#70,#10336);
#10334=VECTOR('',#10337,1.0);
#10335=VECTOR('',#10338,1.0);
#10336=VECTOR('',#10339,1.0);
#10337=DIRECTION('',(0.9632708605291695,0,-0.268531654103186));
#10338=DIRECTION('',(-0.9608483265080021,-0.2764243244596178,-0.01897593986645841));
#10339=DIRECTION('',(0.21036545231103335,0.7071081378563862,0.6750884814979797));
#10340=FACE_SURFACE('',(#10345),#10341,.T.);
#10341=PLANE('',#10342);
#10342=AXIS2_PLACEMENT_3D('',#668,#10343,#10344);
#10343=DIRECTION('',(0.23071355153732775,0.7069443326982754,-0.6685813096421579));
#10344=DIRECTION('',(0.945299635360093,0,0.32620330989748614));
#10345=FACE_BOUND('',#10346,.T.);
#10346=EDGE_LOOP('',(#10347,#10348,#10349));
#10347=ORIENTED_EDGE('',*,*,#10350,.T.);
#10348=ORIENTED_EDGE('',*,*,#10351,.T.);
#10349=ORIENTED_EDGE('',*,*,#10352,.T.);
#10350=EDGE_CURVE('',#669,#673,#10353,.F.);
#10351=EDGE_CURVE('',#673,#75,#10354,.T.);
#10352=EDGE_CURVE('',#75,#669,#10355,.T.);
#10353=LINE('',#668,#10356);
#10354=LINE('',#672,#10357);
#10355=LINE('',#74,#10358);
#10356=VECTOR('',#10359,1.0);
#10357=VECTOR('',#10360,1.0);
#10358=VECTOR('',#10361,1.0);
#10359=DIRECTION('',(0.945299635360093,0,0.32620330989748614));
#10360=DIRECTION('',(-0.7799826351224698,-0.2764245113163546,-0.5614415182821118));
#10361=DIRECTION('',(-0.2103670635812691,0.7071078870793908,0.6750882420767774));
#10362=FACE_SURFACE('',(#10367),#10363,.T.);
#10363=PLANE('',#10364);
#10364=AXIS2_PLACEMENT_3D('',#672,#10365,#10366);
#10365=DIRECTION('',(0.23071282880074453,0.70694514152564,-0.6685807038047472));
#10366=DIRECTION('',(0.25074351884348933,-0.7071070659800467,-0.6611560216764835));
#10367=FACE_BOUND('',#10368,.T.);
#10368=EDGE_LOOP('',(#10369,#10370,#10371));
#10369=ORIENTED_EDGE('',*,*,#10372,.T.);
#10370=ORIENTED_EDGE('',*,*,#10373,.T.);
#10371=ORIENTED_EDGE('',*,*,#10374,.T.);
#10372=EDGE_CURVE('',#673,#87,#10375,.F.);
#10373=EDGE_CURVE('',#87,#75,#10376,.T.);
#10374=EDGE_CURVE('',#75,#673,#10377,.T.);
#10375=LINE('',#672,#10378);
#10376=LINE('',#86,#10379);
#10377=LINE('',#74,#10380);
#10378=VECTOR('',#10381,1.0);
#10379=VECTOR('',#10382,1.0);
#10380=VECTOR('',#10383,1.0);
#10381=DIRECTION('',(0.25074351884348933,-0.7071070659800467,-0.6611560216764835));
#10382=DIRECTION('',(-0.9452998593153756,0,-0.3262026609001389));
#10383=DIRECTION('',(0.7799826351224698,0.2764245113163546,0.5614415182821118));
#10384=FACE_SURFACE('',(#10389),#10385,.T.);
#10385=PLANE('',#10386);
#10386=AXIS2_PLACEMENT_3D('',#102,#10387,#10388);
#10387=DIRECTION('',(-0.27065987648506984,0.7069451464299219,-0.6534307853172079));
#10388=DIRECTION('',(0.9561300031488033,0.2764244554427794,-0.09697905707848599));
#10389=FACE_BOUND('',#10390,.T.);
#10390=EDGE_LOOP('',(#10391,#10392,#10393));
#10391=ORIENTED_EDGE('',*,*,#10394,.T.);
#10392=ORIENTED_EDGE('',*,*,#10395,.T.);
#10393=ORIENTED_EDGE('',*,*,#10396,.T.);
#10394=EDGE_CURVE('',#103,#675,#10397,.F.);
#10395=EDGE_CURVE('',#675,#83,#10398,.T.);
#10396=EDGE_CURVE('',#83,#103,#10399,.T.);
#10397=LINE('',#102,#10400);
#10398=LINE('',#674,#10401);
#10399=LINE('',#82,#10402);
#10400=VECTOR('',#10403,1.0);
#10401=VECTOR('',#10404,1.0);
#10402=VECTOR('',#10405,1.0);
#10403=DIRECTION('',(0.9561300031488033,0.2764244554427794,-0.09697905707848599));
#10404=DIRECTION('',(-0.2507435188434945,-0.7071070659800323,-0.661156021676497));
#10405=DIRECTION('',(-0.9238795409420745,-1.2140494475250537E-14,0.3826834120113672));
#10406=FACE_SURFACE('',(#10411),#10407,.T.);
#10407=PLANE('',#10408);
#10408=AXIS2_PLACEMENT_3D('',#674,#10409,#10410);
#10409=DIRECTION('',(-0.23071328542402225,0.7069451488619265,-0.668580538476437));
#10410=DIRECTION('',(0.945299635360093,0,-0.32620330989748614));
#10411=FACE_BOUND('',#10412,.T.);
#10412=EDGE_LOOP('',(#10413,#10414,#10415));
#10413=ORIENTED_EDGE('',*,*,#10416,.T.);
#10414=ORIENTED_EDGE('',*,*,#10417,.T.);
#10415=ORIENTED_EDGE('',*,*,#10418,.T.);
#10416=EDGE_CURVE('',#675,#671,#10419,.F.);
#10417=EDGE_CURVE('',#671,#83,#10420,.T.);
#10418=EDGE_CURVE('',#83,#675,#10421,.T.);
#10419=LINE('',#674,#10422);
#10420=LINE('',#670,#10423);
#10421=LINE('',#82,#10424);
#10422=VECTOR('',#10425,1.0);
#10423=VECTOR('',#10426,1.0);
#10424=VECTOR('',#10427,1.0);
#10425=DIRECTION('',(0.945299635360093,0,-0.32620330989748614));
#10426=DIRECTION('',(-0.9602410308491592,-0.276424423965338,0.039073015102176756));
#10427=DIRECTION('',(0.2507435188434945,0.7071070659800323,0.661156021676497));
#10428=FACE_SURFACE('',(#10433),#10429,.T.);
#10429=PLANE('',#10430);
#10430=AXIS2_PLACEMENT_3D('',#672,#10431,#10432);
#10431=DIRECTION('',(0.2706601115141407,0.7069451426103169,-0.6534306920973574));
#10432=DIRECTION('',(0.9238794041522812,0,0.38268374225099483));
#10433=FACE_BOUND('',#10434,.T.);
#10434=EDGE_LOOP('',(#10435,#10436,#10437));
#10435=ORIENTED_EDGE('',*,*,#10438,.T.);
#10436=ORIENTED_EDGE('',*,*,#10439,.T.);
#10437=ORIENTED_EDGE('',*,*,#10440,.T.);
#10438=EDGE_CURVE('',#673,#677,#10441,.F.);
#10439=EDGE_CURVE('',#677,#87,#10442,.T.);
#10440=EDGE_CURVE('',#87,#673,#10443,.T.);
#10441=LINE('',#672,#10444);
#10442=LINE('',#676,#10445);
#10443=LINE('',#86,#10446);
#10444=VECTOR('',#10447,1.0);
#10445=VECTOR('',#10448,1.0);
#10446=VECTOR('',#10449,1.0);
#10447=DIRECTION('',(0.9238794041522812,0,0.38268374225099483));
#10448=DIRECTION('',(-0.7446603201207541,-0.2764245080253437,-0.6075117274593164));
#10449=DIRECTION('',(-0.25074351884348933,0.7071070659800467,0.6611560216764835));
#10450=FACE_SURFACE('',(#10455),#10451,.T.);
#10451=PLANE('',#10452);
#10452=AXIS2_PLACEMENT_3D('',#676,#10453,#10454);
#10453=DIRECTION('',(0.27065971686799456,0.7069455637199034,-0.6534303999674985));
#10454=DIRECTION('',(0.2902062983929647,-0.7071066374016677,-0.6448104432432529));
#10455=FACE_BOUND('',#10456,.T.);
#10456=EDGE_LOOP('',(#10457,#10458,#10459));
#10457=ORIENTED_EDGE('',*,*,#10460,.T.);
#10458=ORIENTED_EDGE('',*,*,#10461,.T.);
#10459=ORIENTED_EDGE('',*,*,#10462,.T.);
#10460=EDGE_CURVE('',#677,#107,#10463,.F.);
#10461=EDGE_CURVE('',#107,#87,#10464,.T.);
#10462=EDGE_CURVE('',#87,#677,#10465,.T.);
#10463=LINE('',#676,#10466);
#10464=LINE('',#106,#10467);
#10465=LINE('',#86,#10468);
#10466=VECTOR('',#10469,1.0);
#10467=VECTOR('',#10470,1.0);
#10468=VECTOR('',#10471,1.0);
#10469=DIRECTION('',(0.2902062983929647,-0.7071066374016677,-0.6448104432432529));
#10470=DIRECTION('',(-0.9238795409420745,0,-0.3826834120113672));
#10471=DIRECTION('',(0.7446603201207541,0.2764245080253437,0.6075117274593164));
#10472=FACE_SURFACE('',(#10477),#10473,.T.);
#10473=PLANE('',#10474);
#10474=AXIS2_PLACEMENT_3D('',#114,#10475,#10476);
#10475=DIRECTION('',(-0.30961869025060007,0.706945222240756,-0.6358967836044394));
#10476=DIRECTION('',(0.9485302889679874,0.2764243855637514,-0.15453106476048367));
#10477=FACE_BOUND('',#10478,.T.);
#10478=EDGE_LOOP('',(#10479,#10480,#10481));
#10479=ORIENTED_EDGE('',*,*,#10482,.T.);
#10480=ORIENTED_EDGE('',*,*,#10483,.T.);
#10481=ORIENTED_EDGE('',*,*,#10484,.T.);
#10482=EDGE_CURVE('',#115,#679,#10485,.F.);
#10483=EDGE_CURVE('',#679,#103,#10486,.T.);
#10484=EDGE_CURVE('',#103,#115,#10487,.T.);
#10485=LINE('',#114,#10488);
#10486=LINE('',#678,#10489);
#10487=LINE('',#102,#10490);
#10488=VECTOR('',#10491,1.0);
#10489=VECTOR('',#10492,1.0);
#10490=VECTOR('',#10493,1.0);
#10491=DIRECTION('',(0.9485302889679874,0.2764243855637514,-0.15453106476048367));
#10492=DIRECTION('',(-0.29020475450190325,-0.7071069833536632,-0.6448107587168288));
#10493=DIRECTION('',(-0.8990884798628906,0,0.43776695327289883));
#10494=FACE_SURFACE('',(#10499),#10495,.T.);
#10495=PLANE('',#10496);
#10496=AXIS2_PLACEMENT_3D('',#678,#10497,#10498);
#10497=DIRECTION('',(-0.2706598928996424,0.7069452417858965,-0.6534306753526609));
#10498=DIRECTION('',(0.9238795099674545,0,-0.3826834867907109));
#10499=FACE_BOUND('',#10500,.T.);
#10500=EDGE_LOOP('',(#10501,#10502,#10503));
#10501=ORIENTED_EDGE('',*,*,#10504,.T.);
#10502=ORIENTED_EDGE('',*,*,#10505,.T.);
#10503=ORIENTED_EDGE('',*,*,#10506,.T.);
#10504=EDGE_CURVE('',#679,#675,#10507,.F.);
#10505=EDGE_CURVE('',#675,#103,#10508,.T.);
#10506=EDGE_CURVE('',#103,#679,#10509,.T.);
#10507=LINE('',#678,#10510);
#10508=LINE('',#674,#10511);
#10509=LINE('',#102,#10512);
#10510=VECTOR('',#10513,1.0);
#10511=VECTOR('',#10514,1.0);
#10512=VECTOR('',#10515,1.0);
#10513=DIRECTION('',(0.9238795099674545,0,-0.3826834867907109));
#10514=DIRECTION('',(-0.9561300031488033,-0.2764244554427794,0.09697905707848599));
#10515=DIRECTION('',(0.29020475450190325,0.7071069833536632,0.6448107587168288));
#10516=FACE_SURFACE('',(#10521),#10517,.T.);
#10517=PLANE('',#10518);
#10518=AXIS2_PLACEMENT_3D('',#676,#10519,#10520);
#10519=DIRECTION('',(0.30961846690619377,0.7069455925336796,-0.6358964806852313));
#10520=DIRECTION('',(0.8990885220745981,0,0.43776686657822206));
#10521=FACE_BOUND('',#10522,.T.);
#10522=EDGE_LOOP('',(#10523,#10524,#10525));
#10523=ORIENTED_EDGE('',*,*,#10526,.T.);
#10524=ORIENTED_EDGE('',*,*,#10527,.T.);
#10525=ORIENTED_EDGE('',*,*,#10528,.T.);
#10526=EDGE_CURVE('',#677,#681,#10529,.F.);
#10527=EDGE_CURVE('',#681,#107,#10530,.T.);
#10528=EDGE_CURVE('',#107,#677,#10531,.T.);
#10529=LINE('',#676,#10532);
#10530=LINE('',#680,#10533);
#10531=LINE('',#106,#10534);
#10532=VECTOR('',#10535,1.0);
#10533=VECTOR('',#10536,1.0);
#10534=VECTOR('',#10537,1.0);
#10535=DIRECTION('',(0.8990885220745981,0,0.43776686657822206));
#10536=DIRECTION('',(-0.7066215936784003,-0.2764245756050061,-0.6513642432226303));
#10537=DIRECTION('',(-0.2902062983929647,0.7071066374016677,0.6448104432432529));
#10538=FACE_SURFACE('',(#10543),#10539,.T.);
#10539=PLANE('',#10540);
#10540=AXIS2_PLACEMENT_3D('',#680,#10541,#10542);
#10541=DIRECTION('',(0.3096185779293319,0.7069454789356726,-0.6358965529183427));
#10542=DIRECTION('',(0.3286105283614846,-0.7071066957705725,-0.6261112053352893));
#10543=FACE_BOUND('',#10544,.T.);
#10544=EDGE_LOOP('',(#10545,#10546,#10547));
#10545=ORIENTED_EDGE('',*,*,#10548,.T.);
#10546=ORIENTED_EDGE('',*,*,#10549,.T.);
#10547=ORIENTED_EDGE('',*,*,#10550,.T.);
#10548=EDGE_CURVE('',#681,#119,#10551,.F.);
#10549=EDGE_CURVE('',#119,#107,#10552,.T.);
#10550=EDGE_CURVE('',#107,#681,#10553,.T.);
#10551=LINE('',#680,#10554);
#10552=LINE('',#118,#10555);
#10553=LINE('',#106,#10556);
#10554=VECTOR('',#10557,1.0);
#10555=VECTOR('',#10558,1.0);
#10556=VECTOR('',#10559,1.0);
#10557=DIRECTION('',(0.3286105283614846,-0.7071066957705725,-0.6261112053352893));
#10558=DIRECTION('',(-0.8990884798628906,-1.2140488782458458E-14,-0.43776695327289883));
#10559=DIRECTION('',(0.7066215936784003,0.2764245756050061,0.6513642432226303));
#10560=FACE_SURFACE('',(#10565),#10561,.T.);
#10561=PLANE('',#10562);
#10562=AXIS2_PLACEMENT_3D('',#130,#10563,#10564);
#10563=DIRECTION('',(-0.3474488967650989,0.7069451269010957,-0.6160420859710068));
#10564=DIRECTION('',(0.9374691842461327,0.2764244865056402,-0.21152075985345686));
#10565=FACE_BOUND('',#10566,.T.);
#10566=EDGE_LOOP('',(#10567,#10568,#10569));
#10567=ORIENTED_EDGE('',*,*,#10570,.T.);
#10568=ORIENTED_EDGE('',*,*,#10571,.T.);
#10569=ORIENTED_EDGE('',*,*,#10572,.T.);
#10570=EDGE_CURVE('',#131,#683,#10573,.F.);
#10571=EDGE_CURVE('',#683,#115,#10574,.T.);
#10572=EDGE_CURVE('',#115,#131,#10575,.T.);
#10573=LINE('',#130,#10576);
#10574=LINE('',#682,#10577);
#10575=LINE('',#114,#10578);
#10576=VECTOR('',#10579,1.0);
#10577=VECTOR('',#10580,1.0);
#10578=VECTOR('',#10581,1.0);
#10579=DIRECTION('',(0.9374691842461327,0.2764244865056402,-0.21152075985345686));
#10580=DIRECTION('',(-0.32860902453527385,-0.7071070875041126,-0.626111552197711));
#10581=DIRECTION('',(-0.8710159923115057,0,0.4912546601688404));
#10582=FACE_SURFACE('',(#10587),#10583,.T.);
#10583=PLANE('',#10584);
#10584=AXIS2_PLACEMENT_3D('',#682,#10585,#10586);
#10585=DIRECTION('',(-0.3096186786410516,0.7069451086424534,-0.6358969155477002));
#10586=DIRECTION('',(0.8990885220745981,0,-0.43776686657822206));
#10587=FACE_BOUND('',#10588,.T.);
#10588=EDGE_LOOP('',(#10589,#10590,#10591));
#10589=ORIENTED_EDGE('',*,*,#10592,.T.);
#10590=ORIENTED_EDGE('',*,*,#10593,.T.);
#10591=ORIENTED_EDGE('',*,*,#10594,.T.);
#10592=EDGE_CURVE('',#683,#679,#10595,.F.);
#10593=EDGE_CURVE('',#679,#115,#10596,.T.);
#10594=EDGE_CURVE('',#115,#683,#10597,.T.);
#10595=LINE('',#682,#10598);
#10596=LINE('',#678,#10599);
#10597=LINE('',#114,#10600);
#10598=VECTOR('',#10601,1.0);
#10599=VECTOR('',#10602,1.0);
#10600=VECTOR('',#10603,1.0);
#10601=DIRECTION('',(0.8990885220745981,0,-0.43776686657822206));
#10602=DIRECTION('',(-0.9485302889679874,-0.2764243855637514,0.15453106476048367));
#10603=DIRECTION('',(0.32860902453527385,0.7071070875041126,0.626111552197711));
#10604=FACE_SURFACE('',(#10609),#10605,.T.);
#10605=PLANE('',#10606);
#10606=AXIS2_PLACEMENT_3D('',#680,#10607,#10608);
#10607=DIRECTION('',(0.34744869937580847,0.706945541176857,-0.6160417218924542));
#10608=DIRECTION('',(0.8710159875008004,0,0.49125466869843104));
#10609=FACE_BOUND('',#10610,.T.);
#10610=EDGE_LOOP('',(#10611,#10612,#10613));
#10611=ORIENTED_EDGE('',*,*,#10614,.T.);
#10612=ORIENTED_EDGE('',*,*,#10615,.T.);
#10613=ORIENTED_EDGE('',*,*,#10616,.T.);
#10614=EDGE_CURVE('',#681,#685,#10617,.F.);
#10615=EDGE_CURVE('',#685,#119,#10618,.T.);
#10616=EDGE_CURVE('',#119,#681,#10619,.T.);
#10617=LINE('',#680,#10620);
#10618=LINE('',#684,#10621);
#10619=LINE('',#118,#10622);
#10620=VECTOR('',#10623,1.0);
#10621=VECTOR('',#10624,1.0);
#10622=VECTOR('',#10625,1.0);
#10623=DIRECTION('',(0.8710159875008004,0,0.49125466869843104));
#10624=DIRECTION('',(-0.6660036842812191,-0.27642424076393785,-0.6928410579937672));
#10625=DIRECTION('',(-0.3286105283614846,0.7071066957705725,0.6261112053352893));
#10626=FACE_SURFACE('',(#10631),#10627,.T.);
#10627=PLANE('',#10628);
#10628=AXIS2_PLACEMENT_3D('',#684,#10629,#10630);
#10629=DIRECTION('',(0.34744952044270666,0.7069447313997457,-0.6160421880766566));
#10630=DIRECTION('',(0.3658080998270512,-0.7071075677860638,-0.6051308302182258));
#10631=FACE_BOUND('',#10632,.T.);
#10632=EDGE_LOOP('',(#10633,#10634,#10635));
#10633=ORIENTED_EDGE('',*,*,#10636,.T.);
#10634=ORIENTED_EDGE('',*,*,#10637,.T.);
#10635=ORIENTED_EDGE('',*,*,#10638,.T.);
#10636=EDGE_CURVE('',#685,#135,#10639,.F.);
#10637=EDGE_CURVE('',#135,#119,#10640,.T.);
#10638=EDGE_CURVE('',#119,#685,#10641,.T.);
#10639=LINE('',#684,#10642);
#10640=LINE('',#134,#10643);
#10641=LINE('',#118,#10644);
#10642=VECTOR('',#10645,1.0);
#10643=VECTOR('',#10646,1.0);
#10644=VECTOR('',#10647,1.0);
#10645=DIRECTION('',(0.3658080998270512,-0.7071075677860638,-0.6051308302182258));
#10646=DIRECTION('',(-0.8710156498325143,0,-0.49125526739857245));
#10647=DIRECTION('',(0.6660036842812191,0.27642424076393785,0.6928410579937672));
#10648=FACE_SURFACE('',(#10653),#10649,.T.);
#10649=PLANE('',#10650);
#10650=AXIS2_PLACEMENT_3D('',#142,#10651,#10652);
#10651=DIRECTION('',(-0.38401035226560876,0.7069463870785684,-0.5939384270691719));
#10652=DIRECTION('',(0.9229876364400558,0.2764241993135371,-0.2677377168287453));
#10653=FACE_BOUND('',#10654,.T.);
#10654=EDGE_LOOP('',(#10655,#10656,#10657));
#10655=ORIENTED_EDGE('',*,*,#10658,.T.);
#10656=ORIENTED_EDGE('',*,*,#10659,.T.);
#10657=ORIENTED_EDGE('',*,*,#10660,.T.);
#10658=EDGE_CURVE('',#143,#687,#10661,.F.);
#10659=EDGE_CURVE('',#687,#131,#10662,.T.);
#10660=EDGE_CURVE('',#131,#143,#10663,.T.);
#10661=LINE('',#142,#10664);
#10662=LINE('',#686,#10665);
#10663=LINE('',#130,#10666);
#10664=VECTOR('',#10667,1.0);
#10665=VECTOR('',#10668,1.0);
#10666=VECTOR('',#10669,1.0);
#10667=DIRECTION('',(0.9229876364400558,0.2764241993135371,-0.2677377168287453));
#10668=DIRECTION('',(-0.36581394092333636,-0.7071058234635225,-0.6051293374561438));
#10669=DIRECTION('',(-0.8397653367238802,0,0.5429495181294742));
#10670=FACE_SURFACE('',(#10675),#10671,.T.);
#10671=PLANE('',#10672);
#10672=AXIS2_PLACEMENT_3D('',#686,#10673,#10674);
#10673=DIRECTION('',(-0.3474489371287307,0.7069463929556263,-0.6160406103295013));
#10674=DIRECTION('',(0.8710154643782709,0,-0.49125559621637394));
#10675=FACE_BOUND('',#10676,.T.);
#10676=EDGE_LOOP('',(#10677,#10678,#10679));
#10677=ORIENTED_EDGE('',*,*,#10680,.T.);
#10678=ORIENTED_EDGE('',*,*,#10681,.T.);
#10679=ORIENTED_EDGE('',*,*,#10682,.T.);
#10680=EDGE_CURVE('',#687,#683,#10683,.F.);
#10681=EDGE_CURVE('',#683,#131,#10684,.T.);
#10682=EDGE_CURVE('',#131,#687,#10685,.T.);
#10683=LINE('',#686,#10686);
#10684=LINE('',#682,#10687);
#10685=LINE('',#130,#10688);
#10686=VECTOR('',#10689,1.0);
#10687=VECTOR('',#10690,1.0);
#10688=VECTOR('',#10691,1.0);
#10689=DIRECTION('',(0.8710154643782709,0,-0.49125559621637394));
#10690=DIRECTION('',(-0.9374691842461327,-0.2764244865056402,0.21152075985345686));
#10691=DIRECTION('',(0.36581394092333636,0.7071058234635225,0.6051293374561438));
#10692=FACE_SURFACE('',(#10697),#10693,.T.);
#10693=PLANE('',#10694);
#10694=AXIS2_PLACEMENT_3D('',#684,#10695,#10696);
#10695=DIRECTION('',(0.38401075514690597,0.7069445656750025,-0.5939403345405033));
#10696=DIRECTION('',(0.8397658720468996,0,0.5429486901589418));
#10697=FACE_BOUND('',#10698,.T.);
#10698=EDGE_LOOP('',(#10699,#10700,#10701));
#10699=ORIENTED_EDGE('',*,*,#10702,.T.);
#10700=ORIENTED_EDGE('',*,*,#10703,.T.);
#10701=ORIENTED_EDGE('',*,*,#10704,.T.);
#10702=EDGE_CURVE('',#685,#689,#10705,.F.);
#10703=EDGE_CURVE('',#689,#135,#10706,.T.);
#10704=EDGE_CURVE('',#135,#685,#10707,.T.);
#10705=LINE('',#684,#10708);
#10706=LINE('',#688,#10709);
#10707=LINE('',#134,#10710);
#10708=VECTOR('',#10711,1.0);
#10709=VECTOR('',#10712,1.0);
#10710=VECTOR('',#10713,1.0);
#10711=DIRECTION('',(0.8397658720468996,0,0.5429486901589418));
#10712=DIRECTION('',(-0.6229569877291611,-0.2764240647582643,-0.7317884447447424));
#10713=DIRECTION('',(-0.3658080998270512,0.7071075677860638,0.6051308302182258));
#10714=FACE_SURFACE('',(#10719),#10715,.T.);
#10715=PLANE('',#10716);
#10716=AXIS2_PLACEMENT_3D('',#688,#10717,#10718);
#10717=DIRECTION('',(0.38401054572093946,0.7069447657286049,-0.5939402318281144));
#10718=DIRECTION('',(0.4016834519335874,-0.707107413943353,-0.5819360012828396));
#10719=FACE_BOUND('',#10720,.T.);
#10720=EDGE_LOOP('',(#10721,#10722,#10723));
#10721=ORIENTED_EDGE('',*,*,#10724,.T.);
#10722=ORIENTED_EDGE('',*,*,#10725,.T.);
#10723=ORIENTED_EDGE('',*,*,#10726,.T.);
#10724=EDGE_CURVE('',#689,#147,#10727,.F.);
#10725=EDGE_CURVE('',#147,#135,#10728,.T.);
#10726=EDGE_CURVE('',#135,#689,#10729,.T.);
#10727=LINE('',#688,#10730);
#10728=LINE('',#146,#10731);
#10729=LINE('',#134,#10732);
#10730=VECTOR('',#10733,1.0);
#10731=VECTOR('',#10734,1.0);
#10732=VECTOR('',#10735,1.0);
#10733=DIRECTION('',(0.4016834519335874,-0.707107413943353,-0.5819360012828396));
#10734=DIRECTION('',(-0.8397659642449453,1.2140462308229081E-14,-0.5429485475583826));
#10735=DIRECTION('',(0.6229569877291611,0.2764240647582643,0.7317884447447424));
#10736=FACE_SURFACE('',(#10741),#10737,.T.);
#10737=PLANE('',#10738);
#10738=AXIS2_PLACEMENT_3D('',#154,#10739,#10740);
#10739=DIRECTION('',(-0.4191713821163368,0.7069448225195136,-0.5696704049953211));
#10740=DIRECTION('',(0.9051379111779548,0.27642436858496905,-0.3229782193907354));
#10741=FACE_BOUND('',#10742,.T.);
#10742=EDGE_LOOP('',(#10743,#10744,#10745));
#10743=ORIENTED_EDGE('',*,*,#10746,.T.);
#10744=ORIENTED_EDGE('',*,*,#10747,.T.);
#10745=ORIENTED_EDGE('',*,*,#10748,.T.);
#10746=EDGE_CURVE('',#155,#691,#10749,.F.);
#10747=EDGE_CURVE('',#691,#143,#10750,.T.);
#10748=EDGE_CURVE('',#143,#155,#10751,.T.);
#10749=LINE('',#154,#10752);
#10750=LINE('',#690,#10753);
#10751=LINE('',#142,#10754);
#10752=VECTOR('',#10755,1.0);
#10753=VECTOR('',#10756,1.0);
#10754=VECTOR('',#10757,1.0);
#10755=DIRECTION('',(0.9051379111779548,0.27642436858496905,-0.3229782193907354));
#10756=DIRECTION('',(-0.4016834519335874,-0.707107413943353,-0.5819360012828396));
#10757=DIRECTION('',(-0.805451171198617,1.2140497284218495E-14,0.5926621388403144));
#10758=FACE_SURFACE('',(#10763),#10759,.T.);
#10759=PLANE('',#10760);
#10760=AXIS2_PLACEMENT_3D('',#690,#10761,#10762);
#10761=DIRECTION('',(-0.38401041486090354,0.7069447633508228,-0.5939403192655017));
#10762=DIRECTION('',(0.8397660850498236,0,-0.5429483607122247));
#10763=FACE_BOUND('',#10764,.T.);
#10764=EDGE_LOOP('',(#10765,#10766,#10767));
#10765=ORIENTED_EDGE('',*,*,#10768,.T.);
#10766=ORIENTED_EDGE('',*,*,#10769,.T.);
#10767=ORIENTED_EDGE('',*,*,#10770,.T.);
#10768=EDGE_CURVE('',#691,#687,#10771,.F.);
#10769=EDGE_CURVE('',#687,#143,#10772,.T.);
#10770=EDGE_CURVE('',#143,#691,#10773,.T.);
#10771=LINE('',#690,#10774);
#10772=LINE('',#686,#10775);
#10773=LINE('',#142,#10776);
#10774=VECTOR('',#10777,1.0);
#10775=VECTOR('',#10778,1.0);
#10776=VECTOR('',#10779,1.0);
#10777=DIRECTION('',(0.8397660850498236,0,-0.5429483607122247));
#10778=DIRECTION('',(-0.9229876364400558,-0.2764241993135371,0.2677377168287453));
#10779=DIRECTION('',(0.4016834519335874,0.707107413943353,0.5819360012828396));
#10780=FACE_SURFACE('',(#10785),#10781,.T.);
#10781=PLANE('',#10782);
#10782=AXIS2_PLACEMENT_3D('',#688,#10783,#10784);
#10783=DIRECTION('',(0.4191717975694939,0.7069448148127347,-0.5696701088627939));
#10784=DIRECTION('',(0.8054507437272626,0,0.5926627197902696));
#10785=FACE_BOUND('',#10786,.T.);
#10786=EDGE_LOOP('',(#10787,#10788,#10789));
#10787=ORIENTED_EDGE('',*,*,#10790,.T.);
#10788=ORIENTED_EDGE('',*,*,#10791,.T.);
#10789=ORIENTED_EDGE('',*,*,#10792,.T.);
#10790=EDGE_CURVE('',#689,#693,#10793,.F.);
#10791=EDGE_CURVE('',#693,#147,#10794,.T.);
#10792=EDGE_CURVE('',#147,#689,#10795,.T.);
#10793=LINE('',#688,#10796);
#10794=LINE('',#692,#10797);
#10795=LINE('',#146,#10798);
#10796=VECTOR('',#10799,1.0);
#10797=VECTOR('',#10800,1.0);
#10798=VECTOR('',#10801,1.0);
#10799=DIRECTION('',(0.8054507437272626,0,0.5926627197902696));
#10800=DIRECTION('',(-0.5776344803616684,-0.27642474877693735,-0.768067552602577));
#10801=DIRECTION('',(-0.4016834519335874,0.707107413943353,0.5819360012828396));
#10802=FACE_SURFACE('',(#10807),#10803,.T.);
#10803=PLANE('',#10804);
#10804=AXIS2_PLACEMENT_3D('',#692,#10805,#10806);
#10805=DIRECTION('',(0.4191708833093182,0.7069456645421698,-0.569669727096952));
#10806=DIRECTION('',(0.4360882411420104,-0.7071065075279752,-0.5566214449239782));
#10807=FACE_BOUND('',#10808,.T.);
#10808=EDGE_LOOP('',(#10809,#10810,#10811));
#10809=ORIENTED_EDGE('',*,*,#10812,.T.);
#10810=ORIENTED_EDGE('',*,*,#10813,.T.);
#10811=ORIENTED_EDGE('',*,*,#10814,.T.);
#10812=EDGE_CURVE('',#693,#159,#10815,.F.);
#10813=EDGE_CURVE('',#159,#147,#10816,.T.);
#10814=EDGE_CURVE('',#147,#693,#10817,.T.);
#10815=LINE('',#692,#10818);
#10816=LINE('',#158,#10819);
#10817=LINE('',#146,#10820);
#10818=VECTOR('',#10821,1.0);
#10819=VECTOR('',#10822,1.0);
#10820=VECTOR('',#10823,1.0);
#10821=DIRECTION('',(0.4360882411420104,-0.7071065075279752,-0.5566214449239782));
#10822=DIRECTION('',(-0.805451171198617,-1.2140497284218495E-14,-0.5926621388403144));
#10823=DIRECTION('',(0.5776344803616684,0.27642474877693735,0.768067552602577));
#10824=FACE_SURFACE('',(#10829),#10825,.T.);
#10825=PLANE('',#10826);
#10826=AXIS2_PLACEMENT_3D('',#166,#10827,#10828);
#10827=DIRECTION('',(-0.4528020375634779,0.7069452054346592,-0.543321995957563));
#10828=DIRECTION('',(0.8839858521732261,0.276424386529648,-0.3770392177072339));
#10829=FACE_BOUND('',#10830,.T.);
#10830=EDGE_LOOP('',(#10831,#10832,#10833));
#10831=ORIENTED_EDGE('',*,*,#10834,.T.);
#10832=ORIENTED_EDGE('',*,*,#10835,.T.);
#10833=ORIENTED_EDGE('',*,*,#10836,.T.);
#10834=EDGE_CURVE('',#167,#695,#10837,.F.);
#10835=EDGE_CURVE('',#695,#155,#10838,.T.);
#10836=EDGE_CURVE('',#155,#167,#10839,.T.);
#10837=LINE('',#166,#10840);
#10838=LINE('',#694,#10841);
#10839=LINE('',#154,#10842);
#10840=VECTOR('',#10843,1.0);
#10841=VECTOR('',#10844,1.0);
#10842=VECTOR('',#10845,1.0);
#10843=DIRECTION('',(0.8839858521732261,0.276424386529648,-0.3770392177072339));
#10844=DIRECTION('',(-0.4360868758746388,-0.7071070273848663,-0.5566218541459141));
#10845=DIRECTION('',(-0.7681978403009664,0,0.640212525773224));
#10846=FACE_SURFACE('',(#10851),#10847,.T.);
#10847=PLANE('',#10848);
#10848=AXIS2_PLACEMENT_3D('',#694,#10849,#10850);
#10849=DIRECTION('',(-0.4191713445404897,0.7069451677548375,-0.5696700042166543));
#10850=DIRECTION('',(0.8054509975224361,0,-0.592662374873007));
#10851=FACE_BOUND('',#10852,.T.);
#10852=EDGE_LOOP('',(#10853,#10854,#10855));
#10853=ORIENTED_EDGE('',*,*,#10856,.T.);
#10854=ORIENTED_EDGE('',*,*,#10857,.T.);
#10855=ORIENTED_EDGE('',*,*,#10858,.T.);
#10856=EDGE_CURVE('',#695,#691,#10859,.F.);
#10857=EDGE_CURVE('',#691,#155,#10860,.T.);
#10858=EDGE_CURVE('',#155,#695,#10861,.T.);
#10859=LINE('',#694,#10862);
#10860=LINE('',#690,#10863);
#10861=LINE('',#154,#10864);
#10862=VECTOR('',#10865,1.0);
#10863=VECTOR('',#10866,1.0);
#10864=VECTOR('',#10867,1.0);
#10865=DIRECTION('',(0.8054509975224361,0,-0.592662374873007));
#10866=DIRECTION('',(-0.9051379111779548,-0.27642436858496905,0.3229782193907354));
#10867=DIRECTION('',(0.4360868758746388,0.7071070273848663,0.5566218541459141));
#10868=FACE_SURFACE('',(#10873),#10869,.T.);
#10869=PLANE('',#10870);
#10870=AXIS2_PLACEMENT_3D('',#692,#10871,#10872);
#10871=DIRECTION('',(0.4528020098046167,0.7069457392906504,-0.5433213244625095));
#10872=DIRECTION('',(0.7681974704621493,0,0.6402129695465059));
#10873=FACE_BOUND('',#10874,.T.);
#10874=EDGE_LOOP('',(#10875,#10876,#10877));
#10875=ORIENTED_EDGE('',*,*,#10878,.T.);
#10876=ORIENTED_EDGE('',*,*,#10879,.T.);
#10877=ORIENTED_EDGE('',*,*,#10880,.T.);
#10878=EDGE_CURVE('',#693,#697,#10881,.F.);
#10879=EDGE_CURVE('',#697,#159,#10882,.T.);
#10880=EDGE_CURVE('',#159,#693,#10883,.T.);
#10881=LINE('',#692,#10884);
#10882=LINE('',#696,#10885);
#10883=LINE('',#158,#10886);
#10884=VECTOR('',#10887,1.0);
#10885=VECTOR('',#10888,1.0);
#10886=VECTOR('',#10889,1.0);
#10887=DIRECTION('',(0.7681974704621493,0,0.6402129695465059));
#10888=DIRECTION('',(-0.5302060290428696,-0.27642437276719894,-0.8015429700938388));
#10889=DIRECTION('',(-0.4360882411420104,0.7071065075279752,0.5566214449239782));
#10890=FACE_SURFACE('',(#10895),#10891,.T.);
#10891=PLANE('',#10892);
#10892=AXIS2_PLACEMENT_3D('',#696,#10893,#10894);
#10893=DIRECTION('',(0.45280243899943723,0.7069453495057211,-0.5433214739437368));
#10894=DIRECTION('',(0.4688956130357935,-0.7071069233725633,-0.5292794186385632));
#10895=FACE_BOUND('',#10896,.T.);
#10896=EDGE_LOOP('',(#10897,#10898,#10899));
#10897=ORIENTED_EDGE('',*,*,#10900,.T.);
#10898=ORIENTED_EDGE('',*,*,#10901,.T.);
#10899=ORIENTED_EDGE('',*,*,#10902,.T.);
#10900=EDGE_CURVE('',#697,#171,#10903,.F.);
#10901=EDGE_CURVE('',#171,#159,#10904,.T.);
#10902=EDGE_CURVE('',#159,#697,#10905,.T.);
#10903=LINE('',#696,#10906);
#10904=LINE('',#170,#10907);
#10905=LINE('',#158,#10908);
#10906=VECTOR('',#10909,1.0);
#10907=VECTOR('',#10910,1.0);
#10908=VECTOR('',#10911,1.0);
#10909=DIRECTION('',(0.4688956130357935,-0.7071069233725633,-0.5292794186385632));
#10910=DIRECTION('',(-0.7681972586414272,1.2140511234380174E-14,-0.6402132237120663));
#10911=DIRECTION('',(0.5302060290428696,0.27642437276719894,0.8015429700938388));
#10912=FACE_SURFACE('',(#10917),#10913,.T.);
#10913=PLANE('',#10914);
#10914=AXIS2_PLACEMENT_3D('',#178,#10915,#10916);
#10915=DIRECTION('',(-0.48478007741514073,0.7069463909942739,-0.5149903657366235));
#10916=DIRECTION('',(0.8596084182027538,0.2764243000090263,-0.4297242996613987));
#10917=FACE_BOUND('',#10918,.T.);
#10918=EDGE_LOOP('',(#10919,#10920,#10921));
#10919=ORIENTED_EDGE('',*,*,#10922,.T.);
#10920=ORIENTED_EDGE('',*,*,#10923,.T.);
#10921=ORIENTED_EDGE('',*,*,#10924,.T.);
#10922=EDGE_CURVE('',#179,#699,#10925,.F.);
#10923=EDGE_CURVE('',#699,#167,#10926,.T.);
#10924=EDGE_CURVE('',#167,#179,#10927,.T.);
#10925=LINE('',#178,#10928);
#10926=LINE('',#698,#10929);
#10927=LINE('',#166,#10930);
#10928=VECTOR('',#10931,1.0);
#10929=VECTOR('',#10932,1.0);
#10930=VECTOR('',#10933,1.0);
#10931=DIRECTION('',(0.8596084182027538,0.2764243000090263,-0.4297242996613987));
#10932=DIRECTION('',(-0.4688982434552038,-0.7071058054364062,-0.5292785818477407));
#10933=DIRECTION('',(-0.7281412358174374,0,0.6854271228236122));
#10934=FACE_SURFACE('',(#10939),#10935,.T.);
#10935=PLANE('',#10936);
#10936=AXIS2_PLACEMENT_3D('',#698,#10937,#10938);
#10937=DIRECTION('',(-0.45280181851699175,0.7069464309688143,-0.5433205838988255));
#10938=DIRECTION('',(0.7681971743085564,0,-0.6402133249037774));
#10939=FACE_BOUND('',#10940,.T.);
#10940=EDGE_LOOP('',(#10941,#10942,#10943));
#10941=ORIENTED_EDGE('',*,*,#10944,.T.);
#10942=ORIENTED_EDGE('',*,*,#10945,.T.);
#10943=ORIENTED_EDGE('',*,*,#10946,.T.);
#10944=EDGE_CURVE('',#699,#695,#10947,.F.);
#10945=EDGE_CURVE('',#695,#167,#10948,.T.);
#10946=EDGE_CURVE('',#167,#699,#10949,.T.);
#10947=LINE('',#698,#10950);
#10948=LINE('',#694,#10951);
#10949=LINE('',#166,#10952);
#10950=VECTOR('',#10953,1.0);
#10951=VECTOR('',#10954,1.0);
#10952=VECTOR('',#10955,1.0);
#10953=DIRECTION('',(0.7681971743085564,0,-0.6402133249037774));
#10954=DIRECTION('',(-0.8839858521732261,-0.276424386529648,0.3770392177072339));
#10955=DIRECTION('',(0.4688982434552038,0.7071058054364062,0.5292785818477407));
#10956=FACE_SURFACE('',(#10961),#10957,.T.);
#10957=PLANE('',#10958);
#10958=AXIS2_PLACEMENT_3D('',#696,#10959,#10960);
#10959=DIRECTION('',(0.4847813256681351,0.7069452253299722,-0.514990790856109));
#10960=DIRECTION('',(0.7281406373706426,0,0.6854277585635661));
#10961=FACE_BOUND('',#10962,.T.);
#10962=EDGE_LOOP('',(#10963,#10964,#10965));
#10963=ORIENTED_EDGE('',*,*,#10966,.T.);
#10964=ORIENTED_EDGE('',*,*,#10967,.T.);
#10965=ORIENTED_EDGE('',*,*,#10968,.T.);
#10966=EDGE_CURVE('',#697,#701,#10969,.F.);
#10967=EDGE_CURVE('',#701,#171,#10970,.T.);
#10968=EDGE_CURVE('',#171,#697,#10971,.T.);
#10969=LINE('',#696,#10972);
#10970=LINE('',#700,#10973);
#10971=LINE('',#170,#10974);
#10972=VECTOR('',#10975,1.0);
#10973=VECTOR('',#10976,1.0);
#10974=VECTOR('',#10977,1.0);
#10975=DIRECTION('',(0.7281406373706426,0,0.6854277585635661));
#10976=DIRECTION('',(-0.4808430693896301,-0.2764241820360683,-0.8320935128972283));
#10977=DIRECTION('',(-0.4688956130357935,0.7071069233725633,0.5292794186385632));
#10978=FACE_SURFACE('',(#10983),#10979,.T.);
#10979=PLANE('',#10980);
#10980=AXIS2_PLACEMENT_3D('',#700,#10981,#10982);
#10981=DIRECTION('',(0.4847792067990845,0.7069471133771591,-0.5149901936376582));
#10982=DIRECTION('',(0.5000020547380752,-0.7071050674330135,-0.5000003688681203));
#10983=FACE_BOUND('',#10984,.T.);
#10984=EDGE_LOOP('',(#10985,#10986,#10987));
#10985=ORIENTED_EDGE('',*,*,#10988,.T.);
#10986=ORIENTED_EDGE('',*,*,#10989,.T.);
#10987=ORIENTED_EDGE('',*,*,#10990,.T.);
#10988=EDGE_CURVE('',#701,#183,#10991,.F.);
#10989=EDGE_CURVE('',#183,#171,#10992,.T.);
#10990=EDGE_CURVE('',#171,#701,#10993,.T.);
#10991=LINE('',#700,#10994);
#10992=LINE('',#182,#10995);
#10993=LINE('',#170,#10996);
#10994=VECTOR('',#10997,1.0);
#10995=VECTOR('',#10998,1.0);
#10996=VECTOR('',#10999,1.0);
#10997=DIRECTION('',(0.5000020547380752,-0.7071050674330135,-0.5000003688681203));
#10998=DIRECTION('',(-0.7281417358550296,-1.2140475010479783E-14,-0.685426591624533));
#10999=DIRECTION('',(0.4808430693896301,0.2764241820360683,0.8320935128972283));
#11000=FACE_SURFACE('',(#11005),#11001,.T.);
#11001=PLANE('',#11002);
#11002=AXIS2_PLACEMENT_3D('',#190,#11003,#11004);
#11003=DIRECTION('',(-0.5149902550983846,0.7069465430093045,-0.4847799732671458));
#11004=DIRECTION('',(0.8320936447416073,0.2764242258351902,-0.4808428160553547));
#11005=FACE_BOUND('',#11006,.T.);
#11006=EDGE_LOOP('',(#11007,#11008,#11009));
#11007=ORIENTED_EDGE('',*,*,#11010,.T.);
#11008=ORIENTED_EDGE('',*,*,#11011,.T.);
#11009=ORIENTED_EDGE('',*,*,#11012,.T.);
#11010=EDGE_CURVE('',#191,#703,#11013,.F.);
#11011=EDGE_CURVE('',#703,#179,#11014,.T.);
#11012=EDGE_CURVE('',#179,#191,#11015,.T.);
#11013=LINE('',#190,#11016);
#11014=LINE('',#702,#11017);
#11015=LINE('',#178,#11018);
#11016=VECTOR('',#11019,1.0);
#11017=VECTOR('',#11020,1.0);
#11018=VECTOR('',#11021,1.0);
#11019=DIRECTION('',(0.8320936447416073,0.2764242258351902,-0.4808428160553547));
#11020=DIRECTION('',(-0.5000007903374742,-0.7071056634788058,-0.5000007903374742));
#11021=DIRECTION('',(-0.6854271228236122,0,0.7281412358174374));
#11022=FACE_SURFACE('',(#11027),#11023,.T.);
#11023=PLANE('',#11024);
#11024=AXIS2_PLACEMENT_3D('',#702,#11025,#11026);
#11025=DIRECTION('',(-0.4847800393737865,0.7069465444007661,-0.5149901909595616));
#11026=DIRECTION('',(0.7281411465638696,0,-0.6854272176392276));
#11027=FACE_BOUND('',#11028,.T.);
#11028=EDGE_LOOP('',(#11029,#11030,#11031));
#11029=ORIENTED_EDGE('',*,*,#11032,.T.);
#11030=ORIENTED_EDGE('',*,*,#11033,.T.);
#11031=ORIENTED_EDGE('',*,*,#11034,.T.);
#11032=EDGE_CURVE('',#703,#699,#11035,.F.);
#11033=EDGE_CURVE('',#699,#179,#11036,.T.);
#11034=EDGE_CURVE('',#179,#703,#11037,.T.);
#11035=LINE('',#702,#11038);
#11036=LINE('',#698,#11039);
#11037=LINE('',#178,#11040);
#11038=VECTOR('',#11041,1.0);
#11039=VECTOR('',#11042,1.0);
#11040=VECTOR('',#11043,1.0);
#11041=DIRECTION('',(0.7281411465638696,0,-0.6854272176392276));
#11042=DIRECTION('',(-0.8596084182027538,-0.2764243000090263,0.4297242996613987));
#11043=DIRECTION('',(0.5000007903374742,0.7071056634788058,0.5000007903374742));
#11044=FACE_SURFACE('',(#11049),#11045,.T.);
#11045=PLANE('',#11046);
#11046=AXIS2_PLACEMENT_3D('',#700,#11047,#11048);
#11047=DIRECTION('',(0.5149892256562741,0.7069471698374847,-0.4847801527669233));
#11048=DIRECTION('',(0.6854279838154158,0,0.7281404253320469));
#11049=FACE_BOUND('',#11050,.T.);
#11050=EDGE_LOOP('',(#11051,#11052,#11053));
#11051=ORIENTED_EDGE('',*,*,#11054,.T.);
#11052=ORIENTED_EDGE('',*,*,#11055,.T.);
#11053=ORIENTED_EDGE('',*,*,#11056,.T.);
#11054=EDGE_CURVE('',#701,#705,#11057,.F.);
#11055=EDGE_CURVE('',#705,#183,#11058,.T.);
#11056=EDGE_CURVE('',#183,#701,#11059,.T.);
#11057=LINE('',#700,#11060);
#11058=LINE('',#704,#11061);
#11059=LINE('',#182,#11062);
#11060=VECTOR('',#11063,1.0);
#11061=VECTOR('',#11064,1.0);
#11062=VECTOR('',#11065,1.0);
#11063=DIRECTION('',(0.6854279838154158,0,0.7281404253320469));
#11064=DIRECTION('',(-0.4297248370065326,-0.2764242217232938,-0.8596081747542774));
#11065=DIRECTION('',(-0.5000020547380752,0.7071050674330135,0.5000003688681203));
#11066=FACE_SURFACE('',(#11071),#11067,.T.);
#11067=PLANE('',#11068);
#11068=AXIS2_PLACEMENT_3D('',#704,#11069,#11070);
#11069=DIRECTION('',(0.5149911594882048,0.7069454724605072,-0.48478057367904565));
#11070=DIRECTION('',(0.5292767614460898,-0.7071067518573456,-0.4688988710488576));
#11071=FACE_BOUND('',#11072,.T.);
#11072=EDGE_LOOP('',(#11073,#11074,#11075));
#11073=ORIENTED_EDGE('',*,*,#11076,.T.);
#11074=ORIENTED_EDGE('',*,*,#11077,.T.);
#11075=ORIENTED_EDGE('',*,*,#11078,.T.);
#11076=EDGE_CURVE('',#705,#195,#11079,.F.);
#11077=EDGE_CURVE('',#195,#183,#11080,.T.);
#11078=EDGE_CURVE('',#183,#705,#11081,.T.);
#11079=LINE('',#704,#11082);
#11080=LINE('',#194,#11083);
#11081=LINE('',#182,#11084);
#11082=VECTOR('',#11085,1.0);
#11083=VECTOR('',#11086,1.0);
#11084=VECTOR('',#11087,1.0);
#11085=DIRECTION('',(0.5292767614460898,-0.7071067518573456,-0.4688988710488576));
#11086=DIRECTION('',(-0.6854269347227676,0,-0.7281414128838923));
#11087=DIRECTION('',(0.4297248370065326,0.2764242217232938,0.8596081747542774));
#11088=FACE_SURFACE('',(#11093),#11089,.T.);
#11089=PLANE('',#11090);
#11090=AXIS2_PLACEMENT_3D('',#202,#11091,#11092);
#11091=DIRECTION('',(-0.5433210634681973,0.7069464198535449,-0.452801260431155));
#11092=DIRECTION('',(0.8015429700938388,0.27642437276719894,-0.5302060290428696));
#11093=FACE_BOUND('',#11094,.T.);
#11094=EDGE_LOOP('',(#11095,#11096,#11097));
#11095=ORIENTED_EDGE('',*,*,#11098,.T.);
#11096=ORIENTED_EDGE('',*,*,#11099,.T.);
#11097=ORIENTED_EDGE('',*,*,#11100,.T.);
#11098=EDGE_CURVE('',#203,#707,#11101,.F.);
#11099=EDGE_CURVE('',#707,#191,#11102,.T.);
#11100=EDGE_CURVE('',#191,#203,#11103,.T.);
#11101=LINE('',#202,#11104);
#11102=LINE('',#706,#11105);
#11103=LINE('',#190,#11106);
#11104=VECTOR('',#11107,1.0);
#11105=VECTOR('',#11108,1.0);
#11106=VECTOR('',#11109,1.0);
#11107=DIRECTION('',(0.8015429700938388,0.27642437276719894,-0.5302060290428696));
#11108=DIRECTION('',(-0.5292785818477407,-0.7071058054364062,-0.4688982434552038));
#11109=DIRECTION('',(-0.640212525773224,0,0.7681978403009664));
#11110=FACE_SURFACE('',(#11115),#11111,.T.);
#11111=PLANE('',#11112);
#11112=AXIS2_PLACEMENT_3D('',#706,#11113,#11114);
#11113=DIRECTION('',(-0.5149903036232655,0.7069463896027627,-0.48478014542845665));
#11114=DIRECTION('',(0.6854272176392276,0,-0.7281411465638696));
#11115=FACE_BOUND('',#11116,.T.);
#11116=EDGE_LOOP('',(#11117,#11118,#11119));
#11117=ORIENTED_EDGE('',*,*,#11120,.T.);
#11118=ORIENTED_EDGE('',*,*,#11121,.T.);
#11119=ORIENTED_EDGE('',*,*,#11122,.T.);
#11120=EDGE_CURVE('',#707,#703,#11123,.F.);
#11121=EDGE_CURVE('',#703,#191,#11124,.T.);
#11122=EDGE_CURVE('',#191,#707,#11125,.T.);
#11123=LINE('',#706,#11126);
#11124=LINE('',#702,#11127);
#11125=LINE('',#190,#11128);
#11126=VECTOR('',#11129,1.0);
#11127=VECTOR('',#11130,1.0);
#11128=VECTOR('',#11131,1.0);
#11129=DIRECTION('',(0.6854272176392276,0,-0.7281411465638696));
#11130=DIRECTION('',(-0.8320936447416073,-0.2764242258351902,0.4808428160553547));
#11131=DIRECTION('',(0.5292785818477407,0.7071058054364062,0.4688982434552038));
#11132=FACE_SURFACE('',(#11137),#11133,.T.);
#11133=PLANE('',#11134);
#11134=AXIS2_PLACEMENT_3D('',#704,#11135,#11136);
#11135=DIRECTION('',(0.5433220978904479,0.7069454411991288,-0.45280154716132726));
#11136=DIRECTION('',(0.6402120457124126,0,0.7681982403811711));
#11137=FACE_BOUND('',#11138,.T.);
#11138=EDGE_LOOP('',(#11139,#11140,#11141));
#11139=ORIENTED_EDGE('',*,*,#11142,.T.);
#11140=ORIENTED_EDGE('',*,*,#11143,.T.);
#11141=ORIENTED_EDGE('',*,*,#11144,.T.);
#11142=EDGE_CURVE('',#705,#709,#11145,.F.);
#11143=EDGE_CURVE('',#709,#195,#11146,.T.);
#11144=EDGE_CURVE('',#195,#705,#11147,.T.);
#11145=LINE('',#704,#11148);
#11146=LINE('',#708,#11149);
#11147=LINE('',#194,#11150);
#11148=VECTOR('',#11151,1.0);
#11149=VECTOR('',#11152,1.0);
#11150=VECTOR('',#11153,1.0);
#11151=DIRECTION('',(0.6402120457124126,0,0.7681982403811711));
#11152=DIRECTION('',(-0.37703836966985776,-0.2764244895612111,-0.8839861816609577));
#11153=DIRECTION('',(-0.5292767614460898,0.7071067518573456,0.4688988710488576));
#11154=FACE_SURFACE('',(#11159),#11155,.T.);
#11155=PLANE('',#11156);
#11156=AXIS2_PLACEMENT_3D('',#708,#11157,#11158);
#11157=DIRECTION('',(0.5433223594718434,0.7069452141708366,-0.4528015877389333));
#11158=DIRECTION('',(0.5566218541459141,-0.7071070273848663,-0.4360868758746388));
#11159=FACE_BOUND('',#11160,.T.);
#11160=EDGE_LOOP('',(#11161,#11162,#11163));
#11161=ORIENTED_EDGE('',*,*,#11164,.T.);
#11162=ORIENTED_EDGE('',*,*,#11165,.T.);
#11163=ORIENTED_EDGE('',*,*,#11166,.T.);
#11164=EDGE_CURVE('',#709,#207,#11167,.F.);
#11165=EDGE_CURVE('',#207,#195,#11168,.T.);
#11166=EDGE_CURVE('',#195,#709,#11169,.T.);
#11167=LINE('',#708,#11170);
#11168=LINE('',#206,#11171);
#11169=LINE('',#194,#11172);
#11170=VECTOR('',#11173,1.0);
#11171=VECTOR('',#11174,1.0);
#11172=VECTOR('',#11175,1.0);
#11173=DIRECTION('',(0.5566218541459141,-0.7071070273848663,-0.4360868758746388));
#11174=DIRECTION('',(-0.6402118976748313,0,-0.7681983637548256));
#11175=DIRECTION('',(0.37703836966985776,0.2764244895612111,0.8839861816609577));
#11176=FACE_SURFACE('',(#11181),#11177,.T.);
#11177=PLANE('',#11178);
#11178=AXIS2_PLACEMENT_3D('',#214,#11179,#11180);
#11179=DIRECTION('',(-0.5696701295734758,0.7069451646232919,-0.4191711794571352));
#11180=DIRECTION('',(0.7680672602078282,0.27642464354510793,-0.5776349195104125));
#11181=FACE_BOUND('',#11182,.T.);
#11182=EDGE_LOOP('',(#11183,#11184,#11185));
#11183=ORIENTED_EDGE('',*,*,#11186,.T.);
#11184=ORIENTED_EDGE('',*,*,#11187,.T.);
#11185=ORIENTED_EDGE('',*,*,#11188,.T.);
#11186=EDGE_CURVE('',#215,#711,#11189,.F.);
#11187=EDGE_CURVE('',#711,#203,#11190,.T.);
#11188=EDGE_CURVE('',#203,#215,#11191,.T.);
#11189=LINE('',#214,#11192);
#11190=LINE('',#710,#11193);
#11191=LINE('',#202,#11194);
#11192=VECTOR('',#11195,1.0);
#11193=VECTOR('',#11196,1.0);
#11194=VECTOR('',#11197,1.0);
#11195=DIRECTION('',(0.7680672602078282,0.27642464354510793,-0.5776349195104125));
#11196=DIRECTION('',(-0.5566218541459141,-0.7071070273848663,-0.4360868758746388));
#11197=DIRECTION('',(-0.5926621388403144,0,0.805451171198617));
#11198=FACE_SURFACE('',(#11203),#11199,.T.);
#11199=PLANE('',#11200);
#11200=AXIS2_PLACEMENT_3D('',#710,#11201,#11202);
#11201=DIRECTION('',(-0.54332153345715,0.7069451943192565,-0.4528026098761797));
#11202=DIRECTION('',(0.6402133249037774,0,-0.7681971743085564));
#11203=FACE_BOUND('',#11204,.T.);
#11204=EDGE_LOOP('',(#11205,#11206,#11207));
#11205=ORIENTED_EDGE('',*,*,#11208,.T.);
#11206=ORIENTED_EDGE('',*,*,#11209,.T.);
#11207=ORIENTED_EDGE('',*,*,#11210,.T.);
#11208=EDGE_CURVE('',#711,#707,#11211,.F.);
#11209=EDGE_CURVE('',#707,#203,#11212,.T.);
#11210=EDGE_CURVE('',#203,#711,#11213,.T.);
#11211=LINE('',#710,#11214);
#11212=LINE('',#706,#11215);
#11213=LINE('',#202,#11216);
#11214=VECTOR('',#11217,1.0);
#11215=VECTOR('',#11218,1.0);
#11216=VECTOR('',#11219,1.0);
#11217=DIRECTION('',(0.6402133249037774,0,-0.7681971743085564));
#11218=DIRECTION('',(-0.8015429700938388,-0.27642437276719894,0.5302060290428696));
#11219=DIRECTION('',(0.5566218541459141,0.7071070273848663,0.4360868758746388));
#11220=FACE_SURFACE('',(#11225),#11221,.T.);
#11221=PLANE('',#11222);
#11222=AXIS2_PLACEMENT_3D('',#708,#11223,#11224);
#11223=DIRECTION('',(0.5696701286946162,0.7069451646452469,-0.41917118061451236));
#11224=DIRECTION('',(0.5926621404951079,0,0.8054511699809971));
#11225=FACE_BOUND('',#11226,.T.);
#11226=EDGE_LOOP('',(#11227,#11228,#11229));
#11227=ORIENTED_EDGE('',*,*,#11230,.T.);
#11228=ORIENTED_EDGE('',*,*,#11231,.T.);
#11229=ORIENTED_EDGE('',*,*,#11232,.T.);
#11230=EDGE_CURVE('',#709,#713,#11233,.F.);
#11231=EDGE_CURVE('',#713,#207,#11234,.T.);
#11232=EDGE_CURVE('',#207,#709,#11235,.T.);
#11233=LINE('',#708,#11236);
#11234=LINE('',#712,#11237);
#11235=LINE('',#206,#11238);
#11236=VECTOR('',#11239,1.0);
#11237=VECTOR('',#11240,1.0);
#11238=VECTOR('',#11241,1.0);
#11239=DIRECTION('',(0.5926621404951079,0,0.8054511699809971));
#11240=DIRECTION('',(-0.32297792424136834,-0.2764243980045079,-0.9051380075107786));
#11241=DIRECTION('',(-0.5566218541459141,0.7071070273848663,0.4360868758746388));
#11242=FACE_SURFACE('',(#11247),#11243,.T.);
#11243=PLANE('',#11244);
#11244=AXIS2_PLACEMENT_3D('',#712,#11245,#11246);
#11245=DIRECTION('',(0.5696699360973153,0.7069453305506337,-0.41917116255717785));
#11246=DIRECTION('',(0.5819368374978946,-0.7071068936510558,-0.40168315637340773));
#11247=FACE_BOUND('',#11248,.T.);
#11248=EDGE_LOOP('',(#11249,#11250,#11251));
#11249=ORIENTED_EDGE('',*,*,#11252,.T.);
#11250=ORIENTED_EDGE('',*,*,#11253,.T.);
#11251=ORIENTED_EDGE('',*,*,#11254,.T.);
#11252=EDGE_CURVE('',#713,#219,#11255,.F.);
#11253=EDGE_CURVE('',#219,#207,#11256,.T.);
#11254=EDGE_CURVE('',#207,#713,#11257,.T.);
#11255=LINE('',#712,#11258);
#11256=LINE('',#218,#11259);
#11257=LINE('',#206,#11260);
#11258=VECTOR('',#11261,1.0);
#11259=VECTOR('',#11262,1.0);
#11260=VECTOR('',#11263,1.0);
#11261=DIRECTION('',(0.5819368374978946,-0.7071068936510558,-0.40168315637340773));
#11262=DIRECTION('',(-0.5926622539225167,0,-0.8054510865195242));
#11263=DIRECTION('',(0.32297792424136834,0.2764243980045079,0.9051380075107786));
#11264=FACE_SURFACE('',(#11269),#11265,.T.);
#11265=PLANE('',#11266);
#11266=AXIS2_PLACEMENT_3D('',#230,#11267,#11268);
#11267=DIRECTION('',(-0.5939397776347952,0.7069447780797152,-0.38401122547257954));
#11268=DIRECTION('',(0.7317893460687647,0.27642440522231504,-0.6229557778668877));
#11269=FACE_BOUND('',#11270,.T.);
#11270=EDGE_LOOP('',(#11271,#11272,#11273));
#11271=ORIENTED_EDGE('',*,*,#11274,.T.);
#11272=ORIENTED_EDGE('',*,*,#11275,.T.);
#11273=ORIENTED_EDGE('',*,*,#11276,.T.);
#11274=EDGE_CURVE('',#231,#715,#11277,.F.);
#11275=EDGE_CURVE('',#715,#215,#11278,.T.);
#11276=EDGE_CURVE('',#215,#231,#11279,.T.);
#11277=LINE('',#230,#11280);
#11278=LINE('',#714,#11281);
#11279=LINE('',#214,#11282);
#11280=VECTOR('',#11283,1.0);
#11281=VECTOR('',#11284,1.0);
#11282=VECTOR('',#11285,1.0);
#11283=DIRECTION('',(0.7317893460687647,0.27642440522231504,-0.6229557778668877));
#11284=DIRECTION('',(-0.5819360012828515,-0.7071074139433385,-0.4016834519335956));
#11285=DIRECTION('',(-0.5429495181294742,-1.2140484010436058E-14,0.8397653367238802));
#11286=FACE_SURFACE('',(#11291),#11287,.T.);
#11287=PLANE('',#11288);
#11288=AXIS2_PLACEMENT_3D('',#714,#11289,#11290);
#11289=DIRECTION('',(-0.5696702846804063,0.7069448193883829,-0.4191715509097336));
#11290=DIRECTION('',(0.592662374873007,0,-0.8054509975224361));
#11291=FACE_BOUND('',#11292,.T.);
#11292=EDGE_LOOP('',(#11293,#11294,#11295));
#11293=ORIENTED_EDGE('',*,*,#11296,.T.);
#11294=ORIENTED_EDGE('',*,*,#11297,.T.);
#11295=ORIENTED_EDGE('',*,*,#11298,.T.);
#11296=EDGE_CURVE('',#715,#711,#11299,.F.);
#11297=EDGE_CURVE('',#711,#215,#11300,.T.);
#11298=EDGE_CURVE('',#215,#715,#11301,.T.);
#11299=LINE('',#714,#11302);
#11300=LINE('',#710,#11303);
#11301=LINE('',#214,#11304);
#11302=VECTOR('',#11305,1.0);
#11303=VECTOR('',#11306,1.0);
#11304=VECTOR('',#11307,1.0);
#11305=DIRECTION('',(0.592662374873007,0,-0.8054509975224361));
#11306=DIRECTION('',(-0.7680672602078282,-0.27642464354510793,0.5776349195104125));
#11307=DIRECTION('',(0.5819360012828515,0.7071074139433385,0.4016834519335956));
#11308=FACE_SURFACE('',(#11313),#11309,.T.);
#11309=PLANE('',#11310);
#11310=AXIS2_PLACEMENT_3D('',#712,#11311,#11312);
#11311=DIRECTION('',(0.5939392175929434,0.7069453124487698,-0.38401110792761384));
#11312=DIRECTION('',(0.5429497619659217,0,0.8397651790715954));
#11313=FACE_BOUND('',#11314,.T.);
#11314=EDGE_LOOP('',(#11315,#11316,#11317));
#11315=ORIENTED_EDGE('',*,*,#11318,.T.);
#11316=ORIENTED_EDGE('',*,*,#11319,.T.);
#11317=ORIENTED_EDGE('',*,*,#11320,.T.);
#11318=EDGE_CURVE('',#713,#717,#11321,.F.);
#11319=EDGE_CURVE('',#717,#219,#11322,.T.);
#11320=EDGE_CURVE('',#219,#713,#11323,.T.);
#11321=LINE('',#712,#11324);
#11322=LINE('',#716,#11325);
#11323=LINE('',#218,#11326);
#11324=VECTOR('',#11327,1.0);
#11325=VECTOR('',#11328,1.0);
#11326=VECTOR('',#11329,1.0);
#11327=DIRECTION('',(0.5429497619659217,0,0.8397651790715954));
#11328=DIRECTION('',(-0.2677389404359468,-0.276424101762323,-0.9229873107140365));
#11329=DIRECTION('',(-0.5819368374978946,0.7071068936510558,0.40168315637340773));
#11330=FACE_SURFACE('',(#11335),#11331,.T.);
#11331=PLANE('',#11332);
#11332=AXIS2_PLACEMENT_3D('',#716,#11333,#11334);
#11333=DIRECTION('',(0.5939392072010449,0.706945321366253,-0.38401110758382956));
#11334=DIRECTION('',(0.60512773464744,-0.7071069055164547,-0.365814500712316));
#11335=FACE_BOUND('',#11336,.T.);
#11336=EDGE_LOOP('',(#11337,#11338,#11339));
#11337=ORIENTED_EDGE('',*,*,#11340,.T.);
#11338=ORIENTED_EDGE('',*,*,#11341,.T.);
#11339=ORIENTED_EDGE('',*,*,#11342,.T.);
#11340=EDGE_CURVE('',#717,#235,#11343,.F.);
#11341=EDGE_CURVE('',#235,#219,#11344,.T.);
#11342=EDGE_CURVE('',#219,#717,#11345,.T.);
#11343=LINE('',#716,#11346);
#11344=LINE('',#234,#11347);
#11345=LINE('',#218,#11348);
#11346=VECTOR('',#11349,1.0);
#11347=VECTOR('',#11350,1.0);
#11348=VECTOR('',#11351,1.0);
#11349=DIRECTION('',(0.60512773464744,-0.7071069055164547,-0.365814500712316));
#11350=DIRECTION('',(-0.5429497683224325,1.2140481671842283E-14,-0.8397651749617967));
#11351=DIRECTION('',(0.2677389404359468,0.276424101762323,0.9229873107140365));
#11352=FACE_SURFACE('',(#11357),#11353,.T.);
#11353=PLANE('',#11354);
#11354=AXIS2_PLACEMENT_3D('',#242,#11355,#11356);
#11355=DIRECTION('',(-0.6160409937171019,0.7069463814721274,-0.34744828073183925));
#11356=DIRECTION('',(0.6928416662080729,0.2764244834244781,-0.6660029508414599));
#11357=FACE_BOUND('',#11358,.T.);
#11358=EDGE_LOOP('',(#11359,#11360,#11361));
#11359=ORIENTED_EDGE('',*,*,#11362,.T.);
#11360=ORIENTED_EDGE('',*,*,#11363,.T.);
#11361=ORIENTED_EDGE('',*,*,#11364,.T.);
#11362=EDGE_CURVE('',#243,#719,#11365,.F.);
#11363=EDGE_CURVE('',#719,#231,#11366,.T.);
#11364=EDGE_CURVE('',#231,#243,#11367,.T.);
#11365=LINE('',#242,#11368);
#11366=LINE('',#718,#11369);
#11367=LINE('',#230,#11370);
#11368=VECTOR('',#11371,1.0);
#11369=VECTOR('',#11372,1.0);
#11370=VECTOR('',#11373,1.0);
#11371=DIRECTION('',(0.6928416662080729,0.2764244834244781,-0.6660029508414599));
#11372=DIRECTION('',(-0.6051293374561438,-0.7071058234635225,-0.36581394092333636));
#11373=DIRECTION('',(-0.4912546601688404,0,0.8710159923115057));
#11374=FACE_SURFACE('',(#11379),#11375,.T.);
#11375=PLANE('',#11376);
#11376=AXIS2_PLACEMENT_3D('',#718,#11377,#11378);
#11377=DIRECTION('',(-0.5939389439736062,0.7069464018059115,-0.3840095256698616));
#11378=DIRECTION('',(0.5429483607122247,0,-0.8397660850498236));
#11379=FACE_BOUND('',#11380,.T.);
#11380=EDGE_LOOP('',(#11381,#11382,#11383));
#11381=ORIENTED_EDGE('',*,*,#11384,.T.);
#11382=ORIENTED_EDGE('',*,*,#11385,.T.);
#11383=ORIENTED_EDGE('',*,*,#11386,.T.);
#11384=EDGE_CURVE('',#719,#715,#11387,.F.);
#11385=EDGE_CURVE('',#715,#231,#11388,.T.);
#11386=EDGE_CURVE('',#231,#719,#11389,.T.);
#11387=LINE('',#718,#11390);
#11388=LINE('',#714,#11391);
#11389=LINE('',#230,#11392);
#11390=VECTOR('',#11393,1.0);
#11391=VECTOR('',#11394,1.0);
#11392=VECTOR('',#11395,1.0);
#11393=DIRECTION('',(0.5429483607122247,0,-0.8397660850498236));
#11394=DIRECTION('',(-0.7317893460687647,-0.27642440522231504,0.6229557778668877));
#11395=DIRECTION('',(0.6051293374561438,0.7071058234635225,0.36581394092333636));
#11396=FACE_SURFACE('',(#11401),#11397,.T.);
#11397=PLANE('',#11398);
#11398=AXIS2_PLACEMENT_3D('',#716,#11399,#11400);
#11399=DIRECTION('',(0.6160421872515841,0.7069452723915549,-0.34744842116422764));
#11400=DIRECTION('',(0.49125408872984705,0,0.8710163146039273));
#11401=FACE_BOUND('',#11402,.T.);
#11402=EDGE_LOOP('',(#11403,#11404,#11405));
#11403=ORIENTED_EDGE('',*,*,#11406,.T.);
#11404=ORIENTED_EDGE('',*,*,#11407,.T.);
#11405=ORIENTED_EDGE('',*,*,#11408,.T.);
#11406=EDGE_CURVE('',#717,#721,#11409,.F.);
#11407=EDGE_CURVE('',#721,#235,#11410,.T.);
#11408=EDGE_CURVE('',#235,#717,#11411,.T.);
#11409=LINE('',#716,#11412);
#11410=LINE('',#720,#11413);
#11411=LINE('',#234,#11414);
#11412=VECTOR('',#11415,1.0);
#11413=VECTOR('',#11416,1.0);
#11414=VECTOR('',#11417,1.0);
#11415=DIRECTION('',(0.49125408872984705,0,0.8710163146039273));
#11416=DIRECTION('',(-0.21151997290211014,-0.2764245346732863,-0.9374693476024418));
#11417=DIRECTION('',(-0.60512773464744,0.7071069055164547,0.365814500712316));
#11418=FACE_SURFACE('',(#11423),#11419,.T.);
#11419=PLANE('',#11420);
#11420=AXIS2_PLACEMENT_3D('',#720,#11421,#11422);
#11421=DIRECTION('',(0.6160412864013154,0.7069460452932799,-0.347448445806287));
#11422=DIRECTION('',(0.6261128334269671,-0.7071061545246087,-0.3286085909581112));
#11423=FACE_BOUND('',#11424,.T.);
#11424=EDGE_LOOP('',(#11425,#11426,#11427));
#11425=ORIENTED_EDGE('',*,*,#11428,.T.);
#11426=ORIENTED_EDGE('',*,*,#11429,.T.);
#11427=ORIENTED_EDGE('',*,*,#11430,.T.);
#11428=EDGE_CURVE('',#721,#245,#11431,.F.);
#11429=EDGE_CURVE('',#245,#235,#11432,.T.);
#11430=EDGE_CURVE('',#235,#721,#11433,.T.);
#11431=LINE('',#720,#11434);
#11432=LINE('',#244,#11435);
#11433=LINE('',#234,#11436);
#11434=VECTOR('',#11437,1.0);
#11435=VECTOR('',#11438,1.0);
#11436=VECTOR('',#11439,1.0);
#11437=DIRECTION('',(0.6261128334269671,-0.7071061545246087,-0.3286085909581112));
#11438=DIRECTION('',(-0.4912546601688404,0,-0.8710159923115057));
#11439=DIRECTION('',(0.21151997290211014,0.2764245346732863,0.9374693476024418));
#11440=FACE_SURFACE('',(#11445),#11441,.T.);
#11441=PLANE('',#11442);
#11442=AXIS2_PLACEMENT_3D('',#248,#11443,#11444);
#11443=DIRECTION('',(-0.6358968847666832,0.706945109672867,-0.30961873950658353));
#11444=DIRECTION('',(0.651363939884161,0.27642444687487006,-0.7066219236540183));
#11445=FACE_BOUND('',#11446,.T.);
#11446=EDGE_LOOP('',(#11447,#11448,#11449));
#11447=ORIENTED_EDGE('',*,*,#11450,.T.);
#11448=ORIENTED_EDGE('',*,*,#11451,.T.);
#11449=ORIENTED_EDGE('',*,*,#11452,.T.);
#11450=EDGE_CURVE('',#249,#723,#11453,.F.);
#11451=EDGE_CURVE('',#723,#243,#11454,.T.);
#11452=EDGE_CURVE('',#243,#249,#11455,.T.);
#11453=LINE('',#248,#11456);
#11454=LINE('',#722,#11457);
#11455=LINE('',#242,#11458);
#11456=VECTOR('',#11459,1.0);
#11457=VECTOR('',#11460,1.0);
#11458=VECTOR('',#11461,1.0);
#11459=DIRECTION('',(0.651363939884161,0.27642444687487006,-0.7066219236540183));
#11460=DIRECTION('',(-0.626111552197711,-0.7071070875041126,-0.32860902453527385));
#11461=DIRECTION('',(-0.43776695327289883,0,0.8990884798628906));
#11462=FACE_SURFACE('',(#11467),#11463,.T.);
#11463=PLANE('',#11464);
#11464=AXIS2_PLACEMENT_3D('',#722,#11465,#11466);
#11465=DIRECTION('',(-0.6160417225783179,0.7069451154175147,-0.34744956444073366));
#11466=DIRECTION('',(0.49125559621637394,0,-0.8710154643782709));
#11467=FACE_BOUND('',#11468,.T.);
#11468=EDGE_LOOP('',(#11469,#11470,#11471));
#11469=ORIENTED_EDGE('',*,*,#11472,.T.);
#11470=ORIENTED_EDGE('',*,*,#11473,.T.);
#11471=ORIENTED_EDGE('',*,*,#11474,.T.);
#11472=EDGE_CURVE('',#723,#719,#11475,.F.);
#11473=EDGE_CURVE('',#719,#243,#11476,.T.);
#11474=EDGE_CURVE('',#243,#723,#11477,.T.);
#11475=LINE('',#722,#11478);
#11476=LINE('',#718,#11479);
#11477=LINE('',#242,#11480);
#11478=VECTOR('',#11481,1.0);
#11479=VECTOR('',#11482,1.0);
#11480=VECTOR('',#11483,1.0);
#11481=DIRECTION('',(0.49125559621637394,0,-0.8710154643782709));
#11482=DIRECTION('',(-0.6928416662080729,-0.2764244834244781,0.6660029508414599));
#11483=DIRECTION('',(0.626111552197711,0.7071070875041126,0.32860902453527385));
#11484=FACE_SURFACE('',(#11489),#11485,.T.);
#11485=PLANE('',#11486);
#11486=AXIS2_PLACEMENT_3D('',#720,#11487,#11488);
#11487=DIRECTION('',(0.6358959080743198,0.7069460618404105,-0.3096185713788346));
#11488=DIRECTION('',(0.43776730463892266,0,0.8990883087823869));
#11489=FACE_BOUND('',#11490,.T.);
#11490=EDGE_LOOP('',(#11491,#11492,#11493));
#11491=ORIENTED_EDGE('',*,*,#11494,.T.);
#11492=ORIENTED_EDGE('',*,*,#11495,.T.);
#11493=ORIENTED_EDGE('',*,*,#11496,.T.);
#11494=EDGE_CURVE('',#721,#725,#11497,.F.);
#11495=EDGE_CURVE('',#725,#245,#11498,.T.);
#11496=EDGE_CURVE('',#245,#721,#11499,.T.);
#11497=LINE('',#720,#11500);
#11498=LINE('',#724,#11501);
#11499=LINE('',#244,#11502);
#11500=VECTOR('',#11503,1.0);
#11501=VECTOR('',#11504,1.0);
#11502=VECTOR('',#11505,1.0);
#11503=DIRECTION('',(0.43776730463892266,0,0.8990883087823869));
#11504=DIRECTION('',(-0.1545307431058666,-0.276424399639717,-0.9485303372686456));
#11505=DIRECTION('',(-0.6261128334269671,0.7071061545246087,0.3286085909581112));
#11506=FACE_SURFACE('',(#11511),#11507,.T.);
#11507=PLANE('',#11508);
#11508=AXIS2_PLACEMENT_3D('',#724,#11509,#11510);
#11509=DIRECTION('',(0.6358955698802949,0.7069463530121534,-0.3096186011360275));
#11510=DIRECTION('',(0.6448122360933233,-0.7071058303420078,-0.2902042812927959));
#11511=FACE_BOUND('',#11512,.T.);
#11512=EDGE_LOOP('',(#11513,#11514,#11515));
#11513=ORIENTED_EDGE('',*,*,#11516,.T.);
#11514=ORIENTED_EDGE('',*,*,#11517,.T.);
#11515=ORIENTED_EDGE('',*,*,#11518,.T.);
#11516=EDGE_CURVE('',#725,#257,#11519,.F.);
#11517=EDGE_CURVE('',#257,#245,#11520,.T.);
#11518=EDGE_CURVE('',#245,#725,#11521,.T.);
#11519=LINE('',#724,#11522);
#11520=LINE('',#256,#11523);
#11521=LINE('',#244,#11524);
#11522=VECTOR('',#11525,1.0);
#11523=VECTOR('',#11526,1.0);
#11524=VECTOR('',#11527,1.0);
#11525=DIRECTION('',(0.6448122360933233,-0.7071058303420078,-0.2902042812927959));
#11526=DIRECTION('',(-0.43776752685309656,0,-0.8990882005859734));
#11527=DIRECTION('',(0.1545307431058666,0.276424399639717,0.9485303372686456));
#11528=FACE_SURFACE('',(#11533),#11529,.T.);
#11529=PLANE('',#11530);
#11530=AXIS2_PLACEMENT_3D('',#260,#11531,#11532);
#11531=DIRECTION('',(-0.6534306980586931,0.7069452409210281,-0.27065984034141183));
#11532=DIRECTION('',(0.6075114293130227,0.2764243723654944,-0.7446606137136507));
#11533=FACE_BOUND('',#11534,.T.);
#11534=EDGE_LOOP('',(#11535,#11536,#11537));
#11535=ORIENTED_EDGE('',*,*,#11538,.T.);
#11536=ORIENTED_EDGE('',*,*,#11539,.T.);
#11537=ORIENTED_EDGE('',*,*,#11540,.T.);
#11538=EDGE_CURVE('',#261,#727,#11541,.F.);
#11539=EDGE_CURVE('',#727,#249,#11542,.T.);
#11540=EDGE_CURVE('',#249,#261,#11543,.T.);
#11541=LINE('',#260,#11544);
#11542=LINE('',#726,#11545);
#11543=LINE('',#248,#11546);
#11544=VECTOR('',#11547,1.0);
#11545=VECTOR('',#11548,1.0);
#11546=VECTOR('',#11549,1.0);
#11547=DIRECTION('',(0.6075114293130227,0.2764243723654944,-0.7446606137136507));
#11548=DIRECTION('',(-0.6448107587168288,-0.7071069833536632,-0.29020475450190325));
#11549=DIRECTION('',(-0.3826834120113672,1.2140494475250537E-14,0.9238795409420745));
#11550=FACE_SURFACE('',(#11555),#11551,.T.);
#11551=PLANE('',#11552);
#11552=AXIS2_PLACEMENT_3D('',#726,#11553,#11554);
#11553=DIRECTION('',(-0.6358968125334594,0.7069452232711393,-0.30961862848334154));
#11554=DIRECTION('',(0.43776686657822206,0,-0.8990885220745981));
#11555=FACE_BOUND('',#11556,.T.);
#11556=EDGE_LOOP('',(#11557,#11558,#11559));
#11557=ORIENTED_EDGE('',*,*,#11560,.T.);
#11558=ORIENTED_EDGE('',*,*,#11561,.T.);
#11559=ORIENTED_EDGE('',*,*,#11562,.T.);
#11560=EDGE_CURVE('',#727,#723,#11563,.F.);
#11561=EDGE_CURVE('',#723,#249,#11564,.T.);
#11562=EDGE_CURVE('',#249,#727,#11565,.T.);
#11563=LINE('',#726,#11566);
#11564=LINE('',#722,#11567);
#11565=LINE('',#248,#11568);
#11566=VECTOR('',#11569,1.0);
#11567=VECTOR('',#11570,1.0);
#11568=VECTOR('',#11571,1.0);
#11569=DIRECTION('',(0.43776686657822206,0,-0.8990885220745981));
#11570=DIRECTION('',(-0.651363939884161,-0.27642444687487006,0.7066219236540183));
#11571=DIRECTION('',(0.6448107587168288,0.7071069833536632,0.29020475450190325));
#11572=FACE_SURFACE('',(#11577),#11573,.T.);
#11573=PLANE('',#11574);
#11574=AXIS2_PLACEMENT_3D('',#724,#11575,#11576);
#11575=DIRECTION('',(0.6534297597266066,0.7069464045009208,-0.2706590664781976));
#11576=DIRECTION('',(0.38268294714721246,0,0.923879733494963));
#11577=FACE_BOUND('',#11578,.T.);
#11578=EDGE_LOOP('',(#11579,#11580,#11581));
#11579=ORIENTED_EDGE('',*,*,#11582,.T.);
#11580=ORIENTED_EDGE('',*,*,#11583,.T.);
#11581=ORIENTED_EDGE('',*,*,#11584,.T.);
#11582=EDGE_CURVE('',#725,#729,#11585,.F.);
#11583=EDGE_CURVE('',#729,#257,#11586,.T.);
#11584=EDGE_CURVE('',#257,#725,#11587,.T.);
#11585=LINE('',#724,#11588);
#11586=LINE('',#728,#11589);
#11587=LINE('',#256,#11590);
#11588=VECTOR('',#11591,1.0);
#11589=VECTOR('',#11592,1.0);
#11590=VECTOR('',#11593,1.0);
#11591=DIRECTION('',(0.38268294714721246,0,0.923879733494963));
#11592=DIRECTION('',(-0.09697750656175895,-0.27642449740236713,-0.9561301482836491));
#11593=DIRECTION('',(-0.6448122360933233,0.7071058303420078,0.2902042812927959));
#11594=FACE_SURFACE('',(#11599),#11595,.T.);
#11595=PLANE('',#11596);
#11596=AXIS2_PLACEMENT_3D('',#728,#11597,#11598);
#11597=DIRECTION('',(0.6534292987900522,0.706946804201352,-0.2706591352831748));
#11598=DIRECTION('',(0.6611580381516907,-0.7071053911412936,-0.25074292493772504));
#11599=FACE_BOUND('',#11600,.T.);
#11600=EDGE_LOOP('',(#11601,#11602,#11603));
#11601=ORIENTED_EDGE('',*,*,#11604,.T.);
#11602=ORIENTED_EDGE('',*,*,#11605,.T.);
#11603=ORIENTED_EDGE('',*,*,#11606,.T.);
#11604=EDGE_CURVE('',#729,#269,#11607,.F.);
#11605=EDGE_CURVE('',#269,#257,#11608,.T.);
#11606=EDGE_CURVE('',#257,#729,#11609,.T.);
#11607=LINE('',#728,#11610);
#11608=LINE('',#268,#11611);
#11609=LINE('',#256,#11612);
#11610=VECTOR('',#11613,1.0);
#11611=VECTOR('',#11614,1.0);
#11612=VECTOR('',#11615,1.0);
#11613=DIRECTION('',(0.6611580381516907,-0.7071053911412936,-0.25074292493772504));
#11614=DIRECTION('',(-0.3826832605993163,0,-0.9238796036589809));
#11615=DIRECTION('',(0.09697750656175895,0.27642449740236713,0.9561301482836491));
#11616=FACE_SURFACE('',(#11621),#11617,.T.);
#11617=PLANE('',#11618);
#11618=AXIS2_PLACEMENT_3D('',#272,#11619,#11620);
#11619=DIRECTION('',(-0.668580759542618,0.7069451390523045,-0.2307126748571348));
#11620=DIRECTION('',(0.5614412296756989,0.27642436922160313,-0.7799828932231002));
#11621=FACE_BOUND('',#11622,.T.);
#11622=EDGE_LOOP('',(#11623,#11624,#11625));
#11623=ORIENTED_EDGE('',*,*,#11626,.T.);
#11624=ORIENTED_EDGE('',*,*,#11627,.T.);
#11625=ORIENTED_EDGE('',*,*,#11628,.T.);
#11626=EDGE_CURVE('',#273,#731,#11629,.F.);
#11627=EDGE_CURVE('',#731,#261,#11630,.T.);
#11628=EDGE_CURVE('',#261,#273,#11631,.T.);
#11629=LINE('',#272,#11632);
#11630=LINE('',#730,#11633);
#11631=LINE('',#260,#11634);
#11632=VECTOR('',#11635,1.0);
#11633=VECTOR('',#11636,1.0);
#11634=VECTOR('',#11637,1.0);
#11635=DIRECTION('',(0.5614412296756989,0.27642436922160313,-0.7799828932231002));
#11636=DIRECTION('',(-0.661156021676497,-0.7071070659800323,-0.2507435188434945));
#11637=DIRECTION('',(-0.32620244210052524,0,0.9452999348183906));
#11638=FACE_SURFACE('',(#11643),#11639,.T.);
#11639=PLANE('',#11640);
#11640=AXIS2_PLACEMENT_3D('',#730,#11641,#11642);
#11641=DIRECTION('',(-0.6534307642085424,0.7069451455650192,-0.2706599297049598));
#11642=DIRECTION('',(0.3826834867907109,0,-0.9238795099674545));
#11643=FACE_BOUND('',#11644,.T.);
#11644=EDGE_LOOP('',(#11645,#11646,#11647));
#11645=ORIENTED_EDGE('',*,*,#11648,.T.);
#11646=ORIENTED_EDGE('',*,*,#11649,.T.);
#11647=ORIENTED_EDGE('',*,*,#11650,.T.);
#11648=EDGE_CURVE('',#731,#727,#11651,.F.);
#11649=EDGE_CURVE('',#727,#261,#11652,.T.);
#11650=EDGE_CURVE('',#261,#731,#11653,.T.);
#11651=LINE('',#730,#11654);
#11652=LINE('',#726,#11655);
#11653=LINE('',#260,#11656);
#11654=VECTOR('',#11657,1.0);
#11655=VECTOR('',#11658,1.0);
#11656=VECTOR('',#11659,1.0);
#11657=DIRECTION('',(0.3826834867907109,0,-0.9238795099674545));
#11658=DIRECTION('',(-0.6075114293130227,-0.2764243723654944,0.7446606137136507));
#11659=DIRECTION('',(0.661156021676497,0.7071070659800323,0.2507435188434945));
#11660=FACE_SURFACE('',(#11665),#11661,.T.);
#11661=PLANE('',#11662);
#11662=AXIS2_PLACEMENT_3D('',#728,#11663,#11664);
#11663=DIRECTION('',(0.6685784440386779,0.7069468651700397,-0.23071409578323152));
#11664=DIRECTION('',(0.32620524688980707,0,0.9452989669419722));
#11665=FACE_BOUND('',#11666,.T.);
#11666=EDGE_LOOP('',(#11667,#11668,#11669));
#11667=ORIENTED_EDGE('',*,*,#11670,.T.);
#11668=ORIENTED_EDGE('',*,*,#11671,.T.);
#11669=ORIENTED_EDGE('',*,*,#11672,.T.);
#11670=EDGE_CURVE('',#729,#733,#11673,.F.);
#11671=EDGE_CURVE('',#733,#269,#11674,.T.);
#11672=EDGE_CURVE('',#269,#729,#11675,.T.);
#11673=LINE('',#728,#11676);
#11674=LINE('',#732,#11677);
#11675=LINE('',#268,#11678);
#11676=VECTOR('',#11679,1.0);
#11677=VECTOR('',#11680,1.0);
#11678=VECTOR('',#11681,1.0);
#11679=DIRECTION('',(0.32620524688980707,0,0.9452989669419722));
#11680=DIRECTION('',(-0.039073590888080705,-0.2764244177368822,-0.9602410092127583));
#11681=DIRECTION('',(-0.6611580381516907,0.7071053911412936,0.25074292493772504));
#11682=FACE_SURFACE('',(#11687),#11683,.T.);
#11683=PLANE('',#11684);
#11684=AXIS2_PLACEMENT_3D('',#732,#11685,#11686);
#11685=DIRECTION('',(0.6685829947683212,0.7069428757586015,-0.2307131325277814));
#11686=DIRECTION('',(0.6750871051723795,-0.7071093450141945,-0.21036581144181513));
#11687=FACE_BOUND('',#11688,.T.);
#11688=EDGE_LOOP('',(#11689,#11690,#11691));
#11689=ORIENTED_EDGE('',*,*,#11692,.T.);
#11690=ORIENTED_EDGE('',*,*,#11693,.T.);
#11691=ORIENTED_EDGE('',*,*,#11694,.T.);
#11692=EDGE_CURVE('',#733,#281,#11695,.F.);
#11693=EDGE_CURVE('',#281,#269,#11696,.T.);
#11694=EDGE_CURVE('',#269,#733,#11697,.T.);
#11695=LINE('',#732,#11698);
#11696=LINE('',#280,#11699);
#11697=LINE('',#268,#11700);
#11698=VECTOR('',#11701,1.0);
#11699=VECTOR('',#11702,1.0);
#11700=VECTOR('',#11703,1.0);
#11701=DIRECTION('',(0.6750871051723795,-0.7071093450141945,-0.21036581144181513));
#11702=DIRECTION('',(-0.3262020458144536,-1.214048928611194E-14,-0.9453000715679996));
#11703=DIRECTION('',(0.039073590888080705,0.2764244177368822,0.9602410092127583));
#11704=FACE_SURFACE('',(#11709),#11705,.T.);
#11705=PLANE('',#11706);
#11706=AXIS2_PLACEMENT_3D('',#284,#11707,#11708);
#11707=DIRECTION('',(-0.6812917949317572,0.7069440926211525,-0.18992509067187408));
#11708=DIRECTION('',(0.5133232374124379,0.276424493343408,-0.8124584625765516));
#11709=FACE_BOUND('',#11710,.T.);
#11710=EDGE_LOOP('',(#11711,#11712,#11713));
#11711=ORIENTED_EDGE('',*,*,#11714,.T.);
#11712=ORIENTED_EDGE('',*,*,#11715,.T.);
#11713=ORIENTED_EDGE('',*,*,#11716,.T.);
#11714=EDGE_CURVE('',#285,#735,#11717,.F.);
#11715=EDGE_CURVE('',#735,#273,#11718,.T.);
#11716=EDGE_CURVE('',#273,#285,#11719,.T.);
#11717=LINE('',#284,#11720);
#11718=LINE('',#734,#11721);
#11719=LINE('',#272,#11722);
#11720=VECTOR('',#11723,1.0);
#11721=VECTOR('',#11724,1.0);
#11722=VECTOR('',#11725,1.0);
#11723=DIRECTION('',(0.5133232374124379,0.276424493343408,-0.8124584625765516));
#11724=DIRECTION('',(-0.6750884814979797,-0.7071081378563862,-0.21036545231103335));
#11725=DIRECTION('',(-0.26853287020515837,-1.2140499712683382E-14,0.9632705215147921));
#11726=FACE_SURFACE('',(#11731),#11727,.T.);
#11727=PLANE('',#11728);
#11728=AXIS2_PLACEMENT_3D('',#734,#11729,#11730);
#11729=DIRECTION('',(-0.6685815696298185,0.7069440575397717,-0.2307136412536804));
#11730=DIRECTION('',(0.32620330989748614,0,-0.945299635360093));
#11731=FACE_BOUND('',#11732,.T.);
#11732=EDGE_LOOP('',(#11733,#11734,#11735));
#11733=ORIENTED_EDGE('',*,*,#11736,.T.);
#11734=ORIENTED_EDGE('',*,*,#11737,.T.);
#11735=ORIENTED_EDGE('',*,*,#11738,.T.);
#11736=EDGE_CURVE('',#735,#731,#11739,.F.);
#11737=EDGE_CURVE('',#731,#273,#11740,.T.);
#11738=EDGE_CURVE('',#273,#735,#11741,.T.);
#11739=LINE('',#734,#11742);
#11740=LINE('',#730,#11743);
#11741=LINE('',#272,#11744);
#11742=VECTOR('',#11745,1.0);
#11743=VECTOR('',#11746,1.0);
#11744=VECTOR('',#11747,1.0);
#11745=DIRECTION('',(0.32620330989748614,0,-0.945299635360093));
#11746=DIRECTION('',(-0.5614412296756989,-0.27642436922160313,0.7799828932231002));
#11747=DIRECTION('',(0.6750884814979797,0.7071081378563862,0.21036545231103335));
#11748=FACE_SURFACE('',(#11753),#11749,.T.);
#11749=PLANE('',#11750);
#11750=AXIS2_PLACEMENT_3D('',#732,#11751,#11752);
#11751=DIRECTION('',(0.6812932908709325,0.706942856603636,-0.18992432522282618));
#11752=DIRECTION('',(0.2685313188795053,0,0.9632709539796336));
#11753=FACE_BOUND('',#11754,.T.);
#11754=EDGE_LOOP('',(#11755,#11756,#11757));
#11755=ORIENTED_EDGE('',*,*,#11758,.T.);
#11756=ORIENTED_EDGE('',*,*,#11759,.T.);
#11757=ORIENTED_EDGE('',*,*,#11760,.T.);
#11758=EDGE_CURVE('',#733,#737,#11761,.F.);
#11759=EDGE_CURVE('',#737,#281,#11762,.T.);
#11760=EDGE_CURVE('',#281,#733,#11763,.T.);
#11761=LINE('',#732,#11764);
#11762=LINE('',#736,#11765);
#11763=LINE('',#280,#11766);
#11764=VECTOR('',#11767,1.0);
#11765=VECTOR('',#11768,1.0);
#11766=VECTOR('',#11769,1.0);
#11767=DIRECTION('',(0.2685313188795053,0,0.9632709539796336));
#11768=DIRECTION('',(0.018975281056773888,-0.2764243279165304,-0.9608483385241975));
#11769=DIRECTION('',(-0.6750871051723795,0.7071093450141945,0.21036581144181513));
#11770=FACE_SURFACE('',(#11775),#11771,.T.);
#11771=PLANE('',#11772);
#11772=AXIS2_PLACEMENT_3D('',#736,#11773,#11774);
#11773=DIRECTION('',(0.6812922330408733,0.706943797702665,-0.18992461685604034));
#11774=DIRECTION('',(0.6865569825427089,-0.7071084683399104,-0.16922506824887543));
#11775=FACE_BOUND('',#11776,.T.);
#11776=EDGE_LOOP('',(#11777,#11778,#11779));
#11777=ORIENTED_EDGE('',*,*,#11780,.T.);
#11778=ORIENTED_EDGE('',*,*,#11781,.T.);
#11779=ORIENTED_EDGE('',*,*,#11782,.T.);
#11780=EDGE_CURVE('',#737,#293,#11783,.F.);
#11781=EDGE_CURVE('',#293,#281,#11784,.T.);
#11782=EDGE_CURVE('',#281,#737,#11785,.T.);
#11783=LINE('',#736,#11786);
#11784=LINE('',#292,#11787);
#11785=LINE('',#280,#11788);
#11786=VECTOR('',#11789,1.0);
#11787=VECTOR('',#11790,1.0);
#11788=VECTOR('',#11791,1.0);
#11789=DIRECTION('',(0.6865569825427089,-0.7071084683399104,-0.16922506824887543));
#11790=DIRECTION('',(-0.26853208836102394,0,-0.9632707394707197));
#11791=DIRECTION('',(-0.018975281056773888,0.2764243279165304,0.9608483385241975));
#11792=FACE_SURFACE('',(#11797),#11793,.T.);
#11793=PLANE('',#11794);
#11794=AXIS2_PLACEMENT_3D('',#296,#11795,#11796);
#11795=DIRECTION('',(-0.6915151531120316,0.7069454772821964,-0.14844152103333816));
#11796=DIRECTION('',(0.4633310434541558,0.2764245733103868,-0.8419701891645891));
#11797=FACE_BOUND('',#11798,.T.);
#11798=EDGE_LOOP('',(#11799,#11800,#11801));
#11799=ORIENTED_EDGE('',*,*,#11802,.T.);
#11800=ORIENTED_EDGE('',*,*,#11803,.T.);
#11801=ORIENTED_EDGE('',*,*,#11804,.T.);
#11802=EDGE_CURVE('',#297,#739,#11805,.F.);
#11803=EDGE_CURVE('',#739,#285,#11806,.T.);
#11804=EDGE_CURVE('',#285,#297,#11807,.T.);
#11805=LINE('',#296,#11808);
#11806=LINE('',#738,#11809);
#11807=LINE('',#284,#11810);
#11808=VECTOR('',#11811,1.0);
#11809=VECTOR('',#11812,1.0);
#11810=VECTOR('',#11813,1.0);
#11811=DIRECTION('',(0.4633310434541558,0.2764245733103868,-0.8419701891645891));
#11812=DIRECTION('',(-0.6865589320828752,-0.7071066779964191,-0.16922463978419436));
#11813=DIRECTION('',(-0.20988014570927913,0,0.9777271216638371));
#11814=FACE_SURFACE('',(#11819),#11815,.T.);
#11815=PLANE('',#11816);
#11816=AXIS2_PLACEMENT_3D('',#738,#11817,#11818);
#11817=DIRECTION('',(-0.6812906026718448,0.70694557993951,-0.18992383135095053));
#11818=DIRECTION('',(0.268531654103186,0,-0.9632708605291695));
#11819=FACE_BOUND('',#11820,.T.);
#11820=EDGE_LOOP('',(#11821,#11822,#11823));
#11821=ORIENTED_EDGE('',*,*,#11824,.T.);
#11822=ORIENTED_EDGE('',*,*,#11825,.T.);
#11823=ORIENTED_EDGE('',*,*,#11826,.T.);
#11824=EDGE_CURVE('',#739,#735,#11827,.F.);
#11825=EDGE_CURVE('',#735,#285,#11828,.T.);
#11826=EDGE_CURVE('',#285,#739,#11829,.T.);
#11827=LINE('',#738,#11830);
#11828=LINE('',#734,#11831);
#11829=LINE('',#284,#11832);
#11830=VECTOR('',#11833,1.0);
#11831=VECTOR('',#11834,1.0);
#11832=VECTOR('',#11835,1.0);
#11833=DIRECTION('',(0.268531654103186,0,-0.9632708605291695));
#11834=DIRECTION('',(-0.5133232374124379,-0.276424493343408,0.8124584625765516));
#11835=DIRECTION('',(0.6865589320828752,0.7071066779964191,0.16922463978419436));
#11836=FACE_SURFACE('',(#11841),#11837,.T.);
#11837=PLANE('',#11838);
#11838=AXIS2_PLACEMENT_3D('',#736,#11839,#11840);
#11839=DIRECTION('',(0.6915168089303243,0.7069436804031297,-0.14844236492625348));
#11840=DIRECTION('',(0.2098808059051543,0,0.9777269799451189));
#11841=FACE_BOUND('',#11842,.T.);
#11842=EDGE_LOOP('',(#11843,#11844,#11845));
#11843=ORIENTED_EDGE('',*,*,#11846,.T.);
#11844=ORIENTED_EDGE('',*,*,#11847,.T.);
#11845=ORIENTED_EDGE('',*,*,#11848,.T.);
#11846=EDGE_CURVE('',#737,#741,#11849,.F.);
#11847=EDGE_CURVE('',#741,#293,#11850,.T.);
#11848=EDGE_CURVE('',#293,#737,#11851,.T.);
#11849=LINE('',#736,#11852);
#11850=LINE('',#740,#11853);
#11851=LINE('',#292,#11854);
#11852=VECTOR('',#11855,1.0);
#11853=VECTOR('',#11856,1.0);
#11854=VECTOR('',#11857,1.0);
#11855=DIRECTION('',(0.2098808059051543,0,0.9777269799451189));
#11856=DIRECTION('',(0.07695558063442887,-0.27642426044669705,-0.9579496160267066));
#11857=DIRECTION('',(-0.6865569825427089,0.7071084683399104,0.16922506824887543));
#11858=FACE_SURFACE('',(#11863),#11859,.T.);
#11859=PLANE('',#11860);
#11860=AXIS2_PLACEMENT_3D('',#740,#11861,#11862);
#11861=DIRECTION('',(0.6915150377590721,0.7069452857725409,-0.1484429704534698));
#11862=DIRECTION('',(0.6955243139750118,-0.7071069028314549,-0.12745884291682857));
#11863=FACE_BOUND('',#11864,.T.);
#11864=EDGE_LOOP('',(#11865,#11866,#11867));
#11865=ORIENTED_EDGE('',*,*,#11868,.T.);
#11866=ORIENTED_EDGE('',*,*,#11869,.T.);
#11867=ORIENTED_EDGE('',*,*,#11870,.T.);
#11868=EDGE_CURVE('',#741,#305,#11871,.F.);
#11869=EDGE_CURVE('',#305,#293,#11872,.T.);
#11870=EDGE_CURVE('',#293,#741,#11873,.T.);
#11871=LINE('',#740,#11874);
#11872=LINE('',#304,#11875);
#11873=LINE('',#292,#11876);
#11874=VECTOR('',#11877,1.0);
#11875=VECTOR('',#11878,1.0);
#11876=VECTOR('',#11879,1.0);
#11877=DIRECTION('',(0.6955243139750118,-0.7071069028314549,-0.12745884291682857));
#11878=DIRECTION('',(-0.20988213822685686,0,-0.9777266939453595));
#11879=DIRECTION('',(-0.07695558063442887,0.27642426044669705,0.9579496160267066));
#11880=FACE_SURFACE('',(#11885),#11881,.T.);
#11881=PLANE('',#11882);
#11882=AXIS2_PLACEMENT_3D('',#308,#11883,#11884);
#11883=DIRECTION('',(-0.6992172963865617,0.7069441323220148,-0.10641976418570417));
#11884=DIRECTION('',(0.41164948250231,0.27642431936140127,-0.8684090621482289));
#11885=FACE_BOUND('',#11886,.T.);
#11886=EDGE_LOOP('',(#11887,#11888,#11889));
#11887=ORIENTED_EDGE('',*,*,#11890,.T.);
#11888=ORIENTED_EDGE('',*,*,#11891,.T.);
#11889=ORIENTED_EDGE('',*,*,#11892,.T.);
#11890=EDGE_CURVE('',#309,#743,#11893,.F.);
#11891=EDGE_CURVE('',#743,#297,#11894,.T.);
#11892=EDGE_CURVE('',#297,#309,#11895,.T.);
#11893=LINE('',#308,#11896);
#11894=LINE('',#742,#11897);
#11895=LINE('',#296,#11898);
#11896=VECTOR('',#11899,1.0);
#11897=VECTOR('',#11900,1.0);
#11898=VECTOR('',#11901,1.0);
#11899=DIRECTION('',(0.41164948250231,0.27642431936140127,-0.8684090621482289));
#11900=DIRECTION('',(-0.6955230628785549,-0.7071080947066779,-0.1274590577570918));
#11901=DIRECTION('',(-0.1504656716267474,1.2140489714177622E-14,0.9886152343869236));
#11902=FACE_SURFACE('',(#11907),#11903,.T.);
#11903=PLANE('',#11904);
#11904=AXIS2_PLACEMENT_3D('',#742,#11905,#11906);
#11905=DIRECTION('',(-0.6915163173928168,0.7069441095963966,-0.14844261075053541));
#11906=DIRECTION('',(0.20988128077684687,0,-0.9777268780081023));
#11907=FACE_BOUND('',#11908,.T.);
#11908=EDGE_LOOP('',(#11909,#11910,#11911));
#11909=ORIENTED_EDGE('',*,*,#11912,.T.);
#11910=ORIENTED_EDGE('',*,*,#11913,.T.);
#11911=ORIENTED_EDGE('',*,*,#11914,.T.);
#11912=EDGE_CURVE('',#743,#739,#11915,.F.);
#11913=EDGE_CURVE('',#739,#297,#11916,.T.);
#11914=EDGE_CURVE('',#297,#743,#11917,.T.);
#11915=LINE('',#742,#11918);
#11916=LINE('',#738,#11919);
#11917=LINE('',#296,#11920);
#11918=VECTOR('',#11921,1.0);
#11919=VECTOR('',#11922,1.0);
#11920=VECTOR('',#11923,1.0);
#11921=DIRECTION('',(0.20988128077684687,0,-0.9777268780081023));
#11922=DIRECTION('',(-0.4633310434541558,-0.2764245733103868,0.8419701891645891));
#11923=DIRECTION('',(0.6955230628785549,0.7071080947066779,0.1274590577570918));
#11924=FACE_SURFACE('',(#11929),#11925,.T.);
#11925=PLANE('',#11926);
#11926=AXIS2_PLACEMENT_3D('',#740,#11927,#11928);
#11927=DIRECTION('',(0.6992163154816364,0.7069453124697318,-0.10641836937934117));
#11928=DIRECTION('',(0.15046395047488584,0,0.9886154963419758));
#11929=FACE_BOUND('',#11930,.T.);
#11930=EDGE_LOOP('',(#11931,#11932,#11933));
#11931=ORIENTED_EDGE('',*,*,#11934,.T.);
#11932=ORIENTED_EDGE('',*,*,#11935,.T.);
#11933=ORIENTED_EDGE('',*,*,#11936,.T.);
#11934=EDGE_CURVE('',#741,#745,#11937,.F.);
#11935=EDGE_CURVE('',#745,#305,#11938,.T.);
#11936=EDGE_CURVE('',#305,#741,#11939,.T.);
#11937=LINE('',#740,#11940);
#11938=LINE('',#744,#11941);
#11939=LINE('',#304,#11942);
#11940=VECTOR('',#11943,1.0);
#11941=VECTOR('',#11944,1.0);
#11942=VECTOR('',#11945,1.0);
#11943=DIRECTION('',(0.15046395047488584,0,0.9886154963419758));
#11944=DIRECTION('',(0.1346565718475901,-0.27642451265782525,-0.9515550937597563));
#11945=DIRECTION('',(-0.6955243139750118,0.7071069028314549,0.12745884291682857));
#11946=FACE_SURFACE('',(#11951),#11947,.T.);
#11947=PLANE('',#11948);
#11948=AXIS2_PLACEMENT_3D('',#744,#11949,#11950);
#11949=DIRECTION('',(0.6992165127038796,0.7069451296016307,-0.10641828834725238));
#11950=DIRECTION('',(0.7019510334088441,-0.7071070705385977,-0.08523108288986177));
#11951=FACE_BOUND('',#11952,.T.);
#11952=EDGE_LOOP('',(#11953,#11954,#11955));
#11953=ORIENTED_EDGE('',*,*,#11956,.T.);
#11954=ORIENTED_EDGE('',*,*,#11957,.T.);
#11955=ORIENTED_EDGE('',*,*,#11958,.T.);
#11956=EDGE_CURVE('',#745,#317,#11959,.F.);
#11957=EDGE_CURVE('',#317,#305,#11960,.T.);
#11958=EDGE_CURVE('',#305,#745,#11961,.T.);
#11959=LINE('',#744,#11962);
#11960=LINE('',#316,#11963);
#11961=LINE('',#304,#11964);
#11962=VECTOR('',#11965,1.0);
#11963=VECTOR('',#11966,1.0);
#11964=VECTOR('',#11967,1.0);
#11965=DIRECTION('',(0.7019510334088441,-0.7071070705385977,-0.08523108288986177));
#11966=DIRECTION('',(-0.15046379701888898,0,-0.9886155196974498));
#11967=DIRECTION('',(-0.1346565718475901,0.27642451265782525,0.9515550937597563));
#11968=FACE_SURFACE('',(#11973),#11969,.T.);
#11969=PLANE('',#11970);
#11970=AXIS2_PLACEMENT_3D('',#320,#11971,#11972);
#11971=DIRECTION('',(-0.704365281270319,0.7069460565404829,-0.06400643469874366));
#11972=DIRECTION('',(0.3584652230514236,0.27642453956712004,-0.8916794030299223));
#11973=FACE_BOUND('',#11974,.T.);
#11974=EDGE_LOOP('',(#11975,#11976,#11977));
#11975=ORIENTED_EDGE('',*,*,#11978,.T.);
#11976=ORIENTED_EDGE('',*,*,#11979,.T.);
#11977=ORIENTED_EDGE('',*,*,#11980,.T.);
#11978=EDGE_CURVE('',#321,#747,#11981,.F.);
#11979=EDGE_CURVE('',#747,#309,#11982,.T.);
#11980=EDGE_CURVE('',#309,#321,#11983,.T.);
#11981=LINE('',#320,#11984);
#11982=LINE('',#746,#11985);
#11983=LINE('',#308,#11986);
#11984=VECTOR('',#11987,1.0);
#11985=VECTOR('',#11988,1.0);
#11986=VECTOR('',#11989,1.0);
#11987=DIRECTION('',(0.3584652230514236,0.27642453956712004,-0.8916794030299223));
#11988=DIRECTION('',(-0.7019519554032118,-0.7071061683732398,-0.08523097414744693));
#11989=DIRECTION('',(-0.09049820255600799,0,0.9958966187984231));
#11990=FACE_SURFACE('',(#11995),#11991,.T.);
#11991=PLANE('',#11992);
#11992=AXIS2_PLACEMENT_3D('',#746,#11993,#11994);
#11993=DIRECTION('',(-0.6992155965661471,0.7069460255714458,-0.10641835578218488));
#11994=DIRECTION('',(0.15046408288598512,0,-0.9886154761894431));
#11995=FACE_BOUND('',#11996,.T.);
#11996=EDGE_LOOP('',(#11997,#11998,#11999));
#11997=ORIENTED_EDGE('',*,*,#12000,.T.);
#11998=ORIENTED_EDGE('',*,*,#12001,.T.);
#11999=ORIENTED_EDGE('',*,*,#12002,.T.);
#12000=EDGE_CURVE('',#747,#743,#12003,.F.);
#12001=EDGE_CURVE('',#743,#309,#12004,.T.);
#12002=EDGE_CURVE('',#309,#747,#12005,.T.);
#12003=LINE('',#746,#12006);
#12004=LINE('',#742,#12007);
#12005=LINE('',#308,#12008);
#12006=VECTOR('',#12009,1.0);
#12007=VECTOR('',#12010,1.0);
#12008=VECTOR('',#12011,1.0);
#12009=DIRECTION('',(0.15046408288598512,0,-0.9886154761894431));
#12010=DIRECTION('',(-0.41164948250231,-0.27642431936140127,0.8684090621482289));
#12011=DIRECTION('',(0.7019519554032118,0.7071061683732398,0.08523097414744693));
#12012=FACE_SURFACE('',(#12017),#12013,.T.);
#12013=PLANE('',#12014);
#12014=AXIS2_PLACEMENT_3D('',#744,#12015,#12016);
#12015=DIRECTION('',(0.7043659861424489,0.7069451790132659,-0.06400837004233743));
#12016=DIRECTION('',(0.0905008266875066,0,0.9958963803372708));
#12017=FACE_BOUND('',#12018,.T.);
#12018=EDGE_LOOP('',(#12019,#12020,#12021));
#12019=ORIENTED_EDGE('',*,*,#12022,.T.);
#12020=ORIENTED_EDGE('',*,*,#12023,.T.);
#12021=ORIENTED_EDGE('',*,*,#12024,.T.);
#12022=EDGE_CURVE('',#745,#749,#12025,.F.);
#12023=EDGE_CURVE('',#749,#317,#12026,.T.);
#12024=EDGE_CURVE('',#317,#745,#12027,.T.);
#12025=LINE('',#744,#12028);
#12026=LINE('',#748,#12029);
#12027=LINE('',#316,#12030);
#12028=VECTOR('',#12031,1.0);
#12029=VECTOR('',#12032,1.0);
#12030=VECTOR('',#12033,1.0);
#12031=DIRECTION('',(0.0905008266875066,0,0.9958963803372708));
#12032=DIRECTION('',(0.19186189321936611,-0.27642451848449234,-0.9416891735126283));
#12033=DIRECTION('',(-0.7019510334088441,0.7071070705385977,0.08523108288986177));
#12034=FACE_SURFACE('',(#12039),#12035,.T.);
#12035=PLANE('',#12036);
#12036=AXIS2_PLACEMENT_3D('',#748,#12037,#12038);
#12037=DIRECTION('',(0.704366636710383,0.7069445592903136,-0.06400805557996225));
#12038=DIRECTION('',(0.705815660456319,-0.7071076738053773,-0.04269649985839895));
#12039=FACE_BOUND('',#12040,.T.);
#12040=EDGE_LOOP('',(#12041,#12042,#12043));
#12041=ORIENTED_EDGE('',*,*,#12044,.T.);
#12042=ORIENTED_EDGE('',*,*,#12045,.T.);
#12043=ORIENTED_EDGE('',*,*,#12046,.T.);
#12044=EDGE_CURVE('',#749,#329,#12047,.F.);
#12045=EDGE_CURVE('',#329,#317,#12048,.T.);
#12046=EDGE_CURVE('',#317,#749,#12049,.T.);
#12047=LINE('',#748,#12050);
#12048=LINE('',#328,#12051);
#12049=LINE('',#316,#12052);
#12050=VECTOR('',#12053,1.0);
#12051=VECTOR('',#12054,1.0);
#12052=VECTOR('',#12055,1.0);
#12053=DIRECTION('',(0.705815660456319,-0.7071076738053773,-0.04269649985839895));
#12054=DIRECTION('',(-0.09050030281023125,0,-0.9958964279438182));
#12055=DIRECTION('',(-0.19186189321936611,0.27642451848449234,0.9416891735126283));
#12056=FACE_SURFACE('',(#12061),#12057,.T.);
#12057=PLANE('',#12058);
#12058=AXIS2_PLACEMENT_3D('',#332,#12059,#12060);
#12059=DIRECTION('',(-0.706946293440965,0.7069445557726587,-0.02136195809093607));
#12060=DIRECTION('',(0.303972852756843,0.27642459954379855,-0.9116961914771373));
#12061=FACE_BOUND('',#12062,.T.);
#12062=EDGE_LOOP('',(#12063,#12064,#12065));
#12063=ORIENTED_EDGE('',*,*,#12066,.T.);
#12064=ORIENTED_EDGE('',*,*,#12067,.T.);
#12065=ORIENTED_EDGE('',*,*,#12068,.T.);
#12066=EDGE_CURVE('',#333,#751,#12069,.F.);
#12067=EDGE_CURVE('',#751,#321,#12070,.T.);
#12068=EDGE_CURVE('',#321,#333,#12071,.T.);
#12069=LINE('',#332,#12072);
#12070=LINE('',#750,#12073);
#12071=LINE('',#320,#12074);
#12072=VECTOR('',#12075,1.0);
#12073=VECTOR('',#12076,1.0);
#12074=VECTOR('',#12077,1.0);
#12075=DIRECTION('',(0.303972852756843,0.27642459954379855,-0.9116961914771373));
#12076=DIRECTION('',(-0.70581571333216,-0.7071076212178786,-0.04269649668306623));
#12077=DIRECTION('',(-0.030203443124799,0,0.999543771939682));
#12078=FACE_SURFACE('',(#12083),#12079,.T.);
#12079=PLANE('',#12080);
#12080=AXIS2_PLACEMENT_3D('',#750,#12081,#12082);
#12081=DIRECTION('',(-0.7043666319816468,0.7069446213101763,-0.06400742262771349));
#12082=DIRECTION('',(0.09049941581802366,0,-0.9958965085472468));
#12083=FACE_BOUND('',#12084,.T.);
#12084=EDGE_LOOP('',(#12085,#12086,#12087));
#12085=ORIENTED_EDGE('',*,*,#12088,.T.);
#12086=ORIENTED_EDGE('',*,*,#12089,.T.);
#12087=ORIENTED_EDGE('',*,*,#12090,.T.);
#12088=EDGE_CURVE('',#751,#747,#12091,.F.);
#12089=EDGE_CURVE('',#747,#321,#12092,.T.);
#12090=EDGE_CURVE('',#321,#751,#12093,.T.);
#12091=LINE('',#750,#12094);
#12092=LINE('',#746,#12095);
#12093=LINE('',#320,#12096);
#12094=VECTOR('',#12097,1.0);
#12095=VECTOR('',#12098,1.0);
#12096=VECTOR('',#12099,1.0);
#12097=DIRECTION('',(0.09049941581802366,0,-0.9958965085472468));
#12098=DIRECTION('',(-0.3584652230514236,-0.27642453956712004,0.8916794030299223));
#12099=DIRECTION('',(0.70581571333216,0.7071076212178786,0.04269649668306623));
#12100=FACE_SURFACE('',(#12105),#12101,.T.);
#12101=PLANE('',#12102);
#12102=AXIS2_PLACEMENT_3D('',#748,#12103,#12104);
#12103=DIRECTION('',(0.7069464646679963,0.706944463520697,-0.021359344345166578));
#12104=DIRECTION('',(0.030199743640458424,0,0.9995438837209953));
#12105=FACE_BOUND('',#12106,.T.);
#12106=EDGE_LOOP('',(#12107,#12108,#12109));
#12107=ORIENTED_EDGE('',*,*,#12110,.T.);
#12108=ORIENTED_EDGE('',*,*,#12111,.T.);
#12109=ORIENTED_EDGE('',*,*,#12112,.T.);
#12110=EDGE_CURVE('',#749,#753,#12113,.F.);
#12111=EDGE_CURVE('',#753,#329,#12114,.T.);
#12112=EDGE_CURVE('',#329,#749,#12115,.T.);
#12113=LINE('',#748,#12116);
#12114=LINE('',#752,#12117);
#12115=LINE('',#328,#12118);
#12116=VECTOR('',#12119,1.0);
#12117=VECTOR('',#12120,1.0);
#12118=VECTOR('',#12121,1.0);
#12119=DIRECTION('',(0.030199743640458424,0,0.9995438837209953));
#12120=DIRECTION('',(0.24837358924329647,-0.2764241794909824,-0.9283858212829078));
#12121=DIRECTION('',(-0.705815660456319,0.7071076738053773,0.04269649985839895));
#12122=FACE_SURFACE('',(#12127),#12123,.T.);
#12123=PLANE('',#12124);
#12124=AXIS2_PLACEMENT_3D('',#752,#12125,#12126);
#12125=DIRECTION('',(0.7069440744058347,0.706946813320776,-0.021360683464660437));
#12126=DIRECTION('',(0.7071081509552256,-0.707105411415216,0));
#12127=FACE_BOUND('',#12128,.T.);
#12128=EDGE_LOOP('',(#12129,#12130,#12131));
#12129=ORIENTED_EDGE('',*,*,#12132,.T.);
#12130=ORIENTED_EDGE('',*,*,#12133,.T.);
#12131=ORIENTED_EDGE('',*,*,#12134,.T.);
#12132=EDGE_CURVE('',#753,#341,#12135,.F.);
#12133=EDGE_CURVE('',#341,#329,#12136,.T.);
#12134=EDGE_CURVE('',#329,#753,#12137,.T.);
#12135=LINE('',#752,#12138);
#12136=LINE('',#340,#12139);
#12137=LINE('',#328,#12140);
#12138=VECTOR('',#12141,1.0);
#12139=VECTOR('',#12142,1.0);
#12140=VECTOR('',#12143,1.0);
#12141=DIRECTION('',(0.7071081509552256,-0.707105411415216,0));
#12142=DIRECTION('',(-0.030201737302119704,1.2140488937607662E-14,-0.9995438234834598));
#12143=DIRECTION('',(-0.24837358924329647,0.2764241794909824,0.9283858212829078));
#12144=FACE_SURFACE('',(#12149),#12145,.T.);
#12145=PLANE('',#12146);
#12146=AXIS2_PLACEMENT_3D('',#752,#12147,#12148);
#12147=DIRECTION('',(0.7069440961837601,0.7069468350987858,0.02135924190453971));
#12148=DIRECTION('',(-0.03019970001871421,0,0.999543885038961));
#12149=FACE_BOUND('',#12150,.T.);
#12150=EDGE_LOOP('',(#12151,#12152,#12153));
#12151=ORIENTED_EDGE('',*,*,#12154,.T.);
#12152=ORIENTED_EDGE('',*,*,#12155,.T.);
#12153=ORIENTED_EDGE('',*,*,#12156,.T.);
#12154=EDGE_CURVE('',#753,#755,#12157,.F.);
#12155=EDGE_CURVE('',#755,#341,#12158,.T.);
#12156=EDGE_CURVE('',#341,#753,#12159,.T.);
#12157=LINE('',#752,#12160);
#12158=LINE('',#754,#12161);
#12159=LINE('',#340,#12162);
#12160=VECTOR('',#12163,1.0);
#12161=VECTOR('',#12164,1.0);
#12162=VECTOR('',#12165,1.0);
#12163=DIRECTION('',(-0.03019970001871421,0,0.999543885038961));
#12164=DIRECTION('',(0.3039710107849505,-0.2764244040749062,-0.9116968648811997));
#12165=DIRECTION('',(-0.7071081509552256,0.707105411415216,0));
#12166=FACE_SURFACE('',(#12171),#12167,.T.);
#12167=PLANE('',#12168);
#12168=AXIS2_PLACEMENT_3D('',#754,#12169,#12170);
#12169=DIRECTION('',(0.7069464516705954,0.7069444338868393,0.021360755294953508));
#12170=DIRECTION('',(0.7058157620629795,-0.7071077755980313,0.04269313425200851));
#12171=FACE_BOUND('',#12172,.T.);
#12172=EDGE_LOOP('',(#12173,#12174,#12175));
#12173=ORIENTED_EDGE('',*,*,#12176,.T.);
#12174=ORIENTED_EDGE('',*,*,#12177,.T.);
#12175=ORIENTED_EDGE('',*,*,#12178,.T.);
#12176=EDGE_CURVE('',#755,#353,#12179,.F.);
#12177=EDGE_CURVE('',#353,#341,#12180,.T.);
#12178=EDGE_CURVE('',#341,#755,#12181,.T.);
#12179=LINE('',#754,#12182);
#12180=LINE('',#352,#12183);
#12181=LINE('',#340,#12184);
#12182=VECTOR('',#12185,1.0);
#12183=VECTOR('',#12186,1.0);
#12184=VECTOR('',#12187,1.0);
#12185=DIRECTION('',(0.7058157620629795,-0.7071077755980313,0.04269313425200851));
#12186=DIRECTION('',(0.030201737302119704,-1.2140488937607662E-14,-0.9995438234834598));
#12187=DIRECTION('',(-0.3039710107849505,0.2764244040749062,0.9116968648811997));
#12188=FACE_SURFACE('',(#12193),#12189,.T.);
#12189=PLANE('',#12190);
#12190=AXIS2_PLACEMENT_3D('',#344,#12191,#12192);
#12191=DIRECTION('',(-0.7069443720544701,0.7069464789130331,0.021361900031960215));
#12192=DIRECTION('',(0.2483718693437601,0.2764243053360839,-0.9283862439406078));
#12193=FACE_BOUND('',#12194,.T.);
#12194=EDGE_LOOP('',(#12195,#12196,#12197));
#12195=ORIENTED_EDGE('',*,*,#12198,.T.);
#12196=ORIENTED_EDGE('',*,*,#12199,.T.);
#12197=ORIENTED_EDGE('',*,*,#12200,.T.);
#12198=EDGE_CURVE('',#345,#757,#12201,.F.);
#12199=EDGE_CURVE('',#757,#333,#12202,.T.);
#12200=EDGE_CURVE('',#333,#345,#12203,.T.);
#12201=LINE('',#344,#12204);
#12202=LINE('',#756,#12205);
#12203=LINE('',#332,#12206);
#12204=VECTOR('',#12207,1.0);
#12205=VECTOR('',#12208,1.0);
#12206=VECTOR('',#12209,1.0);
#12207=DIRECTION('',(0.2483718693437601,0.2764243053360839,-0.9283862439406078));
#12208=DIRECTION('',(-0.7071078348554823,-0.7071057275160425,0));
#12209=DIRECTION('',(0.030203443124799,0,0.999543771939682));
#12210=FACE_SURFACE('',(#12215),#12211,.T.);
#12211=PLANE('',#12212);
#12212=AXIS2_PLACEMENT_3D('',#756,#12213,#12214);
#12213=DIRECTION('',(-0.7069443896572882,0.7069464965159037,-0.0213607349118332));
#12214=DIRECTION('',(0.03020179652082617,0,-0.9995438216941339));
#12215=FACE_BOUND('',#12216,.T.);
#12216=EDGE_LOOP('',(#12217,#12218,#12219));
#12217=ORIENTED_EDGE('',*,*,#12220,.T.);
#12218=ORIENTED_EDGE('',*,*,#12221,.T.);
#12219=ORIENTED_EDGE('',*,*,#12222,.T.);
#12220=EDGE_CURVE('',#757,#751,#12223,.F.);
#12221=EDGE_CURVE('',#751,#333,#12224,.T.);
#12222=EDGE_CURVE('',#333,#757,#12225,.T.);
#12223=LINE('',#756,#12226);
#12224=LINE('',#750,#12227);
#12225=LINE('',#332,#12228);
#12226=VECTOR('',#12229,1.0);
#12227=VECTOR('',#12230,1.0);
#12228=VECTOR('',#12231,1.0);
#12229=DIRECTION('',(0.03020179652082617,0,-0.9995438216941339));
#12230=DIRECTION('',(-0.303972852756843,-0.27642459954379855,0.9116961914771373));
#12231=DIRECTION('',(0.7071078348554823,0.7071057275160425,0));
#12232=FACE_SURFACE('',(#12237),#12233,.T.);
#12233=PLANE('',#12234);
#12234=AXIS2_PLACEMENT_3D('',#356,#12235,#12236);
#12235=DIRECTION('',(-0.7043668558332863,0.7069444830253852,0.06400648657363901));
#12236=DIRECTION('',(0.1918638273356876,0.2764244119871845,-0.9416888107106512));
#12237=FACE_BOUND('',#12238,.T.);
#12238=EDGE_LOOP('',(#12239,#12240,#12241));
#12239=ORIENTED_EDGE('',*,*,#12242,.T.);
#12240=ORIENTED_EDGE('',*,*,#12243,.T.);
#12241=ORIENTED_EDGE('',*,*,#12244,.T.);
#12242=EDGE_CURVE('',#357,#759,#12245,.F.);
#12243=EDGE_CURVE('',#759,#345,#12246,.T.);
#12244=EDGE_CURVE('',#345,#357,#12247,.T.);
#12245=LINE('',#356,#12248);
#12246=LINE('',#758,#12249);
#12247=LINE('',#344,#12250);
#12248=VECTOR('',#12251,1.0);
#12249=VECTOR('',#12252,1.0);
#12250=VECTOR('',#12253,1.0);
#12251=DIRECTION('',(0.1918638273356876,0.2764244119871845,-0.9416888107106512));
#12252=DIRECTION('',(-0.7058158149388127,-0.7071077230105098,0.04269313107692518));
#12253=DIRECTION('',(0.0904980746550851,0,0.9958966304209099));
#12254=FACE_SURFACE('',(#12259),#12255,.T.);
#12255=PLANE('',#12256);
#12256=AXIS2_PLACEMENT_3D('',#758,#12257,#12258);
#12257=DIRECTION('',(-0.7069463985232033,0.7069444867493445,0.021360764728310427));
#12258=DIRECTION('',(-0.030201752896122105,0,-0.9995438230122787));
#12259=FACE_BOUND('',#12260,.T.);
#12260=EDGE_LOOP('',(#12261,#12262,#12263));
#12261=ORIENTED_EDGE('',*,*,#12264,.T.);
#12262=ORIENTED_EDGE('',*,*,#12265,.T.);
#12263=ORIENTED_EDGE('',*,*,#12266,.T.);
#12264=EDGE_CURVE('',#759,#757,#12267,.F.);
#12265=EDGE_CURVE('',#757,#345,#12268,.T.);
#12266=EDGE_CURVE('',#345,#759,#12269,.T.);
#12267=LINE('',#758,#12270);
#12268=LINE('',#756,#12271);
#12269=LINE('',#344,#12272);
#12270=VECTOR('',#12273,1.0);
#12271=VECTOR('',#12274,1.0);
#12272=VECTOR('',#12275,1.0);
#12273=DIRECTION('',(-0.030201752896122105,0,-0.9995438230122787));
#12274=DIRECTION('',(-0.2483718693437601,-0.2764243053360839,0.9283862439406078));
#12275=DIRECTION('',(0.7058158149388127,0.7071077230105098,-0.04269313107692518));
#12276=FACE_SURFACE('',(#12281),#12277,.T.);
#12277=PLANE('',#12278);
#12278=AXIS2_PLACEMENT_3D('',#754,#12279,#12280);
#12279=DIRECTION('',(0.7043667536366475,0.7069443995938812,0.06400853266727226));
#12280=DIRECTION('',(-0.09050095693374677,0,0.9958963685012996));
#12281=FACE_BOUND('',#12282,.T.);
#12282=EDGE_LOOP('',(#12283,#12284,#12285));
#12283=ORIENTED_EDGE('',*,*,#12286,.T.);
#12284=ORIENTED_EDGE('',*,*,#12287,.T.);
#12285=ORIENTED_EDGE('',*,*,#12288,.T.);
#12286=EDGE_CURVE('',#755,#761,#12289,.F.);
#12287=EDGE_CURVE('',#761,#353,#12290,.T.);
#12288=EDGE_CURVE('',#353,#755,#12291,.T.);
#12289=LINE('',#754,#12292);
#12290=LINE('',#760,#12293);
#12291=LINE('',#352,#12294);
#12292=VECTOR('',#12295,1.0);
#12293=VECTOR('',#12296,1.0);
#12294=VECTOR('',#12297,1.0);
#12295=DIRECTION('',(-0.09050095693374677,0,0.9958963685012996));
#12296=DIRECTION('',(0.358466317927606,-0.2764244150810766,-0.8916790014677418));
#12297=DIRECTION('',(-0.7058157620629795,0.7071077755980313,-0.04269313425200851));
#12298=FACE_SURFACE('',(#12303),#12299,.T.);
#12299=PLANE('',#12300);
#12300=AXIS2_PLACEMENT_3D('',#760,#12301,#12302);
#12301=DIRECTION('',(0.7043658830139425,0.706945324697059,0.064007895879797));
#12302=DIRECTION('',(0.7019508316797567,-0.7071068673277507,0.08523443014435442));
#12303=FACE_BOUND('',#12304,.T.);
#12304=EDGE_LOOP('',(#12305,#12306,#12307));
#12305=ORIENTED_EDGE('',*,*,#12308,.T.);
#12306=ORIENTED_EDGE('',*,*,#12309,.T.);
#12307=ORIENTED_EDGE('',*,*,#12310,.T.);
#12308=EDGE_CURVE('',#761,#365,#12311,.F.);
#12309=EDGE_CURVE('',#365,#353,#12312,.T.);
#12310=EDGE_CURVE('',#353,#761,#12313,.T.);
#12311=LINE('',#760,#12314);
#12312=LINE('',#364,#12315);
#12313=LINE('',#352,#12316);
#12314=VECTOR('',#12317,1.0);
#12315=VECTOR('',#12318,1.0);
#12316=VECTOR('',#12319,1.0);
#12317=DIRECTION('',(0.7019508316797567,-0.7071068673277507,0.08523443014435442));
#12318=DIRECTION('',(0.09050017490638908,0,-0.9958964395668422));
#12319=DIRECTION('',(-0.358466317927606,0.2764244150810766,0.8916790014677418));
#12320=FACE_SURFACE('',(#12325),#12321,.T.);
#12321=PLANE('',#12322);
#12322=AXIS2_PLACEMENT_3D('',#368,#12323,#12324);
#12323=DIRECTION('',(-0.6992151916823071,0.7069462622368702,0.10641944385305277));
#12324=DIRECTION('',(0.1346553514240317,0.27642420581868077,-0.951555355599653));
#12325=FACE_BOUND('',#12326,.T.);
#12326=EDGE_LOOP('',(#12327,#12328,#12329));
#12327=ORIENTED_EDGE('',*,*,#12330,.T.);
#12328=ORIENTED_EDGE('',*,*,#12331,.T.);
#12329=ORIENTED_EDGE('',*,*,#12332,.T.);
#12330=EDGE_CURVE('',#369,#763,#12333,.F.);
#12331=EDGE_CURVE('',#763,#357,#12334,.T.);
#12332=EDGE_CURVE('',#357,#369,#12335,.T.);
#12333=LINE('',#368,#12336);
#12334=LINE('',#762,#12337);
#12335=LINE('',#356,#12338);
#12336=VECTOR('',#12339,1.0);
#12337=VECTOR('',#12340,1.0);
#12338=VECTOR('',#12341,1.0);
#12339=DIRECTION('',(0.1346553514240317,0.27642420581868077,-0.951555355599653));
#12340=DIRECTION('',(-0.701951753674374,-0.7071059651631705,0.08523432139773147));
#12341=DIRECTION('',(0.1504656716267474,-1.2140489714177622E-14,0.9886152343869236));
#12342=FACE_SURFACE('',(#12347),#12343,.T.);
#12343=PLANE('',#12344);
#12344=AXIS2_PLACEMENT_3D('',#762,#12345,#12346);
#12345=DIRECTION('',(-0.704365028594249,0.7069462236297783,0.0640073698023783));
#12346=DIRECTION('',(-0.09049954606226687,0,-0.995896496711643));
#12347=FACE_BOUND('',#12348,.T.);
#12348=EDGE_LOOP('',(#12349,#12350,#12351));
#12349=ORIENTED_EDGE('',*,*,#12352,.T.);
#12350=ORIENTED_EDGE('',*,*,#12353,.T.);
#12351=ORIENTED_EDGE('',*,*,#12354,.T.);
#12352=EDGE_CURVE('',#763,#759,#12355,.F.);
#12353=EDGE_CURVE('',#759,#357,#12356,.T.);
#12354=EDGE_CURVE('',#357,#763,#12357,.T.);
#12355=LINE('',#762,#12358);
#12356=LINE('',#758,#12359);
#12357=LINE('',#356,#12360);
#12358=VECTOR('',#12361,1.0);
#12359=VECTOR('',#12362,1.0);
#12360=VECTOR('',#12363,1.0);
#12361=DIRECTION('',(-0.09049954606226687,0,-0.995896496711643));
#12362=DIRECTION('',(-0.1918638273356876,-0.2764244119871845,0.9416888107106512));
#12363=DIRECTION('',(0.701951753674374,0.7071059651631705,-0.08523432139773147));
#12364=FACE_SURFACE('',(#12369),#12365,.T.);
#12365=PLANE('',#12366);
#12366=AXIS2_PLACEMENT_3D('',#760,#12367,#12368);
#12367=DIRECTION('',(0.6992162469916992,0.7069453817800085,0.10641835895540329));
#12368=DIRECTION('',(-0.15046395047488584,0,0.9886154963419758));
#12369=FACE_BOUND('',#12370,.T.);
#12370=EDGE_LOOP('',(#12371,#12372,#12373));
#12371=ORIENTED_EDGE('',*,*,#12374,.T.);
#12372=ORIENTED_EDGE('',*,*,#12375,.T.);
#12373=ORIENTED_EDGE('',*,*,#12376,.T.);
#12374=EDGE_CURVE('',#761,#765,#12377,.F.);
#12375=EDGE_CURVE('',#765,#365,#12378,.T.);
#12376=EDGE_CURVE('',#365,#761,#12379,.T.);
#12377=LINE('',#760,#12380);
#12378=LINE('',#764,#12381);
#12379=LINE('',#364,#12382);
#12380=VECTOR('',#12383,1.0);
#12381=VECTOR('',#12384,1.0);
#12382=VECTOR('',#12385,1.0);
#12383=DIRECTION('',(-0.15046395047488584,0,0.9886154963419758));
#12384=DIRECTION('',(0.4116492609317541,-0.276424730682522,-0.8684090362504503));
#12385=DIRECTION('',(-0.7019508316797567,0.7071068673277507,-0.08523443014435442));
#12386=FACE_SURFACE('',(#12391),#12387,.T.);
#12387=PLANE('',#12388);
#12388=AXIS2_PLACEMENT_3D('',#764,#12389,#12390);
#12389=DIRECTION('',(0.6992160828068672,0.7069455646477322,0.10641822291844258));
#12390=DIRECTION('',(0.6955240150632898,-0.7071065989419464,0.12746215988674398));
#12391=FACE_BOUND('',#12392,.T.);
#12392=EDGE_LOOP('',(#12393,#12394,#12395));
#12393=ORIENTED_EDGE('',*,*,#12396,.T.);
#12394=ORIENTED_EDGE('',*,*,#12397,.T.);
#12395=ORIENTED_EDGE('',*,*,#12398,.T.);
#12396=EDGE_CURVE('',#765,#377,#12399,.F.);
#12397=EDGE_CURVE('',#377,#365,#12400,.T.);
#12398=EDGE_CURVE('',#365,#765,#12401,.T.);
#12399=LINE('',#764,#12402);
#12400=LINE('',#376,#12403);
#12401=LINE('',#364,#12404);
#12402=VECTOR('',#12405,1.0);
#12403=VECTOR('',#12406,1.0);
#12404=VECTOR('',#12407,1.0);
#12405=DIRECTION('',(0.6955240150632898,-0.7071065989419464,0.12746215988674398));
#12406=DIRECTION('',(0.15046379701888898,0,-0.9886155196974498));
#12407=DIRECTION('',(-0.4116492609317541,0.276424730682522,0.8684090362504503));
#12408=FACE_SURFACE('',(#12413),#12409,.T.);
#12409=PLANE('',#12410);
#12410=AXIS2_PLACEMENT_3D('',#380,#12411,#12412);
#12411=DIRECTION('',(-0.6915160904666581,0.7069444728949542,0.14844193770287503));
#12412=DIRECTION('',(0.07695656335009392,0.2764242394173234,-0.957949543149271));
#12413=FACE_BOUND('',#12414,.T.);
#12414=EDGE_LOOP('',(#12415,#12416,#12417));
#12415=ORIENTED_EDGE('',*,*,#12418,.T.);
#12416=ORIENTED_EDGE('',*,*,#12419,.T.);
#12417=ORIENTED_EDGE('',*,*,#12420,.T.);
#12418=EDGE_CURVE('',#381,#767,#12421,.F.);
#12419=EDGE_CURVE('',#767,#369,#12422,.T.);
#12420=EDGE_CURVE('',#369,#381,#12423,.T.);
#12421=LINE('',#380,#12424);
#12422=LINE('',#766,#12425);
#12423=LINE('',#368,#12426);
#12424=VECTOR('',#12427,1.0);
#12425=VECTOR('',#12428,1.0);
#12426=VECTOR('',#12429,1.0);
#12427=DIRECTION('',(0.07695656335009392,0.2764242394173234,-0.957949543149271));
#12428=DIRECTION('',(-0.6955227639663631,-0.7071077908156328,0.12746237473241354));
#12429=DIRECTION('',(0.20988043692099953,0,0.977727059151914));
#12430=FACE_SURFACE('',(#12435),#12431,.T.);
#12431=PLANE('',#12432);
#12432=AXIS2_PLACEMENT_3D('',#766,#12433,#12434);
#12433=DIRECTION('',(-0.6992172335414206,0.7069443689885352,0.10641860492453514));
#12434=DIRECTION('',(-0.15046408288598512,0,-0.9886154761894431));
#12435=FACE_BOUND('',#12436,.T.);
#12436=EDGE_LOOP('',(#12437,#12438,#12439));
#12437=ORIENTED_EDGE('',*,*,#12440,.T.);
#12438=ORIENTED_EDGE('',*,*,#12441,.T.);
#12439=ORIENTED_EDGE('',*,*,#12442,.T.);
#12440=EDGE_CURVE('',#767,#763,#12443,.F.);
#12441=EDGE_CURVE('',#763,#369,#12444,.T.);
#12442=EDGE_CURVE('',#369,#767,#12445,.T.);
#12443=LINE('',#766,#12446);
#12444=LINE('',#762,#12447);
#12445=LINE('',#368,#12448);
#12446=VECTOR('',#12449,1.0);
#12447=VECTOR('',#12450,1.0);
#12448=VECTOR('',#12451,1.0);
#12449=DIRECTION('',(-0.15046408288598512,0,-0.9886154761894431));
#12450=DIRECTION('',(-0.1346553514240317,-0.27642420581868077,0.951555355599653));
#12451=DIRECTION('',(0.6955227639663631,0.7071077908156328,-0.12746237473241354));
#12452=FACE_SURFACE('',(#12457),#12453,.T.);
#12453=PLANE('',#12454);
#12454=AXIS2_PLACEMENT_3D('',#764,#12455,#12456);
#12455=DIRECTION('',(0.6915149216314668,0.7069456576495702,0.14844174039482));
#12456=DIRECTION('',(-0.2098805093618196,0,0.9777270436016502));
#12457=FACE_BOUND('',#12458,.T.);
#12458=EDGE_LOOP('',(#12459,#12460,#12461));
#12459=ORIENTED_EDGE('',*,*,#12462,.T.);
#12460=ORIENTED_EDGE('',*,*,#12463,.T.);
#12461=ORIENTED_EDGE('',*,*,#12464,.T.);
#12462=EDGE_CURVE('',#765,#769,#12465,.F.);
#12463=EDGE_CURVE('',#769,#377,#12466,.T.);
#12464=EDGE_CURVE('',#377,#765,#12467,.T.);
#12465=LINE('',#764,#12468);
#12466=LINE('',#768,#12469);
#12467=LINE('',#376,#12470);
#12468=VECTOR('',#12471,1.0);
#12469=VECTOR('',#12472,1.0);
#12470=VECTOR('',#12473,1.0);
#12471=DIRECTION('',(-0.2098805093618196,0,0.9777270436016502));
#12472=DIRECTION('',(0.4633314316286049,-0.27642451000418855,-0.8419699963383088));
#12473=DIRECTION('',(-0.6955240150632898,0.7071065989419464,-0.12746215988674398));
#12474=FACE_SURFACE('',(#12479),#12475,.T.);
#12475=PLANE('',#12476);
#12476=AXIS2_PLACEMENT_3D('',#768,#12477,#12478);
#12477=DIRECTION('',(0.691516891128281,0.7069433440694606,0.14844358376220051));
#12478=DIRECTION('',(0.6865573742787109,-0.7071088718021887,0.1692217930473428));
#12479=FACE_BOUND('',#12480,.T.);
#12480=EDGE_LOOP('',(#12481,#12482,#12483));
#12481=ORIENTED_EDGE('',*,*,#12484,.T.);
#12482=ORIENTED_EDGE('',*,*,#12485,.T.);
#12483=ORIENTED_EDGE('',*,*,#12486,.T.);
#12484=EDGE_CURVE('',#769,#389,#12487,.F.);
#12485=EDGE_CURVE('',#389,#377,#12488,.T.);
#12486=EDGE_CURVE('',#377,#769,#12489,.T.);
#12487=LINE('',#768,#12490);
#12488=LINE('',#388,#12491);
#12489=LINE('',#376,#12492);
#12490=VECTOR('',#12493,1.0);
#12491=VECTOR('',#12494,1.0);
#12492=VECTOR('',#12495,1.0);
#12493=DIRECTION('',(0.6865573742787109,-0.7071088718021887,0.1692217930473428));
#12494=DIRECTION('',(0.20988242944108707,0,-0.9777266314322767));
#12495=DIRECTION('',(-0.4633314316286049,0.27642451000418855,0.8419699963383088));
#12496=FACE_SURFACE('',(#12501),#12497,.T.);
#12497=PLANE('',#12498);
#12498=AXIS2_PLACEMENT_3D('',#392,#12499,#12500);
#12499=DIRECTION('',(-0.681290880525045,0.706945117500432,0.1899245559576467));
#12500=DIRECTION('',(0.01897593986645835,0.2764243244596282,-0.9608483265079992));
#12501=FACE_BOUND('',#12502,.T.);
#12502=EDGE_LOOP('',(#12503,#12504,#12505));
#12503=ORIENTED_EDGE('',*,*,#12506,.T.);
#12504=ORIENTED_EDGE('',*,*,#12507,.T.);
#12505=ORIENTED_EDGE('',*,*,#12508,.T.);
#12506=EDGE_CURVE('',#393,#771,#12509,.F.);
#12507=EDGE_CURVE('',#771,#381,#12510,.T.);
#12508=EDGE_CURVE('',#381,#393,#12511,.T.);
#12509=LINE('',#392,#12512);
#12510=LINE('',#770,#12513);
#12511=LINE('',#380,#12514);
#12512=VECTOR('',#12515,1.0);
#12513=VECTOR('',#12516,1.0);
#12514=VECTOR('',#12517,1.0);
#12515=DIRECTION('',(0.01897593986645835,0.2764243244596282,-0.9608483265079992));
#12516=DIRECTION('',(-0.686559323818006,-0.7071070814556331,0.1692213645904654));
#12517=DIRECTION('',(0.2685325031215217,0,0.9632706238473641));
#12518=FACE_SURFACE('',(#12523),#12519,.T.);
#12519=PLANE('',#12520);
#12520=AXIS2_PLACEMENT_3D('',#770,#12521,#12522);
#12521=DIRECTION('',(-0.6915153628779253,0.706945132372659,0.14844218645120738));
#12522=DIRECTION('',(-0.20988098423290305,0,-0.9777269416649149));
#12523=FACE_BOUND('',#12524,.T.);
#12524=EDGE_LOOP('',(#12525,#12526,#12527));
#12525=ORIENTED_EDGE('',*,*,#12528,.T.);
#12526=ORIENTED_EDGE('',*,*,#12529,.T.);
#12527=ORIENTED_EDGE('',*,*,#12530,.T.);
#12528=EDGE_CURVE('',#771,#767,#12531,.F.);
#12529=EDGE_CURVE('',#767,#381,#12532,.T.);
#12530=EDGE_CURVE('',#381,#771,#12533,.T.);
#12531=LINE('',#770,#12534);
#12532=LINE('',#766,#12535);
#12533=LINE('',#380,#12536);
#12534=VECTOR('',#12537,1.0);
#12535=VECTOR('',#12538,1.0);
#12536=VECTOR('',#12539,1.0);
#12537=DIRECTION('',(-0.20988098423290305,0,-0.9777269416649149));
#12538=DIRECTION('',(-0.07695656335009392,-0.2764242394173234,0.957949543149271));
#12539=DIRECTION('',(0.686559323818006,0.7071070814556331,-0.1692213645904654));
#12540=FACE_SURFACE('',(#12545),#12541,.T.);
#12541=PLANE('',#12542);
#12542=AXIS2_PLACEMENT_3D('',#768,#12543,#12544);
#12543=DIRECTION('',(0.681292777867997,0.7069433511403841,0.18992432467514925));
#12544=DIRECTION('',(-0.2685315057804599,0,0.9632709018771816));
#12545=FACE_BOUND('',#12546,.T.);
#12546=EDGE_LOOP('',(#12547,#12548,#12549));
#12547=ORIENTED_EDGE('',*,*,#12550,.T.);
#12548=ORIENTED_EDGE('',*,*,#12551,.T.);
#12549=ORIENTED_EDGE('',*,*,#12552,.T.);
#12550=EDGE_CURVE('',#769,#773,#12553,.F.);
#12551=EDGE_CURVE('',#773,#389,#12554,.T.);
#12552=EDGE_CURVE('',#389,#769,#12555,.T.);
#12553=LINE('',#768,#12556);
#12554=LINE('',#772,#12557);
#12555=LINE('',#388,#12558);
#12556=VECTOR('',#12559,1.0);
#12557=VECTOR('',#12560,1.0);
#12558=VECTOR('',#12561,1.0);
#12559=DIRECTION('',(-0.2685315057804599,0,0.9632709018771816));
#12560=DIRECTION('',(0.5133216580727371,-0.2764245966550361,-0.8124594252746143));
#12561=DIRECTION('',(-0.6865573742787109,0.7071088718021887,-0.1692217930473428));
#12562=FACE_SURFACE('',(#12567),#12563,.T.);
#12563=PLANE('',#12564);
#12564=AXIS2_PLACEMENT_3D('',#772,#12565,#12566);
#12565=DIRECTION('',(0.6812929891415123,0.7069430875802414,0.1899245478318653));
#12566=DIRECTION('',(0.6750868657508616,-0.7071090942359003,0.21036742271455117));
#12567=FACE_BOUND('',#12568,.T.);
#12568=EDGE_LOOP('',(#12569,#12570,#12571));
#12569=ORIENTED_EDGE('',*,*,#12572,.T.);
#12570=ORIENTED_EDGE('',*,*,#12573,.T.);
#12571=ORIENTED_EDGE('',*,*,#12574,.T.);
#12572=EDGE_CURVE('',#773,#401,#12575,.F.);
#12573=EDGE_CURVE('',#401,#389,#12576,.T.);
#12574=EDGE_CURVE('',#389,#773,#12577,.T.);
#12575=LINE('',#772,#12578);
#12576=LINE('',#400,#12579);
#12577=LINE('',#388,#12580);
#12578=VECTOR('',#12581,1.0);
#12579=VECTOR('',#12582,1.0);
#12580=VECTOR('',#12583,1.0);
#12581=DIRECTION('',(0.6750868657508616,-0.7071090942359003,0.21036742271455117));
#12582=DIRECTION('',(0.26853172127829,0,-0.9632708418027189));
#12583=DIRECTION('',(-0.5133216580727371,0.2764245966550361,0.8124594252746143));
#12584=FACE_SURFACE('',(#12589),#12585,.T.);
#12585=PLANE('',#12586);
#12586=AXIS2_PLACEMENT_3D('',#404,#12587,#12588);
#12587=DIRECTION('',(-0.668581461107298,0.7069443400342723,0.23071309012957553));
#12588=DIRECTION('',(-0.03907301510217663,0.27642442396534844,-0.9602410308491562));
#12589=FACE_BOUND('',#12590,.T.);
#12590=EDGE_LOOP('',(#12591,#12592,#12593));
#12591=ORIENTED_EDGE('',*,*,#12594,.T.);
#12592=ORIENTED_EDGE('',*,*,#12595,.T.);
#12593=ORIENTED_EDGE('',*,*,#12596,.T.);
#12594=EDGE_CURVE('',#405,#775,#12597,.F.);
#12595=EDGE_CURVE('',#775,#393,#12598,.T.);
#12596=EDGE_CURVE('',#393,#405,#12599,.T.);
#12597=LINE('',#404,#12600);
#12598=LINE('',#774,#12601);
#12599=LINE('',#392,#12602);
#12600=VECTOR('',#12603,1.0);
#12601=VECTOR('',#12604,1.0);
#12602=VECTOR('',#12605,1.0);
#12603=DIRECTION('',(-0.03907301510217663,0.27642442396534844,-0.9602410308491562));
#12604=DIRECTION('',(-0.6750882420767774,-0.7071078870793908,0.2103670635812691));
#12605=DIRECTION('',(0.3262026609001389,0,0.9452998593153756));
#12606=FACE_SURFACE('',(#12611),#12607,.T.);
#12607=PLANE('',#12608);
#12608=AXIS2_PLACEMENT_3D('',#774,#12609,#12610);
#12609=DIRECTION('',(-0.6812917907562316,0.7069443077161324,0.18992430501630292));
#12610=DIRECTION('',(-0.26853184100433763,0,-0.9632708084265925));
#12611=FACE_BOUND('',#12612,.T.);
#12612=EDGE_LOOP('',(#12613,#12614,#12615));
#12613=ORIENTED_EDGE('',*,*,#12616,.T.);
#12614=ORIENTED_EDGE('',*,*,#12617,.T.);
#12615=ORIENTED_EDGE('',*,*,#12618,.T.);
#12616=EDGE_CURVE('',#775,#771,#12619,.F.);
#12617=EDGE_CURVE('',#771,#393,#12620,.T.);
#12618=EDGE_CURVE('',#393,#775,#12621,.T.);
#12619=LINE('',#774,#12622);
#12620=LINE('',#770,#12623);
#12621=LINE('',#392,#12624);
#12622=VECTOR('',#12625,1.0);
#12623=VECTOR('',#12626,1.0);
#12624=VECTOR('',#12627,1.0);
#12625=DIRECTION('',(-0.26853184100433763,0,-0.9632708084265925));
#12626=DIRECTION('',(-0.01897593986645835,-0.2764243244596282,0.9608483265079992));
#12627=DIRECTION('',(0.6750882420767774,0.7071078870793908,-0.2103670635812691));
#12628=FACE_SURFACE('',(#12633),#12629,.T.);
#12629=PLANE('',#12630);
#12630=AXIS2_PLACEMENT_3D('',#772,#12631,#12632);
#12631=DIRECTION('',(0.6685819877000136,0.7069431147341705,0.23071531863543104));
#12632=DIRECTION('',(-0.32620524688980707,0,0.9452989669419722));
#12633=FACE_BOUND('',#12634,.T.);
#12634=EDGE_LOOP('',(#12635,#12636,#12637));
#12635=ORIENTED_EDGE('',*,*,#12638,.T.);
#12636=ORIENTED_EDGE('',*,*,#12639,.T.);
#12637=ORIENTED_EDGE('',*,*,#12640,.T.);
#12638=EDGE_CURVE('',#773,#777,#12641,.F.);
#12639=EDGE_CURVE('',#777,#401,#12642,.T.);
#12640=EDGE_CURVE('',#401,#773,#12643,.T.);
#12641=LINE('',#772,#12644);
#12642=LINE('',#776,#12645);
#12643=LINE('',#400,#12646);
#12644=VECTOR('',#12647,1.0);
#12645=VECTOR('',#12648,1.0);
#12646=VECTOR('',#12649,1.0);
#12647=DIRECTION('',(-0.32620524688980707,0,0.9452989669419722));
#12648=DIRECTION('',(0.5614421952386826,-0.276424357893854,-0.7799822022126784));
#12649=DIRECTION('',(-0.6750868657508616,0.7071090942359003,-0.21036742271455117));
#12650=FACE_SURFACE('',(#12655),#12651,.T.);
#12651=PLANE('',#12652);
#12652=AXIS2_PLACEMENT_3D('',#776,#12653,#12654);
#12653=DIRECTION('',(0.6685792037536058,0.706946831461353,0.23071199750976915));
#12654=DIRECTION('',(0.6611580381516907,-0.7071053911412936,0.25074292493772504));
#12655=FACE_BOUND('',#12656,.T.);
#12656=EDGE_LOOP('',(#12657,#12658,#12659));
#12657=ORIENTED_EDGE('',*,*,#12660,.T.);
#12658=ORIENTED_EDGE('',*,*,#12661,.T.);
#12659=ORIENTED_EDGE('',*,*,#12662,.T.);
#12660=EDGE_CURVE('',#777,#413,#12663,.F.);
#12661=EDGE_CURVE('',#413,#401,#12664,.T.);
#12662=EDGE_CURVE('',#401,#777,#12665,.T.);
#12663=LINE('',#776,#12666);
#12664=LINE('',#412,#12667);
#12665=LINE('',#400,#12668);
#12666=VECTOR('',#12669,1.0);
#12667=VECTOR('',#12670,1.0);
#12668=VECTOR('',#12671,1.0);
#12669=DIRECTION('',(0.6611580381516907,-0.7071053911412936,0.25074292493772504));
#12670=DIRECTION('',(0.32620226461386476,1.2140497429322385E-14,-0.9452999960651571));
#12671=DIRECTION('',(-0.5614421952386826,0.276424357893854,0.7799822022126784));
#12672=FACE_SURFACE('',(#12677),#12673,.T.);
#12673=PLANE('',#12674);
#12674=AXIS2_PLACEMENT_3D('',#416,#12675,#12676);
#12675=DIRECTION('',(-0.6534307853172244,0.7069451464299076,0.2706598764850674));
#12676=DIRECTION('',(-0.09697905707848599,0.2764244554427794,-0.9561300031488033));
#12677=FACE_BOUND('',#12678,.T.);
#12678=EDGE_LOOP('',(#12679,#12680,#12681));
#12679=ORIENTED_EDGE('',*,*,#12682,.T.);
#12680=ORIENTED_EDGE('',*,*,#12683,.T.);
#12681=ORIENTED_EDGE('',*,*,#12684,.T.);
#12682=EDGE_CURVE('',#417,#779,#12685,.F.);
#12683=EDGE_CURVE('',#779,#405,#12686,.T.);
#12684=EDGE_CURVE('',#405,#417,#12687,.T.);
#12685=LINE('',#416,#12688);
#12686=LINE('',#778,#12689);
#12687=LINE('',#404,#12690);
#12688=VECTOR('',#12691,1.0);
#12689=VECTOR('',#12692,1.0);
#12690=VECTOR('',#12693,1.0);
#12691=DIRECTION('',(-0.09697905707848599,0.2764244554427794,-0.9561300031488033));
#12692=DIRECTION('',(-0.6611560216764835,-0.7071070659800467,0.25074351884348933));
#12693=DIRECTION('',(0.3826834120113672,0,0.9238795409420745));
#12694=FACE_SURFACE('',(#12699),#12695,.T.);
#12695=PLANE('',#12696);
#12696=AXIS2_PLACEMENT_3D('',#778,#12697,#12698);
#12697=DIRECTION('',(-0.6685805384764506,0.7069451488619121,0.23071328542402697));
#12698=DIRECTION('',(-0.32620330989748614,0,-0.945299635360093));
#12699=FACE_BOUND('',#12700,.T.);
#12700=EDGE_LOOP('',(#12701,#12702,#12703));
#12701=ORIENTED_EDGE('',*,*,#12704,.T.);
#12702=ORIENTED_EDGE('',*,*,#12705,.T.);
#12703=ORIENTED_EDGE('',*,*,#12706,.T.);
#12704=EDGE_CURVE('',#779,#775,#12707,.F.);
#12705=EDGE_CURVE('',#775,#405,#12708,.T.);
#12706=EDGE_CURVE('',#405,#779,#12709,.T.);
#12707=LINE('',#778,#12710);
#12708=LINE('',#774,#12711);
#12709=LINE('',#404,#12712);
#12710=VECTOR('',#12713,1.0);
#12711=VECTOR('',#12714,1.0);
#12712=VECTOR('',#12715,1.0);
#12713=DIRECTION('',(-0.32620330989748614,0,-0.945299635360093));
#12714=DIRECTION('',(0.03907301510217663,-0.27642442396534844,0.9602410308491562));
#12715=DIRECTION('',(0.6611560216764835,0.7071070659800467,-0.25074351884348933));
#12716=FACE_SURFACE('',(#12721),#12717,.T.);
#12717=PLANE('',#12718);
#12718=AXIS2_PLACEMENT_3D('',#776,#12719,#12720);
#12719=DIRECTION('',(0.6534293151599307,0.706946804872125,0.27065909401074567));
#12720=DIRECTION('',(-0.38268320260725974,0,0.9238796276800625));
#12721=FACE_BOUND('',#12722,.T.);
#12722=EDGE_LOOP('',(#12723,#12724,#12725));
#12723=ORIENTED_EDGE('',*,*,#12726,.T.);
#12724=ORIENTED_EDGE('',*,*,#12727,.T.);
#12725=ORIENTED_EDGE('',*,*,#12728,.T.);
#12726=EDGE_CURVE('',#777,#781,#12729,.F.);
#12727=EDGE_CURVE('',#781,#413,#12730,.T.);
#12728=EDGE_CURVE('',#413,#777,#12731,.T.);
#12729=LINE('',#776,#12732);
#12730=LINE('',#780,#12733);
#12731=LINE('',#412,#12734);
#12732=VECTOR('',#12735,1.0);
#12733=VECTOR('',#12736,1.0);
#12734=VECTOR('',#12737,1.0);
#12735=DIRECTION('',(-0.38268320260725974,0,0.9238796276800625));
#12736=DIRECTION('',(0.6075122472245038,-0.2764243696821302,-0.7446599474378022));
#12737=DIRECTION('',(-0.6611580381516907,0.7071053911412936,-0.25074292493772504));
#12738=FACE_SURFACE('',(#12743),#12739,.T.);
#12739=PLANE('',#12740);
#12740=AXIS2_PLACEMENT_3D('',#780,#12741,#12742);
#12741=DIRECTION('',(0.6534293664596148,0.7069467309231973,0.2706591633128107));
#12742=DIRECTION('',(0.6448119206200532,-0.7071054843917045,0.2902058251818029));
#12743=FACE_BOUND('',#12744,.T.);
#12744=EDGE_LOOP('',(#12745,#12746,#12747));
#12745=ORIENTED_EDGE('',*,*,#12748,.T.);
#12746=ORIENTED_EDGE('',*,*,#12749,.T.);
#12747=ORIENTED_EDGE('',*,*,#12750,.T.);
#12748=EDGE_CURVE('',#781,#425,#12751,.F.);
#12749=EDGE_CURVE('',#425,#413,#12752,.T.);
#12750=EDGE_CURVE('',#413,#781,#12753,.T.);
#12751=LINE('',#780,#12754);
#12752=LINE('',#424,#12755);
#12753=LINE('',#412,#12756);
#12754=VECTOR('',#12757,1.0);
#12755=VECTOR('',#12758,1.0);
#12756=VECTOR('',#12759,1.0);
#12757=DIRECTION('',(0.6448119206200532,-0.7071054843917045,0.2902058251818029));
#12758=DIRECTION('',(0.3826832605993163,0,-0.9238796036589809));
#12759=DIRECTION('',(-0.6075122472245038,0.2764243696821302,0.7446599474378022));
#12760=FACE_SURFACE('',(#12765),#12761,.T.);
#12761=PLANE('',#12762);
#12762=AXIS2_PLACEMENT_3D('',#428,#12763,#12764);
#12763=DIRECTION('',(-0.6358964517561607,0.7069455915033711,0.3096185286733881));
#12764=DIRECTION('',(-0.15453096815912862,0.27642421276373697,-0.948530355063954));
#12765=FACE_BOUND('',#12766,.T.);
#12766=EDGE_LOOP('',(#12767,#12768,#12769));
#12767=ORIENTED_EDGE('',*,*,#12770,.T.);
#12768=ORIENTED_EDGE('',*,*,#12771,.T.);
#12769=ORIENTED_EDGE('',*,*,#12772,.T.);
#12770=EDGE_CURVE('',#429,#783,#12773,.F.);
#12771=EDGE_CURVE('',#783,#417,#12774,.T.);
#12772=EDGE_CURVE('',#417,#429,#12775,.T.);
#12773=LINE('',#428,#12776);
#12774=LINE('',#782,#12777);
#12775=LINE('',#416,#12778);
#12776=VECTOR('',#12779,1.0);
#12777=VECTOR('',#12780,1.0);
#12778=VECTOR('',#12781,1.0);
#12779=DIRECTION('',(-0.15453096815912862,0.27642421276373697,-0.948530355063954));
#12780=DIRECTION('',(-0.6448104432432529,-0.7071066374016677,0.2902062983929647));
#12781=DIRECTION('',(0.43776695327289883,0,0.8990884798628906));
#12782=FACE_SURFACE('',(#12787),#12783,.T.);
#12783=PLANE('',#12784);
#12784=AXIS2_PLACEMENT_3D('',#782,#12785,#12786);
#12785=DIRECTION('',(-0.653430299693147,0.7069455675395813,0.27065994897484064));
#12786=DIRECTION('',(-0.38268374225099483,0,-0.9238794041522812));
#12787=FACE_BOUND('',#12788,.T.);
#12788=EDGE_LOOP('',(#12789,#12790,#12791));
#12789=ORIENTED_EDGE('',*,*,#12792,.T.);
#12790=ORIENTED_EDGE('',*,*,#12793,.T.);
#12791=ORIENTED_EDGE('',*,*,#12794,.T.);
#12792=EDGE_CURVE('',#783,#779,#12795,.F.);
#12793=EDGE_CURVE('',#779,#417,#12796,.T.);
#12794=EDGE_CURVE('',#417,#783,#12797,.T.);
#12795=LINE('',#782,#12798);
#12796=LINE('',#778,#12799);
#12797=LINE('',#416,#12800);
#12798=VECTOR('',#12801,1.0);
#12799=VECTOR('',#12802,1.0);
#12800=VECTOR('',#12803,1.0);
#12801=DIRECTION('',(-0.38268374225099483,0,-0.9238794041522812));
#12802=DIRECTION('',(0.09697905707848599,-0.2764244554427794,0.9561300031488033));
#12803=DIRECTION('',(0.6448104432432529,0.7071066374016677,-0.2902062983929647));
#12804=FACE_SURFACE('',(#12809),#12805,.T.);
#12805=PLANE('',#12806);
#12806=AXIS2_PLACEMENT_3D('',#780,#12807,#12808);
#12807=DIRECTION('',(0.6358953121824908,0.7069467249145238,0.30961828123830304));
#12808=DIRECTION('',(-0.43776730463892266,0,0.8990883087823869));
#12809=FACE_BOUND('',#12810,.T.);
#12810=EDGE_LOOP('',(#12811,#12812,#12813));
#12811=ORIENTED_EDGE('',*,*,#12814,.T.);
#12812=ORIENTED_EDGE('',*,*,#12815,.T.);
#12813=ORIENTED_EDGE('',*,*,#12816,.T.);
#12814=EDGE_CURVE('',#781,#785,#12817,.F.);
#12815=EDGE_CURVE('',#785,#425,#12818,.T.);
#12816=EDGE_CURVE('',#425,#781,#12819,.T.);
#12817=LINE('',#780,#12820);
#12818=LINE('',#784,#12821);
#12819=LINE('',#424,#12822);
#12820=VECTOR('',#12823,1.0);
#12821=VECTOR('',#12824,1.0);
#12822=VECTOR('',#12825,1.0);
#12823=DIRECTION('',(-0.43776730463892266,0,0.8990883087823869));
#12824=DIRECTION('',(0.651365096938718,-0.2764243086121005,-0.7066209111668977));
#12825=DIRECTION('',(-0.6448119206200532,0.7071054843917045,-0.2902058251818029));
#12826=FACE_SURFACE('',(#12831),#12827,.T.);
#12827=PLANE('',#12828);
#12828=AXIS2_PLACEMENT_3D('',#784,#12829,#12830);
#12829=DIRECTION('',(0.6358954973289208,0.7069464337431545,0.30961856581064384));
#12830=DIRECTION('',(0.6261124865647382,-0.7071057627926335,0.3286100947828114));
#12831=FACE_BOUND('',#12832,.T.);
#12832=EDGE_LOOP('',(#12833,#12834,#12835));
#12833=ORIENTED_EDGE('',*,*,#12836,.T.);
#12834=ORIENTED_EDGE('',*,*,#12837,.T.);
#12835=ORIENTED_EDGE('',*,*,#12838,.T.);
#12836=EDGE_CURVE('',#785,#437,#12839,.F.);
#12837=EDGE_CURVE('',#437,#425,#12840,.T.);
#12838=EDGE_CURVE('',#425,#785,#12841,.T.);
#12839=LINE('',#784,#12842);
#12840=LINE('',#436,#12843);
#12841=LINE('',#424,#12844);
#12842=VECTOR('',#12845,1.0);
#12843=VECTOR('',#12846,1.0);
#12844=VECTOR('',#12847,1.0);
#12845=DIRECTION('',(0.6261124865647382,-0.7071057627926335,0.3286100947828114));
#12846=DIRECTION('',(0.43776752685309656,0,-0.8990882005859734));
#12847=DIRECTION('',(-0.651365096938718,0.2764243086121005,0.7066209111668977));
#12848=FACE_SURFACE('',(#12853),#12849,.T.);
#12849=PLANE('',#12850);
#12850=AXIS2_PLACEMENT_3D('',#440,#12851,#12852);
#12851=DIRECTION('',(-0.6160414894646611,0.7069455338324571,0.34744912642357356));
#12852=DIRECTION('',(-0.2115208905388003,0.27642465729089366,-0.937469104401465));
#12853=FACE_BOUND('',#12854,.T.);
#12854=EDGE_LOOP('',(#12855,#12856,#12857));
#12855=ORIENTED_EDGE('',*,*,#12858,.T.);
#12856=ORIENTED_EDGE('',*,*,#12859,.T.);
#12857=ORIENTED_EDGE('',*,*,#12860,.T.);
#12858=EDGE_CURVE('',#441,#787,#12861,.F.);
#12859=EDGE_CURVE('',#787,#429,#12862,.T.);
#12860=EDGE_CURVE('',#429,#441,#12863,.T.);
#12861=LINE('',#440,#12864);
#12862=LINE('',#786,#12865);
#12863=LINE('',#428,#12866);
#12864=VECTOR('',#12867,1.0);
#12865=VECTOR('',#12868,1.0);
#12866=VECTOR('',#12869,1.0);
#12867=DIRECTION('',(-0.2115208905388003,0.27642465729089366,-0.937469104401465));
#12868=DIRECTION('',(-0.6261112053352765,-0.7071066957705869,0.32861052836147786));
#12869=DIRECTION('',(0.49125526739857245,1.2140511700427112E-14,0.8710156498325143));
#12870=FACE_SURFACE('',(#12875),#12871,.T.);
#12871=PLANE('',#12872);
#12872=AXIS2_PLACEMENT_3D('',#786,#12873,#12874);
#12873=DIRECTION('',(-0.6358965836994184,0.7069454779051733,0.30961851706387766));
#12874=DIRECTION('',(-0.43776686657822206,0,-0.8990885220745981));
#12875=FACE_BOUND('',#12876,.T.);
#12876=EDGE_LOOP('',(#12877,#12878,#12879));
#12877=ORIENTED_EDGE('',*,*,#12880,.T.);
#12878=ORIENTED_EDGE('',*,*,#12881,.T.);
#12879=ORIENTED_EDGE('',*,*,#12882,.T.);
#12880=EDGE_CURVE('',#787,#783,#12883,.F.);
#12881=EDGE_CURVE('',#783,#429,#12884,.T.);
#12882=EDGE_CURVE('',#429,#787,#12885,.T.);
#12883=LINE('',#786,#12886);
#12884=LINE('',#782,#12887);
#12885=LINE('',#428,#12888);
#12886=VECTOR('',#12889,1.0);
#12887=VECTOR('',#12890,1.0);
#12888=VECTOR('',#12891,1.0);
#12889=DIRECTION('',(-0.43776686657822206,0,-0.8990885220745981));
#12890=DIRECTION('',(0.15453096815912862,-0.27642421276373697,0.948530355063954));
#12891=DIRECTION('',(0.6261112053352765,0.7071066957705869,-0.32861052836147786));
#12892=FACE_SURFACE('',(#12897),#12893,.T.);
#12893=PLANE('',#12894);
#12894=AXIS2_PLACEMENT_3D('',#784,#12895,#12896);
#12895=DIRECTION('',(0.616041507557774,0.7069464780601341,0.34744717314192886));
#12896=DIRECTION('',(-0.49125316121293966,0,0.8710168377237569));
#12897=FACE_BOUND('',#12898,.T.);
#12898=EDGE_LOOP('',(#12899,#12900,#12901));
#12899=ORIENTED_EDGE('',*,*,#12902,.T.);
#12900=ORIENTED_EDGE('',*,*,#12903,.T.);
#12901=ORIENTED_EDGE('',*,*,#12904,.T.);
#12902=EDGE_CURVE('',#785,#789,#12905,.F.);
#12903=EDGE_CURVE('',#789,#437,#12906,.T.);
#12904=EDGE_CURVE('',#437,#785,#12907,.T.);
#12905=LINE('',#784,#12908);
#12906=LINE('',#788,#12909);
#12907=LINE('',#436,#12910);
#12908=VECTOR('',#12911,1.0);
#12909=VECTOR('',#12912,1.0);
#12910=VECTOR('',#12913,1.0);
#12911=DIRECTION('',(-0.49125316121293966,0,0.8710168377237569));
#12912=DIRECTION('',(0.6928405439651468,-0.27642443009305406,-0.6660041404419419));
#12913=DIRECTION('',(-0.6261124865647382,0.7071057627926335,-0.3286100947828114));
#12914=FACE_SURFACE('',(#12919),#12915,.T.);
#12915=PLANE('',#12916);
#12916=AXIS2_PLACEMENT_3D('',#788,#12917,#12918);
#12917=DIRECTION('',(0.6160431475614487,0.7069436293229752,0.3474500615948183));
#12918=DIRECTION('',(0.6051292274101243,-0.7071086498470183,0.3658086596098468));
#12919=FACE_BOUND('',#12920,.T.);
#12920=EDGE_LOOP('',(#12921,#12922,#12923));
#12921=ORIENTED_EDGE('',*,*,#12924,.T.);
#12922=ORIENTED_EDGE('',*,*,#12925,.T.);
#12923=ORIENTED_EDGE('',*,*,#12926,.T.);
#12924=EDGE_CURVE('',#789,#449,#12927,.F.);
#12925=EDGE_CURVE('',#449,#437,#12928,.T.);
#12926=EDGE_CURVE('',#437,#789,#12929,.T.);
#12927=LINE('',#788,#12930);
#12928=LINE('',#448,#12931);
#12929=LINE('',#436,#12932);
#12930=VECTOR('',#12933,1.0);
#12931=VECTOR('',#12934,1.0);
#12932=VECTOR('',#12935,1.0);
#12933=DIRECTION('',(0.6051292274101243,-0.7071086498470183,0.3658086596098468));
#12934=DIRECTION('',(0.49125526739857245,0,-0.8710156498325143));
#12935=DIRECTION('',(-0.6928405439651468,0.27642443009305406,0.6660041404419419));
#12936=FACE_SURFACE('',(#12941),#12937,.T.);
#12937=PLANE('',#12938);
#12938=AXIS2_PLACEMENT_3D('',#452,#12939,#12940);
#12939=DIRECTION('',(-0.5939403982258713,0.706944567489969,0.3840106533049756));
#12940=DIRECTION('',(-0.2677378796915329,0.27642436746023374,-0.922987538839226));
#12941=FACE_BOUND('',#12942,.T.);
#12942=EDGE_LOOP('',(#12943,#12944,#12945));
#12943=ORIENTED_EDGE('',*,*,#12946,.T.);
#12944=ORIENTED_EDGE('',*,*,#12947,.T.);
#12945=ORIENTED_EDGE('',*,*,#12948,.T.);
#12946=EDGE_CURVE('',#453,#791,#12949,.F.);
#12947=EDGE_CURVE('',#791,#441,#12950,.T.);
#12948=EDGE_CURVE('',#441,#453,#12951,.T.);
#12949=LINE('',#452,#12952);
#12950=LINE('',#790,#12953);
#12951=LINE('',#440,#12954);
#12952=VECTOR('',#12955,1.0);
#12953=VECTOR('',#12956,1.0);
#12954=VECTOR('',#12957,1.0);
#12955=DIRECTION('',(-0.2677378796915329,0.27642436746023374,-0.922987538839226));
#12956=DIRECTION('',(-0.6051308302182258,-0.7071075677860638,0.3658080998270512));
#12957=DIRECTION('',(0.5429485475583826,0,0.8397659642449453));
#12958=FACE_SURFACE('',(#12963),#12959,.T.);
#12959=PLANE('',#12960);
#12960=AXIS2_PLACEMENT_3D('',#790,#12961,#12962);
#12961=DIRECTION('',(-0.6160424332918139,0.7069447240567734,0.34744910060639633));
#12962=DIRECTION('',(-0.49125466869843104,0,-0.8710159875008004));
#12963=FACE_BOUND('',#12964,.T.);
#12964=EDGE_LOOP('',(#12965,#12966,#12967));
#12965=ORIENTED_EDGE('',*,*,#12968,.T.);
#12966=ORIENTED_EDGE('',*,*,#12969,.T.);
#12967=ORIENTED_EDGE('',*,*,#12970,.T.);
#12968=EDGE_CURVE('',#791,#787,#12971,.F.);
#12969=EDGE_CURVE('',#787,#441,#12972,.T.);
#12970=EDGE_CURVE('',#441,#791,#12973,.T.);
#12971=LINE('',#790,#12974);
#12972=LINE('',#786,#12975);
#12973=LINE('',#440,#12976);
#12974=VECTOR('',#12977,1.0);
#12975=VECTOR('',#12978,1.0);
#12976=VECTOR('',#12979,1.0);
#12977=DIRECTION('',(-0.49125466869843104,0,-0.8710159875008004));
#12978=DIRECTION('',(0.2115208905388003,-0.27642465729089366,0.937469104401465));
#12979=DIRECTION('',(0.6051308302182258,0.7071075677860638,-0.3658080998270512));
#12980=FACE_SURFACE('',(#12985),#12981,.T.);
#12981=PLANE('',#12982);
#12982=AXIS2_PLACEMENT_3D('',#788,#12983,#12984);
#12983=DIRECTION('',(0.5939406006105753,0.7069434853031031,0.3840123325283321));
#12984=DIRECTION('',(-0.5429500914127781,0,0.8397649660678015));
#12985=FACE_BOUND('',#12986,.T.);
#12986=EDGE_LOOP('',(#12987,#12988,#12989));
#12987=ORIENTED_EDGE('',*,*,#12990,.T.);
#12988=ORIENTED_EDGE('',*,*,#12991,.T.);
#12989=ORIENTED_EDGE('',*,*,#12992,.T.);
#12990=EDGE_CURVE('',#789,#793,#12993,.F.);
#12991=EDGE_CURVE('',#793,#449,#12994,.T.);
#12992=EDGE_CURVE('',#449,#789,#12995,.T.);
#12993=LINE('',#788,#12996);
#12994=LINE('',#792,#12997);
#12995=LINE('',#448,#12998);
#12996=VECTOR('',#12999,1.0);
#12997=VECTOR('',#13000,1.0);
#12998=VECTOR('',#13001,1.0);
#12999=DIRECTION('',(-0.5429500914127781,0,0.8397649660678015));
#13000=DIRECTION('',(0.7317888273913874,-0.2764238981152149,-0.6229566121777083));
#13001=DIRECTION('',(-0.6051292274101243,0.7071086498470183,-0.3658086596098468));
#13002=FACE_SURFACE('',(#13007),#13003,.T.);
#13003=PLANE('',#13004);
#13004=AXIS2_PLACEMENT_3D('',#792,#13005,#13006);
#13005=DIRECTION('',(0.5939396688111942,0.706945300179088,0.3840104326280057));
#13006=DIRECTION('',(0.5819368374978828,-0.7071068936510703,0.4016831563733995));
#13007=FACE_BOUND('',#13008,.T.);
#13008=EDGE_LOOP('',(#13009,#13010,#13011));
#13009=ORIENTED_EDGE('',*,*,#13012,.T.);
#13010=ORIENTED_EDGE('',*,*,#13013,.T.);
#13011=ORIENTED_EDGE('',*,*,#13014,.T.);
#13012=EDGE_CURVE('',#793,#461,#13015,.F.);
#13013=EDGE_CURVE('',#461,#449,#13016,.T.);
#13014=EDGE_CURVE('',#449,#793,#13017,.T.);
#13015=LINE('',#792,#13018);
#13016=LINE('',#460,#13019);
#13017=LINE('',#448,#13020);
#13018=VECTOR('',#13021,1.0);
#13019=VECTOR('',#13022,1.0);
#13020=VECTOR('',#13023,1.0);
#13021=DIRECTION('',(0.5819368374978828,-0.7071068936510703,0.4016831563733995));
#13022=DIRECTION('',(0.5429487977512675,0,-0.8397658024833193));
#13023=DIRECTION('',(-0.7317888273913874,0.2764238981152149,0.6229566121777083));
#13024=FACE_SURFACE('',(#13029),#13025,.T.);
#13025=PLANE('',#13026);
#13026=AXIS2_PLACEMENT_3D('',#464,#13027,#13028);
#13027=DIRECTION('',(-0.5696704049953045,0.706944822519528,0.4191713821163353));
#13028=DIRECTION('',(-0.32297821939073534,0.276424368584969,-0.9051379111779547));
#13029=FACE_BOUND('',#13030,.T.);
#13030=EDGE_LOOP('',(#13031,#13032,#13033));
#13031=ORIENTED_EDGE('',*,*,#13034,.T.);
#13032=ORIENTED_EDGE('',*,*,#13035,.T.);
#13033=ORIENTED_EDGE('',*,*,#13036,.T.);
#13034=EDGE_CURVE('',#465,#795,#13037,.F.);
#13035=EDGE_CURVE('',#795,#453,#13038,.T.);
#13036=EDGE_CURVE('',#453,#465,#13039,.T.);
#13037=LINE('',#464,#13040);
#13038=LINE('',#794,#13041);
#13039=LINE('',#452,#13042);
#13040=VECTOR('',#13043,1.0);
#13041=VECTOR('',#13044,1.0);
#13042=VECTOR('',#13045,1.0);
#13043=DIRECTION('',(-0.32297821939073534,0.276424368584969,-0.9051379111779547));
#13044=DIRECTION('',(-0.5819360012828515,-0.7071074139433385,0.4016834519335956));
#13045=DIRECTION('',(0.5926621388403144,0,0.805451171198617));
#13046=FACE_SURFACE('',(#13051),#13047,.T.);
#13047=PLANE('',#13048);
#13048=AXIS2_PLACEMENT_3D('',#794,#13049,#13050);
#13049=DIRECTION('',(-0.5939401650960793,0.7069447675433255,0.38401064559300396));
#13050=DIRECTION('',(-0.5429486901589418,0,-0.8397658720468996));
#13051=FACE_BOUND('',#13052,.T.);
#13052=EDGE_LOOP('',(#13053,#13054,#13055));
#13053=ORIENTED_EDGE('',*,*,#13056,.T.);
#13054=ORIENTED_EDGE('',*,*,#13057,.T.);
#13055=ORIENTED_EDGE('',*,*,#13058,.T.);
#13056=EDGE_CURVE('',#795,#791,#13059,.F.);
#13057=EDGE_CURVE('',#791,#453,#13060,.T.);
#13058=EDGE_CURVE('',#453,#795,#13061,.T.);
#13059=LINE('',#794,#13062);
#13060=LINE('',#790,#13063);
#13061=LINE('',#452,#13064);
#13062=VECTOR('',#13065,1.0);
#13063=VECTOR('',#13066,1.0);
#13064=VECTOR('',#13067,1.0);
#13065=DIRECTION('',(-0.5429486901589418,0,-0.8397658720468996));
#13066=DIRECTION('',(0.2677378796915329,-0.27642436746023374,0.922987538839226));
#13067=DIRECTION('',(0.5819360012828515,0.7071074139433385,-0.4016834519335956));
#13068=FACE_SURFACE('',(#13073),#13069,.T.);
#13069=PLANE('',#13070);
#13070=AXIS2_PLACEMENT_3D('',#792,#13071,#13072);
#13071=DIRECTION('',(0.5696698180982294,0.7069453274796224,0.4191713281018391));
#13072=DIRECTION('',(-0.5926624854123819,0,0.80545091618597));
#13073=FACE_BOUND('',#13074,.T.);
#13074=EDGE_LOOP('',(#13075,#13076,#13077));
#13075=ORIENTED_EDGE('',*,*,#13078,.T.);
#13076=ORIENTED_EDGE('',*,*,#13079,.T.);
#13077=ORIENTED_EDGE('',*,*,#13080,.T.);
#13078=EDGE_CURVE('',#793,#797,#13081,.F.);
#13079=EDGE_CURVE('',#797,#461,#13082,.T.);
#13080=EDGE_CURVE('',#461,#793,#13083,.T.);
#13081=LINE('',#792,#13084);
#13082=LINE('',#796,#13085);
#13083=LINE('',#460,#13086);
#13084=VECTOR('',#13087,1.0);
#13085=VECTOR('',#13088,1.0);
#13086=VECTOR('',#13089,1.0);
#13087=DIRECTION('',(-0.5926624854123819,0,0.80545091618597));
#13088=DIRECTION('',(0.7680676201668855,-0.27642471379584554,-0.5776344072629865));
#13089=DIRECTION('',(-0.5819368374978828,0.7071068936510703,-0.4016831563733995));
#13090=FACE_SURFACE('',(#13095),#13091,.T.);
#13091=PLANE('',#13092);
#13092=AXIS2_PLACEMENT_3D('',#796,#13093,#13094);
#13093=DIRECTION('',(0.569669665976841,0.7069456660690973,0.41917096379872826));
#13094=DIRECTION('',(0.5566214449239668,-0.7071065075279895,0.4360882411420015));
#13095=FACE_BOUND('',#13096,.T.);
#13096=EDGE_LOOP('',(#13097,#13098,#13099));
#13097=ORIENTED_EDGE('',*,*,#13100,.T.);
#13098=ORIENTED_EDGE('',*,*,#13101,.T.);
#13099=ORIENTED_EDGE('',*,*,#13102,.T.);
#13100=EDGE_CURVE('',#797,#473,#13103,.F.);
#13101=EDGE_CURVE('',#473,#461,#13104,.T.);
#13102=EDGE_CURVE('',#461,#797,#13105,.T.);
#13103=LINE('',#796,#13106);
#13104=LINE('',#472,#13107);
#13105=LINE('',#460,#13108);
#13106=VECTOR('',#13109,1.0);
#13107=VECTOR('',#13110,1.0);
#13108=VECTOR('',#13111,1.0);
#13109=DIRECTION('',(0.5566214449239668,-0.7071065075279895,0.4360882411420015));
#13110=DIRECTION('',(0.5926622539225167,0,-0.8054510865195242));
#13111=DIRECTION('',(-0.7680676201668855,0.27642471379584554,0.5776344072629865));
#13112=FACE_SURFACE('',(#13117),#13113,.T.);
#13113=PLANE('',#13114);
#13114=AXIS2_PLACEMENT_3D('',#476,#13115,#13116);
#13115=DIRECTION('',(-0.5433211773629386,0.7069457357555632,0.4528021918299157));
#13116=DIRECTION('',(-0.37703943736599566,0.27642454757136425,-0.8839857081258158));
#13117=FACE_BOUND('',#13118,.T.);
#13118=EDGE_LOOP('',(#13119,#13120,#13121));
#13119=ORIENTED_EDGE('',*,*,#13122,.T.);
#13120=ORIENTED_EDGE('',*,*,#13123,.T.);
#13121=ORIENTED_EDGE('',*,*,#13124,.T.);
#13122=EDGE_CURVE('',#477,#799,#13125,.F.);
#13123=EDGE_CURVE('',#799,#465,#13126,.T.);
#13124=EDGE_CURVE('',#465,#477,#13127,.T.);
#13125=LINE('',#476,#13128);
#13126=LINE('',#798,#13129);
#13127=LINE('',#464,#13130);
#13128=VECTOR('',#13131,1.0);
#13129=VECTOR('',#13132,1.0);
#13130=VECTOR('',#13133,1.0);
#13131=DIRECTION('',(-0.37703943736599566,0.27642454757136425,-0.8839857081258158));
#13132=DIRECTION('',(-0.5566214449239782,-0.7071065075279752,0.4360882411420104));
#13133=DIRECTION('',(0.6402132237120663,-1.2140511234380174E-14,0.7681972586414272));
#13134=FACE_SURFACE('',(#13139),#13135,.T.);
#13135=PLANE('',#13136);
#13136=AXIS2_PLACEMENT_3D('',#798,#13137,#13138);
#13137=DIRECTION('',(-0.5696694185545064,0.7069456722502988,0.4191712896303178));
#13138=DIRECTION('',(-0.5926627197902696,0,-0.8054507437272626));
#13139=FACE_BOUND('',#13140,.T.);
#13140=EDGE_LOOP('',(#13141,#13142,#13143));
#13141=ORIENTED_EDGE('',*,*,#13144,.T.);
#13142=ORIENTED_EDGE('',*,*,#13145,.T.);
#13143=ORIENTED_EDGE('',*,*,#13146,.T.);
#13144=EDGE_CURVE('',#799,#795,#13147,.F.);
#13145=EDGE_CURVE('',#795,#465,#13148,.T.);
#13146=EDGE_CURVE('',#465,#799,#13149,.T.);
#13147=LINE('',#798,#13150);
#13148=LINE('',#794,#13151);
#13149=LINE('',#464,#13152);
#13150=VECTOR('',#13153,1.0);
#13151=VECTOR('',#13154,1.0);
#13152=VECTOR('',#13155,1.0);
#13153=DIRECTION('',(-0.5926627197902696,0,-0.8054507437272626));
#13154=DIRECTION('',(0.32297821939073534,-0.276424368584969,0.9051379111779547));
#13155=DIRECTION('',(0.5566214449239782,0.7071065075279752,-0.4360882411420104));
#13156=FACE_SURFACE('',(#13161),#13157,.T.);
#13157=PLANE('',#13158);
#13158=AXIS2_PLACEMENT_3D('',#796,#13159,#13160);
#13159=DIRECTION('',(0.543322064799871,0.7069457570817979,0.452801093688662));
#13160=DIRECTION('',(-0.640211690354865,0,0.7681985365339916));
#13161=FACE_BOUND('',#13162,.T.);
#13162=EDGE_LOOP('',(#13163,#13164,#13165));
#13163=ORIENTED_EDGE('',*,*,#13166,.T.);
#13164=ORIENTED_EDGE('',*,*,#13167,.T.);
#13165=ORIENTED_EDGE('',*,*,#13168,.T.);
#13166=EDGE_CURVE('',#797,#801,#13169,.F.);
#13167=EDGE_CURVE('',#801,#473,#13170,.T.);
#13168=EDGE_CURVE('',#473,#797,#13171,.T.);
#13169=LINE('',#796,#13172);
#13170=LINE('',#800,#13173);
#13171=LINE('',#472,#13174);
#13172=VECTOR('',#13175,1.0);
#13173=VECTOR('',#13176,1.0);
#13174=VECTOR('',#13177,1.0);
#13175=DIRECTION('',(-0.640211690354865,0,0.7681985365339916));
#13176=DIRECTION('',(0.8015422632070656,-0.2764248108350257,-0.5302068692951041));
#13177=DIRECTION('',(-0.5566214449239668,0.7071065075279895,-0.4360882411420015));
#13178=FACE_SURFACE('',(#13183),#13179,.T.);
#13179=PLANE('',#13180);
#13180=AXIS2_PLACEMENT_3D('',#800,#13181,#13182);
#13181=DIRECTION('',(0.5433225972055717,0.7069443687895779,0.4528026223449876));
#13182=DIRECTION('',(0.5292775982362742,-0.7071078697979915,0.468896240627911));
#13183=FACE_BOUND('',#13184,.T.);
#13184=EDGE_LOOP('',(#13185,#13186,#13187));
#13185=ORIENTED_EDGE('',*,*,#13188,.T.);
#13186=ORIENTED_EDGE('',*,*,#13189,.T.);
#13187=ORIENTED_EDGE('',*,*,#13190,.T.);
#13188=EDGE_CURVE('',#801,#485,#13191,.F.);
#13189=EDGE_CURVE('',#485,#473,#13192,.T.);
#13190=EDGE_CURVE('',#473,#801,#13193,.T.);
#13191=LINE('',#800,#13194);
#13192=LINE('',#484,#13195);
#13193=LINE('',#472,#13196);
#13194=VECTOR('',#13197,1.0);
#13195=VECTOR('',#13198,1.0);
#13196=VECTOR('',#13199,1.0);
#13197=DIRECTION('',(0.5292775982362742,-0.7071078697979915,0.468896240627911));
#13198=DIRECTION('',(0.6402125956139401,0,-0.7681977820960314));
#13199=DIRECTION('',(-0.8015422632070656,0.2764248108350257,0.5302068692951041));
#13200=FACE_SURFACE('',(#13205),#13201,.T.);
#13201=PLANE('',#13202);
#13202=AXIS2_PLACEMENT_3D('',#488,#13203,#13204);
#13203=DIRECTION('',(-0.5149915553133644,0.7069452424579922,0.48478048859451084));
#13204=DIRECTION('',(-0.4297244213856222,0.2764243783093182,-0.8596083321729141));
#13205=FACE_BOUND('',#13206,.T.);
#13206=EDGE_LOOP('',(#13207,#13208,#13209));
#13207=ORIENTED_EDGE('',*,*,#13210,.T.);
#13208=ORIENTED_EDGE('',*,*,#13211,.T.);
#13209=ORIENTED_EDGE('',*,*,#13212,.T.);
#13210=EDGE_CURVE('',#489,#803,#13213,.F.);
#13211=EDGE_CURVE('',#803,#477,#13214,.T.);
#13212=EDGE_CURVE('',#477,#489,#13215,.T.);
#13213=LINE('',#488,#13216);
#13214=LINE('',#802,#13217);
#13215=LINE('',#476,#13218);
#13216=VECTOR('',#13219,1.0);
#13217=VECTOR('',#13220,1.0);
#13218=VECTOR('',#13221,1.0);
#13219=DIRECTION('',(-0.4297244213856222,0.2764243783093182,-0.8596083321729141));
#13220=DIRECTION('',(-0.5292794186385632,-0.7071069233725633,0.4688956130357935));
#13221=DIRECTION('',(0.685426591624533,0,0.7281417358550296));
#13222=FACE_SURFACE('',(#13227),#13223,.T.);
#13223=PLANE('',#13224);
#13224=AXIS2_PLACEMENT_3D('',#802,#13225,#13226);
#13225=DIRECTION('',(-0.543321626471985,0.7069453459709185,0.45280226149821184));
#13226=DIRECTION('',(-0.6402129695465059,0,-0.7681974704621493));
#13227=FACE_BOUND('',#13228,.T.);
#13228=EDGE_LOOP('',(#13229,#13230,#13231));
#13229=ORIENTED_EDGE('',*,*,#13232,.T.);
#13230=ORIENTED_EDGE('',*,*,#13233,.T.);
#13231=ORIENTED_EDGE('',*,*,#13234,.T.);
#13232=EDGE_CURVE('',#803,#799,#13235,.F.);
#13233=EDGE_CURVE('',#799,#477,#13236,.T.);
#13234=EDGE_CURVE('',#477,#803,#13237,.T.);
#13235=LINE('',#802,#13238);
#13236=LINE('',#798,#13239);
#13237=LINE('',#476,#13240);
#13238=VECTOR('',#13241,1.0);
#13239=VECTOR('',#13242,1.0);
#13240=VECTOR('',#13243,1.0);
#13241=DIRECTION('',(-0.6402129695465059,0,-0.7681974704621493));
#13242=DIRECTION('',(0.37703943736599566,-0.27642454757136425,0.8839857081258158));
#13243=DIRECTION('',(0.5292794186385632,0.7071069233725633,-0.4688956130357935));
#13244=FACE_SURFACE('',(#13249),#13245,.T.);
#13245=PLANE('',#13246);
#13246=AXIS2_PLACEMENT_3D('',#800,#13247,#13248);
#13247=DIRECTION('',(0.514990959462157,0.7069442927867154,0.48478250645886345));
#13248=DIRECTION('',(-0.6854285247392873,0,0.7281399161381858));
#13249=FACE_BOUND('',#13250,.T.);
#13250=EDGE_LOOP('',(#13251,#13252,#13253));
#13251=ORIENTED_EDGE('',*,*,#13254,.T.);
#13252=ORIENTED_EDGE('',*,*,#13255,.T.);
#13253=ORIENTED_EDGE('',*,*,#13256,.T.);
#13254=EDGE_CURVE('',#801,#805,#13257,.F.);
#13255=EDGE_CURVE('',#805,#485,#13258,.T.);
#13256=EDGE_CURVE('',#485,#801,#13259,.T.);
#13257=LINE('',#800,#13260);
#13258=LINE('',#804,#13261);
#13259=LINE('',#484,#13262);
#13260=VECTOR('',#13263,1.0);
#13261=VECTOR('',#13264,1.0);
#13262=VECTOR('',#13265,1.0);
#13263=DIRECTION('',(-0.6854285247392873,0,0.7281399161381858));
#13264=DIRECTION('',(0.8320936142652785,-0.2764241062421716,-0.4808429375452681));
#13265=DIRECTION('',(-0.5292775982362742,0.7071078697979915,-0.468896240627911));
#13266=FACE_SURFACE('',(#13271),#13267,.T.);
#13267=PLANE('',#13268);
#13268=AXIS2_PLACEMENT_3D('',#804,#13269,#13270);
#13269=DIRECTION('',(0.514989873862002,0.7069477248092223,0.48477865485875443));
#13270=DIRECTION('',(0.5000016332683659,-0.7071044713887285,0.5000016332683659));
#13271=FACE_BOUND('',#13272,.T.);
#13272=EDGE_LOOP('',(#13273,#13274,#13275));
#13273=ORIENTED_EDGE('',*,*,#13276,.T.);
#13274=ORIENTED_EDGE('',*,*,#13277,.T.);
#13275=ORIENTED_EDGE('',*,*,#13278,.T.);
#13276=EDGE_CURVE('',#805,#497,#13279,.F.);
#13277=EDGE_CURVE('',#497,#485,#13280,.T.);
#13278=EDGE_CURVE('',#485,#805,#13281,.T.);
#13279=LINE('',#804,#13282);
#13280=LINE('',#496,#13283);
#13281=LINE('',#484,#13284);
#13282=VECTOR('',#13285,1.0);
#13283=VECTOR('',#13286,1.0);
#13284=VECTOR('',#13287,1.0);
#13285=DIRECTION('',(0.5000016332683659,-0.7071044713887285,0.5000016332683659));
#13286=DIRECTION('',(0.6854264035235759,-1.2140477962747052E-14,-0.7281419129213316));
#13287=DIRECTION('',(-0.8320936142652785,0.2764241062421716,0.4808429375452681));
#13288=FACE_SURFACE('',(#13293),#13289,.T.);
#13289=PLANE('',#13290);
#13290=AXIS2_PLACEMENT_3D('',#500,#13291,#13292);
#13291=DIRECTION('',(-0.4847794213262707,0.706947154442635,0.5149899353230383));
#13292=DIRECTION('',(-0.4808426842110189,0.2764241500412679,-0.8320937461095986));
#13293=FACE_BOUND('',#13294,.T.);
#13294=EDGE_LOOP('',(#13295,#13296,#13297));
#13295=ORIENTED_EDGE('',*,*,#13298,.T.);
#13296=ORIENTED_EDGE('',*,*,#13299,.T.);
#13297=ORIENTED_EDGE('',*,*,#13300,.T.);
#13298=EDGE_CURVE('',#501,#807,#13301,.F.);
#13299=EDGE_CURVE('',#807,#489,#13302,.T.);
#13300=EDGE_CURVE('',#489,#501,#13303,.T.);
#13301=LINE('',#500,#13304);
#13302=LINE('',#806,#13305);
#13303=LINE('',#488,#13306);
#13304=VECTOR('',#13307,1.0);
#13305=VECTOR('',#13308,1.0);
#13306=VECTOR('',#13309,1.0);
#13307=DIRECTION('',(-0.4808426842110189,0.2764241500412679,-0.8320937461095986));
#13308=DIRECTION('',(-0.5000003688681101,-0.7071050674330279,0.500002054738065));
#13309=DIRECTION('',(0.7281414128838923,0,0.6854269347227676));
#13310=FACE_SURFACE('',(#13315),#13311,.T.);
#13311=PLANE('',#13312);
#13312=AXIS2_PLACEMENT_3D('',#806,#13313,#13314);
#13313=DIRECTION('',(-0.5149894042518307,0.7069471305034372,0.48478002040234763));
#13314=DIRECTION('',(-0.6854277585635661,0,-0.7281406373706426));
#13315=FACE_BOUND('',#13316,.T.);
#13316=EDGE_LOOP('',(#13317,#13318,#13319));
#13317=ORIENTED_EDGE('',*,*,#13320,.T.);
#13318=ORIENTED_EDGE('',*,*,#13321,.T.);
#13319=ORIENTED_EDGE('',*,*,#13322,.T.);
#13320=EDGE_CURVE('',#807,#803,#13323,.F.);
#13321=EDGE_CURVE('',#803,#489,#13324,.T.);
#13322=EDGE_CURVE('',#489,#807,#13325,.T.);
#13323=LINE('',#806,#13326);
#13324=LINE('',#802,#13327);
#13325=LINE('',#488,#13328);
#13326=VECTOR('',#13329,1.0);
#13327=VECTOR('',#13330,1.0);
#13328=VECTOR('',#13331,1.0);
#13329=DIRECTION('',(-0.6854277585635661,0,-0.7281406373706426));
#13330=DIRECTION('',(0.4297244213856222,-0.2764243783093182,0.8596083321729141));
#13331=DIRECTION('',(0.5000003688681101,0.7071050674330279,-0.500002054738065));
#13332=FACE_SURFACE('',(#13337),#13333,.T.);
#13333=PLANE('',#13334);
#13334=AXIS2_PLACEMENT_3D('',#804,#13335,#13336);
#13335=DIRECTION('',(0.48478013379475215,0.7069477559385575,0.5149884389492447));
#13336=DIRECTION('',(-0.7281399161381858,0,0.6854285247392873));
#13337=FACE_BOUND('',#13338,.T.);
#13338=EDGE_LOOP('',(#13339,#13340,#13341));
#13339=ORIENTED_EDGE('',*,*,#13342,.T.);
#13340=ORIENTED_EDGE('',*,*,#13343,.T.);
#13341=ORIENTED_EDGE('',*,*,#13344,.T.);
#13342=EDGE_CURVE('',#805,#809,#13345,.F.);
#13343=EDGE_CURVE('',#809,#497,#13346,.T.);
#13344=EDGE_CURVE('',#497,#805,#13347,.T.);
#13345=LINE('',#804,#13348);
#13346=LINE('',#808,#13349);
#13347=LINE('',#496,#13350);
#13348=VECTOR('',#13351,1.0);
#13349=VECTOR('',#13352,1.0);
#13350=VECTOR('',#13353,1.0);
#13351=DIRECTION('',(-0.7281399161381858,0,0.6854285247392873));
#13352=DIRECTION('',(0.859608088724327,-0.2764243000235089,-0.42972495873084077));
#13353=DIRECTION('',(-0.5000016332683659,0.7071044713887285,-0.5000016332683659));
#13354=FACE_SURFACE('',(#13359),#13355,.T.);
#13355=PLANE('',#13356);
#13356=AXIS2_PLACEMENT_3D('',#808,#13357,#13358);
#13357=DIRECTION('',(0.484780984858905,0.7069443239193848,0.5149923490668518));
#13358=DIRECTION('',(0.46889624062792057,-0.707107869797977,0.529277598236285));
#13359=FACE_BOUND('',#13360,.T.);
#13360=EDGE_LOOP('',(#13361,#13362,#13363));
#13361=ORIENTED_EDGE('',*,*,#13364,.T.);
#13362=ORIENTED_EDGE('',*,*,#13365,.T.);
#13363=ORIENTED_EDGE('',*,*,#13366,.T.);
#13364=EDGE_CURVE('',#809,#509,#13367,.F.);
#13365=EDGE_CURVE('',#509,#497,#13368,.T.);
#13366=EDGE_CURVE('',#497,#809,#13369,.T.);
#13367=LINE('',#808,#13370);
#13368=LINE('',#508,#13371);
#13369=LINE('',#496,#13372);
#13370=VECTOR('',#13373,1.0);
#13371=VECTOR('',#13374,1.0);
#13372=VECTOR('',#13375,1.0);
#13373=DIRECTION('',(0.46889624062792057,-0.707107869797977,0.529277598236285));
#13374=DIRECTION('',(0.7281419129213316,0,-0.6854264035235759));
#13375=DIRECTION('',(-0.859608088724327,0.2764243000235089,0.42972495873084077));
#13376=FACE_SURFACE('',(#13381),#13377,.T.);
#13377=PLANE('',#13378);
#13378=AXIS2_PLACEMENT_3D('',#512,#13379,#13380);
#13379=DIRECTION('',(-0.45280144377688725,0.7069454391397824,0.5433221867299611));
#13380=DIRECTION('',(-0.5302068692951041,0.2764248108350257,-0.8015422632070656));
#13381=FACE_BOUND('',#13382,.T.);
#13382=EDGE_LOOP('',(#13383,#13384,#13385));
#13383=ORIENTED_EDGE('',*,*,#13386,.T.);
#13384=ORIENTED_EDGE('',*,*,#13387,.T.);
#13385=ORIENTED_EDGE('',*,*,#13388,.T.);
#13386=EDGE_CURVE('',#513,#811,#13389,.F.);
#13387=EDGE_CURVE('',#811,#501,#13390,.T.);
#13388=EDGE_CURVE('',#501,#513,#13391,.T.);
#13389=LINE('',#512,#13392);
#13390=LINE('',#810,#13393);
#13391=LINE('',#500,#13394);
#13392=VECTOR('',#13395,1.0);
#13393=VECTOR('',#13396,1.0);
#13394=VECTOR('',#13397,1.0);
#13395=DIRECTION('',(-0.5302068692951041,0.2764248108350257,-0.8015422632070656));
#13396=DIRECTION('',(-0.46889887104884803,-0.70710675185736,0.529276761446079));
#13397=DIRECTION('',(0.7681983637548256,0,0.6402118976748313));
#13398=FACE_SURFACE('',(#13403),#13399,.T.);
#13399=PLANE('',#13400);
#13400=AXIS2_PLACEMENT_3D('',#810,#13401,#13402);
#13401=DIRECTION('',(-0.4847813262164448,0.7069454570650205,0.514990472229297));
#13402=DIRECTION('',(-0.7281404253320469,0,-0.6854279838154158));
#13403=FACE_BOUND('',#13404,.T.);
#13404=EDGE_LOOP('',(#13405,#13406,#13407));
#13405=ORIENTED_EDGE('',*,*,#13408,.T.);
#13406=ORIENTED_EDGE('',*,*,#13409,.T.);
#13407=ORIENTED_EDGE('',*,*,#13410,.T.);
#13408=EDGE_CURVE('',#811,#807,#13411,.F.);
#13409=EDGE_CURVE('',#807,#501,#13412,.T.);
#13410=EDGE_CURVE('',#501,#811,#13413,.T.);
#13411=LINE('',#810,#13414);
#13412=LINE('',#806,#13415);
#13413=LINE('',#500,#13416);
#13414=VECTOR('',#13417,1.0);
#13415=VECTOR('',#13418,1.0);
#13416=VECTOR('',#13419,1.0);
#13417=DIRECTION('',(-0.7281404253320469,0,-0.6854279838154158));
#13418=DIRECTION('',(0.4808426842110189,-0.2764241500412679,0.8320937461095986));
#13419=DIRECTION('',(0.46889887104884803,0.70710675185736,-0.529276761446079));
#13420=FACE_SURFACE('',(#13425),#13421,.T.);
#13421=PLANE('',#13422);
#13422=AXIS2_PLACEMENT_3D('',#808,#13423,#13424);
#13423=DIRECTION('',(0.4528019901406054,0.7069443561982083,0.5433231404645009));
#13424=DIRECTION('',(-0.7681985365339916,0,0.640211690354865));
#13425=FACE_BOUND('',#13426,.T.);
#13426=EDGE_LOOP('',(#13427,#13428,#13429));
#13427=ORIENTED_EDGE('',*,*,#13430,.T.);
#13428=ORIENTED_EDGE('',*,*,#13431,.T.);
#13429=ORIENTED_EDGE('',*,*,#13432,.T.);
#13430=EDGE_CURVE('',#809,#813,#13433,.F.);
#13431=EDGE_CURVE('',#813,#509,#13434,.T.);
#13432=EDGE_CURVE('',#509,#809,#13435,.T.);
#13433=LINE('',#808,#13436);
#13434=LINE('',#812,#13437);
#13435=LINE('',#508,#13438);
#13436=VECTOR('',#13439,1.0);
#13437=VECTOR('',#13440,1.0);
#13438=VECTOR('',#13441,1.0);
#13439=DIRECTION('',(-0.7681985365339916,0,0.640211690354865));
#13440=DIRECTION('',(0.8839860376138804,-0.276424650603097,-0.3770385893282904));
#13441=DIRECTION('',(-0.46889624062792057,0.707107869797977,-0.529277598236285));
#13442=FACE_SURFACE('',(#13447),#13443,.T.);
#13443=PLANE('',#13444);
#13444=AXIS2_PLACEMENT_3D('',#812,#13445,#13446);
#13445=DIRECTION('',(0.45280174200605294,0.7069457444914568,0.5433215408776867));
#13446=DIRECTION('',(0.4360882411420104,-0.7071065075279752,0.5566214449239782));
#13447=FACE_BOUND('',#13448,.T.);
#13448=EDGE_LOOP('',(#13449,#13450,#13451));
#13449=ORIENTED_EDGE('',*,*,#13452,.T.);
#13450=ORIENTED_EDGE('',*,*,#13453,.T.);
#13451=ORIENTED_EDGE('',*,*,#13454,.T.);
#13452=EDGE_CURVE('',#813,#521,#13455,.F.);
#13453=EDGE_CURVE('',#521,#509,#13456,.T.);
#13454=EDGE_CURVE('',#509,#813,#13457,.T.);
#13455=LINE('',#812,#13458);
#13456=LINE('',#520,#13459);
#13457=LINE('',#508,#13460);
#13458=VECTOR('',#13461,1.0);
#13459=VECTOR('',#13462,1.0);
#13460=VECTOR('',#13463,1.0);
#13461=DIRECTION('',(0.4360882411420104,-0.7071065075279752,0.5566214449239782));
#13462=DIRECTION('',(0.7681977820960314,0,-0.6402125956139401));
#13463=DIRECTION('',(-0.8839860376138804,0.276424650603097,0.3770385893282904));
#13464=FACE_SURFACE('',(#13469),#13465,.T.);
#13465=PLANE('',#13466);
#13466=AXIS2_PLACEMENT_3D('',#524,#13467,#13468);
#13467=DIRECTION('',(-0.41917125994665966,0.7069451661501256,0.5696700684533998));
#13468=DIRECTION('',(-0.5776348464117306,0.2764246085640561,-0.7680673277721848));
#13469=FACE_BOUND('',#13470,.T.);
#13470=EDGE_LOOP('',(#13471,#13472,#13473));
#13471=ORIENTED_EDGE('',*,*,#13474,.T.);
#13472=ORIENTED_EDGE('',*,*,#13475,.T.);
#13473=ORIENTED_EDGE('',*,*,#13476,.T.);
#13474=EDGE_CURVE('',#525,#815,#13477,.F.);
#13475=EDGE_CURVE('',#815,#513,#13478,.T.);
#13476=EDGE_CURVE('',#513,#525,#13479,.T.);
#13477=LINE('',#524,#13480);
#13478=LINE('',#814,#13481);
#13479=LINE('',#512,#13482);
#13480=VECTOR('',#13483,1.0);
#13481=VECTOR('',#13484,1.0);
#13482=VECTOR('',#13485,1.0);
#13483=DIRECTION('',(-0.5776348464117306,0.2764246085640561,-0.7680673277721848));
#13484=DIRECTION('',(-0.4360868758746299,-0.7071070273848807,0.5566218541459027));
#13485=DIRECTION('',(0.8054510865195242,1.2140496007857701E-14,0.5926622539225167));
#13486=FACE_SURFACE('',(#13491),#13487,.T.);
#13487=PLANE('',#13488);
#13488=AXIS2_PLACEMENT_3D('',#814,#13489,#13490);
#13489=DIRECTION('',(-0.4528016937588418,0.7069452121117995,0.5433222737945933));
#13490=DIRECTION('',(-0.7681982403811711,0,-0.6402120457124126));
#13491=FACE_BOUND('',#13492,.T.);
#13492=EDGE_LOOP('',(#13493,#13494,#13495));
#13493=ORIENTED_EDGE('',*,*,#13496,.T.);
#13494=ORIENTED_EDGE('',*,*,#13497,.T.);
#13495=ORIENTED_EDGE('',*,*,#13498,.T.);
#13496=EDGE_CURVE('',#815,#811,#13499,.F.);
#13497=EDGE_CURVE('',#811,#513,#13500,.T.);
#13498=EDGE_CURVE('',#513,#815,#13501,.T.);
#13499=LINE('',#814,#13502);
#13500=LINE('',#810,#13503);
#13501=LINE('',#512,#13504);
#13502=VECTOR('',#13505,1.0);
#13503=VECTOR('',#13506,1.0);
#13504=VECTOR('',#13507,1.0);
#13505=DIRECTION('',(-0.7681982403811711,0,-0.6402120457124126));
#13506=DIRECTION('',(0.5302068692951041,-0.2764248108350257,0.8015422632070656));
#13507=DIRECTION('',(0.4360868758746299,0.7071070273848807,-0.5566218541459027));
#13508=FACE_SURFACE('',(#13513),#13509,.T.);
#13509=PLANE('',#13510);
#13510=AXIS2_PLACEMENT_3D('',#812,#13511,#13512);
#13511=DIRECTION('',(0.4191711257045579,0.7069456691405605,0.5696695430326068));
#13512=DIRECTION('',(-0.80545091618597,0,0.5926624854123819));
#13513=FACE_BOUND('',#13514,.T.);
#13514=EDGE_LOOP('',(#13515,#13516,#13517));
#13515=ORIENTED_EDGE('',*,*,#13518,.T.);
#13516=ORIENTED_EDGE('',*,*,#13519,.T.);
#13517=ORIENTED_EDGE('',*,*,#13520,.T.);
#13518=EDGE_CURVE('',#813,#817,#13521,.F.);
#13519=EDGE_CURVE('',#817,#521,#13522,.T.);
#13520=EDGE_CURVE('',#521,#813,#13523,.T.);
#13521=LINE('',#812,#13524);
#13522=LINE('',#816,#13525);
#13523=LINE('',#520,#13526);
#13524=VECTOR('',#13527,1.0);
#13525=VECTOR('',#13528,1.0);
#13526=VECTOR('',#13529,1.0);
#13527=DIRECTION('',(-0.80545091618597,0,0.5926624854123819));
#13528=DIRECTION('',(0.9051380075107787,-0.27642439800450797,-0.3229779242413684));
#13529=DIRECTION('',(-0.4360882411420104,0.7071065075279752,-0.5566214449239782));
#13530=FACE_SURFACE('',(#13535),#13531,.T.);
#13531=PLANE('',#13532);
#13532=AXIS2_PLACEMENT_3D('',#816,#13533,#13534);
#13533=DIRECTION('',(0.41917116255717785,0.7069453305506337,0.5696699360973153));
#13534=DIRECTION('',(0.40168315637340773,-0.7071068936510558,0.5819368374978946));
#13535=FACE_BOUND('',#13536,.T.);
#13536=EDGE_LOOP('',(#13537,#13538,#13539));
#13537=ORIENTED_EDGE('',*,*,#13540,.T.);
#13538=ORIENTED_EDGE('',*,*,#13541,.T.);
#13539=ORIENTED_EDGE('',*,*,#13542,.T.);
#13540=EDGE_CURVE('',#817,#533,#13543,.F.);
#13541=EDGE_CURVE('',#533,#521,#13544,.T.);
#13542=EDGE_CURVE('',#521,#817,#13545,.T.);
#13543=LINE('',#816,#13546);
#13544=LINE('',#532,#13547);
#13545=LINE('',#520,#13548);
#13546=VECTOR('',#13549,1.0);
#13547=VECTOR('',#13550,1.0);
#13548=VECTOR('',#13551,1.0);
#13549=DIRECTION('',(0.40168315637340773,-0.7071068936510558,0.5819368374978946));
#13550=DIRECTION('',(0.8054510865195242,0,-0.5926622539225167));
#13551=DIRECTION('',(-0.9051380075107787,0.27642439800450797,0.3229779242413684));
#13552=FACE_SURFACE('',(#13557),#13553,.T.);
#13553=PLANE('',#13554);
#13554=AXIS2_PLACEMENT_3D('',#536,#13555,#13556);
#13555=DIRECTION('',(-0.38401111237946806,0.7069453125296549,0.5939392146183244));
#13556=DIRECTION('',(-0.6229554023152412,0.27642423857863946,-0.7317897287147965));
#13557=FACE_BOUND('',#13558,.T.);
#13558=EDGE_LOOP('',(#13559,#13560,#13561));
#13559=ORIENTED_EDGE('',*,*,#13562,.T.);
#13560=ORIENTED_EDGE('',*,*,#13563,.T.);
#13561=ORIENTED_EDGE('',*,*,#13564,.T.);
#13562=EDGE_CURVE('',#537,#819,#13565,.F.);
#13563=EDGE_CURVE('',#819,#525,#13566,.T.);
#13564=EDGE_CURVE('',#525,#537,#13567,.T.);
#13565=LINE('',#536,#13568);
#13566=LINE('',#818,#13569);
#13567=LINE('',#524,#13570);
#13568=VECTOR('',#13571,1.0);
#13569=VECTOR('',#13572,1.0);
#13570=VECTOR('',#13573,1.0);
#13571=DIRECTION('',(-0.6229554023152412,0.27642423857863946,-0.7317897287147965));
#13572=DIRECTION('',(-0.40168315637340773,-0.7071068936510558,0.5819368374978946));
#13573=DIRECTION('',(0.8397651749617967,-1.2140481671842283E-14,0.5429497683224325));
#13574=FACE_SURFACE('',(#13579),#13575,.T.);
#13575=PLANE('',#13576);
#13576=AXIS2_PLACEMENT_3D('',#818,#13577,#13578);
#13577=DIRECTION('',(-0.4191710814421822,0.7069453320553764,0.5696699939155171));
#13578=DIRECTION('',(-0.8054511699809971,0,-0.5926621404951079));
#13579=FACE_BOUND('',#13580,.T.);
#13580=EDGE_LOOP('',(#13581,#13582,#13583));
#13581=ORIENTED_EDGE('',*,*,#13584,.T.);
#13582=ORIENTED_EDGE('',*,*,#13585,.T.);
#13583=ORIENTED_EDGE('',*,*,#13586,.T.);
#13584=EDGE_CURVE('',#819,#815,#13587,.F.);
#13585=EDGE_CURVE('',#815,#525,#13588,.T.);
#13586=EDGE_CURVE('',#525,#819,#13589,.T.);
#13587=LINE('',#818,#13590);
#13588=LINE('',#814,#13591);
#13589=LINE('',#524,#13592);
#13590=VECTOR('',#13593,1.0);
#13591=VECTOR('',#13594,1.0);
#13592=VECTOR('',#13595,1.0);
#13593=DIRECTION('',(-0.8054511699809971,0,-0.5926621404951079));
#13594=DIRECTION('',(0.5776348464117306,-0.2764246085640561,0.7680673277721848));
#13595=DIRECTION('',(0.40168315637340773,0.7071068936510558,-0.5819368374978946));
#13596=FACE_SURFACE('',(#13601),#13597,.T.);
#13597=PLANE('',#13598);
#13598=AXIS2_PLACEMENT_3D('',#816,#13599,#13600);
#13599=DIRECTION('',(0.3840113386598311,0.7069453166408883,0.5939390634233436));
#13600=DIRECTION('',(-0.8397649660678015,0,0.5429500914127781));
#13601=FACE_BOUND('',#13602,.T.);
#13602=EDGE_LOOP('',(#13603,#13604,#13605));
#13603=ORIENTED_EDGE('',*,*,#13606,.T.);
#13604=ORIENTED_EDGE('',*,*,#13607,.T.);
#13605=ORIENTED_EDGE('',*,*,#13608,.T.);
#13606=EDGE_CURVE('',#817,#821,#13609,.F.);
#13607=EDGE_CURVE('',#821,#533,#13610,.T.);
#13608=EDGE_CURVE('',#533,#817,#13611,.T.);
#13609=LINE('',#816,#13612);
#13610=LINE('',#820,#13613);
#13611=LINE('',#532,#13614);
#13612=VECTOR('',#13615,1.0);
#13613=VECTOR('',#13616,1.0);
#13614=VECTOR('',#13617,1.0);
#13615=DIRECTION('',(-0.8397649660678015,0,0.5429500914127781));
#13616=DIRECTION('',(0.9229872131128422,-0.27642426990885216,-0.26773910329936307));
#13617=DIRECTION('',(-0.40168315637340773,0.7071068936510558,-0.5819368374978946));
#13618=FACE_SURFACE('',(#13623),#13619,.T.);
#13619=PLANE('',#13620);
#13620=AXIS2_PLACEMENT_3D('',#820,#13621,#13622);
#13621=DIRECTION('',(0.3840114086248799,0.7069435017679188,0.5939411783620058));
#13622=DIRECTION('',(0.3658086596098543,-0.7071086498470038,0.6051292274101367));
#13623=FACE_BOUND('',#13624,.T.);
#13624=EDGE_LOOP('',(#13625,#13626,#13627));
#13625=ORIENTED_EDGE('',*,*,#13628,.T.);
#13626=ORIENTED_EDGE('',*,*,#13629,.T.);
#13627=ORIENTED_EDGE('',*,*,#13630,.T.);
#13628=EDGE_CURVE('',#821,#545,#13631,.F.);
#13629=EDGE_CURVE('',#545,#533,#13632,.T.);
#13630=EDGE_CURVE('',#533,#821,#13633,.T.);
#13631=LINE('',#820,#13634);
#13632=LINE('',#544,#13635);
#13633=LINE('',#532,#13636);
#13634=VECTOR('',#13637,1.0);
#13635=VECTOR('',#13638,1.0);
#13636=VECTOR('',#13639,1.0);
#13637=DIRECTION('',(0.3658086596098543,-0.7071086498470038,0.6051292274101367));
#13638=DIRECTION('',(0.8397658024833193,0,-0.5429487977512675));
#13639=DIRECTION('',(-0.9229872131128422,0.27642426990885216,0.26773910329936307));
#13640=FACE_SURFACE('',(#13645),#13641,.T.);
#13641=PLANE('',#13642);
#13642=AXIS2_PLACEMENT_3D('',#548,#13643,#13644);
#13643=DIRECTION('',(-0.3474488218822343,0.7069452794026482,0.6160419532003962));
#13644=DIRECTION('',(-0.6660034070024852,0.2764246727540721,-0.6928411521798387));
#13645=FACE_BOUND('',#13646,.T.);
#13646=EDGE_LOOP('',(#13647,#13648,#13649));
#13647=ORIENTED_EDGE('',*,*,#13650,.T.);
#13648=ORIENTED_EDGE('',*,*,#13651,.T.);
#13649=ORIENTED_EDGE('',*,*,#13652,.T.);
#13650=EDGE_CURVE('',#549,#823,#13653,.F.);
#13651=EDGE_CURVE('',#823,#537,#13654,.T.);
#13652=EDGE_CURVE('',#537,#549,#13655,.T.);
#13653=LINE('',#548,#13656);
#13654=LINE('',#822,#13657);
#13655=LINE('',#536,#13658);
#13656=VECTOR('',#13659,1.0);
#13657=VECTOR('',#13660,1.0);
#13658=VECTOR('',#13661,1.0);
#13659=DIRECTION('',(-0.6660034070024852,0.2764246727540721,-0.6928411521798387));
#13660=DIRECTION('',(-0.365814500712316,-0.7071069055164547,0.60512773464744));
#13661=DIRECTION('',(0.8710159923115057,1.214049669381007E-14,0.4912546601688404));
#13662=FACE_SURFACE('',(#13667),#13663,.T.);
#13663=PLANE('',#13664);
#13664=AXIS2_PLACEMENT_3D('',#822,#13665,#13666);
#13665=DIRECTION('',(-0.3840111030441852,0.7069453214471331,0.5939392100398811));
#13666=DIRECTION('',(-0.8397651790715954,0,-0.5429497619659217));
#13667=FACE_BOUND('',#13668,.T.);
#13668=EDGE_LOOP('',(#13669,#13670,#13671));
#13669=ORIENTED_EDGE('',*,*,#13672,.T.);
#13670=ORIENTED_EDGE('',*,*,#13673,.T.);
#13671=ORIENTED_EDGE('',*,*,#13674,.T.);
#13672=EDGE_CURVE('',#823,#819,#13675,.F.);
#13673=EDGE_CURVE('',#819,#537,#13676,.T.);
#13674=EDGE_CURVE('',#537,#823,#13677,.T.);
#13675=LINE('',#822,#13678);
#13676=LINE('',#818,#13679);
#13677=LINE('',#536,#13680);
#13678=VECTOR('',#13681,1.0);
#13679=VECTOR('',#13682,1.0);
#13680=VECTOR('',#13683,1.0);
#13681=DIRECTION('',(-0.8397651790715954,0,-0.5429497619659217));
#13682=DIRECTION('',(0.6229554023152412,-0.27642423857863946,0.7317897287147965));
#13683=DIRECTION('',(0.365814500712316,0.7071069055164547,-0.60512773464744));
#13684=FACE_SURFACE('',(#13689),#13685,.T.);
#13685=PLANE('',#13686);
#13686=AXIS2_PLACEMENT_3D('',#820,#13687,#13688);
#13687=DIRECTION('',(0.34744858463850437,0.7069436034885697,0.6160440102129847));
#13688=DIRECTION('',(-0.8710168377237569,0,0.49125316121293966));
#13689=FACE_BOUND('',#13690,.T.);
#13690=EDGE_LOOP('',(#13691,#13692,#13693));
#13691=ORIENTED_EDGE('',*,*,#13694,.T.);
#13692=ORIENTED_EDGE('',*,*,#13695,.T.);
#13693=ORIENTED_EDGE('',*,*,#13696,.T.);
#13694=EDGE_CURVE('',#821,#825,#13697,.F.);
#13695=EDGE_CURVE('',#825,#545,#13698,.T.);
#13696=EDGE_CURVE('',#545,#821,#13699,.T.);
#13697=LINE('',#820,#13700);
#13698=LINE('',#824,#13701);
#13699=LINE('',#544,#13702);
#13700=VECTOR('',#13703,1.0);
#13701=VECTOR('',#13704,1.0);
#13702=VECTOR('',#13705,1.0);
#13703=DIRECTION('',(-0.8710168377237569,0,0.49125316121293966));
#13704=DIRECTION('',(0.9374692677579619,-0.27642470545862896,-0.2115201035870129));
#13705=DIRECTION('',(-0.3658086596098543,0.7071086498470038,-0.6051292274101367));
#13706=FACE_SURFACE('',(#13711),#13707,.T.);
#13707=PLANE('',#13708);
#13708=AXIS2_PLACEMENT_3D('',#824,#13709,#13710);
#13709=DIRECTION('',(0.3474486754646406,0.7069464522226956,0.6160406898960576));
#13710=DIRECTION('',(0.3286100947828114,-0.7071057627926335,0.6261124865647382));
#13711=FACE_BOUND('',#13712,.T.);
#13712=EDGE_LOOP('',(#13713,#13714,#13715));
#13713=ORIENTED_EDGE('',*,*,#13716,.T.);
#13714=ORIENTED_EDGE('',*,*,#13717,.T.);
#13715=ORIENTED_EDGE('',*,*,#13718,.T.);
#13716=EDGE_CURVE('',#825,#563,#13719,.F.);
#13717=EDGE_CURVE('',#563,#545,#13720,.T.);
#13718=EDGE_CURVE('',#545,#825,#13721,.T.);
#13719=LINE('',#824,#13722);
#13720=LINE('',#562,#13723);
#13721=LINE('',#544,#13724);
#13722=VECTOR('',#13725,1.0);
#13723=VECTOR('',#13726,1.0);
#13724=VECTOR('',#13727,1.0);
#13725=DIRECTION('',(0.3286100947828114,-0.7071057627926335,0.6261124865647382));
#13726=DIRECTION('',(0.8710156498325143,1.2140511700427112E-14,-0.49125526739857245));
#13727=DIRECTION('',(-0.9374692677579619,0.27642470545862896,0.2115201035870129));
#13728=FACE_SURFACE('',(#13733),#13729,.T.);
#13729=PLANE('',#13730);
#13730=AXIS2_PLACEMENT_3D('',#558,#13731,#13732);
#13731=DIRECTION('',(-0.30961872738808077,0.7069460644813886,0.6358958291771236));
#13732=DIRECTION('',(-0.7066212411428349,0.27642417988232704,-0.6513647936004391));
#13733=FACE_BOUND('',#13734,.T.);
#13734=EDGE_LOOP('',(#13735,#13736,#13737));
#13735=ORIENTED_EDGE('',*,*,#13738,.T.);
#13736=ORIENTED_EDGE('',*,*,#13739,.T.);
#13737=ORIENTED_EDGE('',*,*,#13740,.T.);
#13738=EDGE_CURVE('',#559,#827,#13741,.F.);
#13739=EDGE_CURVE('',#827,#549,#13742,.T.);
#13740=EDGE_CURVE('',#549,#559,#13743,.T.);
#13741=LINE('',#558,#13744);
#13742=LINE('',#826,#13745);
#13743=LINE('',#548,#13746);
#13744=VECTOR('',#13747,1.0);
#13745=VECTOR('',#13748,1.0);
#13746=VECTOR('',#13749,1.0);
#13747=DIRECTION('',(-0.7066212411428349,0.27642417988232704,-0.6513647936004391));
#13748=DIRECTION('',(-0.3286085909581179,-0.7071061545245942,0.6261128334269799));
#13749=DIRECTION('',(0.8990882005859734,0,0.43776752685309656));
#13750=FACE_SURFACE('',(#13755),#13751,.T.);
#13751=PLANE('',#13752);
#13752=AXIS2_PLACEMENT_3D('',#826,#13753,#13754);
#13753=DIRECTION('',(-0.34744803820363557,0.7069460523039074,0.6160415082446685));
#13754=DIRECTION('',(-0.8710163146039273,0,-0.49125408872984705));
#13755=FACE_BOUND('',#13756,.T.);
#13756=EDGE_LOOP('',(#13757,#13758,#13759));
#13757=ORIENTED_EDGE('',*,*,#13760,.T.);
#13758=ORIENTED_EDGE('',*,*,#13761,.T.);
#13759=ORIENTED_EDGE('',*,*,#13762,.T.);
#13760=EDGE_CURVE('',#827,#823,#13763,.F.);
#13761=EDGE_CURVE('',#823,#549,#13764,.T.);
#13762=EDGE_CURVE('',#549,#827,#13765,.T.);
#13763=LINE('',#826,#13766);
#13764=LINE('',#822,#13767);
#13765=LINE('',#548,#13768);
#13766=VECTOR('',#13769,1.0);
#13767=VECTOR('',#13770,1.0);
#13768=VECTOR('',#13771,1.0);
#13769=DIRECTION('',(-0.8710163146039273,0,-0.49125408872984705));
#13770=DIRECTION('',(0.6660034070024852,-0.2764246727540721,0.6928411521798387));
#13771=DIRECTION('',(0.3286085909581179,0.7071061545245942,-0.6261128334269799));
#13772=FACE_SURFACE('',(#13777),#13773,.T.);
#13773=PLANE('',#13774);
#13774=AXIS2_PLACEMENT_3D('',#824,#13775,#13776);
#13775=DIRECTION('',(0.3096184098015548,0.7069464311020076,0.6358955762262315));
#13776=DIRECTION('',(-0.8990883087823869,0,0.43776730463892266));
#13777=FACE_BOUND('',#13778,.T.);
#13778=EDGE_LOOP('',(#13779,#13780,#13781));
#13779=ORIENTED_EDGE('',*,*,#13782,.T.);
#13780=ORIENTED_EDGE('',*,*,#13783,.T.);
#13781=ORIENTED_EDGE('',*,*,#13784,.T.);
#13782=EDGE_CURVE('',#825,#829,#13785,.F.);
#13783=EDGE_CURVE('',#829,#563,#13786,.T.);
#13784=EDGE_CURVE('',#563,#825,#13787,.T.);
#13785=LINE('',#824,#13788);
#13786=LINE('',#828,#13789);
#13787=LINE('',#562,#13790);
#13788=VECTOR('',#13791,1.0);
#13789=VECTOR('',#13792,1.0);
#13790=VECTOR('',#13793,1.0);
#13791=DIRECTION('',(-0.8990883087823869,0,0.43776730463892266));
#13792=DIRECTION('',(0.9485304033645553,-0.27642422683967627,-0.15453064650470277));
#13793=DIRECTION('',(-0.3286100947828114,0.7071057627926335,-0.6261124865647382));
#13794=FACE_SURFACE('',(#13799),#13795,.T.);
#13795=PLANE('',#13796);
#13796=AXIS2_PLACEMENT_3D('',#828,#13797,#13798);
#13797=DIRECTION('',(0.30961843955865154,0.7069467222734963,0.6358952380321978));
#13798=DIRECTION('',(0.29020582518180876,-0.7071054843916901,0.6448119206200663));
#13799=FACE_BOUND('',#13800,.T.);
#13800=EDGE_LOOP('',(#13801,#13802,#13803));
#13801=ORIENTED_EDGE('',*,*,#13804,.T.);
#13802=ORIENTED_EDGE('',*,*,#13805,.T.);
#13803=ORIENTED_EDGE('',*,*,#13806,.T.);
#13804=EDGE_CURVE('',#829,#575,#13807,.F.);
#13805=EDGE_CURVE('',#575,#563,#13808,.T.);
#13806=EDGE_CURVE('',#563,#829,#13809,.T.);
#13807=LINE('',#828,#13810);
#13808=LINE('',#574,#13811);
#13809=LINE('',#562,#13812);
#13810=VECTOR('',#13813,1.0);
#13811=VECTOR('',#13814,1.0);
#13812=VECTOR('',#13815,1.0);
#13813=DIRECTION('',(0.29020582518180876,-0.7071054843916901,0.6448119206200663));
#13814=DIRECTION('',(0.8990882005859734,-1.2140485011352102E-14,-0.43776752685309656));
#13815=DIRECTION('',(-0.9485304033645553,0.27642422683967627,0.15453064650470277));
#13816=FACE_SURFACE('',(#13821),#13817,.T.);
#13817=PLANE('',#13818);
#13818=AXIS2_PLACEMENT_3D('',#570,#13819,#13820);
#13819=DIRECTION('',(-0.2706592867859055,0.7069464081260614,0.6534296645502141));
#13820=DIRECTION('',(-0.7446602410309153,0.276424234022495,-0.6075119490782516));
#13821=FACE_BOUND('',#13822,.T.);
#13822=EDGE_LOOP('',(#13823,#13824,#13825));
#13823=ORIENTED_EDGE('',*,*,#13826,.T.);
#13824=ORIENTED_EDGE('',*,*,#13827,.T.);
#13825=ORIENTED_EDGE('',*,*,#13828,.T.);
#13826=EDGE_CURVE('',#571,#831,#13829,.F.);
#13827=EDGE_CURVE('',#831,#559,#13830,.T.);
#13828=EDGE_CURVE('',#559,#571,#13831,.T.);
#13829=LINE('',#570,#13832);
#13830=LINE('',#830,#13833);
#13831=LINE('',#558,#13834);
#13832=VECTOR('',#13835,1.0);
#13833=VECTOR('',#13836,1.0);
#13834=VECTOR('',#13837,1.0);
#13835=DIRECTION('',(-0.7446602410309153,0.276424234022495,-0.6075119490782516));
#13836=DIRECTION('',(-0.2902042812928018,-0.7071058303419931,0.6448122360933364));
#13837=DIRECTION('',(0.9238796036589809,-1.2140495299399382E-14,0.3826832605993163));
#13838=FACE_SURFACE('',(#13843),#13839,.T.);
#13839=PLANE('',#13840);
#13840=AXIS2_PLACEMENT_3D('',#830,#13841,#13842);
#13841=DIRECTION('',(-0.3096184428155095,0.7069463556534012,0.6358956440304288));
#13842=DIRECTION('',(-0.8990883087823869,0,-0.43776730463892266));
#13843=FACE_BOUND('',#13844,.T.);
#13844=EDGE_LOOP('',(#13845,#13846,#13847));
#13845=ORIENTED_EDGE('',*,*,#13848,.T.);
#13846=ORIENTED_EDGE('',*,*,#13849,.T.);
#13847=ORIENTED_EDGE('',*,*,#13850,.T.);
#13848=EDGE_CURVE('',#831,#827,#13851,.F.);
#13849=EDGE_CURVE('',#827,#559,#13852,.T.);
#13850=EDGE_CURVE('',#559,#831,#13853,.T.);
#13851=LINE('',#830,#13854);
#13852=LINE('',#826,#13855);
#13853=LINE('',#558,#13856);
#13854=VECTOR('',#13857,1.0);
#13855=VECTOR('',#13858,1.0);
#13856=VECTOR('',#13859,1.0);
#13857=DIRECTION('',(-0.8990883087823869,0,-0.43776730463892266));
#13858=DIRECTION('',(0.7066212411428349,-0.27642417988232704,0.6513647936004391));
#13859=DIRECTION('',(0.2902042812928018,0.7071058303419931,-0.6448122360933364));
#13860=FACE_SURFACE('',(#13865),#13861,.T.);
#13861=PLANE('',#13862);
#13862=AXIS2_PLACEMENT_3D('',#828,#13863,#13864);
#13863=DIRECTION('',(0.2706591225535112,0.7069467302524789,0.6534293840683109));
#13864=DIRECTION('',(-0.9238796276800625,0,0.38268320260725974));
#13865=FACE_BOUND('',#13866,.T.);
#13866=EDGE_LOOP('',(#13867,#13868,#13869));
#13867=ORIENTED_EDGE('',*,*,#13870,.T.);
#13868=ORIENTED_EDGE('',*,*,#13871,.T.);
#13869=ORIENTED_EDGE('',*,*,#13872,.T.);
#13870=EDGE_CURVE('',#829,#833,#13873,.F.);
#13871=EDGE_CURVE('',#833,#575,#13874,.T.);
#13872=EDGE_CURVE('',#575,#829,#13875,.T.);
#13873=LINE('',#828,#13876);
#13874=LINE('',#832,#13877);
#13875=LINE('',#574,#13878);
#13876=VECTOR('',#13879,1.0);
#13877=VECTOR('',#13880,1.0);
#13878=VECTOR('',#13881,1.0);
#13879=DIRECTION('',(-0.9238796276800625,0,0.38268320260725974));
#13880=DIRECTION('',(0.9561301482836521,-0.2764244974023567,-0.09697750656175924));
#13881=DIRECTION('',(-0.29020582518180876,0.7071054843916901,-0.6448119206200663));
#13882=FACE_SURFACE('',(#13887),#13883,.T.);
#13883=PLANE('',#13884);
#13884=AXIS2_PLACEMENT_3D('',#832,#13885,#13886);
#13885=DIRECTION('',(0.2706591352831668,0.7069468042013521,0.6534292987900553));
#13886=DIRECTION('',(0.25074292493772504,-0.7071053911412936,0.6611580381516907));
#13887=FACE_BOUND('',#13888,.T.);
#13888=EDGE_LOOP('',(#13889,#13890,#13891));
#13889=ORIENTED_EDGE('',*,*,#13892,.T.);
#13890=ORIENTED_EDGE('',*,*,#13893,.T.);
#13891=ORIENTED_EDGE('',*,*,#13894,.T.);
#13892=EDGE_CURVE('',#833,#587,#13895,.F.);
#13893=EDGE_CURVE('',#587,#575,#13896,.T.);
#13894=EDGE_CURVE('',#575,#833,#13897,.T.);
#13895=LINE('',#832,#13898);
#13896=LINE('',#586,#13899);
#13897=LINE('',#574,#13900);
#13898=VECTOR('',#13901,1.0);
#13899=VECTOR('',#13902,1.0);
#13900=VECTOR('',#13903,1.0);
#13901=DIRECTION('',(0.25074292493772504,-0.7071053911412936,0.6611580381516907));
#13902=DIRECTION('',(0.9238796036589809,1.2140495299399382E-14,-0.3826832605993163));
#13903=DIRECTION('',(-0.9561301482836521,0.2764244974023567,0.09697750656175924));
#13904=FACE_SURFACE('',(#13909),#13905,.T.);
#13905=PLANE('',#13906);
#13906=AXIS2_PLACEMENT_3D('',#582,#13907,#13908);
#13907=DIRECTION('',(-0.23071184356663213,0.7069468289881242,0.6685792594911404));
#13908=DIRECTION('',(-0.7799824603136059,0.27642421579935994,-0.5614419066322385));
#13909=FACE_BOUND('',#13910,.T.);
#13910=EDGE_LOOP('',(#13911,#13912,#13913));
#13911=ORIENTED_EDGE('',*,*,#13914,.T.);
#13912=ORIENTED_EDGE('',*,*,#13915,.T.);
#13913=ORIENTED_EDGE('',*,*,#13916,.T.);
#13914=EDGE_CURVE('',#583,#835,#13917,.F.);
#13915=EDGE_CURVE('',#835,#571,#13918,.T.);
#13916=EDGE_CURVE('',#571,#583,#13919,.T.);
#13917=LINE('',#582,#13920);
#13918=LINE('',#834,#13921);
#13919=LINE('',#570,#13922);
#13920=VECTOR('',#13923,1.0);
#13921=VECTOR('',#13924,1.0);
#13922=VECTOR('',#13925,1.0);
#13923=DIRECTION('',(-0.7799824603136059,0.27642421579935994,-0.5614419066322385));
#13924=DIRECTION('',(-0.25074292493772504,-0.7071053911412936,0.6611580381516907));
#13925=DIRECTION('',(0.9453000715679996,0,0.3262020458144536));
#13926=FACE_SURFACE('',(#13931),#13927,.T.);
#13927=PLANE('',#13928);
#13928=AXIS2_PLACEMENT_3D('',#834,#13929,#13930);
#13929=DIRECTION('',(-0.2706589122021169,0.7069468078269211,0.6534293872706469));
#13930=DIRECTION('',(-0.923879733494963,0,-0.38268294714721246));
#13931=FACE_BOUND('',#13932,.T.);
#13932=EDGE_LOOP('',(#13933,#13934,#13935));
#13933=ORIENTED_EDGE('',*,*,#13936,.T.);
#13934=ORIENTED_EDGE('',*,*,#13937,.T.);
#13935=ORIENTED_EDGE('',*,*,#13938,.T.);
#13936=EDGE_CURVE('',#835,#831,#13939,.F.);
#13937=EDGE_CURVE('',#831,#571,#13940,.T.);
#13938=EDGE_CURVE('',#571,#835,#13941,.T.);
#13939=LINE('',#834,#13942);
#13940=LINE('',#830,#13943);
#13941=LINE('',#570,#13944);
#13942=VECTOR('',#13945,1.0);
#13943=VECTOR('',#13946,1.0);
#13944=VECTOR('',#13947,1.0);
#13945=DIRECTION('',(-0.923879733494963,0,-0.38268294714721246));
#13946=DIRECTION('',(0.7446602410309153,-0.276424234022495,0.6075119490782516));
#13947=DIRECTION('',(0.25074292493772504,0.7071053911412936,-0.6611580381516907));
#13948=FACE_SURFACE('',(#13953),#13949,.T.);
#13949=PLANE('',#13950);
#13950=AXIS2_PLACEMENT_3D('',#832,#13951,#13952);
#13951=DIRECTION('',(0.23071409578323152,0.7069468651700397,0.6685784440386779));
#13952=DIRECTION('',(-0.9452989669419722,0,0.32620524688980707));
#13953=FACE_BOUND('',#13954,.T.);
#13954=EDGE_LOOP('',(#13955,#13956,#13957));
#13955=ORIENTED_EDGE('',*,*,#13958,.T.);
#13956=ORIENTED_EDGE('',*,*,#13959,.T.);
#13957=ORIENTED_EDGE('',*,*,#13960,.T.);
#13958=EDGE_CURVE('',#833,#837,#13961,.F.);
#13959=EDGE_CURVE('',#837,#587,#13962,.T.);
#13960=EDGE_CURVE('',#587,#833,#13963,.T.);
#13961=LINE('',#832,#13964);
#13962=LINE('',#836,#13965);
#13963=LINE('',#586,#13966);
#13964=VECTOR('',#13967,1.0);
#13965=VECTOR('',#13968,1.0);
#13966=VECTOR('',#13969,1.0);
#13967=DIRECTION('',(-0.9452989669419722,0,0.32620524688980707));
#13968=DIRECTION('',(0.9602410092127583,-0.2764244177368822,-0.039073590888080705));
#13969=DIRECTION('',(-0.25074292493772504,0.7071053911412936,-0.6611580381516907));
#13970=FACE_SURFACE('',(#13975),#13971,.T.);
#13971=PLANE('',#13972);
#13972=AXIS2_PLACEMENT_3D('',#836,#13973,#13974);
#13973=DIRECTION('',(0.23071319836865267,0.7069431484443555,0.6685826837168972));
#13974=DIRECTION('',(0.2103674227145469,-0.7071090942359147,0.6750868657508479));
#13975=FACE_BOUND('',#13976,.T.);
#13976=EDGE_LOOP('',(#13977,#13978,#13979));
#13977=ORIENTED_EDGE('',*,*,#13980,.T.);
#13978=ORIENTED_EDGE('',*,*,#13981,.T.);
#13979=ORIENTED_EDGE('',*,*,#13982,.T.);
#13980=EDGE_CURVE('',#837,#599,#13983,.F.);
#13981=EDGE_CURVE('',#599,#587,#13984,.T.);
#13982=EDGE_CURVE('',#587,#837,#13985,.T.);
#13983=LINE('',#836,#13986);
#13984=LINE('',#598,#13987);
#13985=LINE('',#586,#13988);
#13986=VECTOR('',#13989,1.0);
#13987=VECTOR('',#13990,1.0);
#13988=VECTOR('',#13991,1.0);
#13989=DIRECTION('',(0.2103674227145469,-0.7071090942359147,0.6750868657508479));
#13990=DIRECTION('',(0.9452999960651571,0,-0.32620226461386476));
#13991=DIRECTION('',(-0.9602410092127583,0.2764244177368822,0.039073590888080705));
#13992=FACE_SURFACE('',(#13997),#13993,.T.);
#13993=PLANE('',#13994);
#13994=AXIS2_PLACEMENT_3D('',#594,#13995,#13996);
#13995=DIRECTION('',(-0.1899248671633825,0.7069428651397243,0.6812931309363167));
#13996=DIRECTION('',(-0.8124592012577596,0.27642474466650707,-0.5133219329306508));
#13997=FACE_BOUND('',#13998,.T.);
#13998=EDGE_LOOP('',(#13999,#14000,#14001));
#13999=ORIENTED_EDGE('',*,*,#14002,.T.);
#14000=ORIENTED_EDGE('',*,*,#14003,.T.);
#14001=ORIENTED_EDGE('',*,*,#14004,.T.);
#14002=EDGE_CURVE('',#595,#839,#14005,.F.);
#14003=EDGE_CURVE('',#839,#583,#14006,.T.);
#14004=EDGE_CURVE('',#583,#595,#14007,.T.);
#14005=LINE('',#594,#14008);
#14006=LINE('',#838,#14009);
#14007=LINE('',#582,#14010);
#14008=VECTOR('',#14011,1.0);
#14009=VECTOR('',#14012,1.0);
#14010=VECTOR('',#14013,1.0);
#14011=DIRECTION('',(-0.8124592012577596,0.27642474466650707,-0.5133219329306508));
#14012=DIRECTION('',(-0.21036581144181082,-0.707109345014209,0.6750871051723657));
#14013=DIRECTION('',(0.9632707394707197,0,0.26853208836102394));
#14014=FACE_SURFACE('',(#14019),#14015,.T.);
#14015=PLANE('',#14016);
#14016=AXIS2_PLACEMENT_3D('',#838,#14017,#14018);
#14017=DIRECTION('',(-0.23071540835301285,0.7069428395725832,0.6685822476895087));
#14018=DIRECTION('',(-0.9452989669419722,0,-0.32620524688980707));
#14019=FACE_BOUND('',#14020,.T.);
#14020=EDGE_LOOP('',(#14021,#14022,#14023));
#14021=ORIENTED_EDGE('',*,*,#14024,.T.);
#14022=ORIENTED_EDGE('',*,*,#14025,.T.);
#14023=ORIENTED_EDGE('',*,*,#14026,.T.);
#14024=EDGE_CURVE('',#839,#835,#14027,.F.);
#14025=EDGE_CURVE('',#835,#583,#14028,.T.);
#14026=EDGE_CURVE('',#583,#839,#14029,.T.);
#14027=LINE('',#838,#14030);
#14028=LINE('',#834,#14031);
#14029=LINE('',#582,#14032);
#14030=VECTOR('',#14033,1.0);
#14031=VECTOR('',#14034,1.0);
#14032=VECTOR('',#14035,1.0);
#14033=DIRECTION('',(-0.9452989669419722,0,-0.32620524688980707));
#14034=DIRECTION('',(0.7799824603136059,-0.27642421579935994,0.5614419066322385));
#14035=DIRECTION('',(0.21036581144181082,0.707109345014209,-0.6750871051723657));
#14036=FACE_SURFACE('',(#14041),#14037,.T.);
#14037=PLANE('',#14038);
#14038=AXIS2_PLACEMENT_3D('',#836,#14039,#14040);
#14039=DIRECTION('',(0.18992439605832534,0.7069430851894544,0.6812930339323133));
#14040=DIRECTION('',(-0.9632709018771816,0,0.2685315057804599));
#14041=FACE_BOUND('',#14042,.T.);
#14042=EDGE_LOOP('',(#14043,#14044,#14045));
#14043=ORIENTED_EDGE('',*,*,#14046,.T.);
#14044=ORIENTED_EDGE('',*,*,#14047,.T.);
#14045=ORIENTED_EDGE('',*,*,#14048,.T.);
#14046=EDGE_CURVE('',#837,#841,#14049,.F.);
#14047=EDGE_CURVE('',#841,#599,#14050,.T.);
#14048=EDGE_CURVE('',#599,#837,#14051,.T.);
#14049=LINE('',#836,#14052);
#14050=LINE('',#840,#14053);
#14051=LINE('',#598,#14054);
#14052=VECTOR('',#14055,1.0);
#14053=VECTOR('',#14056,1.0);
#14054=VECTOR('',#14057,1.0);
#14055=DIRECTION('',(-0.9632709018771816,0,0.2685315057804599));
#14056=DIRECTION('',(0.9608483385241946,-0.2764243279165408,0.01897528105677383));
#14057=DIRECTION('',(-0.2103674227145469,0.7071090942359147,-0.6750868657508479));
#14058=FACE_SURFACE('',(#14063),#14059,.T.);
#14059=PLANE('',#14060);
#14060=AXIS2_PLACEMENT_3D('',#840,#14061,#14062);
#14061=DIRECTION('',(0.18992447773196489,0.7069433487499167,0.6812927376807227));
#14062=DIRECTION('',(0.1692217930473428,-0.7071088718021887,0.6865573742787109));
#14063=FACE_BOUND('',#14064,.T.);
#14064=EDGE_LOOP('',(#14065,#14066,#14067));
#14065=ORIENTED_EDGE('',*,*,#14068,.T.);
#14066=ORIENTED_EDGE('',*,*,#14069,.T.);
#14067=ORIENTED_EDGE('',*,*,#14070,.T.);
#14068=EDGE_CURVE('',#841,#611,#14071,.F.);
#14069=EDGE_CURVE('',#611,#599,#14072,.T.);
#14070=EDGE_CURVE('',#599,#841,#14073,.T.);
#14071=LINE('',#840,#14074);
#14072=LINE('',#610,#14075);
#14073=LINE('',#598,#14076);
#14074=VECTOR('',#14077,1.0);
#14075=VECTOR('',#14078,1.0);
#14076=VECTOR('',#14079,1.0);
#14077=DIRECTION('',(0.1692217930473428,-0.7071088718021887,0.6865573742787109));
#14078=DIRECTION('',(0.9632708418027189,-1.2140485863634404E-14,-0.26853172127829));
#14079=DIRECTION('',(-0.9608483385241946,0.2764243279165408,-0.01897528105677383));
#14080=FACE_SURFACE('',(#14085),#14081,.T.);
#14081=PLANE('',#14082);
#14082=AXIS2_PLACEMENT_3D('',#606,#14083,#14084);
#14083=DIRECTION('',(-0.14844330418199284,0.7069436949667003,0.6915165924186932));
#14084=DIRECTION('',(-0.8419699963383062,0.27642451000419893,-0.4633314316286034));
#14085=FACE_BOUND('',#14086,.T.);
#14086=EDGE_LOOP('',(#14087,#14088,#14089));
#14087=ORIENTED_EDGE('',*,*,#14090,.T.);
#14088=ORIENTED_EDGE('',*,*,#14091,.T.);
#14089=ORIENTED_EDGE('',*,*,#14092,.T.);
#14090=EDGE_CURVE('',#607,#843,#14093,.F.);
#14091=EDGE_CURVE('',#843,#595,#14094,.T.);
#14092=EDGE_CURVE('',#595,#607,#14095,.T.);
#14093=LINE('',#606,#14096);
#14094=LINE('',#842,#14097);
#14095=LINE('',#594,#14098);
#14096=VECTOR('',#14099,1.0);
#14097=VECTOR('',#14100,1.0);
#14098=VECTOR('',#14101,1.0);
#14099=DIRECTION('',(-0.8419699963383062,0.27642451000419893,-0.4633314316286034));
#14100=DIRECTION('',(-0.16922506824887198,-0.7071084683399248,0.6865569825426948));
#14101=DIRECTION('',(0.9777266939453595,0,0.20988213822685686));
#14102=FACE_SURFACE('',(#14107),#14103,.T.);
#14103=PLANE('',#14104);
#14104=AXIS2_PLACEMENT_3D('',#842,#14105,#14106);
#14105=DIRECTION('',(-0.18992407033436512,0.7069438062370424,0.6812923765394047));
#14106=DIRECTION('',(-0.9632709539796336,0,-0.2685313188795053));
#14107=FACE_BOUND('',#14108,.T.);
#14108=EDGE_LOOP('',(#14109,#14110,#14111));
#14109=ORIENTED_EDGE('',*,*,#14112,.T.);
#14110=ORIENTED_EDGE('',*,*,#14113,.T.);
#14111=ORIENTED_EDGE('',*,*,#14114,.T.);
#14112=EDGE_CURVE('',#843,#839,#14115,.F.);
#14113=EDGE_CURVE('',#839,#595,#14116,.T.);
#14114=EDGE_CURVE('',#595,#843,#14117,.T.);
#14115=LINE('',#842,#14118);
#14116=LINE('',#838,#14119);
#14117=LINE('',#594,#14120);
#14118=VECTOR('',#14121,1.0);
#14119=VECTOR('',#14122,1.0);
#14120=VECTOR('',#14123,1.0);
#14121=DIRECTION('',(-0.9632709539796336,0,-0.2685313188795053));
#14122=DIRECTION('',(0.8124592012577596,-0.27642474466650707,0.5133219329306508));
#14123=DIRECTION('',(0.16922506824887198,0.7071084683399248,-0.6865569825426948));
#14124=FACE_SURFACE('',(#14129),#14125,.T.);
#14125=PLANE('',#14126);
#14126=AXIS2_PLACEMENT_3D('',#840,#14127,#14128);
#14127=DIRECTION('',(0.14844223014972824,0.7069433230843137,0.6915172031516517));
#14128=DIRECTION('',(-0.9777270436016502,0,0.2098805093618196));
#14129=FACE_BOUND('',#14130,.T.);
#14130=EDGE_LOOP('',(#14131,#14132,#14133));
#14131=ORIENTED_EDGE('',*,*,#14134,.T.);
#14132=ORIENTED_EDGE('',*,*,#14135,.T.);
#14133=ORIENTED_EDGE('',*,*,#14136,.T.);
#14134=EDGE_CURVE('',#841,#845,#14137,.F.);
#14135=EDGE_CURVE('',#845,#611,#14138,.T.);
#14136=EDGE_CURVE('',#611,#841,#14139,.T.);
#14137=LINE('',#840,#14140);
#14138=LINE('',#844,#14141);
#14139=LINE('',#610,#14142);
#14140=VECTOR('',#14143,1.0);
#14141=VECTOR('',#14144,1.0);
#14142=VECTOR('',#14145,1.0);
#14143=DIRECTION('',(-0.9777270436016502,0,0.2098805093618196));
#14144=DIRECTION('',(0.9579496160267066,-0.27642426044669705,0.07695558063442887));
#14145=DIRECTION('',(-0.1692217930473428,0.7071088718021887,-0.6865573742787109));
#14146=FACE_SURFACE('',(#14151),#14147,.T.);
#14147=PLANE('',#14148);
#14148=AXIS2_PLACEMENT_3D('',#844,#14149,#14150);
#14149=DIRECTION('',(0.14844310280703393,0.7069456366671066,0.6915146506230794));
#14150=DIRECTION('',(0.12746215988674398,-0.7071065989419464,0.6955240150632898));
#14151=FACE_BOUND('',#14152,.T.);
#14152=EDGE_LOOP('',(#14153,#14154,#14155));
#14153=ORIENTED_EDGE('',*,*,#14156,.T.);
#14154=ORIENTED_EDGE('',*,*,#14157,.T.);
#14155=ORIENTED_EDGE('',*,*,#14158,.T.);
#14156=EDGE_CURVE('',#845,#623,#14159,.F.);
#14157=EDGE_CURVE('',#623,#611,#14160,.T.);
#14158=EDGE_CURVE('',#611,#845,#14161,.T.);
#14159=LINE('',#844,#14162);
#14160=LINE('',#622,#14163);
#14161=LINE('',#610,#14164);
#14162=VECTOR('',#14165,1.0);
#14163=VECTOR('',#14166,1.0);
#14164=VECTOR('',#14167,1.0);
#14165=DIRECTION('',(0.12746215988674398,-0.7071065989419464,0.6955240150632898));
#14166=DIRECTION('',(0.9777266314322767,0,-0.20988242944108707));
#14167=DIRECTION('',(-0.9579496160267066,0.27642426044669705,-0.07695558063442887));
#14168=FACE_SURFACE('',(#14173),#14169,.T.);
#14169=PLANE('',#14170);
#14170=AXIS2_PLACEMENT_3D('',#618,#14171,#14172);
#14171=DIRECTION('',(-0.10641826109425553,0.7069453108110703,0.6992163336392493));
#14172=DIRECTION('',(-0.8684093603245275,0.27642441427425285,-0.4116487897393618));
#14173=FACE_BOUND('',#14174,.T.);
#14174=EDGE_LOOP('',(#14175,#14176,#14177));
#14175=ORIENTED_EDGE('',*,*,#14178,.T.);
#14176=ORIENTED_EDGE('',*,*,#14179,.T.);
#14177=ORIENTED_EDGE('',*,*,#14180,.T.);
#14178=EDGE_CURVE('',#619,#847,#14181,.F.);
#14179=EDGE_CURVE('',#847,#607,#14182,.T.);
#14180=EDGE_CURVE('',#607,#619,#14183,.T.);
#14181=LINE('',#618,#14184);
#14182=LINE('',#846,#14185);
#14183=LINE('',#606,#14186);
#14184=VECTOR('',#14187,1.0);
#14185=VECTOR('',#14188,1.0);
#14186=VECTOR('',#14189,1.0);
#14187=DIRECTION('',(-0.8684093603245275,0.27642441427425285,-0.4116487897393618));
#14188=DIRECTION('',(-0.12745884291682597,-0.7071069028314693,0.6955243139749976));
#14189=DIRECTION('',(0.9886155196974498,1.2140493217875914E-14,0.15046379701888898));
#14190=FACE_SURFACE('',(#14195),#14191,.T.);
#14191=PLANE('',#14192);
#14192=AXIS2_PLACEMENT_3D('',#846,#14193,#14194);
#14193=DIRECTION('',(-0.14844202508980708,0.7069453003342958,0.6915152258066986));
#14194=DIRECTION('',(-0.9777269799451189,0,-0.2098808059051543));
#14195=FACE_BOUND('',#14196,.T.);
#14196=EDGE_LOOP('',(#14197,#14198,#14199));
#14197=ORIENTED_EDGE('',*,*,#14200,.T.);
#14198=ORIENTED_EDGE('',*,*,#14201,.T.);
#14199=ORIENTED_EDGE('',*,*,#14202,.T.);
#14200=EDGE_CURVE('',#847,#843,#14203,.F.);
#14201=EDGE_CURVE('',#843,#607,#14204,.T.);
#14202=EDGE_CURVE('',#607,#847,#14205,.T.);
#14203=LINE('',#846,#14206);
#14204=LINE('',#842,#14207);
#14205=LINE('',#606,#14208);
#14206=VECTOR('',#14209,1.0);
#14207=VECTOR('',#14210,1.0);
#14208=VECTOR('',#14211,1.0);
#14209=DIRECTION('',(-0.9777269799451189,0,-0.2098808059051543));
#14210=DIRECTION('',(0.8419699963383062,-0.27642451000419893,0.4633314316286034));
#14211=DIRECTION('',(0.12745884291682597,0.7071069028314693,-0.6955243139749976));
#14212=FACE_SURFACE('',(#14217),#14213,.T.);
#14213=PLANE('',#14214);
#14214=AXIS2_PLACEMENT_3D('',#844,#14215,#14216);
#14215=DIRECTION('',(0.10641833120346104,0.7069455663066363,0.699216064649018));
#14216=DIRECTION('',(-0.9886154963419758,0,0.15046395047488584));
#14217=FACE_BOUND('',#14218,.T.);
#14218=EDGE_LOOP('',(#14219,#14220,#14221));
#14219=ORIENTED_EDGE('',*,*,#14222,.T.);
#14220=ORIENTED_EDGE('',*,*,#14223,.T.);
#14221=ORIENTED_EDGE('',*,*,#14224,.T.);
#14222=EDGE_CURVE('',#845,#849,#14225,.F.);
#14223=EDGE_CURVE('',#849,#623,#14226,.T.);
#14224=EDGE_CURVE('',#623,#845,#14227,.T.);
#14225=LINE('',#844,#14228);
#14226=LINE('',#848,#14229);
#14227=LINE('',#622,#14230);
#14228=VECTOR('',#14231,1.0);
#14229=VECTOR('',#14232,1.0);
#14230=VECTOR('',#14233,1.0);
#14231=DIRECTION('',(-0.9886154963419758,0,0.15046395047488584));
#14232=DIRECTION('',(0.951555218376038,-0.2764241659555879,0.13465640295614742));
#14233=DIRECTION('',(-0.12746215988674398,0.7071065989419464,-0.6955240150632898));
#14234=FACE_SURFACE('',(#14239),#14235,.T.);
#14235=PLANE('',#14236);
#14236=AXIS2_PLACEMENT_3D('',#848,#14237,#14238);
#14237=DIRECTION('',(0.10641825017144024,0.7069453834384731,0.6992162618714463));
#14238=DIRECTION('',(0.08523443014435442,-0.7071068673277507,0.7019508316797567));
#14239=FACE_BOUND('',#14240,.T.);
#14240=EDGE_LOOP('',(#14241,#14242,#14243));
#14241=ORIENTED_EDGE('',*,*,#14244,.T.);
#14242=ORIENTED_EDGE('',*,*,#14245,.T.);
#14243=ORIENTED_EDGE('',*,*,#14246,.T.);
#14244=EDGE_CURVE('',#849,#635,#14247,.F.);
#14245=EDGE_CURVE('',#635,#623,#14248,.T.);
#14246=EDGE_CURVE('',#623,#849,#14249,.T.);
#14247=LINE('',#848,#14250);
#14248=LINE('',#634,#14251);
#14249=LINE('',#622,#14252);
#14250=VECTOR('',#14253,1.0);
#14251=VECTOR('',#14254,1.0);
#14252=VECTOR('',#14255,1.0);
#14253=DIRECTION('',(0.08523443014435442,-0.7071068673277507,0.7019508316797567));
#14254=DIRECTION('',(0.9886155196974498,0,-0.15046379701888898));
#14255=DIRECTION('',(-0.951555218376038,0.2764241659555879,-0.13465640295614742));
#14256=FACE_SURFACE('',(#14261),#14257,.T.);
#14257=PLANE('',#14258);
#14258=AXIS2_PLACEMENT_3D('',#630,#14259,#14260);
#14259=DIRECTION('',(-0.0640080000289328,0.706945173392836,0.7043660254078622));
#14260=DIRECTION('',(-0.891679001467739,0.27642441508108706,-0.3584663179276049));
#14261=FACE_BOUND('',#14262,.T.);
#14262=EDGE_LOOP('',(#14263,#14264,#14265));
#14263=ORIENTED_EDGE('',*,*,#14266,.T.);
#14264=ORIENTED_EDGE('',*,*,#14267,.T.);
#14265=ORIENTED_EDGE('',*,*,#14268,.T.);
#14266=EDGE_CURVE('',#631,#851,#14269,.F.);
#14267=EDGE_CURVE('',#851,#619,#14270,.T.);
#14268=EDGE_CURVE('',#619,#631,#14271,.T.);
#14269=LINE('',#630,#14272);
#14270=LINE('',#850,#14273);
#14271=LINE('',#618,#14274);
#14272=VECTOR('',#14275,1.0);
#14273=VECTOR('',#14276,1.0);
#14274=VECTOR('',#14277,1.0);
#14275=DIRECTION('',(-0.891679001467739,0.27642441508108706,-0.3584663179276049));
#14276=DIRECTION('',(-0.08523108288986177,-0.7071070705385977,0.7019510334088441));
#14277=DIRECTION('',(0.9958964279438182,-1.214050314025946E-14,0.09050030281023125));
#14278=FACE_SURFACE('',(#14283),#14279,.T.);
#14279=PLANE('',#14280);
#14280=AXIS2_PLACEMENT_3D('',#850,#14281,#14282);
#14281=DIRECTION('',(-0.10641839713129336,0.7069451279429054,0.699216497824383));
#14282=DIRECTION('',(-0.9886154963419758,0,-0.15046395047488584));
#14283=FACE_BOUND('',#14284,.T.);
#14284=EDGE_LOOP('',(#14285,#14286,#14287));
#14285=ORIENTED_EDGE('',*,*,#14288,.T.);
#14286=ORIENTED_EDGE('',*,*,#14289,.T.);
#14287=ORIENTED_EDGE('',*,*,#14290,.T.);
#14288=EDGE_CURVE('',#851,#847,#14291,.F.);
#14289=EDGE_CURVE('',#847,#619,#14292,.T.);
#14290=EDGE_CURVE('',#619,#851,#14293,.T.);
#14291=LINE('',#850,#14294);
#14292=LINE('',#846,#14295);
#14293=LINE('',#618,#14296);
#14294=VECTOR('',#14297,1.0);
#14295=VECTOR('',#14298,1.0);
#14296=VECTOR('',#14299,1.0);
#14297=DIRECTION('',(-0.9886154963419758,0,-0.15046395047488584));
#14298=DIRECTION('',(0.8684093603245275,-0.27642441427425285,0.4116487897393618));
#14299=DIRECTION('',(0.08523108288986177,0.7071070705385977,-0.7019510334088441));
#14300=FACE_SURFACE('',(#14305),#14301,.T.);
#14301=PLANE('',#14302);
#14302=AXIS2_PLACEMENT_3D('',#848,#14303,#14304);
#14303=DIRECTION('',(0.06400844822380412,0.7069453330883715,0.7043658243984812));
#14304=DIRECTION('',(-0.9958963685012996,0,0.09050095693374677));
#14305=FACE_BOUND('',#14306,.T.);
#14306=EDGE_LOOP('',(#14307,#14308,#14309));
#14307=ORIENTED_EDGE('',*,*,#14310,.T.);
#14308=ORIENTED_EDGE('',*,*,#14311,.T.);
#14309=ORIENTED_EDGE('',*,*,#14312,.T.);
#14310=EDGE_CURVE('',#849,#853,#14313,.F.);
#14311=EDGE_CURVE('',#853,#635,#14314,.T.);
#14312=EDGE_CURVE('',#635,#849,#14315,.T.);
#14313=LINE('',#848,#14316);
#14314=LINE('',#852,#14317);
#14315=LINE('',#634,#14318);
#14316=VECTOR('',#14319,1.0);
#14317=VECTOR('',#14320,1.0);
#14318=VECTOR('',#14321,1.0);
#14319=DIRECTION('',(-0.9958963685012996,0,0.09050095693374677));
#14320=DIRECTION('',(0.9416891735126283,-0.27642451848449234,0.19186189321936611));
#14321=DIRECTION('',(-0.08523443014435442,0.7071068673277507,-0.7019508316797567));
#14322=FACE_SURFACE('',(#14327),#14323,.T.);
#14323=PLANE('',#14324);
#14324=AXIS2_PLACEMENT_3D('',#852,#14325,#14326);
#14325=DIRECTION('',(0.0640079788043529,0.7069444079856229,0.7043667955456437));
#14326=DIRECTION('',(0.04269313425200764,-0.7071077755980457,0.705815762062965));
#14327=FACE_BOUND('',#14328,.T.);
#14328=EDGE_LOOP('',(#14329,#14330,#14331));
#14329=ORIENTED_EDGE('',*,*,#14332,.T.);
#14330=ORIENTED_EDGE('',*,*,#14333,.T.);
#14331=ORIENTED_EDGE('',*,*,#14334,.T.);
#14332=EDGE_CURVE('',#853,#647,#14335,.F.);
#14333=EDGE_CURVE('',#647,#635,#14336,.T.);
#14334=EDGE_CURVE('',#635,#853,#14337,.T.);
#14335=LINE('',#852,#14338);
#14336=LINE('',#646,#14339);
#14337=LINE('',#634,#14340);
#14338=VECTOR('',#14341,1.0);
#14339=VECTOR('',#14342,1.0);
#14340=VECTOR('',#14343,1.0);
#14341=DIRECTION('',(0.04269313425200764,-0.7071077755980457,0.705815762062965));
#14342=DIRECTION('',(0.9958964395668422,1.2140485982118002E-14,-0.09050017490638908));
#14343=DIRECTION('',(-0.9416891735126283,0.27642451848449234,-0.19186189321936611));
#14344=FACE_SURFACE('',(#14349),#14345,.T.);
#14345=PLANE('',#14346);
#14346=AXIS2_PLACEMENT_3D('',#642,#14347,#14348);
#14347=DIRECTION('',(-0.021360753756848302,0.7069444848382146,0.7069464007658366));
#14348=DIRECTION('',(-0.9116966423748379,0.27642473625515895,-0.3039713760680648));
#14349=FACE_BOUND('',#14350,.T.);
#14350=EDGE_LOOP('',(#14351,#14352,#14353));
#14351=ORIENTED_EDGE('',*,*,#14354,.T.);
#14352=ORIENTED_EDGE('',*,*,#14355,.T.);
#14353=ORIENTED_EDGE('',*,*,#14356,.T.);
#14354=EDGE_CURVE('',#643,#855,#14357,.F.);
#14355=EDGE_CURVE('',#855,#631,#14358,.T.);
#14356=EDGE_CURVE('',#631,#643,#14359,.T.);
#14357=LINE('',#642,#14360);
#14358=LINE('',#854,#14361);
#14359=LINE('',#630,#14362);
#14360=VECTOR('',#14363,1.0);
#14361=VECTOR('',#14364,1.0);
#14362=VECTOR('',#14365,1.0);
#14363=DIRECTION('',(-0.9116966423748379,0.27642473625515895,-0.3039713760680648));
#14364=DIRECTION('',(-0.042696499858398074,-0.7071076738053917,0.7058156604563046));
#14365=DIRECTION('',(0.9995438234834598,0,0.030201737302119704));
#14366=FACE_SURFACE('',(#14371),#14367,.T.);
#14367=PLANE('',#14368);
#14368=AXIS2_PLACEMENT_3D('',#854,#14369,#14370);
#14369=DIRECTION('',(-0.06400842661054876,0.7069445536695802,0.7043666086348501));
#14370=DIRECTION('',(-0.9958963803372708,0,-0.0905008266875066));
#14371=FACE_BOUND('',#14372,.T.);
#14372=EDGE_LOOP('',(#14373,#14374,#14375));
#14373=ORIENTED_EDGE('',*,*,#14376,.T.);
#14374=ORIENTED_EDGE('',*,*,#14377,.T.);
#14375=ORIENTED_EDGE('',*,*,#14378,.T.);
#14376=EDGE_CURVE('',#855,#851,#14379,.F.);
#14377=EDGE_CURVE('',#851,#631,#14380,.T.);
#14378=EDGE_CURVE('',#631,#855,#14381,.T.);
#14379=LINE('',#854,#14382);
#14380=LINE('',#850,#14383);
#14381=LINE('',#630,#14384);
#14382=VECTOR('',#14385,1.0);
#14383=VECTOR('',#14386,1.0);
#14384=VECTOR('',#14387,1.0);
#14385=DIRECTION('',(-0.9958963803372708,0,-0.0905008266875066));
#14386=DIRECTION('',(0.891679001467739,-0.27642441508108706,0.3584663179276049));
#14387=DIRECTION('',(0.042696499858398074,0.7071076738053917,-0.7058156604563046));
#14388=FACE_SURFACE('',(#14393),#14389,.T.);
#14389=PLANE('',#14390);
#14390=AXIS2_PLACEMENT_3D('',#852,#14391,#14392);
#14391=DIRECTION('',(0.02135931504484382,0.7069444121062772,0.706946516967532));
#14392=DIRECTION('',(-0.999543885038961,0,0.03019970001871421));
#14393=FACE_BOUND('',#14394,.T.);
#14394=EDGE_LOOP('',(#14395,#14396,#14397));
#14395=ORIENTED_EDGE('',*,*,#14398,.T.);
#14396=ORIENTED_EDGE('',*,*,#14399,.T.);
#14397=ORIENTED_EDGE('',*,*,#14400,.T.);
#14398=EDGE_CURVE('',#853,#857,#14401,.F.);
#14399=EDGE_CURVE('',#857,#647,#14402,.T.);
#14400=EDGE_CURVE('',#647,#853,#14403,.T.);
#14401=LINE('',#852,#14404);
#14402=LINE('',#856,#14405);
#14403=LINE('',#646,#14406);
#14404=VECTOR('',#14407,1.0);
#14405=VECTOR('',#14408,1.0);
#14406=VECTOR('',#14409,1.0);
#14407=DIRECTION('',(-0.999543885038961,0,0.03019970001871421));
#14408=DIRECTION('',(0.9283858212829049,-0.27642417949099285,0.24837358924329572));
#14409=DIRECTION('',(-0.04269313425200764,0.7071077755980457,-0.705815762062965));
#14410=FACE_SURFACE('',(#14415),#14411,.T.);
#14411=PLANE('',#14412);
#14412=AXIS2_PLACEMENT_3D('',#856,#14413,#14414);
#14413=DIRECTION('',(0.02136068346466901,0.7069468133207758,0.7069440744058346));
#14414=DIRECTION('',(0,-0.707105411415216,0.7071081509552256));
#14415=FACE_BOUND('',#14416,.T.);
#14416=EDGE_LOOP('',(#14417,#14418,#14419));
#14417=ORIENTED_EDGE('',*,*,#14420,.T.);
#14418=ORIENTED_EDGE('',*,*,#14421,.T.);
#14419=ORIENTED_EDGE('',*,*,#14422,.T.);
#14420=EDGE_CURVE('',#857,#643,#14423,.F.);
#14421=EDGE_CURVE('',#643,#647,#14424,.T.);
#14422=EDGE_CURVE('',#647,#857,#14425,.T.);
#14423=LINE('',#856,#14426);
#14424=LINE('',#642,#14427);
#14425=LINE('',#646,#14428);
#14426=VECTOR('',#14429,1.0);
#14427=VECTOR('',#14430,1.0);
#14428=VECTOR('',#14431,1.0);
#14429=DIRECTION('',(0,-0.707105411415216,0.7071081509552256));
#14430=DIRECTION('',(0.9995438234834598,0,-0.030201737302119704));
#14431=DIRECTION('',(-0.9283858212829049,0.27642417949099285,-0.24837358924329572));
#14432=FACE_SURFACE('',(#14437),#14433,.T.);
#14433=PLANE('',#14434);
#14434=AXIS2_PLACEMENT_3D('',#856,#14435,#14436);
#14435=DIRECTION('',(-0.02135927277082185,0.7069468346324965,0.7069440957174727));
#14436=DIRECTION('',(-0.9995438837209953,0,-0.030199743640458424));
#14437=FACE_BOUND('',#14438,.T.);
#14438=EDGE_LOOP('',(#14439,#14440,#14441));
#14439=ORIENTED_EDGE('',*,*,#14442,.T.);
#14440=ORIENTED_EDGE('',*,*,#14443,.T.);
#14441=ORIENTED_EDGE('',*,*,#14444,.T.);
#14442=EDGE_CURVE('',#857,#855,#14445,.F.);
#14443=EDGE_CURVE('',#855,#643,#14446,.T.);
#14444=EDGE_CURVE('',#643,#857,#14447,.T.);
#14445=LINE('',#856,#14448);
#14446=LINE('',#854,#14449);
#14447=LINE('',#642,#14450);
#14448=VECTOR('',#14451,1.0);
#14449=VECTOR('',#14452,1.0);
#14450=VECTOR('',#14453,1.0);
#14451=DIRECTION('',(-0.9995438837209953,0,-0.030199743640458424));
#14452=DIRECTION('',(0.9116966423748379,-0.27642473625515895,0.3039713760680648));
#14453=DIRECTION('',(0,0.707105411415216,-0.7071081509552256));
#14454=FACE_SURFACE('',(#14459),#14455,.T.);
#14455=PLANE('',#14456);
#14456=AXIS2_PLACEMENT_3D('',#78,#14457,#14458);
#14457=DIRECTION('',(0,1,0));
#14458=DIRECTION('',(0.9204699395357455,0,-0.39081337030744095));
#14459=FACE_BOUND('',#14460,.T.);
#14460=EDGE_LOOP('',(#14461,#14462,#14463));
#14461=ORIENTED_EDGE('',*,*,#14464,.T.);
#14462=ORIENTED_EDGE('',*,*,#14465,.T.);
#14463=ORIENTED_EDGE('',*,*,#14466,.T.);
#14464=EDGE_CURVE('',#79,#651,#14467,.F.);
#14465=EDGE_CURVE('',#651,#653,#14468,.T.);
#14466=EDGE_CURVE('',#653,#79,#14469,.T.);
#14467=LINE('',#78,#14470);
#14468=LINE('',#650,#14471);
#14469=LINE('',#652,#14472);
#14470=VECTOR('',#14473,1.0);
#14471=VECTOR('',#14474,1.0);
#14472=VECTOR('',#14475,1.0);
#14473=DIRECTION('',(0.9204699395357455,0,-0.39081337030744095));
#14474=DIRECTION('',(-0.9995438230122787,0,-0.030201752896122105));
#14475=DIRECTION('',(0,0,1));
#14476=FACE_SURFACE('',(#14481),#14477,.T.);
#14477=PLANE('',#14478);
#14478=AXIS2_PLACEMENT_3D('',#88,#14479,#14480);
#14479=DIRECTION('',(0,1,0));
#14480=DIRECTION('',(0.999516263891322,0,-0.031100453641920673));
#14481=FACE_BOUND('',#14482,.T.);
#14482=EDGE_LOOP('',(#14483,#14484,#14485));
#14483=ORIENTED_EDGE('',*,*,#14486,.T.);
#14484=ORIENTED_EDGE('',*,*,#14487,.T.);
#14485=ORIENTED_EDGE('',*,*,#14488,.T.);
#14486=EDGE_CURVE('',#89,#79,#14489,.F.);
#14487=EDGE_CURVE('',#79,#653,#14490,.T.);
#14488=EDGE_CURVE('',#653,#89,#14491,.T.);
#14489=LINE('',#88,#14492);
#14490=LINE('',#78,#14493);
#14491=LINE('',#652,#14494);
#14492=VECTOR('',#14495,1.0);
#14493=VECTOR('',#14496,1.0);
#14494=VECTOR('',#14497,1.0);
#14495=DIRECTION('',(0.999516263891322,0,-0.031100453641920673));
#14496=DIRECTION('',(0,0,-1));
#14497=DIRECTION('',(-0.899661545204991,0,0.4365880255794562));
#14498=FACE_SURFACE('',(#14503),#14499,.T.);
#14499=PLANE('',#14500);
#14500=AXIS2_PLACEMENT_3D('',#654,#14501,#14502);
#14501=DIRECTION('',(-0,1,-0));
#14502=DIRECTION('',(-0.0030517776730978833,0,0.9999953433156745));
#14503=FACE_BOUND('',#14504,.T.);
#14504=EDGE_LOOP('',(#14505,#14506,#14507));
#14505=ORIENTED_EDGE('',*,*,#14508,.T.);
#14506=ORIENTED_EDGE('',*,*,#14509,.T.);
#14507=ORIENTED_EDGE('',*,*,#14510,.T.);
#14508=EDGE_CURVE('',#655,#89,#14511,.F.);
#14509=EDGE_CURVE('',#89,#653,#14512,.T.);
#14510=EDGE_CURVE('',#653,#655,#14513,.T.);
#14511=LINE('',#654,#14514);
#14512=LINE('',#88,#14515);
#14513=LINE('',#652,#14516);
#14514=VECTOR('',#14517,1.0);
#14515=VECTOR('',#14518,1.0);
#14516=VECTOR('',#14519,1.0);
#14517=DIRECTION('',(-0.0030517776730978833,0,0.9999953433156745));
#14518=DIRECTION('',(0.899661545204991,0,-0.4365880255794562));
#14519=DIRECTION('',(-0.9995438216941339,0,0.03020179652082617));
#14520=FACE_SURFACE('',(#14525),#14521,.T.);
#14521=PLANE('',#14522);
#14522=AXIS2_PLACEMENT_3D('',#92,#14523,#14524);
#14523=DIRECTION('',(0,1,0));
#14524=DIRECTION('',(0.9956494340358307,0,-0.09317834782893515));
#14525=FACE_BOUND('',#14526,.T.);
#14526=EDGE_LOOP('',(#14527,#14528,#14529));
#14527=ORIENTED_EDGE('',*,*,#14530,.T.);
#14528=ORIENTED_EDGE('',*,*,#14531,.T.);
#14529=ORIENTED_EDGE('',*,*,#14532,.T.);
#14530=EDGE_CURVE('',#93,#89,#14533,.F.);
#14531=EDGE_CURVE('',#89,#655,#14534,.T.);
#14532=EDGE_CURVE('',#655,#93,#14535,.T.);
#14533=LINE('',#92,#14536);
#14534=LINE('',#88,#14537);
#14535=LINE('',#654,#14538);
#14536=VECTOR('',#14539,1.0);
#14537=VECTOR('',#14540,1.0);
#14538=VECTOR('',#14541,1.0);
#14539=DIRECTION('',(0.9956494340358307,0,-0.09317834782893515));
#14540=DIRECTION('',(0.0030517776730978833,0,-0.9999953433156745));
#14541=DIRECTION('',(-0.8763295391540625,0,0.48171209119766606));
#14542=FACE_SURFACE('',(#14547),#14543,.T.);
#14543=PLANE('',#14544);
#14544=AXIS2_PLACEMENT_3D('',#658,#14545,#14546);
#14545=DIRECTION('',(-0,1,-0));
#14546=DIRECTION('',(-0.005574213289543571,0,0.999984463952417));
#14547=FACE_BOUND('',#14548,.T.);
#14548=EDGE_LOOP('',(#14549,#14550,#14551));
#14549=ORIENTED_EDGE('',*,*,#14552,.T.);
#14550=ORIENTED_EDGE('',*,*,#14553,.T.);
#14551=ORIENTED_EDGE('',*,*,#14554,.T.);
#14552=EDGE_CURVE('',#659,#93,#14555,.F.);
#14553=EDGE_CURVE('',#93,#655,#14556,.T.);
#14554=EDGE_CURVE('',#655,#659,#14557,.T.);
#14555=LINE('',#658,#14558);
#14556=LINE('',#92,#14559);
#14557=LINE('',#654,#14560);
#14558=VECTOR('',#14561,1.0);
#14559=VECTOR('',#14562,1.0);
#14560=VECTOR('',#14563,1.0);
#14561=DIRECTION('',(-0.005574213289543571,0,0.999984463952417));
#14562=DIRECTION('',(0.8763295391540625,0,-0.48171209119766606));
#14563=DIRECTION('',(-0.9958965085472468,0,0.09049941581802366));
#14564=FACE_SURFACE('',(#14569),#14565,.T.);
#14565=PLANE('',#14566);
#14566=AXIS2_PLACEMENT_3D('',#76,#14567,#14568);
#14567=DIRECTION('',(0,1,0));
#14568=DIRECTION('',(0.9387603406679849,0,-0.3445707805211129));
#14569=FACE_BOUND('',#14570,.T.);
#14570=EDGE_LOOP('',(#14571,#14572,#14573));
#14571=ORIENTED_EDGE('',*,*,#14574,.T.);
#14572=ORIENTED_EDGE('',*,*,#14575,.T.);
#14573=ORIENTED_EDGE('',*,*,#14576,.T.);
#14574=EDGE_CURVE('',#77,#657,#14577,.F.);
#14575=EDGE_CURVE('',#657,#651,#14578,.T.);
#14576=EDGE_CURVE('',#651,#77,#14579,.T.);
#14577=LINE('',#76,#14580);
#14578=LINE('',#656,#14581);
#14579=LINE('',#650,#14582);
#14580=VECTOR('',#14583,1.0);
#14581=VECTOR('',#14584,1.0);
#14582=VECTOR('',#14585,1.0);
#14583=DIRECTION('',(0.9387603406679849,0,-0.3445707805211129));
#14584=DIRECTION('',(-0.995896496711643,0,-0.09049954606226687));
#14585=DIRECTION('',(0.0030517776730978833,0,0.9999953433156745));
#14586=FACE_SURFACE('',(#14591),#14587,.T.);
#14587=PLANE('',#14588);
#14588=AXIS2_PLACEMENT_3D('',#78,#14589,#14590);
#14589=DIRECTION('',(-0,1,0));
#14590=DIRECTION('',(0.999516265287097,0,0.031100408784026007));
#14591=FACE_BOUND('',#14592,.T.);
#14592=EDGE_LOOP('',(#14593,#14594,#14595));
#14593=ORIENTED_EDGE('',*,*,#14596,.T.);
#14594=ORIENTED_EDGE('',*,*,#14597,.T.);
#14595=ORIENTED_EDGE('',*,*,#14598,.T.);
#14596=EDGE_CURVE('',#79,#77,#14599,.F.);
#14597=EDGE_CURVE('',#77,#651,#14600,.T.);
#14598=EDGE_CURVE('',#651,#79,#14601,.T.);
#14599=LINE('',#78,#14602);
#14600=LINE('',#76,#14603);
#14601=LINE('',#650,#14604);
#14602=VECTOR('',#14605,1.0);
#14603=VECTOR('',#14606,1.0);
#14604=VECTOR('',#14607,1.0);
#14605=DIRECTION('',(0.999516265287097,0,0.031100408784026007));
#14606=DIRECTION('',(-0.0030517776730978833,0,-0.9999953433156745));
#14607=DIRECTION('',(-0.9204699395357455,0,0.39081337030744095));
#14608=FACE_SURFACE('',(#14613),#14609,.T.);
#14609=PLANE('',#14610);
#14610=AXIS2_PLACEMENT_3D('',#96,#14611,#14612);
#14611=DIRECTION('',(0,1,0));
#14612=DIRECTION('',(0.9879303682599646,0,-0.15489863611320417));
#14613=FACE_BOUND('',#14614,.T.);
#14614=EDGE_LOOP('',(#14615,#14616,#14617));
#14615=ORIENTED_EDGE('',*,*,#14618,.T.);
#14616=ORIENTED_EDGE('',*,*,#14619,.T.);
#14617=ORIENTED_EDGE('',*,*,#14620,.T.);
#14618=EDGE_CURVE('',#97,#93,#14621,.F.);
#14619=EDGE_CURVE('',#93,#659,#14622,.T.);
#14620=EDGE_CURVE('',#659,#97,#14623,.T.);
#14621=LINE('',#96,#14624);
#14622=LINE('',#92,#14625);
#14623=LINE('',#658,#14626);
#14624=VECTOR('',#14627,1.0);
#14625=VECTOR('',#14628,1.0);
#14626=VECTOR('',#14629,1.0);
#14627=DIRECTION('',(0.9879303682599646,0,-0.15489863611320417));
#14628=DIRECTION('',(0.005574213289543571,0,-0.999984463952417));
#14629=DIRECTION('',(-0.8504816428360034,0,0.5260047292553297));
#14630=FACE_SURFACE('',(#14635),#14631,.T.);
#14631=PLANE('',#14632);
#14632=AXIS2_PLACEMENT_3D('',#662,#14633,#14634);
#14633=DIRECTION('',(-0,1,-0));
#14634=DIRECTION('',(-0.00706619694763567,0,0.999975034118701));
#14635=FACE_BOUND('',#14636,.T.);
#14636=EDGE_LOOP('',(#14637,#14638,#14639));
#14637=ORIENTED_EDGE('',*,*,#14640,.T.);
#14638=ORIENTED_EDGE('',*,*,#14641,.T.);
#14639=ORIENTED_EDGE('',*,*,#14642,.T.);
#14640=EDGE_CURVE('',#663,#97,#14643,.F.);
#14641=EDGE_CURVE('',#97,#659,#14644,.T.);
#14642=EDGE_CURVE('',#659,#663,#14645,.T.);
#14643=LINE('',#662,#14646);
#14644=LINE('',#96,#14647);
#14645=LINE('',#658,#14648);
#14646=VECTOR('',#14649,1.0);
#14647=VECTOR('',#14650,1.0);
#14648=VECTOR('',#14651,1.0);
#14649=DIRECTION('',(-0.00706619694763567,0,0.999975034118701));
#14650=DIRECTION('',(0.8504816428360034,0,-0.5260047292553297));
#14651=DIRECTION('',(-0.9886154761894431,0,0.15046408288598512));
#14652=FACE_SURFACE('',(#14657),#14653,.T.);
#14653=PLANE('',#14654);
#14654=AXIS2_PLACEMENT_3D('',#90,#14655,#14656);
#14655=DIRECTION('',(0,1,0));
#14656=DIRECTION('',(0.9545530942579955,0,-0.29804092041611757));
#14657=FACE_BOUND('',#14658,.T.);
#14658=EDGE_LOOP('',(#14659,#14660,#14661));
#14659=ORIENTED_EDGE('',*,*,#14662,.T.);
#14660=ORIENTED_EDGE('',*,*,#14663,.T.);
#14661=ORIENTED_EDGE('',*,*,#14664,.T.);
#14662=EDGE_CURVE('',#91,#661,#14665,.F.);
#14663=EDGE_CURVE('',#661,#657,#14666,.T.);
#14664=EDGE_CURVE('',#657,#91,#14667,.T.);
#14665=LINE('',#90,#14668);
#14666=LINE('',#660,#14669);
#14667=LINE('',#656,#14670);
#14668=VECTOR('',#14671,1.0);
#14669=VECTOR('',#14672,1.0);
#14670=VECTOR('',#14673,1.0);
#14671=DIRECTION('',(0.9545530942579955,0,-0.29804092041611757));
#14672=DIRECTION('',(-0.9886154761894431,0,-0.15046408288598512));
#14673=DIRECTION('',(0.005574213289543571,0,0.999984463952417));
#14674=FACE_SURFACE('',(#14679),#14675,.T.);
#14675=PLANE('',#14676);
#14676=AXIS2_PLACEMENT_3D('',#76,#14677,#14678);
#14677=DIRECTION('',(-0,1,0));
#14678=DIRECTION('',(0.995649421506915,0,0.09317848170551711));
#14679=FACE_BOUND('',#14680,.T.);
#14680=EDGE_LOOP('',(#14681,#14682,#14683));
#14681=ORIENTED_EDGE('',*,*,#14684,.T.);
#14682=ORIENTED_EDGE('',*,*,#14685,.T.);
#14683=ORIENTED_EDGE('',*,*,#14686,.T.);
#14684=EDGE_CURVE('',#77,#91,#14687,.F.);
#14685=EDGE_CURVE('',#91,#657,#14688,.T.);
#14686=EDGE_CURVE('',#657,#77,#14689,.T.);
#14687=LINE('',#76,#14690);
#14688=LINE('',#90,#14691);
#14689=LINE('',#656,#14692);
#14690=VECTOR('',#14693,1.0);
#14691=VECTOR('',#14694,1.0);
#14692=VECTOR('',#14695,1.0);
#14693=DIRECTION('',(0.995649421506915,0,0.09317848170551711));
#14694=DIRECTION('',(-0.005574213289543571,0,-0.999984463952417));
#14695=DIRECTION('',(-0.9387603406679849,0,0.3445707805211129));
#14696=FACE_SURFACE('',(#14701),#14697,.T.);
#14697=PLANE('',#14698);
#14698=AXIS2_PLACEMENT_3D('',#108,#14699,#14700);
#14699=DIRECTION('',(0,1,0));
#14700=DIRECTION('',(0.9763892793979128,0,-0.2160184600371562));
#14701=FACE_BOUND('',#14702,.T.);
#14702=EDGE_LOOP('',(#14703,#14704,#14705));
#14703=ORIENTED_EDGE('',*,*,#14706,.T.);
#14704=ORIENTED_EDGE('',*,*,#14707,.T.);
#14705=ORIENTED_EDGE('',*,*,#14708,.T.);
#14706=EDGE_CURVE('',#109,#97,#14709,.F.);
#14707=EDGE_CURVE('',#97,#663,#14710,.T.);
#14708=EDGE_CURVE('',#663,#109,#14711,.T.);
#14709=LINE('',#108,#14712);
#14710=LINE('',#96,#14713);
#14711=LINE('',#662,#14714);
#14712=VECTOR('',#14715,1.0);
#14713=VECTOR('',#14716,1.0);
#14714=VECTOR('',#14717,1.0);
#14715=DIRECTION('',(0.9763892793979128,0,-0.2160184600371562));
#14716=DIRECTION('',(0.00706619694763567,0,-0.999975034118701));
#14717=DIRECTION('',(-0.8221387994203375,0,0.5692870932031447));
#14718=FACE_SURFACE('',(#14723),#14719,.T.);
#14719=PLANE('',#14720);
#14720=AXIS2_PLACEMENT_3D('',#666,#14721,#14722);
#14721=DIRECTION('',(-0,1,-0));
#14722=DIRECTION('',(-0.007070787226057398,0,0.9999750016715437));
#14723=FACE_BOUND('',#14724,.T.);
#14724=EDGE_LOOP('',(#14725,#14726,#14727));
#14725=ORIENTED_EDGE('',*,*,#14728,.T.);
#14726=ORIENTED_EDGE('',*,*,#14729,.T.);
#14727=ORIENTED_EDGE('',*,*,#14730,.T.);
#14728=EDGE_CURVE('',#667,#109,#14731,.F.);
#14729=EDGE_CURVE('',#109,#663,#14732,.T.);
#14730=EDGE_CURVE('',#663,#667,#14733,.T.);
#14731=LINE('',#666,#14734);
#14732=LINE('',#108,#14735);
#14733=LINE('',#662,#14736);
#14734=VECTOR('',#14737,1.0);
#14735=VECTOR('',#14738,1.0);
#14736=VECTOR('',#14739,1.0);
#14737=DIRECTION('',(-0.007070787226057398,0,0.9999750016715437));
#14738=DIRECTION('',(0.8221387994203375,0,-0.5692870932031447));
#14739=DIRECTION('',(-0.9777268780081023,0,0.20988128077684687));
#14740=FACE_SURFACE('',(#14745),#14741,.T.);
#14741=PLANE('',#14742);
#14742=AXIS2_PLACEMENT_3D('',#94,#14743,#14744);
#14743=DIRECTION('',(0,1,0));
#14744=DIRECTION('',(0.9678812441931816,0,-0.251407830305778));
#14745=FACE_BOUND('',#14746,.T.);
#14746=EDGE_LOOP('',(#14747,#14748,#14749));
#14747=ORIENTED_EDGE('',*,*,#14750,.T.);
#14748=ORIENTED_EDGE('',*,*,#14751,.T.);
#14749=ORIENTED_EDGE('',*,*,#14752,.T.);
#14750=EDGE_CURVE('',#95,#665,#14753,.F.);
#14751=EDGE_CURVE('',#665,#661,#14754,.T.);
#14752=EDGE_CURVE('',#661,#95,#14755,.T.);
#14753=LINE('',#94,#14756);
#14754=LINE('',#664,#14757);
#14755=LINE('',#660,#14758);
#14756=VECTOR('',#14759,1.0);
#14757=VECTOR('',#14760,1.0);
#14758=VECTOR('',#14761,1.0);
#14759=DIRECTION('',(0.9678812441931816,0,-0.251407830305778));
#14760=DIRECTION('',(-0.9777269416649149,0,-0.20988098423290305));
#14761=DIRECTION('',(0.00706619694763567,0,0.999975034118701));
#14762=FACE_SURFACE('',(#14767),#14763,.T.);
#14763=PLANE('',#14764);
#14764=AXIS2_PLACEMENT_3D('',#90,#14765,#14766);
#14765=DIRECTION('',(-0,1,0));
#14766=DIRECTION('',(0.9879303682599646,0,0.15489863611320417));
#14767=FACE_BOUND('',#14768,.T.);
#14768=EDGE_LOOP('',(#14769,#14770,#14771));
#14769=ORIENTED_EDGE('',*,*,#14772,.T.);
#14770=ORIENTED_EDGE('',*,*,#14773,.T.);
#14771=ORIENTED_EDGE('',*,*,#14774,.T.);
#14772=EDGE_CURVE('',#91,#95,#14775,.F.);
#14773=EDGE_CURVE('',#95,#661,#14776,.T.);
#14774=EDGE_CURVE('',#661,#91,#14777,.T.);
#14775=LINE('',#90,#14778);
#14776=LINE('',#94,#14779);
#14777=LINE('',#660,#14780);
#14778=VECTOR('',#14781,1.0);
#14779=VECTOR('',#14782,1.0);
#14780=VECTOR('',#14783,1.0);
#14781=DIRECTION('',(0.9879303682599646,0,0.15489863611320417));
#14782=DIRECTION('',(-0.00706619694763567,0,-0.999975034118701));
#14783=DIRECTION('',(-0.9545530942579955,0,0.29804092041611757));
#14784=FACE_SURFACE('',(#14789),#14785,.T.);
#14785=PLANE('',#14786);
#14786=AXIS2_PLACEMENT_3D('',#120,#14787,#14788);
#14787=DIRECTION('',(0,1,0));
#14788=DIRECTION('',(0.9610710642542841,0,-0.2763013019389115));
#14789=FACE_BOUND('',#14790,.T.);
#14790=EDGE_LOOP('',(#14791,#14792,#14793));
#14791=ORIENTED_EDGE('',*,*,#14794,.T.);
#14792=ORIENTED_EDGE('',*,*,#14795,.T.);
#14793=ORIENTED_EDGE('',*,*,#14796,.T.);
#14794=EDGE_CURVE('',#121,#109,#14797,.F.);
#14795=EDGE_CURVE('',#109,#667,#14798,.T.);
#14796=EDGE_CURVE('',#667,#121,#14799,.T.);
#14797=LINE('',#120,#14800);
#14798=LINE('',#108,#14801);
#14799=LINE('',#666,#14802);
#14800=VECTOR('',#14803,1.0);
#14801=VECTOR('',#14804,1.0);
#14802=VECTOR('',#14805,1.0);
#14803=DIRECTION('',(0.9610710642542841,0,-0.2763013019389115));
#14804=DIRECTION('',(0.007070787226057398,0,-0.9999750016715437));
#14805=DIRECTION('',(-0.7913366026811182,0,0.6113807171125912));
#14806=FACE_SURFACE('',(#14811),#14807,.T.);
#14807=PLANE('',#14808);
#14808=AXIS2_PLACEMENT_3D('',#670,#14809,#14810);
#14809=DIRECTION('',(-0,1,-0));
#14810=DIRECTION('',(-0.005195134917184761,0,0.9999865051955413));
#14811=FACE_BOUND('',#14812,.T.);
#14812=EDGE_LOOP('',(#14813,#14814,#14815));
#14813=ORIENTED_EDGE('',*,*,#14816,.T.);
#14814=ORIENTED_EDGE('',*,*,#14817,.T.);
#14815=ORIENTED_EDGE('',*,*,#14818,.T.);
#14816=EDGE_CURVE('',#671,#121,#14819,.F.);
#14817=EDGE_CURVE('',#121,#667,#14820,.T.);
#14818=EDGE_CURVE('',#667,#671,#14821,.T.);
#14819=LINE('',#670,#14822);
#14820=LINE('',#120,#14823);
#14821=LINE('',#666,#14824);
#14822=VECTOR('',#14825,1.0);
#14823=VECTOR('',#14826,1.0);
#14824=VECTOR('',#14827,1.0);
#14825=DIRECTION('',(-0.005195134917184761,0,0.9999865051955413));
#14826=DIRECTION('',(0.7913366026811182,0,-0.6113807171125912));
#14827=DIRECTION('',(-0.9632708605291695,0,0.268531654103186));
#14828=FACE_SURFACE('',(#14833),#14829,.T.);
#14829=PLANE('',#14830);
#14830=AXIS2_PLACEMENT_3D('',#98,#14831,#14832);
#14831=DIRECTION('',(0,1,0));
#14832=DIRECTION('',(0.9787930429417394,0,-0.20485160260259186));
#14833=FACE_BOUND('',#14834,.T.);
#14834=EDGE_LOOP('',(#14835,#14836,#14837));
#14835=ORIENTED_EDGE('',*,*,#14838,.T.);
#14836=ORIENTED_EDGE('',*,*,#14839,.T.);
#14837=ORIENTED_EDGE('',*,*,#14840,.T.);
#14838=EDGE_CURVE('',#99,#669,#14841,.F.);
#14839=EDGE_CURVE('',#669,#665,#14842,.T.);
#14840=EDGE_CURVE('',#665,#99,#14843,.T.);
#14841=LINE('',#98,#14844);
#14842=LINE('',#668,#14845);
#14843=LINE('',#664,#14846);
#14844=VECTOR('',#14847,1.0);
#14845=VECTOR('',#14848,1.0);
#14846=VECTOR('',#14849,1.0);
#14847=DIRECTION('',(0.9787930429417394,0,-0.20485160260259186));
#14848=DIRECTION('',(-0.9632708084265925,0,-0.26853184100433763));
#14849=DIRECTION('',(0.007067709109407175,0,0.9999750234320579));
#14850=FACE_SURFACE('',(#14855),#14851,.T.);
#14851=PLANE('',#14852);
#14852=AXIS2_PLACEMENT_3D('',#94,#14853,#14854);
#14853=DIRECTION('',(-0,1,0));
#14854=DIRECTION('',(0.9763892793979128,0,0.2160184600371562));
#14855=FACE_BOUND('',#14856,.T.);
#14856=EDGE_LOOP('',(#14857,#14858,#14859));
#14857=ORIENTED_EDGE('',*,*,#14860,.T.);
#14858=ORIENTED_EDGE('',*,*,#14861,.T.);
#14859=ORIENTED_EDGE('',*,*,#14862,.T.);
#14860=EDGE_CURVE('',#95,#99,#14863,.F.);
#14861=EDGE_CURVE('',#99,#665,#14864,.T.);
#14862=EDGE_CURVE('',#665,#95,#14865,.T.);
#14863=LINE('',#94,#14866);
#14864=LINE('',#98,#14867);
#14865=LINE('',#664,#14868);
#14866=VECTOR('',#14869,1.0);
#14867=VECTOR('',#14870,1.0);
#14868=VECTOR('',#14871,1.0);
#14869=DIRECTION('',(0.9763892793979128,0,0.2160184600371562));
#14870=DIRECTION('',(-0.007067709109407175,0,-0.9999750234320579));
#14871=DIRECTION('',(-0.9678812441931816,0,0.251407830305778));
#14872=FACE_SURFACE('',(#14877),#14873,.T.);
#14873=PLANE('',#14874);
#14874=AXIS2_PLACEMENT_3D('',#124,#14875,#14876);
#14875=DIRECTION('',(0,1,0));
#14876=DIRECTION('',(0.942034140934081,0,-0.3355170298428797));
#14877=FACE_BOUND('',#14878,.T.);
#14878=EDGE_LOOP('',(#14879,#14880,#14881));
#14879=ORIENTED_EDGE('',*,*,#14882,.T.);
#14880=ORIENTED_EDGE('',*,*,#14883,.T.);
#14881=ORIENTED_EDGE('',*,*,#14884,.T.);
#14882=EDGE_CURVE('',#125,#121,#14885,.F.);
#14883=EDGE_CURVE('',#121,#671,#14886,.T.);
#14884=EDGE_CURVE('',#671,#125,#14887,.T.);
#14885=LINE('',#124,#14888);
#14886=LINE('',#120,#14889);
#14887=LINE('',#670,#14890);
#14888=VECTOR('',#14891,1.0);
#14889=VECTOR('',#14892,1.0);
#14890=VECTOR('',#14893,1.0);
#14891=DIRECTION('',(0.942034140934081,0,-0.3355170298428797));
#14892=DIRECTION('',(0.005195134917184761,0,-0.9999865051955413));
#14893=DIRECTION('',(-0.7581209695776107,0,0.6521139436376925));
#14894=FACE_SURFACE('',(#14899),#14895,.T.);
#14895=PLANE('',#14896);
#14896=AXIS2_PLACEMENT_3D('',#674,#14897,#14898);
#14897=DIRECTION('',(-0,1,-0));
#14898=DIRECTION('',(-0.0011326181600555996,0,0.9999993585878459));
#14899=FACE_BOUND('',#14900,.T.);
#14900=EDGE_LOOP('',(#14901,#14902,#14903));
#14901=ORIENTED_EDGE('',*,*,#14904,.T.);
#14902=ORIENTED_EDGE('',*,*,#14905,.T.);
#14903=ORIENTED_EDGE('',*,*,#14906,.T.);
#14904=EDGE_CURVE('',#675,#125,#14907,.F.);
#14905=EDGE_CURVE('',#125,#671,#14908,.T.);
#14906=EDGE_CURVE('',#671,#675,#14909,.T.);
#14907=LINE('',#674,#14910);
#14908=LINE('',#124,#14911);
#14909=LINE('',#670,#14912);
#14910=VECTOR('',#14913,1.0);
#14911=VECTOR('',#14914,1.0);
#14912=VECTOR('',#14915,1.0);
#14913=DIRECTION('',(-0.0011326181600555996,0,0.9999993585878459));
#14914=DIRECTION('',(0.7581209695776107,0,-0.6521139436376925));
#14915=DIRECTION('',(-0.945299635360093,0,0.32620330989748614));
#14916=FACE_SURFACE('',(#14921),#14917,.T.);
#14917=PLANE('',#14918);
#14918=AXIS2_PLACEMENT_3D('',#110,#14919,#14920);
#14919=DIRECTION('',(0,1,0));
#14920=DIRECTION('',(0.9873510599416179,0,-0.158549312304291));
#14921=FACE_BOUND('',#14922,.T.);
#14922=EDGE_LOOP('',(#14923,#14924,#14925));
#14923=ORIENTED_EDGE('',*,*,#14926,.T.);
#14924=ORIENTED_EDGE('',*,*,#14927,.T.);
#14925=ORIENTED_EDGE('',*,*,#14928,.T.);
#14926=EDGE_CURVE('',#111,#673,#14929,.F.);
#14927=EDGE_CURVE('',#673,#669,#14930,.T.);
#14928=EDGE_CURVE('',#669,#111,#14931,.T.);
#14929=LINE('',#110,#14932);
#14930=LINE('',#672,#14933);
#14931=LINE('',#668,#14934);
#14932=VECTOR('',#14935,1.0);
#14933=VECTOR('',#14936,1.0);
#14934=VECTOR('',#14937,1.0);
#14935=DIRECTION('',(0.9873510599416179,0,-0.158549312304291));
#14936=DIRECTION('',(-0.945299635360093,0,-0.32620330989748614));
#14937=DIRECTION('',(0.005195134917184761,0,0.9999865051955413));
#14938=FACE_SURFACE('',(#14943),#14939,.T.);
#14939=PLANE('',#14940);
#14940=AXIS2_PLACEMENT_3D('',#98,#14941,#14942);
#14941=DIRECTION('',(-0,1,0));
#14942=DIRECTION('',(0.9610711193373771,0,0.2763011103408761));
#14943=FACE_BOUND('',#14944,.T.);
#14944=EDGE_LOOP('',(#14945,#14946,#14947));
#14945=ORIENTED_EDGE('',*,*,#14948,.T.);
#14946=ORIENTED_EDGE('',*,*,#14949,.T.);
#14947=ORIENTED_EDGE('',*,*,#14950,.T.);
#14948=EDGE_CURVE('',#99,#111,#14951,.F.);
#14949=EDGE_CURVE('',#111,#669,#14952,.T.);
#14950=EDGE_CURVE('',#669,#99,#14953,.T.);
#14951=LINE('',#98,#14954);
#14952=LINE('',#110,#14955);
#14953=LINE('',#668,#14956);
#14954=VECTOR('',#14957,1.0);
#14955=VECTOR('',#14958,1.0);
#14956=VECTOR('',#14959,1.0);
#14957=DIRECTION('',(0.9610711193373771,0,0.2763011103408761));
#14958=DIRECTION('',(-0.005195134917184761,0,-0.9999865051955413));
#14959=DIRECTION('',(-0.9787930429417394,0,0.20485160260259186));
#14960=FACE_SURFACE('',(#14965),#14961,.T.);
#14961=PLANE('',#14962);
#14962=AXIS2_PLACEMENT_3D('',#136,#14963,#14964);
#14963=DIRECTION('',(0,1,0));
#14964=DIRECTION('',(0.9193533544264003,0,-0.39343285285411234));
#14965=FACE_BOUND('',#14966,.T.);
#14966=EDGE_LOOP('',(#14967,#14968,#14969));
#14967=ORIENTED_EDGE('',*,*,#14970,.T.);
#14968=ORIENTED_EDGE('',*,*,#14971,.T.);
#14969=ORIENTED_EDGE('',*,*,#14972,.T.);
#14970=EDGE_CURVE('',#137,#125,#14973,.F.);
#14971=EDGE_CURVE('',#125,#675,#14974,.T.);
#14972=EDGE_CURVE('',#675,#137,#14975,.T.);
#14973=LINE('',#136,#14976);
#14974=LINE('',#124,#14977);
#14975=LINE('',#674,#14978);
#14976=VECTOR('',#14979,1.0);
#14977=VECTOR('',#14980,1.0);
#14978=VECTOR('',#14981,1.0);
#14979=DIRECTION('',(0.9193533544264003,0,-0.39343285285411234));
#14980=DIRECTION('',(0.0011326181600555996,0,-0.9999993585878459));
#14981=DIRECTION('',(-0.7225533724222108,0,0.6913151408737478));
#14982=FACE_SURFACE('',(#14987),#14983,.T.);
#14983=PLANE('',#14984);
#14984=AXIS2_PLACEMENT_3D('',#678,#14985,#14986);
#14985=DIRECTION('',(-0,1,0));
#14986=DIRECTION('',(0.0053564075537263995,0,0.9999856543461603));
#14987=FACE_BOUND('',#14988,.T.);
#14988=EDGE_LOOP('',(#14989,#14990,#14991));
#14989=ORIENTED_EDGE('',*,*,#14992,.T.);
#14990=ORIENTED_EDGE('',*,*,#14993,.T.);
#14991=ORIENTED_EDGE('',*,*,#14994,.T.);
#14992=EDGE_CURVE('',#679,#137,#14995,.F.);
#14993=EDGE_CURVE('',#137,#675,#14996,.T.);
#14994=EDGE_CURVE('',#675,#679,#14997,.T.);
#14995=LINE('',#678,#14998);
#14996=LINE('',#136,#14999);
#14997=LINE('',#674,#15000);
#14998=VECTOR('',#15001,1.0);
#14999=VECTOR('',#15002,1.0);
#15000=VECTOR('',#15003,1.0);
#15001=DIRECTION('',(0.0053564075537263995,0,0.9999856543461603));
#15002=DIRECTION('',(0.7225533724222108,0,-0.6913151408737478));
#15003=DIRECTION('',(-0.9238795099674545,0,0.3826834867907109));
#15004=FACE_SURFACE('',(#15009),#15005,.T.);
#15005=PLANE('',#15006);
#15006=AXIS2_PLACEMENT_3D('',#122,#15007,#15008);
#15007=DIRECTION('',(0,1,0));
#15008=DIRECTION('',(0.9936312873339757,0,-0.11268036577428392));
#15009=FACE_BOUND('',#15010,.T.);
#15010=EDGE_LOOP('',(#15011,#15012,#15013));
#15011=ORIENTED_EDGE('',*,*,#15014,.T.);
#15012=ORIENTED_EDGE('',*,*,#15015,.T.);
#15013=ORIENTED_EDGE('',*,*,#15016,.T.);
#15014=EDGE_CURVE('',#123,#677,#15017,.F.);
#15015=EDGE_CURVE('',#677,#673,#15018,.T.);
#15016=EDGE_CURVE('',#673,#123,#15019,.T.);
#15017=LINE('',#122,#15020);
#15018=LINE('',#676,#15021);
#15019=LINE('',#672,#15022);
#15020=VECTOR('',#15023,1.0);
#15021=VECTOR('',#15024,1.0);
#15022=VECTOR('',#15025,1.0);
#15023=DIRECTION('',(0.9936312873339757,0,-0.11268036577428392));
#15024=DIRECTION('',(-0.9238794041522812,0,-0.38268374225099483));
#15025=DIRECTION('',(0.0011326181600555996,0,0.9999993585878459));
#15026=FACE_SURFACE('',(#15031),#15027,.T.);
#15027=PLANE('',#15028);
#15028=AXIS2_PLACEMENT_3D('',#110,#15029,#15030);
#15029=DIRECTION('',(-0,1,0));
#15030=DIRECTION('',(0.942034140934081,0,0.3355170298428797));
#15031=FACE_BOUND('',#15032,.T.);
#15032=EDGE_LOOP('',(#15033,#15034,#15035));
#15033=ORIENTED_EDGE('',*,*,#15036,.T.);
#15034=ORIENTED_EDGE('',*,*,#15037,.T.);
#15035=ORIENTED_EDGE('',*,*,#15038,.T.);
#15036=EDGE_CURVE('',#111,#123,#15039,.F.);
#15037=EDGE_CURVE('',#123,#673,#15040,.T.);
#15038=EDGE_CURVE('',#673,#111,#15041,.T.);
#15039=LINE('',#110,#15042);
#15040=LINE('',#122,#15043);
#15041=LINE('',#672,#15044);
#15042=VECTOR('',#15045,1.0);
#15043=VECTOR('',#15046,1.0);
#15044=VECTOR('',#15047,1.0);
#15045=DIRECTION('',(0.942034140934081,0,0.3355170298428797));
#15046=DIRECTION('',(-0.0011326181600555996,0,-0.9999993585878459));
#15047=DIRECTION('',(-0.9873510599416179,0,0.158549312304291));
#15048=FACE_SURFACE('',(#15053),#15049,.T.);
#15049=PLANE('',#15050);
#15050=AXIS2_PLACEMENT_3D('',#148,#15051,#15052);
#15051=DIRECTION('',(0,1,0));
#15052=DIRECTION('',(0.8931150181041605,0,-0.4498283722007819));
#15053=FACE_BOUND('',#15054,.T.);
#15054=EDGE_LOOP('',(#15055,#15056,#15057));
#15055=ORIENTED_EDGE('',*,*,#15058,.T.);
#15056=ORIENTED_EDGE('',*,*,#15059,.T.);
#15057=ORIENTED_EDGE('',*,*,#15060,.T.);
#15058=EDGE_CURVE('',#149,#137,#15061,.F.);
#15059=EDGE_CURVE('',#137,#679,#15062,.T.);
#15060=EDGE_CURVE('',#679,#149,#15063,.T.);
#15061=LINE('',#148,#15064);
#15062=LINE('',#136,#15065);
#15063=LINE('',#678,#15066);
#15064=VECTOR('',#15067,1.0);
#15065=VECTOR('',#15068,1.0);
#15066=VECTOR('',#15069,1.0);
#15067=DIRECTION('',(0.8931150181041605,0,-0.4498283722007819));
#15068=DIRECTION('',(-0.0053564075537263995,0,-0.9999856543461603));
#15069=DIRECTION('',(-0.6847044136921463,0,0.7288208736517459));
#15070=FACE_SURFACE('',(#15075),#15071,.T.);
#15071=PLANE('',#15072);
#15072=AXIS2_PLACEMENT_3D('',#682,#15073,#15074);
#15073=DIRECTION('',(-0,1,0));
#15074=DIRECTION('',(0.01442555289364323,0,0.99989594629827));
#15075=FACE_BOUND('',#15076,.T.);
#15076=EDGE_LOOP('',(#15077,#15078,#15079));
#15077=ORIENTED_EDGE('',*,*,#15080,.T.);
#15078=ORIENTED_EDGE('',*,*,#15081,.T.);
#15079=ORIENTED_EDGE('',*,*,#15082,.T.);
#15080=EDGE_CURVE('',#683,#149,#15083,.F.);
#15081=EDGE_CURVE('',#149,#679,#15084,.T.);
#15082=EDGE_CURVE('',#679,#683,#15085,.T.);
#15083=LINE('',#682,#15086);
#15084=LINE('',#148,#15087);
#15085=LINE('',#678,#15088);
#15086=VECTOR('',#15089,1.0);
#15087=VECTOR('',#15090,1.0);
#15088=VECTOR('',#15091,1.0);
#15089=DIRECTION('',(0.01442555289364323,0,0.99989594629827));
#15090=DIRECTION('',(0.6847044136921463,0,-0.7288208736517459));
#15091=DIRECTION('',(-0.8990885220745981,0,0.43776686657822206));
#15092=FACE_SURFACE('',(#15097),#15093,.T.);
#15093=PLANE('',#15094);
#15094=AXIS2_PLACEMENT_3D('',#126,#15095,#15096);
#15095=DIRECTION('',(0,1,0));
#15096=DIRECTION('',(0.9977249671266912,0,-0.06741579912782099));
#15097=FACE_BOUND('',#15098,.T.);
#15098=EDGE_LOOP('',(#15099,#15100,#15101));
#15099=ORIENTED_EDGE('',*,*,#15102,.T.);
#15100=ORIENTED_EDGE('',*,*,#15103,.T.);
#15101=ORIENTED_EDGE('',*,*,#15104,.T.);
#15102=EDGE_CURVE('',#127,#681,#15105,.F.);
#15103=EDGE_CURVE('',#681,#677,#15106,.T.);
#15104=EDGE_CURVE('',#677,#127,#15107,.T.);
#15105=LINE('',#126,#15108);
#15106=LINE('',#680,#15109);
#15107=LINE('',#676,#15110);
#15108=VECTOR('',#15111,1.0);
#15109=VECTOR('',#15112,1.0);
#15110=VECTOR('',#15113,1.0);
#15111=DIRECTION('',(0.9977249671266912,0,-0.06741579912782099));
#15112=DIRECTION('',(-0.8990885220745981,0,-0.43776686657822206));
#15113=DIRECTION('',(-0.005354958742816246,0,0.9999856621056437));
#15114=FACE_SURFACE('',(#15119),#15115,.T.);
#15115=PLANE('',#15116);
#15116=AXIS2_PLACEMENT_3D('',#122,#15117,#15118);
#15117=DIRECTION('',(-0,1,0));
#15118=DIRECTION('',(0.9193533544264003,0,0.39343285285411234));
#15119=FACE_BOUND('',#15120,.T.);
#15120=EDGE_LOOP('',(#15121,#15122,#15123));
#15121=ORIENTED_EDGE('',*,*,#15124,.T.);
#15122=ORIENTED_EDGE('',*,*,#15125,.T.);
#15123=ORIENTED_EDGE('',*,*,#15126,.T.);
#15124=EDGE_CURVE('',#123,#127,#15127,.F.);
#15125=EDGE_CURVE('',#127,#677,#15128,.T.);
#15126=EDGE_CURVE('',#677,#123,#15129,.T.);
#15127=LINE('',#122,#15130);
#15128=LINE('',#126,#15131);
#15129=LINE('',#676,#15132);
#15130=VECTOR('',#15133,1.0);
#15131=VECTOR('',#15134,1.0);
#15132=VECTOR('',#15135,1.0);
#15133=DIRECTION('',(0.9193533544264003,0,0.39343285285411234));
#15134=DIRECTION('',(0.005354958742816246,0,-0.9999856621056437));
#15135=DIRECTION('',(-0.9936312873339757,0,0.11268036577428392));
#15136=FACE_SURFACE('',(#15141),#15137,.T.);
#15137=PLANE('',#15138);
#15138=AXIS2_PLACEMENT_3D('',#160,#15139,#15140);
#15139=DIRECTION('',(0,1,0));
#15140=DIRECTION('',(0.8634218124941496,0,-0.50448267929565));
#15141=FACE_BOUND('',#15142,.T.);
#15142=EDGE_LOOP('',(#15143,#15144,#15145));
#15143=ORIENTED_EDGE('',*,*,#15146,.T.);
#15144=ORIENTED_EDGE('',*,*,#15147,.T.);
#15145=ORIENTED_EDGE('',*,*,#15148,.T.);
#15146=EDGE_CURVE('',#161,#149,#15149,.F.);
#15147=EDGE_CURVE('',#149,#683,#15150,.T.);
#15148=EDGE_CURVE('',#683,#161,#15151,.T.);
#15149=LINE('',#160,#15152);
#15150=LINE('',#148,#15153);
#15151=LINE('',#682,#15154);
#15152=VECTOR('',#15155,1.0);
#15153=VECTOR('',#15156,1.0);
#15154=VECTOR('',#15157,1.0);
#15155=DIRECTION('',(0.8634218124941496,0,-0.50448267929565));
#15156=DIRECTION('',(-0.01442555289364323,0,-0.99989594629827));
#15157=DIRECTION('',(-0.6446581709258132,0,0.7644709560595386));
#15158=FACE_SURFACE('',(#15163),#15159,.T.);
#15159=PLANE('',#15160);
#15160=AXIS2_PLACEMENT_3D('',#686,#15161,#15162);
#15161=DIRECTION('',(-0,1,0));
#15162=DIRECTION('',(0.026157922195703787,0,0.9996578230106558));
#15163=FACE_BOUND('',#15164,.T.);
#15164=EDGE_LOOP('',(#15165,#15166,#15167));
#15165=ORIENTED_EDGE('',*,*,#15168,.T.);
#15166=ORIENTED_EDGE('',*,*,#15169,.T.);
#15167=ORIENTED_EDGE('',*,*,#15170,.T.);
#15168=EDGE_CURVE('',#687,#161,#15171,.F.);
#15169=EDGE_CURVE('',#161,#683,#15172,.T.);
#15170=EDGE_CURVE('',#683,#687,#15173,.T.);
#15171=LINE('',#686,#15174);
#15172=LINE('',#160,#15175);
#15173=LINE('',#682,#15176);
#15174=VECTOR('',#15177,1.0);
#15175=VECTOR('',#15178,1.0);
#15176=VECTOR('',#15179,1.0);
#15177=DIRECTION('',(0.026157922195703787,0,0.9996578230106558));
#15178=DIRECTION('',(0.6446581709258132,0,-0.7644709560595386));
#15179=DIRECTION('',(-0.8710154643782709,0,0.49125559621637394));
#15180=FACE_SURFACE('',(#15185),#15181,.T.);
#15181=PLANE('',#15182);
#15182=AXIS2_PLACEMENT_3D('',#138,#15183,#15184);
#15183=DIRECTION('',(0,1,0));
#15184=DIRECTION('',(0.9997371918706824,0,-0.02292481604118906));
#15185=FACE_BOUND('',#15186,.T.);
#15186=EDGE_LOOP('',(#15187,#15188,#15189));
#15187=ORIENTED_EDGE('',*,*,#15190,.T.);
#15188=ORIENTED_EDGE('',*,*,#15191,.T.);
#15189=ORIENTED_EDGE('',*,*,#15192,.T.);
#15190=EDGE_CURVE('',#139,#685,#15193,.F.);
#15191=EDGE_CURVE('',#685,#681,#15194,.T.);
#15192=EDGE_CURVE('',#681,#139,#15195,.T.);
#15193=LINE('',#138,#15196);
#15194=LINE('',#684,#15197);
#15195=LINE('',#680,#15198);
#15196=VECTOR('',#15199,1.0);
#15197=VECTOR('',#15200,1.0);
#15198=VECTOR('',#15201,1.0);
#15199=DIRECTION('',(0.9997371918706824,0,-0.02292481604118906));
#15200=DIRECTION('',(-0.8710159875008004,0,-0.49125466869843104));
#15201=DIRECTION('',(-0.01442696534595393,0,0.9998959259197462));
#15202=FACE_SURFACE('',(#15207),#15203,.T.);
#15203=PLANE('',#15204);
#15204=AXIS2_PLACEMENT_3D('',#126,#15205,#15206);
#15205=DIRECTION('',(-0,1,0));
#15206=DIRECTION('',(0.8931147261079416,0,0.44982895194633304));
#15207=FACE_BOUND('',#15208,.T.);
#15208=EDGE_LOOP('',(#15209,#15210,#15211));
#15209=ORIENTED_EDGE('',*,*,#15212,.T.);
#15210=ORIENTED_EDGE('',*,*,#15213,.T.);
#15211=ORIENTED_EDGE('',*,*,#15214,.T.);
#15212=EDGE_CURVE('',#127,#139,#15215,.F.);
#15213=EDGE_CURVE('',#139,#681,#15216,.T.);
#15214=EDGE_CURVE('',#681,#127,#15217,.T.);
#15215=LINE('',#126,#15218);
#15216=LINE('',#138,#15219);
#15217=LINE('',#680,#15220);
#15218=VECTOR('',#15221,1.0);
#15219=VECTOR('',#15222,1.0);
#15220=VECTOR('',#15223,1.0);
#15221=DIRECTION('',(0.8931147261079416,0,0.44982895194633304));
#15222=DIRECTION('',(0.01442696534595393,0,-0.9998959259197462));
#15223=DIRECTION('',(-0.9977249671266912,0,0.06741579912782099));
#15224=FACE_SURFACE('',(#15229),#15225,.T.);
#15225=PLANE('',#15226);
#15226=AXIS2_PLACEMENT_3D('',#172,#15227,#15228);
#15227=DIRECTION('',(0,1,0));
#15228=DIRECTION('',(0.8303873374762021,0,-0.557186566384352));
#15229=FACE_BOUND('',#15230,.T.);
#15230=EDGE_LOOP('',(#15231,#15232,#15233));
#15231=ORIENTED_EDGE('',*,*,#15234,.T.);
#15232=ORIENTED_EDGE('',*,*,#15235,.T.);
#15233=ORIENTED_EDGE('',*,*,#15236,.T.);
#15234=EDGE_CURVE('',#173,#161,#15237,.F.);
#15235=EDGE_CURVE('',#161,#687,#15238,.T.);
#15236=EDGE_CURVE('',#687,#173,#15239,.T.);
#15237=LINE('',#172,#15240);
#15238=LINE('',#160,#15241);
#15239=LINE('',#686,#15242);
#15240=VECTOR('',#15243,1.0);
#15241=VECTOR('',#15244,1.0);
#15242=VECTOR('',#15245,1.0);
#15243=DIRECTION('',(0.8303873374762021,0,-0.557186566384352));
#15244=DIRECTION('',(-0.026157922195703787,0,-0.9996578230106558));
#15245=DIRECTION('',(-0.602510436511264,0,0.7981110034919994));
#15246=FACE_SURFACE('',(#15251),#15247,.T.);
#15247=PLANE('',#15248);
#15248=AXIS2_PLACEMENT_3D('',#690,#15249,#15250);
#15249=DIRECTION('',(-0,1,0));
#15250=DIRECTION('',(0.04058224143992292,0,0.9991762015178863));
#15251=FACE_BOUND('',#15252,.T.);
#15252=EDGE_LOOP('',(#15253,#15254,#15255));
#15253=ORIENTED_EDGE('',*,*,#15256,.T.);
#15254=ORIENTED_EDGE('',*,*,#15257,.T.);
#15255=ORIENTED_EDGE('',*,*,#15258,.T.);
#15256=EDGE_CURVE('',#691,#173,#15259,.F.);
#15257=EDGE_CURVE('',#173,#687,#15260,.T.);
#15258=EDGE_CURVE('',#687,#691,#15261,.T.);
#15259=LINE('',#690,#15262);
#15260=LINE('',#172,#15263);
#15261=LINE('',#686,#15264);
#15262=VECTOR('',#15265,1.0);
#15263=VECTOR('',#15266,1.0);
#15264=VECTOR('',#15267,1.0);
#15265=DIRECTION('',(0.04058224143992292,0,0.9991762015178863));
#15266=DIRECTION('',(0.602510436511264,0,-0.7981110034919994));
#15267=DIRECTION('',(-0.8397660850498236,0,0.5429483607122247));
#15268=FACE_SURFACE('',(#15273),#15269,.T.);
#15269=PLANE('',#15270);
#15270=AXIS2_PLACEMENT_3D('',#150,#15271,#15272);
#15271=DIRECTION('',(-0,1,0));
#15272=DIRECTION('',(0.9997872734433048,0,0.020625417833400404));
#15273=FACE_BOUND('',#15274,.T.);
#15274=EDGE_LOOP('',(#15275,#15276,#15277));
#15275=ORIENTED_EDGE('',*,*,#15278,.T.);
#15276=ORIENTED_EDGE('',*,*,#15279,.T.);
#15277=ORIENTED_EDGE('',*,*,#15280,.T.);
#15278=EDGE_CURVE('',#151,#689,#15281,.F.);
#15279=EDGE_CURVE('',#689,#685,#15282,.T.);
#15280=EDGE_CURVE('',#685,#151,#15283,.T.);
#15281=LINE('',#150,#15284);
#15282=LINE('',#688,#15285);
#15283=LINE('',#684,#15286);
#15284=VECTOR('',#15287,1.0);
#15285=VECTOR('',#15288,1.0);
#15286=VECTOR('',#15289,1.0);
#15287=DIRECTION('',(0.9997872734433048,0,0.020625417833400404));
#15288=DIRECTION('',(-0.8397658720468996,0,-0.5429486901589418));
#15289=DIRECTION('',(-0.026162044143627487,0,0.999657715143652));
#15290=FACE_SURFACE('',(#15295),#15291,.T.);
#15291=PLANE('',#15292);
#15292=AXIS2_PLACEMENT_3D('',#138,#15293,#15294);
#15293=DIRECTION('',(-0,1,0));
#15294=DIRECTION('',(0.863421996124608,0,0.5044823650120956));
#15295=FACE_BOUND('',#15296,.T.);
#15296=EDGE_LOOP('',(#15297,#15298,#15299));
#15297=ORIENTED_EDGE('',*,*,#15300,.T.);
#15298=ORIENTED_EDGE('',*,*,#15301,.T.);
#15299=ORIENTED_EDGE('',*,*,#15302,.T.);
#15300=EDGE_CURVE('',#139,#151,#15303,.F.);
#15301=EDGE_CURVE('',#151,#685,#15304,.T.);
#15302=EDGE_CURVE('',#685,#139,#15305,.T.);
#15303=LINE('',#138,#15306);
#15304=LINE('',#150,#15307);
#15305=LINE('',#684,#15308);
#15306=VECTOR('',#15309,1.0);
#15307=VECTOR('',#15310,1.0);
#15308=VECTOR('',#15311,1.0);
#15309=DIRECTION('',(0.863421996124608,0,0.5044823650120956));
#15310=DIRECTION('',(0.026162044143627487,0,-0.999657715143652));
#15311=DIRECTION('',(-0.9997371918706824,0,0.02292481604118906));
#15312=FACE_SURFACE('',(#15317),#15313,.T.);
#15313=PLANE('',#15314);
#15314=AXIS2_PLACEMENT_3D('',#162,#15315,#15316);
#15315=DIRECTION('',(0,1,0));
#15316=DIRECTION('',(0.040583575280334704,0,-0.9991761473421318));
#15317=FACE_BOUND('',#15318,.T.);
#15318=EDGE_LOOP('',(#15319,#15320,#15321));
#15319=ORIENTED_EDGE('',*,*,#15322,.T.);
#15320=ORIENTED_EDGE('',*,*,#15323,.T.);
#15321=ORIENTED_EDGE('',*,*,#15324,.T.);
#15322=EDGE_CURVE('',#163,#689,#15325,.F.);
#15323=EDGE_CURVE('',#689,#151,#15326,.T.);
#15324=EDGE_CURVE('',#151,#163,#15327,.T.);
#15325=LINE('',#162,#15328);
#15326=LINE('',#688,#15329);
#15327=LINE('',#150,#15330);
#15328=VECTOR('',#15331,1.0);
#15329=VECTOR('',#15332,1.0);
#15330=VECTOR('',#15333,1.0);
#15331=DIRECTION('',(0.040583575280334704,0,-0.9991761473421318));
#15332=DIRECTION('',(-0.9997872734433048,0,-0.020625417833400404));
#15333=DIRECTION('',(0.8303875614790015,0,0.5571862325479313));
#15334=FACE_SURFACE('',(#15339),#15335,.T.);
#15335=PLANE('',#15336);
#15336=AXIS2_PLACEMENT_3D('',#184,#15337,#15338);
#15337=DIRECTION('',(0,1,0));
#15338=DIRECTION('',(0.7941424969957921,0,-0.6077315973892493));
#15339=FACE_BOUND('',#15340,.T.);
#15340=EDGE_LOOP('',(#15341,#15342,#15343));
#15341=ORIENTED_EDGE('',*,*,#15344,.T.);
#15342=ORIENTED_EDGE('',*,*,#15345,.T.);
#15343=ORIENTED_EDGE('',*,*,#15346,.T.);
#15344=EDGE_CURVE('',#185,#173,#15347,.F.);
#15345=EDGE_CURVE('',#173,#691,#15348,.T.);
#15346=EDGE_CURVE('',#691,#185,#15349,.T.);
#15347=LINE('',#184,#15350);
#15348=LINE('',#172,#15351);
#15349=LINE('',#690,#15352);
#15350=VECTOR('',#15353,1.0);
#15351=VECTOR('',#15354,1.0);
#15352=VECTOR('',#15355,1.0);
#15353=DIRECTION('',(0.7941424969957921,0,-0.6077315973892493));
#15354=DIRECTION('',(-0.04058224143992292,0,-0.9991762015178863));
#15355=DIRECTION('',(-0.5583669400890682,0,0.8295940936479544));
#15356=FACE_SURFACE('',(#15361),#15357,.T.);
#15357=PLANE('',#15358);
#15358=AXIS2_PLACEMENT_3D('',#694,#15359,#15360);
#15359=DIRECTION('',(-0,1,0));
#15360=DIRECTION('',(0.05765986195553951,0,0.9983362861878097));
#15361=FACE_BOUND('',#15362,.T.);
#15362=EDGE_LOOP('',(#15363,#15364,#15365));
#15363=ORIENTED_EDGE('',*,*,#15366,.T.);
#15364=ORIENTED_EDGE('',*,*,#15367,.T.);
#15365=ORIENTED_EDGE('',*,*,#15368,.T.);
#15366=EDGE_CURVE('',#695,#185,#15369,.F.);
#15367=EDGE_CURVE('',#185,#691,#15370,.T.);
#15368=EDGE_CURVE('',#691,#695,#15371,.T.);
#15369=LINE('',#694,#15372);
#15370=LINE('',#184,#15373);
#15371=LINE('',#690,#15374);
#15372=VECTOR('',#15375,1.0);
#15373=VECTOR('',#15376,1.0);
#15374=VECTOR('',#15377,1.0);
#15375=DIRECTION('',(0.05765986195553951,0,0.9983362861878097));
#15376=DIRECTION('',(0.5583669400890682,0,-0.8295940936479544));
#15377=DIRECTION('',(-0.8054509975224361,0,0.592662374873007));
#15378=FACE_SURFACE('',(#15383),#15379,.T.);
#15379=PLANE('',#15380);
#15380=AXIS2_PLACEMENT_3D('',#162,#15381,#15382);
#15381=DIRECTION('',(-0,1,0));
#15382=DIRECTION('',(0.9980087235937682,0,0.0630760464101655));
#15383=FACE_BOUND('',#15384,.T.);
#15384=EDGE_LOOP('',(#15385,#15386,#15387));
#15385=ORIENTED_EDGE('',*,*,#15388,.T.);
#15386=ORIENTED_EDGE('',*,*,#15389,.T.);
#15387=ORIENTED_EDGE('',*,*,#15390,.T.);
#15388=EDGE_CURVE('',#163,#693,#15391,.F.);
#15389=EDGE_CURVE('',#693,#689,#15392,.T.);
#15390=EDGE_CURVE('',#689,#163,#15393,.T.);
#15391=LINE('',#162,#15394);
#15392=LINE('',#692,#15395);
#15393=LINE('',#688,#15396);
#15394=VECTOR('',#15397,1.0);
#15395=VECTOR('',#15398,1.0);
#15396=VECTOR('',#15399,1.0);
#15397=DIRECTION('',(0.9980087235937682,0,0.0630760464101655));
#15398=DIRECTION('',(-0.8054507437272626,0,-0.5926627197902696));
#15399=DIRECTION('',(-0.040583575280334704,0,0.9991761473421318));
#15400=FACE_SURFACE('',(#15405),#15401,.T.);
#15401=PLANE('',#15402);
#15402=AXIS2_PLACEMENT_3D('',#174,#15403,#15404);
#15403=DIRECTION('',(0,1,0));
#15404=DIRECTION('',(0.05766115433316993,0,-0.9983362115444708));
#15405=FACE_BOUND('',#15406,.T.);
#15406=EDGE_LOOP('',(#15407,#15408,#15409));
#15407=ORIENTED_EDGE('',*,*,#15410,.T.);
#15408=ORIENTED_EDGE('',*,*,#15411,.T.);
#15409=ORIENTED_EDGE('',*,*,#15412,.T.);
#15410=EDGE_CURVE('',#175,#693,#15413,.F.);
#15411=EDGE_CURVE('',#693,#163,#15414,.T.);
#15412=EDGE_CURVE('',#163,#175,#15415,.T.);
#15413=LINE('',#174,#15416);
#15414=LINE('',#692,#15417);
#15415=LINE('',#162,#15418);
#15416=VECTOR('',#15419,1.0);
#15417=VECTOR('',#15420,1.0);
#15418=VECTOR('',#15421,1.0);
#15419=DIRECTION('',(0.05766115433316993,0,-0.9983362115444708));
#15420=DIRECTION('',(-0.9980087235937682,0,-0.0630760464101655));
#15421=DIRECTION('',(0.7941422305083442,0,0.6077319456168417));
#15422=FACE_SURFACE('',(#15427),#15423,.T.);
#15423=PLANE('',#15424);
#15424=AXIS2_PLACEMENT_3D('',#196,#15425,#15426);
#15425=DIRECTION('',(0,1,0));
#15426=DIRECTION('',(0.7548224517828941,0,-0.6559291625506984));
#15427=FACE_BOUND('',#15428,.T.);
#15428=EDGE_LOOP('',(#15429,#15430,#15431));
#15429=ORIENTED_EDGE('',*,*,#15432,.T.);
#15430=ORIENTED_EDGE('',*,*,#15433,.T.);
#15431=ORIENTED_EDGE('',*,*,#15434,.T.);
#15432=EDGE_CURVE('',#197,#185,#15435,.F.);
#15433=EDGE_CURVE('',#185,#695,#15436,.T.);
#15434=EDGE_CURVE('',#695,#197,#15437,.T.);
#15435=LINE('',#196,#15438);
#15436=LINE('',#184,#15439);
#15437=LINE('',#694,#15440);
#15438=VECTOR('',#15441,1.0);
#15439=VECTOR('',#15442,1.0);
#15440=VECTOR('',#15443,1.0);
#15441=DIRECTION('',(0.7548224517828941,0,-0.6559291625506984));
#15442=DIRECTION('',(-0.05765986195553951,0,-0.9983362861878097));
#15443=DIRECTION('',(-0.5123430422292109,0,0.8587808842069768));
#15444=FACE_SURFACE('',(#15449),#15445,.T.);
#15445=PLANE('',#15446);
#15446=AXIS2_PLACEMENT_3D('',#698,#15447,#15448);
#15447=DIRECTION('',(-0,1,0));
#15448=DIRECTION('',(0.077322609265001,0,0.9970061254056827));
#15449=FACE_BOUND('',#15450,.T.);
#15450=EDGE_LOOP('',(#15451,#15452,#15453));
#15451=ORIENTED_EDGE('',*,*,#15454,.T.);
#15452=ORIENTED_EDGE('',*,*,#15455,.T.);
#15453=ORIENTED_EDGE('',*,*,#15456,.T.);
#15454=EDGE_CURVE('',#699,#197,#15457,.F.);
#15455=EDGE_CURVE('',#197,#695,#15458,.T.);
#15456=EDGE_CURVE('',#695,#699,#15459,.T.);
#15457=LINE('',#698,#15460);
#15458=LINE('',#196,#15461);
#15459=LINE('',#694,#15462);
#15460=VECTOR('',#15463,1.0);
#15461=VECTOR('',#15464,1.0);
#15462=VECTOR('',#15465,1.0);
#15463=DIRECTION('',(0.077322609265001,0,0.9970061254056827));
#15464=DIRECTION('',(0.5123430422292109,0,-0.8587808842069768));
#15465=DIRECTION('',(-0.7681971743085564,0,0.6402133249037774));
#15466=FACE_SURFACE('',(#15471),#15467,.T.);
#15467=PLANE('',#15468);
#15468=AXIS2_PLACEMENT_3D('',#174,#15469,#15470);
#15469=DIRECTION('',(-0,1,0));
#15470=DIRECTION('',(0.9945482862810939,0,0.10427706485771136));
#15471=FACE_BOUND('',#15472,.T.);
#15472=EDGE_LOOP('',(#15473,#15474,#15475));
#15473=ORIENTED_EDGE('',*,*,#15476,.T.);
#15474=ORIENTED_EDGE('',*,*,#15477,.T.);
#15475=ORIENTED_EDGE('',*,*,#15478,.T.);
#15476=EDGE_CURVE('',#175,#697,#15479,.F.);
#15477=EDGE_CURVE('',#697,#693,#15480,.T.);
#15478=EDGE_CURVE('',#693,#175,#15481,.T.);
#15479=LINE('',#174,#15482);
#15480=LINE('',#696,#15483);
#15481=LINE('',#692,#15484);
#15482=VECTOR('',#15485,1.0);
#15483=VECTOR('',#15486,1.0);
#15484=VECTOR('',#15487,1.0);
#15485=DIRECTION('',(0.9945482862810939,0,0.10427706485771136));
#15486=DIRECTION('',(-0.7681974704621493,0,-0.6402129695465059));
#15487=DIRECTION('',(-0.05766115433316993,0,0.9983362115444708));
#15488=FACE_SURFACE('',(#15493),#15489,.T.);
#15489=PLANE('',#15490);
#15490=AXIS2_PLACEMENT_3D('',#186,#15491,#15492);
#15491=DIRECTION('',(0,1,0));
#15492=DIRECTION('',(0.07732635872986818,0,-0.9970058346095974));
#15493=FACE_BOUND('',#15494,.T.);
#15494=EDGE_LOOP('',(#15495,#15496,#15497));
#15495=ORIENTED_EDGE('',*,*,#15498,.T.);
#15496=ORIENTED_EDGE('',*,*,#15499,.T.);
#15497=ORIENTED_EDGE('',*,*,#15500,.T.);
#15498=EDGE_CURVE('',#187,#697,#15501,.F.);
#15499=EDGE_CURVE('',#697,#175,#15502,.T.);
#15500=EDGE_CURVE('',#175,#187,#15503,.T.);
#15501=LINE('',#186,#15504);
#15502=LINE('',#696,#15505);
#15503=LINE('',#174,#15506);
#15504=VECTOR('',#15507,1.0);
#15505=VECTOR('',#15508,1.0);
#15506=VECTOR('',#15509,1.0);
#15507=DIRECTION('',(0.07732635872986818,0,-0.9970058346095974));
#15508=DIRECTION('',(-0.9945482862810939,0,-0.10427706485771136));
#15509=DIRECTION('',(0.7548221413504096,0,0.6559295197863734));
#15510=FACE_SURFACE('',(#15515),#15511,.T.);
#15511=PLANE('',#15512);
#15512=AXIS2_PLACEMENT_3D('',#208,#15513,#15514);
#15513=DIRECTION('',(0,1,0));
#15514=DIRECTION('',(0.7125837980538564,0,-0.7015870086818462));
#15515=FACE_BOUND('',#15516,.T.);
#15516=EDGE_LOOP('',(#15517,#15518,#15519));
#15517=ORIENTED_EDGE('',*,*,#15520,.T.);
#15518=ORIENTED_EDGE('',*,*,#15521,.T.);
#15519=ORIENTED_EDGE('',*,*,#15522,.T.);
#15520=EDGE_CURVE('',#209,#197,#15523,.F.);
#15521=EDGE_CURVE('',#197,#699,#15524,.T.);
#15522=EDGE_CURVE('',#699,#209,#15525,.T.);
#15523=LINE('',#208,#15526);
#15524=LINE('',#196,#15527);
#15525=LINE('',#698,#15528);
#15526=VECTOR('',#15529,1.0);
#15527=VECTOR('',#15530,1.0);
#15528=VECTOR('',#15531,1.0);
#15529=DIRECTION('',(0.7125837980538564,0,-0.7015870086818462));
#15530=DIRECTION('',(-0.077322609265001,0,-0.9970061254056827));
#15531=DIRECTION('',(-0.4645660438620617,0,0.8855384751044717));
#15532=FACE_SURFACE('',(#15537),#15533,.T.);
#15533=PLANE('',#15534);
#15534=AXIS2_PLACEMENT_3D('',#702,#15535,#15536);
#15535=DIRECTION('',(-0,1,0));
#15536=DIRECTION('',(0.09945528521211065,0,0.9950420324003292));
#15537=FACE_BOUND('',#15538,.T.);
#15538=EDGE_LOOP('',(#15539,#15540,#15541));
#15539=ORIENTED_EDGE('',*,*,#15542,.T.);
#15540=ORIENTED_EDGE('',*,*,#15543,.T.);
#15541=ORIENTED_EDGE('',*,*,#15544,.T.);
#15542=EDGE_CURVE('',#703,#209,#15545,.F.);
#15543=EDGE_CURVE('',#209,#699,#15546,.T.);
#15544=EDGE_CURVE('',#699,#703,#15547,.T.);
#15545=LINE('',#702,#15548);
#15546=LINE('',#208,#15549);
#15547=LINE('',#698,#15550);
#15548=VECTOR('',#15551,1.0);
#15549=VECTOR('',#15552,1.0);
#15550=VECTOR('',#15553,1.0);
#15551=DIRECTION('',(0.09945528521211065,0,0.9950420324003292));
#15552=DIRECTION('',(0.4645660438620617,0,-0.8855384751044717));
#15553=DIRECTION('',(-0.7281411465638696,0,0.6854272176392276));
#15554=FACE_SURFACE('',(#15559),#15555,.T.);
#15555=PLANE('',#15556);
#15556=AXIS2_PLACEMENT_3D('',#186,#15557,#15558);
#15557=DIRECTION('',(-0,1,0));
#15558=DIRECTION('',(0.9895669508958036,0,0.14407376476923936));
#15559=FACE_BOUND('',#15560,.T.);
#15560=EDGE_LOOP('',(#15561,#15562,#15563));
#15561=ORIENTED_EDGE('',*,*,#15564,.T.);
#15562=ORIENTED_EDGE('',*,*,#15565,.T.);
#15563=ORIENTED_EDGE('',*,*,#15566,.T.);
#15564=EDGE_CURVE('',#187,#701,#15567,.F.);
#15565=EDGE_CURVE('',#701,#697,#15568,.T.);
#15566=EDGE_CURVE('',#697,#187,#15569,.T.);
#15567=LINE('',#186,#15570);
#15568=LINE('',#700,#15571);
#15569=LINE('',#696,#15572);
#15570=VECTOR('',#15573,1.0);
#15571=VECTOR('',#15574,1.0);
#15572=VECTOR('',#15575,1.0);
#15573=DIRECTION('',(0.9895669508958036,0,0.14407376476923936));
#15574=DIRECTION('',(-0.7281406373706426,0,-0.6854277585635661));
#15575=DIRECTION('',(-0.07732635872986818,0,0.9970058346095974));
#15576=FACE_SURFACE('',(#15581),#15577,.T.);
#15577=PLANE('',#15578);
#15578=AXIS2_PLACEMENT_3D('',#198,#15579,#15580);
#15579=DIRECTION('',(0,1,0));
#15580=DIRECTION('',(0.09945407888157003,0,-0.9950421529733393));
#15581=FACE_BOUND('',#15582,.T.);
#15582=EDGE_LOOP('',(#15583,#15584,#15585));
#15583=ORIENTED_EDGE('',*,*,#15586,.T.);
#15584=ORIENTED_EDGE('',*,*,#15587,.T.);
#15585=ORIENTED_EDGE('',*,*,#15588,.T.);
#15586=EDGE_CURVE('',#199,#701,#15589,.F.);
#15587=EDGE_CURVE('',#701,#187,#15590,.T.);
#15588=EDGE_CURVE('',#187,#199,#15591,.T.);
#15589=LINE('',#198,#15592);
#15590=LINE('',#700,#15593);
#15591=LINE('',#186,#15594);
#15592=VECTOR('',#15595,1.0);
#15593=VECTOR('',#15596,1.0);
#15594=VECTOR('',#15597,1.0);
#15595=DIRECTION('',(0.09945407888157003,0,-0.9950421529733393));
#15596=DIRECTION('',(-0.9895669508958036,0,-0.14407376476923936));
#15597=DIRECTION('',(0.7125846859347127,0,0.7015861068830588));
#15598=FACE_SURFACE('',(#15603),#15599,.T.);
#15599=PLANE('',#15600);
#15600=AXIS2_PLACEMENT_3D('',#220,#15601,#15602);
#15601=DIRECTION('',(0,1,0));
#15602=DIRECTION('',(0.6675881804476065,0,-0.7445307390072312));
#15603=FACE_BOUND('',#15604,.T.);
#15604=EDGE_LOOP('',(#15605,#15606,#15607));
#15605=ORIENTED_EDGE('',*,*,#15608,.T.);
#15606=ORIENTED_EDGE('',*,*,#15609,.T.);
#15607=ORIENTED_EDGE('',*,*,#15610,.T.);
#15608=EDGE_CURVE('',#221,#209,#15611,.F.);
#15609=EDGE_CURVE('',#209,#703,#15612,.T.);
#15610=EDGE_CURVE('',#703,#221,#15613,.T.);
#15611=LINE('',#220,#15614);
#15612=LINE('',#208,#15615);
#15613=LINE('',#702,#15616);
#15614=VECTOR('',#15617,1.0);
#15615=VECTOR('',#15618,1.0);
#15616=VECTOR('',#15619,1.0);
#15617=DIRECTION('',(0.6675881804476065,0,-0.7445307390072312));
#15618=DIRECTION('',(-0.09945528521211065,0,-0.9950420324003292));
#15619=DIRECTION('',(-0.4151703771770276,0,0.9097436770402334));
#15620=FACE_SURFACE('',(#15625),#15621,.T.);
#15621=PLANE('',#15622);
#15622=AXIS2_PLACEMENT_3D('',#706,#15623,#15624);
#15623=DIRECTION('',(-0,1,0));
#15624=DIRECTION('',(0.12392202273109816,0,0.9922919591945876));
#15625=FACE_BOUND('',#15626,.T.);
#15626=EDGE_LOOP('',(#15627,#15628,#15629));
#15627=ORIENTED_EDGE('',*,*,#15630,.T.);
#15628=ORIENTED_EDGE('',*,*,#15631,.T.);
#15629=ORIENTED_EDGE('',*,*,#15632,.T.);
#15630=EDGE_CURVE('',#707,#221,#15633,.F.);
#15631=EDGE_CURVE('',#221,#703,#15634,.T.);
#15632=EDGE_CURVE('',#703,#707,#15635,.T.);
#15633=LINE('',#706,#15636);
#15634=LINE('',#220,#15637);
#15635=LINE('',#702,#15638);
#15636=VECTOR('',#15639,1.0);
#15637=VECTOR('',#15640,1.0);
#15638=VECTOR('',#15641,1.0);
#15639=DIRECTION('',(0.12392202273109816,0,0.9922919591945876));
#15640=DIRECTION('',(0.4151703771770276,0,-0.9097436770402334));
#15641=DIRECTION('',(-0.6854272176392276,0,0.7281411465638696));
#15642=FACE_SURFACE('',(#15647),#15643,.T.);
#15643=PLANE('',#15644);
#15644=AXIS2_PLACEMENT_3D('',#198,#15645,#15646);
#15645=DIRECTION('',(-0,1,0));
#15646=DIRECTION('',(0.9832377891267214,0,0.18232786411625856));
#15647=FACE_BOUND('',#15648,.T.);
#15648=EDGE_LOOP('',(#15649,#15650,#15651));
#15649=ORIENTED_EDGE('',*,*,#15652,.T.);
#15650=ORIENTED_EDGE('',*,*,#15653,.T.);
#15651=ORIENTED_EDGE('',*,*,#15654,.T.);
#15652=EDGE_CURVE('',#199,#705,#15655,.F.);
#15653=EDGE_CURVE('',#705,#701,#15656,.T.);
#15654=EDGE_CURVE('',#701,#199,#15657,.T.);
#15655=LINE('',#198,#15658);
#15656=LINE('',#704,#15659);
#15657=LINE('',#700,#15660);
#15658=VECTOR('',#15661,1.0);
#15659=VECTOR('',#15662,1.0);
#15660=VECTOR('',#15663,1.0);
#15661=DIRECTION('',(0.9832377891267214,0,0.18232786411625856));
#15662=DIRECTION('',(-0.6854279838154158,0,-0.7281404253320469));
#15663=DIRECTION('',(-0.09945407888157003,0,0.9950421529733393));
#15664=FACE_SURFACE('',(#15669),#15665,.T.);
#15665=PLANE('',#15666);
#15666=AXIS2_PLACEMENT_3D('',#210,#15667,#15668);
#15667=DIRECTION('',(0,1,0));
#15668=DIRECTION('',(0.1239226037323601,0,-0.9922918866362823));
#15669=FACE_BOUND('',#15670,.T.);
#15670=EDGE_LOOP('',(#15671,#15672,#15673));
#15671=ORIENTED_EDGE('',*,*,#15674,.T.);
#15672=ORIENTED_EDGE('',*,*,#15675,.T.);
#15673=ORIENTED_EDGE('',*,*,#15676,.T.);
#15674=EDGE_CURVE('',#211,#705,#15677,.F.);
#15675=EDGE_CURVE('',#705,#199,#15678,.T.);
#15676=EDGE_CURVE('',#199,#211,#15679,.T.);
#15677=LINE('',#210,#15680);
#15678=LINE('',#704,#15681);
#15679=LINE('',#198,#15682);
#15680=VECTOR('',#15683,1.0);
#15681=VECTOR('',#15684,1.0);
#15682=VECTOR('',#15685,1.0);
#15683=DIRECTION('',(0.1239226037323601,0,-0.9922918866362823));
#15684=DIRECTION('',(-0.9832377891267214,0,-0.18232786411625856));
#15685=DIRECTION('',(0.6675883804281341,0,0.7445305596933823));
#15686=FACE_SURFACE('',(#15691),#15687,.T.);
#15687=PLANE('',#15688);
#15688=AXIS2_PLACEMENT_3D('',#226,#15689,#15690);
#15689=DIRECTION('',(0,1,0));
#15690=DIRECTION('',(0.6200101654425291,0,-0.7845937768985476));
#15691=FACE_BOUND('',#15692,.T.);
#15692=EDGE_LOOP('',(#15693,#15694,#15695));
#15693=ORIENTED_EDGE('',*,*,#15696,.T.);
#15694=ORIENTED_EDGE('',*,*,#15697,.T.);
#15695=ORIENTED_EDGE('',*,*,#15698,.T.);
#15696=EDGE_CURVE('',#227,#221,#15699,.F.);
#15697=EDGE_CURVE('',#221,#707,#15700,.T.);
#15698=EDGE_CURVE('',#707,#227,#15701,.T.);
#15699=LINE('',#226,#15702);
#15700=LINE('',#220,#15703);
#15701=LINE('',#706,#15704);
#15702=VECTOR('',#15705,1.0);
#15703=VECTOR('',#15706,1.0);
#15704=VECTOR('',#15707,1.0);
#15705=DIRECTION('',(0.6200101654425291,0,-0.7845937768985476));
#15706=DIRECTION('',(-0.12392202273109816,0,-0.9922919591945876));
#15707=DIRECTION('',(-0.3643009745057474,0,0.9312812679175732));
#15708=FACE_SURFACE('',(#15713),#15709,.T.);
#15709=PLANE('',#15710);
#15710=AXIS2_PLACEMENT_3D('',#710,#15711,#15712);
#15711=DIRECTION('',(-0,1,0));
#15712=DIRECTION('',(0.15056621844985624,0,0.9885999260882585));
#15713=FACE_BOUND('',#15714,.T.);
#15714=EDGE_LOOP('',(#15715,#15716,#15717));
#15715=ORIENTED_EDGE('',*,*,#15718,.T.);
#15716=ORIENTED_EDGE('',*,*,#15719,.T.);
#15717=ORIENTED_EDGE('',*,*,#15720,.T.);
#15718=EDGE_CURVE('',#711,#227,#15721,.F.);
#15719=EDGE_CURVE('',#227,#707,#15722,.T.);
#15720=EDGE_CURVE('',#707,#711,#15723,.T.);
#15721=LINE('',#710,#15724);
#15722=LINE('',#226,#15725);
#15723=LINE('',#706,#15726);
#15724=VECTOR('',#15727,1.0);
#15725=VECTOR('',#15728,1.0);
#15726=VECTOR('',#15729,1.0);
#15727=DIRECTION('',(0.15056621844985624,0,0.9885999260882585));
#15728=DIRECTION('',(0.3643009745057474,0,-0.9312812679175732));
#15729=DIRECTION('',(-0.6402133249037774,0,0.7681971743085564));
#15730=FACE_SURFACE('',(#15735),#15731,.T.);
#15731=PLANE('',#15732);
#15732=AXIS2_PLACEMENT_3D('',#210,#15733,#15734);
#15733=DIRECTION('',(-0,1,0));
#15734=DIRECTION('',(0.9757461353283627,0,0.2189051835653153));
#15735=FACE_BOUND('',#15736,.T.);
#15736=EDGE_LOOP('',(#15737,#15738,#15739));
#15737=ORIENTED_EDGE('',*,*,#15740,.T.);
#15738=ORIENTED_EDGE('',*,*,#15741,.T.);
#15739=ORIENTED_EDGE('',*,*,#15742,.T.);
#15740=EDGE_CURVE('',#211,#709,#15743,.F.);
#15741=EDGE_CURVE('',#709,#705,#15744,.T.);
#15742=EDGE_CURVE('',#705,#211,#15745,.T.);
#15743=LINE('',#210,#15746);
#15744=LINE('',#708,#15747);
#15745=LINE('',#704,#15748);
#15746=VECTOR('',#15749,1.0);
#15747=VECTOR('',#15750,1.0);
#15748=VECTOR('',#15751,1.0);
#15749=DIRECTION('',(0.9757461353283627,0,0.2189051835653153));
#15750=DIRECTION('',(-0.6402120457124126,0,-0.7681982403811711));
#15751=DIRECTION('',(-0.1239226037323601,0,0.9922918866362823));
#15752=FACE_SURFACE('',(#15757),#15753,.T.);
#15753=PLANE('',#15754);
#15754=AXIS2_PLACEMENT_3D('',#222,#15755,#15756);
#15755=DIRECTION('',(0,1,0));
#15756=DIRECTION('',(0.15056621844985624,0,-0.9885999260882585));
#15757=FACE_BOUND('',#15758,.T.);
#15758=EDGE_LOOP('',(#15759,#15760,#15761));
#15759=ORIENTED_EDGE('',*,*,#15762,.T.);
#15760=ORIENTED_EDGE('',*,*,#15763,.T.);
#15761=ORIENTED_EDGE('',*,*,#15764,.T.);
#15762=EDGE_CURVE('',#223,#709,#15765,.F.);
#15763=EDGE_CURVE('',#709,#211,#15766,.T.);
#15764=EDGE_CURVE('',#211,#223,#15767,.T.);
#15765=LINE('',#222,#15768);
#15766=LINE('',#708,#15769);
#15767=LINE('',#210,#15770);
#15768=VECTOR('',#15771,1.0);
#15769=VECTOR('',#15772,1.0);
#15770=VECTOR('',#15773,1.0);
#15771=DIRECTION('',(0.15056621844985624,0,-0.9885999260882585));
#15772=DIRECTION('',(-0.9757461353283627,0,-0.2189051835653153));
#15773=DIRECTION('',(0.6200090550329738,0,0.7845946543770986));
#15774=FACE_SURFACE('',(#15779),#15775,.T.);
#15775=PLANE('',#15776);
#15776=AXIS2_PLACEMENT_3D('',#238,#15777,#15778);
#15777=DIRECTION('',(0,1,0));
#15778=DIRECTION('',(0.570031481864816,0,-0.8216228512419806));
#15779=FACE_BOUND('',#15780,.T.);
#15780=EDGE_LOOP('',(#15781,#15782,#15783));
#15781=ORIENTED_EDGE('',*,*,#15784,.T.);
#15782=ORIENTED_EDGE('',*,*,#15785,.T.);
#15783=ORIENTED_EDGE('',*,*,#15786,.T.);
#15784=EDGE_CURVE('',#239,#227,#15787,.F.);
#15785=EDGE_CURVE('',#227,#711,#15788,.T.);
#15786=EDGE_CURVE('',#711,#239,#15789,.T.);
#15787=LINE('',#238,#15790);
#15788=LINE('',#226,#15791);
#15789=LINE('',#710,#15792);
#15790=VECTOR('',#15793,1.0);
#15791=VECTOR('',#15794,1.0);
#15792=VECTOR('',#15795,1.0);
#15793=DIRECTION('',(0.570031481864816,0,-0.8216228512419806));
#15794=DIRECTION('',(-0.15056621844985624,0,-0.9885999260882585));
#15795=DIRECTION('',(-0.31210745171826976,0,0.9500468086267791));
#15796=FACE_SURFACE('',(#15801),#15797,.T.);
#15797=PLANE('',#15798);
#15798=AXIS2_PLACEMENT_3D('',#714,#15799,#15800);
#15799=DIRECTION('',(-0,1,0));
#15800=DIRECTION('',(0.1792128623160289,0,0.9838103221559003));
#15801=FACE_BOUND('',#15802,.T.);
#15802=EDGE_LOOP('',(#15803,#15804,#15805));
#15803=ORIENTED_EDGE('',*,*,#15806,.T.);
#15804=ORIENTED_EDGE('',*,*,#15807,.T.);
#15805=ORIENTED_EDGE('',*,*,#15808,.T.);
#15806=EDGE_CURVE('',#715,#239,#15809,.F.);
#15807=EDGE_CURVE('',#239,#711,#15810,.T.);
#15808=EDGE_CURVE('',#711,#715,#15811,.T.);
#15809=LINE('',#714,#15812);
#15810=LINE('',#238,#15813);
#15811=LINE('',#710,#15814);
#15812=VECTOR('',#15815,1.0);
#15813=VECTOR('',#15816,1.0);
#15814=VECTOR('',#15817,1.0);
#15815=DIRECTION('',(0.1792128623160289,0,0.9838103221559003));
#15816=DIRECTION('',(0.31210745171826976,0,-0.9500468086267791));
#15817=DIRECTION('',(-0.592662374873007,0,0.8054509975224361));
#15818=FACE_SURFACE('',(#15823),#15819,.T.);
#15819=PLANE('',#15820);
#15820=AXIS2_PLACEMENT_3D('',#222,#15821,#15822);
#15821=DIRECTION('',(-0,1,0));
#15822=DIRECTION('',(0.9672887926831397,0,0.2536777316785885));
#15823=FACE_BOUND('',#15824,.T.);
#15824=EDGE_LOOP('',(#15825,#15826,#15827));
#15825=ORIENTED_EDGE('',*,*,#15828,.T.);
#15826=ORIENTED_EDGE('',*,*,#15829,.T.);
#15827=ORIENTED_EDGE('',*,*,#15830,.T.);
#15828=EDGE_CURVE('',#223,#713,#15831,.F.);
#15829=EDGE_CURVE('',#713,#709,#15832,.T.);
#15830=EDGE_CURVE('',#709,#223,#15833,.T.);
#15831=LINE('',#222,#15834);
#15832=LINE('',#712,#15835);
#15833=LINE('',#708,#15836);
#15834=VECTOR('',#15837,1.0);
#15835=VECTOR('',#15838,1.0);
#15836=VECTOR('',#15839,1.0);
#15837=DIRECTION('',(0.9672887926831397,0,0.2536777316785885));
#15838=DIRECTION('',(-0.5926621404951079,0,-0.8054511699809971));
#15839=DIRECTION('',(-0.15056621844985624,0,0.9885999260882585));
#15840=FACE_SURFACE('',(#15845),#15841,.T.);
#15841=PLANE('',#15842);
#15842=AXIS2_PLACEMENT_3D('',#228,#15843,#15844);
#15843=DIRECTION('',(0,1,0));
#15844=DIRECTION('',(0.17921125577048888,0,-0.983810614806104));
#15845=FACE_BOUND('',#15846,.T.);
#15846=EDGE_LOOP('',(#15847,#15848,#15849));
#15847=ORIENTED_EDGE('',*,*,#15850,.T.);
#15848=ORIENTED_EDGE('',*,*,#15851,.T.);
#15849=ORIENTED_EDGE('',*,*,#15852,.T.);
#15850=EDGE_CURVE('',#229,#713,#15853,.F.);
#15851=EDGE_CURVE('',#713,#223,#15854,.T.);
#15852=EDGE_CURVE('',#223,#229,#15855,.T.);
#15853=LINE('',#228,#15856);
#15854=LINE('',#712,#15857);
#15855=LINE('',#222,#15858);
#15856=VECTOR('',#15859,1.0);
#15857=VECTOR('',#15860,1.0);
#15858=VECTOR('',#15861,1.0);
#15859=DIRECTION('',(0.17921125577048888,0,-0.983810614806104));
#15860=DIRECTION('',(-0.9672887926831397,0,-0.2536777316785885));
#15861=DIRECTION('',(0.5700319689414106,0,0.8216225133142219));
#15862=FACE_SURFACE('',(#15867),#15863,.T.);
#15863=PLANE('',#15864);
#15864=AXIS2_PLACEMENT_3D('',#250,#15865,#15866);
#15865=DIRECTION('',(0,1,0));
#15866=DIRECTION('',(0.5178498854791981,0,-0.855471505141569));
#15867=FACE_BOUND('',#15868,.T.);
#15868=EDGE_LOOP('',(#15869,#15870,#15871));
#15869=ORIENTED_EDGE('',*,*,#15872,.T.);
#15870=ORIENTED_EDGE('',*,*,#15873,.T.);
#15871=ORIENTED_EDGE('',*,*,#15874,.T.);
#15872=EDGE_CURVE('',#251,#239,#15875,.F.);
#15873=EDGE_CURVE('',#239,#715,#15876,.T.);
#15874=EDGE_CURVE('',#715,#251,#15877,.T.);
#15875=LINE('',#250,#15878);
#15876=LINE('',#238,#15879);
#15877=LINE('',#714,#15880);
#15878=VECTOR('',#15881,1.0);
#15879=VECTOR('',#15882,1.0);
#15880=VECTOR('',#15883,1.0);
#15881=DIRECTION('',(0.5178498854791981,0,-0.855471505141569));
#15882=DIRECTION('',(-0.1792128623160289,0,-0.9838103221559003));
#15883=DIRECTION('',(-0.25875161548768766,0,0.9659438914774046));
#15884=FACE_SURFACE('',(#15889),#15885,.T.);
#15885=PLANE('',#15886);
#15886=AXIS2_PLACEMENT_3D('',#718,#15887,#15888);
#15887=DIRECTION('',(-0,1,0));
#15888=DIRECTION('',(0.209675555139337,0,0.9777710169446684));
#15889=FACE_BOUND('',#15890,.T.);
#15890=EDGE_LOOP('',(#15891,#15892,#15893));
#15891=ORIENTED_EDGE('',*,*,#15894,.T.);
#15892=ORIENTED_EDGE('',*,*,#15895,.T.);
#15893=ORIENTED_EDGE('',*,*,#15896,.T.);
#15894=EDGE_CURVE('',#719,#251,#15897,.F.);
#15895=EDGE_CURVE('',#251,#715,#15898,.T.);
#15896=EDGE_CURVE('',#715,#719,#15899,.T.);
#15897=LINE('',#718,#15900);
#15898=LINE('',#250,#15901);
#15899=LINE('',#714,#15902);
#15900=VECTOR('',#15903,1.0);
#15901=VECTOR('',#15904,1.0);
#15902=VECTOR('',#15905,1.0);
#15903=DIRECTION('',(0.209675555139337,0,0.9777710169446684));
#15904=DIRECTION('',(0.25875161548768766,0,-0.9659438914774046));
#15905=DIRECTION('',(-0.5429483607122247,0,0.8397660850498236));
#15906=FACE_SURFACE('',(#15911),#15907,.T.);
#15907=PLANE('',#15908);
#15908=AXIS2_PLACEMENT_3D('',#228,#15909,#15910);
#15909=DIRECTION('',(-0,1,0));
#15910=DIRECTION('',(0.9580725925496362,0,0.2865255789719634));
#15911=FACE_BOUND('',#15912,.T.);
#15912=EDGE_LOOP('',(#15913,#15914,#15915));
#15913=ORIENTED_EDGE('',*,*,#15916,.T.);
#15914=ORIENTED_EDGE('',*,*,#15917,.T.);
#15915=ORIENTED_EDGE('',*,*,#15918,.T.);
#15916=EDGE_CURVE('',#229,#717,#15919,.F.);
#15917=EDGE_CURVE('',#717,#713,#15920,.T.);
#15918=EDGE_CURVE('',#713,#229,#15921,.T.);
#15919=LINE('',#228,#15922);
#15920=LINE('',#716,#15923);
#15921=LINE('',#712,#15924);
#15922=VECTOR('',#15925,1.0);
#15923=VECTOR('',#15926,1.0);
#15924=VECTOR('',#15927,1.0);
#15925=DIRECTION('',(0.9580725925496362,0,0.2865255789719634));
#15926=DIRECTION('',(-0.5429497619659217,0,-0.8397651790715954));
#15927=DIRECTION('',(-0.17921125577048888,0,0.983810614806104));
#15928=FACE_SURFACE('',(#15933),#15929,.T.);
#15929=PLANE('',#15930);
#15930=AXIS2_PLACEMENT_3D('',#240,#15931,#15932);
#15931=DIRECTION('',(0,1,0));
#15932=DIRECTION('',(0.20967786014364664,0,-0.97777052265119));
#15933=FACE_BOUND('',#15934,.T.);
#15934=EDGE_LOOP('',(#15935,#15936,#15937));
#15935=ORIENTED_EDGE('',*,*,#15938,.T.);
#15936=ORIENTED_EDGE('',*,*,#15939,.T.);
#15937=ORIENTED_EDGE('',*,*,#15940,.T.);
#15938=EDGE_CURVE('',#241,#717,#15941,.F.);
#15939=EDGE_CURVE('',#717,#229,#15942,.T.);
#15940=EDGE_CURVE('',#229,#241,#15943,.T.);
#15941=LINE('',#240,#15944);
#15942=LINE('',#716,#15945);
#15943=LINE('',#228,#15946);
#15944=VECTOR('',#15947,1.0);
#15945=VECTOR('',#15948,1.0);
#15946=VECTOR('',#15949,1.0);
#15947=DIRECTION('',(0.20967786014364664,0,-0.97777052265119));
#15948=DIRECTION('',(-0.9580725925496362,0,-0.2865255789719634));
#15949=DIRECTION('',(0.5178493574421291,0,0.855471824782543));
#15950=FACE_SURFACE('',(#15955),#15951,.T.);
#15951=PLANE('',#15952);
#15952=AXIS2_PLACEMENT_3D('',#722,#15953,#15954);
#15953=DIRECTION('',(0,1,0));
#15954=DIRECTION('',(0.9483118513145202,0,-0.317339932338222));
#15955=FACE_BOUND('',#15956,.T.);
#15956=EDGE_LOOP('',(#15957,#15958,#15959));
#15957=ORIENTED_EDGE('',*,*,#15960,.T.);
#15958=ORIENTED_EDGE('',*,*,#15961,.T.);
#15959=ORIENTED_EDGE('',*,*,#15962,.T.);
#15960=EDGE_CURVE('',#723,#251,#15963,.F.);
#15961=EDGE_CURVE('',#251,#719,#15964,.T.);
#15962=EDGE_CURVE('',#719,#723,#15965,.T.);
#15963=LINE('',#722,#15966);
#15964=LINE('',#250,#15967);
#15965=LINE('',#718,#15968);
#15966=VECTOR('',#15969,1.0);
#15967=VECTOR('',#15970,1.0);
#15968=VECTOR('',#15971,1.0);
#15969=DIRECTION('',(0.9483118513145202,0,-0.317339932338222));
#15970=DIRECTION('',(-0.209675555139337,0,-0.9777710169446684));
#15971=DIRECTION('',(-0.49125559621637394,0,0.8710154643782709));
#15972=FACE_SURFACE('',(#15977),#15973,.T.);
#15973=PLANE('',#15974);
#15974=AXIS2_PLACEMENT_3D('',#240,#15975,#15976);
#15975=DIRECTION('',(-0,1,0));
#15976=DIRECTION('',(0.9483117967785779,0,0.3173400953087795));
#15977=FACE_BOUND('',#15978,.T.);
#15978=EDGE_LOOP('',(#15979,#15980,#15981));
#15979=ORIENTED_EDGE('',*,*,#15982,.T.);
#15980=ORIENTED_EDGE('',*,*,#15983,.T.);
#15981=ORIENTED_EDGE('',*,*,#15984,.T.);
#15982=EDGE_CURVE('',#241,#721,#15985,.F.);
#15983=EDGE_CURVE('',#721,#717,#15986,.T.);
#15984=EDGE_CURVE('',#717,#241,#15987,.T.);
#15985=LINE('',#240,#15988);
#15986=LINE('',#720,#15989);
#15987=LINE('',#716,#15990);
#15988=VECTOR('',#15991,1.0);
#15989=VECTOR('',#15992,1.0);
#15990=VECTOR('',#15993,1.0);
#15991=DIRECTION('',(0.9483117967785779,0,0.3173400953087795));
#15992=DIRECTION('',(-0.49125408872984705,0,-0.8710163146039273));
#15993=DIRECTION('',(-0.20967786014364664,0,0.97777052265119));
#15994=FACE_SURFACE('',(#15999),#15995,.T.);
#15995=PLANE('',#15996);
#15996=AXIS2_PLACEMENT_3D('',#722,#15997,#15998);
#15997=DIRECTION('',(-0,1,0));
#15998=DIRECTION('',(0.241762430089088,0,0.9703354715753819));
#15999=FACE_BOUND('',#16000,.T.);
#16000=EDGE_LOOP('',(#16001,#16002,#16003));
#16001=ORIENTED_EDGE('',*,*,#16004,.T.);
#16002=ORIENTED_EDGE('',*,*,#16005,.T.);
#16003=ORIENTED_EDGE('',*,*,#16006,.T.);
#16004=EDGE_CURVE('',#723,#263,#16007,.F.);
#16005=EDGE_CURVE('',#263,#251,#16008,.T.);
#16006=EDGE_CURVE('',#251,#723,#16009,.T.);
#16007=LINE('',#722,#16010);
#16008=LINE('',#262,#16011);
#16009=LINE('',#250,#16012);
#16010=VECTOR('',#16013,1.0);
#16011=VECTOR('',#16014,1.0);
#16012=VECTOR('',#16015,1.0);
#16013=DIRECTION('',(0.241762430089088,0,0.9703354715753819));
#16014=DIRECTION('',(0.46366297124818995,0,-0.8860116529105587));
#16015=DIRECTION('',(-0.9483118513145202,0,0.317339932338222));
#16016=FACE_SURFACE('',(#16021),#16017,.T.);
#16017=PLANE('',#16018);
#16018=AXIS2_PLACEMENT_3D('',#254,#16019,#16020);
#16019=DIRECTION('',(-0,1,0));
#16020=DIRECTION('',(0.9382273193132117,0,0.3460195042108823));
#16021=FACE_BOUND('',#16022,.T.);
#16022=EDGE_LOOP('',(#16023,#16024,#16025));
#16023=ORIENTED_EDGE('',*,*,#16026,.T.);
#16024=ORIENTED_EDGE('',*,*,#16027,.T.);
#16025=ORIENTED_EDGE('',*,*,#16028,.T.);
#16026=EDGE_CURVE('',#255,#725,#16029,.F.);
#16027=EDGE_CURVE('',#725,#241,#16030,.T.);
#16028=EDGE_CURVE('',#241,#255,#16031,.T.);
#16029=LINE('',#254,#16032);
#16030=LINE('',#724,#16033);
#16031=LINE('',#240,#16034);
#16032=VECTOR('',#16035,1.0);
#16033=VECTOR('',#16036,1.0);
#16034=VECTOR('',#16037,1.0);
#16035=DIRECTION('',(0.9382273193132117,0,0.3460195042108823));
#16036=DIRECTION('',(-0.6938953341285891,0,-0.7200758746650062));
#16037=DIRECTION('',(0.46366452887602705,0,0.8860108377791843));
#16038=FACE_SURFACE('',(#16043),#16039,.T.);
#16039=PLANE('',#16040);
#16040=AXIS2_PLACEMENT_3D('',#724,#16041,#16042);
#16041=DIRECTION('',(0,1,0));
#16042=DIRECTION('',(-0.43776730463892266,0,-0.8990883087823869));
#16043=FACE_BOUND('',#16044,.T.);
#16044=EDGE_LOOP('',(#16045,#16046,#16047));
#16045=ORIENTED_EDGE('',*,*,#16048,.T.);
#16046=ORIENTED_EDGE('',*,*,#16049,.T.);
#16047=ORIENTED_EDGE('',*,*,#16050,.T.);
#16048=EDGE_CURVE('',#725,#721,#16051,.F.);
#16049=EDGE_CURVE('',#721,#241,#16052,.T.);
#16050=EDGE_CURVE('',#241,#725,#16053,.T.);
#16051=LINE('',#724,#16054);
#16052=LINE('',#720,#16055);
#16053=LINE('',#240,#16056);
#16054=VECTOR('',#16057,1.0);
#16055=VECTOR('',#16058,1.0);
#16056=VECTOR('',#16059,1.0);
#16057=DIRECTION('',(-0.43776730463892266,0,-0.8990883087823869));
#16058=DIRECTION('',(-0.9483117967785779,0,-0.3173400953087795));
#16059=DIRECTION('',(0.6938953341285891,0,0.7200758746650062));
#16060=FACE_SURFACE('',(#16065),#16061,.T.);
#16061=PLANE('',#16062);
#16062=AXIS2_PLACEMENT_3D('',#726,#16063,#16064);
#16063=DIRECTION('',(0,1,0));
#16064=DIRECTION('',(0.9382276541112452,0,-0.34601859640908));
#16065=FACE_BOUND('',#16066,.T.);
#16066=EDGE_LOOP('',(#16067,#16068,#16069));
#16067=ORIENTED_EDGE('',*,*,#16070,.T.);
#16068=ORIENTED_EDGE('',*,*,#16071,.T.);
#16069=ORIENTED_EDGE('',*,*,#16072,.T.);
#16070=EDGE_CURVE('',#727,#263,#16073,.F.);
#16071=EDGE_CURVE('',#263,#723,#16074,.T.);
#16072=EDGE_CURVE('',#723,#727,#16075,.T.);
#16073=LINE('',#726,#16076);
#16074=LINE('',#262,#16077);
#16075=LINE('',#722,#16078);
#16076=VECTOR('',#16079,1.0);
#16077=VECTOR('',#16080,1.0);
#16078=VECTOR('',#16081,1.0);
#16079=DIRECTION('',(0.9382276541112452,0,-0.34601859640908));
#16080=DIRECTION('',(-0.241762430089088,0,-0.9703354715753819));
#16081=DIRECTION('',(-0.43776686657822206,0,0.8990885220745981));
#16082=FACE_SURFACE('',(#16087),#16083,.T.);
#16083=PLANE('',#16084);
#16084=AXIS2_PLACEMENT_3D('',#726,#16085,#16086);
#16085=DIRECTION('',(-0,1,0));
#16086=DIRECTION('',(0.27526828148718624,0,0.9613674496294802));
#16087=FACE_BOUND('',#16088,.T.);
#16088=EDGE_LOOP('',(#16089,#16090,#16091));
#16089=ORIENTED_EDGE('',*,*,#16092,.T.);
#16090=ORIENTED_EDGE('',*,*,#16093,.T.);
#16091=ORIENTED_EDGE('',*,*,#16094,.T.);
#16092=EDGE_CURVE('',#727,#275,#16095,.F.);
#16093=EDGE_CURVE('',#275,#263,#16096,.T.);
#16094=EDGE_CURVE('',#263,#727,#16097,.T.);
#16095=LINE('',#726,#16098);
#16096=LINE('',#274,#16099);
#16097=LINE('',#262,#16100);
#16098=VECTOR('',#16101,1.0);
#16099=VECTOR('',#16102,1.0);
#16100=VECTOR('',#16103,1.0);
#16101=DIRECTION('',(0.27526828148718624,0,0.9613674496294802));
#16102=DIRECTION('',(0.40768374679597225,0,-0.9131231913594121));
#16103=DIRECTION('',(-0.9382276541112452,0,0.34601859640908));
#16104=FACE_SURFACE('',(#16109),#16105,.T.);
#16105=PLANE('',#16106);
#16106=AXIS2_PLACEMENT_3D('',#266,#16107,#16108);
#16107=DIRECTION('',(-0,1,0));
#16108=DIRECTION('',(0.9280442043897893,0,0.3724700722185917));
#16109=FACE_BOUND('',#16110,.T.);
#16110=EDGE_LOOP('',(#16111,#16112,#16113));
#16111=ORIENTED_EDGE('',*,*,#16114,.T.);
#16112=ORIENTED_EDGE('',*,*,#16115,.T.);
#16113=ORIENTED_EDGE('',*,*,#16116,.T.);
#16114=EDGE_CURVE('',#267,#729,#16117,.F.);
#16115=EDGE_CURVE('',#729,#255,#16118,.T.);
#16116=EDGE_CURVE('',#255,#267,#16119,.T.);
#16117=LINE('',#266,#16120);
#16118=LINE('',#728,#16121);
#16119=LINE('',#254,#16122);
#16120=VECTOR('',#16123,1.0);
#16121=VECTOR('',#16124,1.0);
#16122=VECTOR('',#16125,1.0);
#16123=DIRECTION('',(0.9280442043897893,0,0.3724700722185917));
#16124=DIRECTION('',(-0.6527976837089481,0,-0.7575322990765688));
#16125=DIRECTION('',(0.40768299478969516,0,0.9131235271086303));
#16126=FACE_SURFACE('',(#16131),#16127,.T.);
#16127=PLANE('',#16128);
#16128=AXIS2_PLACEMENT_3D('',#728,#16129,#16130);
#16129=DIRECTION('',(0,1,0));
#16130=DIRECTION('',(-0.38268294714721246,0,-0.923879733494963));
#16131=FACE_BOUND('',#16132,.T.);
#16132=EDGE_LOOP('',(#16133,#16134,#16135));
#16133=ORIENTED_EDGE('',*,*,#16136,.T.);
#16134=ORIENTED_EDGE('',*,*,#16137,.T.);
#16135=ORIENTED_EDGE('',*,*,#16138,.T.);
#16136=EDGE_CURVE('',#729,#725,#16139,.F.);
#16137=EDGE_CURVE('',#725,#255,#16140,.T.);
#16138=EDGE_CURVE('',#255,#729,#16141,.T.);
#16139=LINE('',#728,#16142);
#16140=LINE('',#724,#16143);
#16141=LINE('',#254,#16144);
#16142=VECTOR('',#16145,1.0);
#16143=VECTOR('',#16146,1.0);
#16144=VECTOR('',#16147,1.0);
#16145=DIRECTION('',(-0.38268294714721246,0,-0.923879733494963));
#16146=DIRECTION('',(-0.9382273193132117,0,-0.3460195042108823));
#16147=DIRECTION('',(0.6527976837089481,0,0.7575322990765688));
#16148=FACE_SURFACE('',(#16153),#16149,.T.);
#16149=PLANE('',#16150);
#16150=AXIS2_PLACEMENT_3D('',#730,#16151,#16152);
#16151=DIRECTION('',(0,1,0));
#16152=DIRECTION('',(0.9280445449316976,0,-0.37246922372528735));
#16153=FACE_BOUND('',#16154,.T.);
#16154=EDGE_LOOP('',(#16155,#16156,#16157));
#16155=ORIENTED_EDGE('',*,*,#16158,.T.);
#16156=ORIENTED_EDGE('',*,*,#16159,.T.);
#16157=ORIENTED_EDGE('',*,*,#16160,.T.);
#16158=EDGE_CURVE('',#731,#275,#16161,.F.);
#16159=EDGE_CURVE('',#275,#727,#16162,.T.);
#16160=EDGE_CURVE('',#727,#731,#16163,.T.);
#16161=LINE('',#730,#16164);
#16162=LINE('',#274,#16165);
#16163=LINE('',#726,#16166);
#16164=VECTOR('',#16167,1.0);
#16165=VECTOR('',#16168,1.0);
#16166=VECTOR('',#16169,1.0);
#16167=DIRECTION('',(0.9280445449316976,0,-0.37246922372528735));
#16168=DIRECTION('',(-0.27526828148718624,0,-0.9613674496294802));
#16169=DIRECTION('',(-0.3826834867907109,0,0.9238795099674545));
#16170=FACE_SURFACE('',(#16175),#16171,.T.);
#16171=PLANE('',#16172);
#16172=AXIS2_PLACEMENT_3D('',#730,#16173,#16174);
#16173=DIRECTION('',(-0,1,0));
#16174=DIRECTION('',(0.3099935421989368,0,0.9507386621963766));
#16175=FACE_BOUND('',#16176,.T.);
#16176=EDGE_LOOP('',(#16177,#16178,#16179));
#16177=ORIENTED_EDGE('',*,*,#16180,.T.);
#16178=ORIENTED_EDGE('',*,*,#16181,.T.);
#16179=ORIENTED_EDGE('',*,*,#16182,.T.);
#16180=EDGE_CURVE('',#731,#287,#16183,.F.);
#16181=EDGE_CURVE('',#287,#275,#16184,.T.);
#16182=EDGE_CURVE('',#275,#731,#16185,.T.);
#16183=LINE('',#730,#16186);
#16184=LINE('',#286,#16187);
#16185=LINE('',#274,#16188);
#16186=VECTOR('',#16189,1.0);
#16187=VECTOR('',#16190,1.0);
#16188=VECTOR('',#16191,1.0);
#16189=DIRECTION('',(0.3099935421989368,0,0.9507386621963766));
#16190=DIRECTION('',(0.3501267842149789,0,-0.936702319296412));
#16191=DIRECTION('',(-0.9280445449316976,0,0.37246922372528735));
#16192=FACE_SURFACE('',(#16197),#16193,.T.);
#16193=PLANE('',#16194);
#16194=AXIS2_PLACEMENT_3D('',#278,#16195,#16196);
#16195=DIRECTION('',(-0,1,0));
#16196=DIRECTION('',(0.9179871955519225,0,0.39661002105685167));
#16197=FACE_BOUND('',#16198,.T.);
#16198=EDGE_LOOP('',(#16199,#16200,#16201));
#16199=ORIENTED_EDGE('',*,*,#16202,.T.);
#16200=ORIENTED_EDGE('',*,*,#16203,.T.);
#16201=ORIENTED_EDGE('',*,*,#16204,.T.);
#16202=EDGE_CURVE('',#279,#733,#16205,.F.);
#16203=EDGE_CURVE('',#733,#267,#16206,.T.);
#16204=EDGE_CURVE('',#267,#279,#16207,.T.);
#16205=LINE('',#278,#16208);
#16206=LINE('',#732,#16209);
#16207=LINE('',#266,#16210);
#16208=VECTOR('',#16211,1.0);
#16209=VECTOR('',#16212,1.0);
#16210=VECTOR('',#16213,1.0);
#16211=DIRECTION('',(0.9179871955519225,0,0.39661002105685167));
#16212=DIRECTION('',(-0.6098535010796651,0,-0.7925141684669588));
#16213=DIRECTION('',(0.35012551806209957,0,0.936702792566429));
#16214=FACE_SURFACE('',(#16219),#16215,.T.);
#16215=PLANE('',#16216);
#16216=AXIS2_PLACEMENT_3D('',#732,#16217,#16218);
#16217=DIRECTION('',(0,1,0));
#16218=DIRECTION('',(-0.32620524688980707,0,-0.9452989669419722));
#16219=FACE_BOUND('',#16220,.T.);
#16220=EDGE_LOOP('',(#16221,#16222,#16223));
#16221=ORIENTED_EDGE('',*,*,#16224,.T.);
#16222=ORIENTED_EDGE('',*,*,#16225,.T.);
#16223=ORIENTED_EDGE('',*,*,#16226,.T.);
#16224=EDGE_CURVE('',#733,#729,#16227,.F.);
#16225=EDGE_CURVE('',#729,#267,#16228,.T.);
#16226=EDGE_CURVE('',#267,#733,#16229,.T.);
#16227=LINE('',#732,#16230);
#16228=LINE('',#728,#16231);
#16229=LINE('',#266,#16232);
#16230=VECTOR('',#16233,1.0);
#16231=VECTOR('',#16234,1.0);
#16232=VECTOR('',#16235,1.0);
#16233=DIRECTION('',(-0.32620524688980707,0,-0.9452989669419722));
#16234=DIRECTION('',(-0.9280442043897893,0,-0.3724700722185917));
#16235=DIRECTION('',(0.6098535010796651,0,0.7925141684669588));
#16236=FACE_SURFACE('',(#16241),#16237,.T.);
#16237=PLANE('',#16238);
#16238=AXIS2_PLACEMENT_3D('',#734,#16239,#16240);
#16239=DIRECTION('',(0,1,0));
#16240=DIRECTION('',(0.9179866561313016,0,-0.39661126958883997));
#16241=FACE_BOUND('',#16242,.T.);
#16242=EDGE_LOOP('',(#16243,#16244,#16245));
#16243=ORIENTED_EDGE('',*,*,#16246,.T.);
#16244=ORIENTED_EDGE('',*,*,#16247,.T.);
#16245=ORIENTED_EDGE('',*,*,#16248,.T.);
#16246=EDGE_CURVE('',#735,#287,#16249,.F.);
#16247=EDGE_CURVE('',#287,#731,#16250,.T.);
#16248=EDGE_CURVE('',#731,#735,#16251,.T.);
#16249=LINE('',#734,#16252);
#16250=LINE('',#286,#16253);
#16251=LINE('',#730,#16254);
#16252=VECTOR('',#16255,1.0);
#16253=VECTOR('',#16256,1.0);
#16254=VECTOR('',#16257,1.0);
#16255=DIRECTION('',(0.9179866561313016,0,-0.39661126958883997));
#16256=DIRECTION('',(-0.3099935421989368,0,-0.9507386621963766));
#16257=DIRECTION('',(-0.32620330989748614,0,0.945299635360093));
#16258=FACE_SURFACE('',(#16263),#16259,.T.);
#16259=PLANE('',#16260);
#16260=AXIS2_PLACEMENT_3D('',#734,#16261,#16262);
#16261=DIRECTION('',(-0,1,0));
#16262=DIRECTION('',(0.3457301621693659,0,0.938333978371424));
#16263=FACE_BOUND('',#16264,.T.);
#16264=EDGE_LOOP('',(#16265,#16266,#16267));
#16265=ORIENTED_EDGE('',*,*,#16268,.T.);
#16266=ORIENTED_EDGE('',*,*,#16269,.T.);
#16267=ORIENTED_EDGE('',*,*,#16270,.T.);
#16268=EDGE_CURVE('',#735,#299,#16271,.F.);
#16269=EDGE_CURVE('',#299,#287,#16272,.T.);
#16270=EDGE_CURVE('',#287,#735,#16273,.T.);
#16271=LINE('',#734,#16274);
#16272=LINE('',#298,#16275);
#16273=LINE('',#286,#16276);
#16274=VECTOR('',#16277,1.0);
#16275=VECTOR('',#16278,1.0);
#16276=VECTOR('',#16279,1.0);
#16277=DIRECTION('',(0.3457301621693659,0,0.938333978371424));
#16278=DIRECTION('',(0.29121521215577123,0,-0.9566575668488015));
#16279=DIRECTION('',(-0.9179866561313016,0,0.39661126958883997));
#16280=FACE_SURFACE('',(#16285),#16281,.T.);
#16281=PLANE('',#16282);
#16282=AXIS2_PLACEMENT_3D('',#290,#16283,#16284);
#16283=DIRECTION('',(-0,1,0));
#16284=DIRECTION('',(0.9082724460509104,0,0.4183792104594777));
#16285=FACE_BOUND('',#16286,.T.);
#16286=EDGE_LOOP('',(#16287,#16288,#16289));
#16287=ORIENTED_EDGE('',*,*,#16290,.T.);
#16288=ORIENTED_EDGE('',*,*,#16291,.T.);
#16289=ORIENTED_EDGE('',*,*,#16292,.T.);
#16290=EDGE_CURVE('',#291,#737,#16293,.F.);
#16291=EDGE_CURVE('',#737,#279,#16294,.T.);
#16292=EDGE_CURVE('',#279,#291,#16295,.T.);
#16293=LINE('',#290,#16296);
#16294=LINE('',#736,#16297);
#16295=LINE('',#278,#16298);
#16296=VECTOR('',#16299,1.0);
#16297=VECTOR('',#16300,1.0);
#16298=VECTOR('',#16301,1.0);
#16299=DIRECTION('',(0.9082724460509104,0,0.4183792104594777));
#16300=DIRECTION('',(-0.5652232516470775,0,-0.8249379830008462));
#16301=DIRECTION('',(0.2912170280823526,0,0.9566570140624499));
#16302=FACE_SURFACE('',(#16307),#16303,.T.);
#16303=PLANE('',#16304);
#16304=AXIS2_PLACEMENT_3D('',#736,#16305,#16306);
#16305=DIRECTION('',(0,1,0));
#16306=DIRECTION('',(-0.2685313188795053,0,-0.9632709539796336));
#16307=FACE_BOUND('',#16308,.T.);
#16308=EDGE_LOOP('',(#16309,#16310,#16311));
#16309=ORIENTED_EDGE('',*,*,#16312,.T.);
#16310=ORIENTED_EDGE('',*,*,#16313,.T.);
#16311=ORIENTED_EDGE('',*,*,#16314,.T.);
#16312=EDGE_CURVE('',#737,#733,#16315,.F.);
#16313=EDGE_CURVE('',#733,#279,#16316,.T.);
#16314=EDGE_CURVE('',#279,#737,#16317,.T.);
#16315=LINE('',#736,#16318);
#16316=LINE('',#732,#16319);
#16317=LINE('',#278,#16320);
#16318=VECTOR('',#16321,1.0);
#16319=VECTOR('',#16322,1.0);
#16320=VECTOR('',#16323,1.0);
#16321=DIRECTION('',(-0.2685313188795053,0,-0.9632709539796336));
#16322=DIRECTION('',(-0.9179871955519225,0,-0.39661002105685167));
#16323=DIRECTION('',(0.5652232516470775,0,0.8249379830008462));
#16324=FACE_SURFACE('',(#16329),#16325,.T.);
#16325=PLANE('',#16326);
#16326=AXIS2_PLACEMENT_3D('',#738,#16327,#16328);
#16327=DIRECTION('',(0,1,0));
#16328=DIRECTION('',(0.9082725268740658,0,-0.41837903499793017));
#16329=FACE_BOUND('',#16330,.T.);
#16330=EDGE_LOOP('',(#16331,#16332,#16333));
#16331=ORIENTED_EDGE('',*,*,#16334,.T.);
#16332=ORIENTED_EDGE('',*,*,#16335,.T.);
#16333=ORIENTED_EDGE('',*,*,#16336,.T.);
#16334=EDGE_CURVE('',#739,#299,#16337,.F.);
#16335=EDGE_CURVE('',#299,#735,#16338,.T.);
#16336=EDGE_CURVE('',#735,#739,#16339,.T.);
#16337=LINE('',#738,#16340);
#16338=LINE('',#298,#16341);
#16339=LINE('',#734,#16342);
#16340=VECTOR('',#16343,1.0);
#16341=VECTOR('',#16344,1.0);
#16342=VECTOR('',#16345,1.0);
#16343=DIRECTION('',(0.9082725268740658,0,-0.41837903499793017));
#16344=DIRECTION('',(-0.3457301621693659,0,-0.938333978371424));
#16345=DIRECTION('',(-0.268531654103186,0,0.9632708605291695));
#16346=FACE_SURFACE('',(#16351),#16347,.T.);
#16347=PLANE('',#16348);
#16348=AXIS2_PLACEMENT_3D('',#738,#16349,#16350);
#16349=DIRECTION('',(-0,1,0));
#16350=DIRECTION('',(0.3822681309838024,0,0.9240514466382002));
#16351=FACE_BOUND('',#16352,.T.);
#16352=EDGE_LOOP('',(#16353,#16354,#16355));
#16353=ORIENTED_EDGE('',*,*,#16356,.T.);
#16354=ORIENTED_EDGE('',*,*,#16357,.T.);
#16355=ORIENTED_EDGE('',*,*,#16358,.T.);
#16356=EDGE_CURVE('',#739,#311,#16359,.F.);
#16357=EDGE_CURVE('',#311,#299,#16360,.T.);
#16358=EDGE_CURVE('',#299,#739,#16361,.T.);
#16359=LINE('',#738,#16362);
#16360=LINE('',#310,#16363);
#16361=LINE('',#298,#16364);
#16362=VECTOR('',#16365,1.0);
#16363=VECTOR('',#16366,1.0);
#16364=VECTOR('',#16367,1.0);
#16365=DIRECTION('',(0.3822681309838024,0,0.9240514466382002));
#16366=DIRECTION('',(0.23117597241926105,0,-0.9729119537635506));
#16367=DIRECTION('',(-0.9082725268740658,0,0.41837903499793017));
#16368=FACE_SURFACE('',(#16373),#16369,.T.);
#16369=PLANE('',#16370);
#16370=AXIS2_PLACEMENT_3D('',#302,#16371,#16372);
#16371=DIRECTION('',(-0,1,0));
#16372=DIRECTION('',(0.8991161652603414,0,0.437710088263383));
#16373=FACE_BOUND('',#16374,.T.);
#16374=EDGE_LOOP('',(#16375,#16376,#16377));
#16375=ORIENTED_EDGE('',*,*,#16378,.T.);
#16376=ORIENTED_EDGE('',*,*,#16379,.T.);
#16377=ORIENTED_EDGE('',*,*,#16380,.T.);
#16378=EDGE_CURVE('',#303,#741,#16381,.F.);
#16379=EDGE_CURVE('',#741,#291,#16382,.T.);
#16380=EDGE_CURVE('',#291,#303,#16383,.T.);
#16381=LINE('',#302,#16384);
#16382=LINE('',#740,#16385);
#16383=LINE('',#290,#16386);
#16384=VECTOR('',#16387,1.0);
#16385=VECTOR('',#16388,1.0);
#16386=VECTOR('',#16389,1.0);
#16387=DIRECTION('',(0.8991161652603414,0,0.437710088263383));
#16388=DIRECTION('',(-0.5190754924916198,0,-0.8547283972669811));
#16389=DIRECTION('',(0.23117426500235183,0,0.9729123594654466));
#16390=FACE_SURFACE('',(#16395),#16391,.T.);
#16391=PLANE('',#16392);
#16392=AXIS2_PLACEMENT_3D('',#740,#16393,#16394);
#16393=DIRECTION('',(0,1,0));
#16394=DIRECTION('',(-0.2098808059051543,0,-0.9777269799451189));
#16395=FACE_BOUND('',#16396,.T.);
#16396=EDGE_LOOP('',(#16397,#16398,#16399));
#16397=ORIENTED_EDGE('',*,*,#16400,.T.);
#16398=ORIENTED_EDGE('',*,*,#16401,.T.);
#16399=ORIENTED_EDGE('',*,*,#16402,.T.);
#16400=EDGE_CURVE('',#741,#737,#16403,.F.);
#16401=EDGE_CURVE('',#737,#291,#16404,.T.);
#16402=EDGE_CURVE('',#291,#741,#16405,.T.);
#16403=LINE('',#740,#16406);
#16404=LINE('',#736,#16407);
#16405=LINE('',#290,#16408);
#16406=VECTOR('',#16409,1.0);
#16407=VECTOR('',#16410,1.0);
#16408=VECTOR('',#16411,1.0);
#16409=DIRECTION('',(-0.2098808059051543,0,-0.9777269799451189));
#16410=DIRECTION('',(-0.9082724460509104,0,-0.4183792104594777));
#16411=DIRECTION('',(0.5190754924916198,0,0.8547283972669811));
#16412=FACE_SURFACE('',(#16417),#16413,.T.);
#16413=PLANE('',#16414);
#16414=AXIS2_PLACEMENT_3D('',#742,#16415,#16416);
#16415=DIRECTION('',(0,1,0));
#16416=DIRECTION('',(0.8991158153703952,0,-0.43771080698427967));
#16417=FACE_BOUND('',#16418,.T.);
#16418=EDGE_LOOP('',(#16419,#16420,#16421));
#16419=ORIENTED_EDGE('',*,*,#16422,.T.);
#16420=ORIENTED_EDGE('',*,*,#16423,.T.);
#16421=ORIENTED_EDGE('',*,*,#16424,.T.);
#16422=EDGE_CURVE('',#743,#311,#16425,.F.);
#16423=EDGE_CURVE('',#311,#739,#16426,.T.);
#16424=EDGE_CURVE('',#739,#743,#16427,.T.);
#16425=LINE('',#742,#16428);
#16426=LINE('',#310,#16429);
#16427=LINE('',#738,#16430);
#16428=VECTOR('',#16431,1.0);
#16429=VECTOR('',#16432,1.0);
#16430=VECTOR('',#16433,1.0);
#16431=DIRECTION('',(0.8991158153703952,0,-0.43771080698427967));
#16432=DIRECTION('',(-0.3822681309838024,0,-0.9240514466382002));
#16433=DIRECTION('',(-0.20988128077684687,0,0.9777268780081023));
#16434=FACE_SURFACE('',(#16439),#16435,.T.);
#16435=PLANE('',#16436);
#16436=AXIS2_PLACEMENT_3D('',#742,#16437,#16438);
#16437=DIRECTION('',(-0,1,0));
#16438=DIRECTION('',(0.41939848173057515,0,0.9078022436203209));
#16439=FACE_BOUND('',#16440,.T.);
#16440=EDGE_LOOP('',(#16441,#16442,#16443));
#16441=ORIENTED_EDGE('',*,*,#16444,.T.);
#16442=ORIENTED_EDGE('',*,*,#16445,.T.);
#16443=ORIENTED_EDGE('',*,*,#16446,.T.);
#16444=EDGE_CURVE('',#743,#323,#16447,.F.);
#16445=EDGE_CURVE('',#323,#311,#16448,.T.);
#16446=EDGE_CURVE('',#311,#743,#16449,.T.);
#16447=LINE('',#742,#16450);
#16448=LINE('',#322,#16451);
#16449=LINE('',#310,#16452);
#16450=VECTOR('',#16453,1.0);
#16451=VECTOR('',#16454,1.0);
#16452=VECTOR('',#16455,1.0);
#16453=DIRECTION('',(0.41939848173057515,0,0.9078022436203209));
#16454=DIRECTION('',(0.17024392437954117,0,-0.9854019515973433));
#16455=DIRECTION('',(-0.8991158153703952,0,0.43771080698427967));
#16456=FACE_SURFACE('',(#16461),#16457,.T.);
#16457=PLANE('',#16458);
#16458=AXIS2_PLACEMENT_3D('',#314,#16459,#16460);
#16459=DIRECTION('',(-0,1,0));
#16460=DIRECTION('',(0.8907061540696116,0,0.4545795278084146));
#16461=FACE_BOUND('',#16462,.T.);
#16462=EDGE_LOOP('',(#16463,#16464,#16465));
#16463=ORIENTED_EDGE('',*,*,#16466,.T.);
#16464=ORIENTED_EDGE('',*,*,#16467,.T.);
#16465=ORIENTED_EDGE('',*,*,#16468,.T.);
#16466=EDGE_CURVE('',#315,#745,#16469,.F.);
#16467=EDGE_CURVE('',#745,#303,#16470,.T.);
#16468=EDGE_CURVE('',#303,#315,#16471,.T.);
#16469=LINE('',#314,#16472);
#16470=LINE('',#744,#16473);
#16471=LINE('',#302,#16474);
#16472=VECTOR('',#16475,1.0);
#16473=VECTOR('',#16476,1.0);
#16474=VECTOR('',#16477,1.0);
#16475=DIRECTION('',(0.8907061540696116,0,0.4545795278084146));
#16476=DIRECTION('',(-0.47158670841831624,0,-0.8818196961075307));
#16477=DIRECTION('',(0.1702458510717029,0,0.9854016187285626));
#16478=FACE_SURFACE('',(#16483),#16479,.T.);
#16479=PLANE('',#16480);
#16480=AXIS2_PLACEMENT_3D('',#744,#16481,#16482);
#16481=DIRECTION('',(0,1,0));
#16482=DIRECTION('',(-0.15046395047488584,0,-0.9886154963419758));
#16483=FACE_BOUND('',#16484,.T.);
#16484=EDGE_LOOP('',(#16485,#16486,#16487));
#16485=ORIENTED_EDGE('',*,*,#16488,.T.);
#16486=ORIENTED_EDGE('',*,*,#16489,.T.);
#16487=ORIENTED_EDGE('',*,*,#16490,.T.);
#16488=EDGE_CURVE('',#745,#741,#16491,.F.);
#16489=EDGE_CURVE('',#741,#303,#16492,.T.);
#16490=EDGE_CURVE('',#303,#745,#16493,.T.);
#16491=LINE('',#744,#16494);
#16492=LINE('',#740,#16495);
#16493=LINE('',#302,#16496);
#16494=VECTOR('',#16497,1.0);
#16495=VECTOR('',#16498,1.0);
#16496=VECTOR('',#16499,1.0);
#16497=DIRECTION('',(-0.15046395047488584,0,-0.9886154963419758));
#16498=DIRECTION('',(-0.8991161652603414,0,-0.437710088263383));
#16499=DIRECTION('',(0.47158670841831624,0,0.8818196961075307));
#16500=FACE_SURFACE('',(#16505),#16501,.T.);
#16501=PLANE('',#16502);
#16502=AXIS2_PLACEMENT_3D('',#746,#16503,#16504);
#16503=DIRECTION('',(0,1,0));
#16504=DIRECTION('',(0.8907065600688203,0,-0.454578732289984));
#16505=FACE_BOUND('',#16506,.T.);
#16506=EDGE_LOOP('',(#16507,#16508,#16509));
#16507=ORIENTED_EDGE('',*,*,#16510,.T.);
#16508=ORIENTED_EDGE('',*,*,#16511,.T.);
#16509=ORIENTED_EDGE('',*,*,#16512,.T.);
#16510=EDGE_CURVE('',#747,#323,#16513,.F.);
#16511=EDGE_CURVE('',#323,#743,#16514,.T.);
#16512=EDGE_CURVE('',#743,#747,#16515,.T.);
#16513=LINE('',#746,#16516);
#16514=LINE('',#322,#16517);
#16515=LINE('',#742,#16518);
#16516=VECTOR('',#16519,1.0);
#16517=VECTOR('',#16520,1.0);
#16518=VECTOR('',#16521,1.0);
#16519=DIRECTION('',(0.8907065600688203,0,-0.454578732289984));
#16520=DIRECTION('',(-0.41939848173057515,0,-0.9078022436203209));
#16521=DIRECTION('',(-0.15046408288598512,0,0.9886154761894431));
#16522=FACE_SURFACE('',(#16527),#16523,.T.);
#16523=PLANE('',#16524);
#16524=AXIS2_PLACEMENT_3D('',#746,#16525,#16526);
#16525=DIRECTION('',(-0,1,0));
#16526=DIRECTION('',(0.45691214490884835,0,0.8895118278217526));
#16527=FACE_BOUND('',#16528,.T.);
#16528=EDGE_LOOP('',(#16529,#16530,#16531));
#16529=ORIENTED_EDGE('',*,*,#16532,.T.);
#16530=ORIENTED_EDGE('',*,*,#16533,.T.);
#16531=ORIENTED_EDGE('',*,*,#16534,.T.);
#16532=EDGE_CURVE('',#747,#335,#16535,.F.);
#16533=EDGE_CURVE('',#335,#323,#16536,.T.);
#16534=EDGE_CURVE('',#323,#747,#16537,.T.);
#16535=LINE('',#746,#16538);
#16536=LINE('',#334,#16539);
#16537=LINE('',#322,#16540);
#16538=VECTOR('',#16541,1.0);
#16539=VECTOR('',#16542,1.0);
#16540=VECTOR('',#16543,1.0);
#16541=DIRECTION('',(0.45691214490884835,0,0.8895118278217526));
#16542=DIRECTION('',(0.10865181533835525,0,-0.9940798675275946));
#16543=DIRECTION('',(-0.8907065600688203,0,0.454578732289984));
#16544=FACE_SURFACE('',(#16549),#16545,.T.);
#16545=PLANE('',#16546);
#16546=AXIS2_PLACEMENT_3D('',#326,#16547,#16548);
#16547=DIRECTION('',(-0,1,0));
#16548=DIRECTION('',(0.8832190334186538,0,0.46896070091961733));
#16549=FACE_BOUND('',#16550,.T.);
#16550=EDGE_LOOP('',(#16551,#16552,#16553));
#16551=ORIENTED_EDGE('',*,*,#16554,.T.);
#16552=ORIENTED_EDGE('',*,*,#16555,.T.);
#16553=ORIENTED_EDGE('',*,*,#16556,.T.);
#16554=EDGE_CURVE('',#327,#749,#16557,.F.);
#16555=EDGE_CURVE('',#749,#315,#16558,.T.);
#16556=EDGE_CURVE('',#315,#327,#16559,.T.);
#16557=LINE('',#326,#16560);
#16558=LINE('',#748,#16561);
#16559=LINE('',#314,#16562);
#16560=VECTOR('',#16563,1.0);
#16561=VECTOR('',#16564,1.0);
#16562=VECTOR('',#16565,1.0);
#16563=DIRECTION('',(0.8832190334186538,0,0.46896070091961733));
#16564=DIRECTION('',(-0.42292859277696276,0,-0.9061630126040777));
#16565=DIRECTION('',(0.10865047844527734,0,0.9940800136475999));
#16566=FACE_SURFACE('',(#16571),#16567,.T.);
#16567=PLANE('',#16568);
#16568=AXIS2_PLACEMENT_3D('',#748,#16569,#16570);
#16569=DIRECTION('',(0,1,0));
#16570=DIRECTION('',(-0.0905008266875066,0,-0.9958963803372708));
#16571=FACE_BOUND('',#16572,.T.);
#16572=EDGE_LOOP('',(#16573,#16574,#16575));
#16573=ORIENTED_EDGE('',*,*,#16576,.T.);
#16574=ORIENTED_EDGE('',*,*,#16577,.T.);
#16575=ORIENTED_EDGE('',*,*,#16578,.T.);
#16576=EDGE_CURVE('',#749,#745,#16579,.F.);
#16577=EDGE_CURVE('',#745,#315,#16580,.T.);
#16578=EDGE_CURVE('',#315,#749,#16581,.T.);
#16579=LINE('',#748,#16582);
#16580=LINE('',#744,#16583);
#16581=LINE('',#314,#16584);
#16582=VECTOR('',#16585,1.0);
#16583=VECTOR('',#16586,1.0);
#16584=VECTOR('',#16587,1.0);
#16585=DIRECTION('',(-0.0905008266875066,0,-0.9958963803372708));
#16586=DIRECTION('',(-0.8907061540696116,0,-0.4545795278084146));
#16587=DIRECTION('',(0.42292859277696276,0,0.9061630126040777));
#16588=FACE_SURFACE('',(#16593),#16589,.T.);
#16589=PLANE('',#16590);
#16590=AXIS2_PLACEMENT_3D('',#750,#16591,#16592);
#16591=DIRECTION('',(0,1,0));
#16592=DIRECTION('',(0.883218338037851,0,-0.4689620105655215));
#16593=FACE_BOUND('',#16594,.T.);
#16594=EDGE_LOOP('',(#16595,#16596,#16597));
#16595=ORIENTED_EDGE('',*,*,#16598,.T.);
#16596=ORIENTED_EDGE('',*,*,#16599,.T.);
#16597=ORIENTED_EDGE('',*,*,#16600,.T.);
#16598=EDGE_CURVE('',#751,#335,#16601,.F.);
#16599=EDGE_CURVE('',#335,#747,#16602,.T.);
#16600=EDGE_CURVE('',#747,#751,#16603,.T.);
#16601=LINE('',#750,#16604);
#16602=LINE('',#334,#16605);
#16603=LINE('',#746,#16606);
#16604=VECTOR('',#16607,1.0);
#16605=VECTOR('',#16608,1.0);
#16606=VECTOR('',#16609,1.0);
#16607=DIRECTION('',(0.883218338037851,0,-0.4689620105655215));
#16608=DIRECTION('',(-0.45691214490884835,0,-0.8895118278217526));
#16609=DIRECTION('',(-0.09049941581802366,0,0.9958965085472468));
#16610=FACE_SURFACE('',(#16615),#16611,.T.);
#16611=PLANE('',#16612);
#16612=AXIS2_PLACEMENT_3D('',#750,#16613,#16614);
#16613=DIRECTION('',(-0,1,0));
#16614=DIRECTION('',(0.49460200427542445,0,0.8691195874945709));
#16615=FACE_BOUND('',#16616,.T.);
#16616=EDGE_LOOP('',(#16617,#16618,#16619));
#16617=ORIENTED_EDGE('',*,*,#16620,.T.);
#16618=ORIENTED_EDGE('',*,*,#16621,.T.);
#16619=ORIENTED_EDGE('',*,*,#16622,.T.);
#16620=EDGE_CURVE('',#751,#347,#16623,.F.);
#16621=EDGE_CURVE('',#347,#335,#16624,.T.);
#16622=EDGE_CURVE('',#335,#751,#16625,.T.);
#16623=LINE('',#750,#16626);
#16624=LINE('',#346,#16627);
#16625=LINE('',#334,#16628);
#16626=VECTOR('',#16629,1.0);
#16627=VECTOR('',#16630,1.0);
#16628=VECTOR('',#16631,1.0);
#16629=DIRECTION('',(0.49460200427542445,0,0.8691195874945709));
#16630=DIRECTION('',(0.04663993210955081,0,-0.9989117662400501));
#16631=DIRECTION('',(-0.883218338037851,0,0.4689620105655215));
#16632=FACE_SURFACE('',(#16637),#16633,.T.);
#16633=PLANE('',#16634);
#16634=AXIS2_PLACEMENT_3D('',#338,#16635,#16636);
#16635=DIRECTION('',(-0,1,0));
#16636=DIRECTION('',(0.8767918746450636,0,0.4808700537113899));
#16637=FACE_BOUND('',#16638,.T.);
#16638=EDGE_LOOP('',(#16639,#16640,#16641));
#16639=ORIENTED_EDGE('',*,*,#16642,.T.);
#16640=ORIENTED_EDGE('',*,*,#16643,.T.);
#16641=ORIENTED_EDGE('',*,*,#16644,.T.);
#16642=EDGE_CURVE('',#339,#753,#16645,.F.);
#16643=EDGE_CURVE('',#753,#327,#16646,.T.);
#16644=EDGE_CURVE('',#327,#339,#16647,.T.);
#16645=LINE('',#338,#16648);
#16646=LINE('',#752,#16649);
#16647=LINE('',#326,#16650);
#16648=VECTOR('',#16651,1.0);
#16649=VECTOR('',#16652,1.0);
#16650=VECTOR('',#16653,1.0);
#16651=DIRECTION('',(0.8767918746450636,0,0.4808700537113899));
#16652=DIRECTION('',(-0.37328052670972894,0,-0.9277185178594353));
#16653=DIRECTION('',(0.046639482136347866,0,0.9989117872495314));
#16654=FACE_SURFACE('',(#16659),#16655,.T.);
#16655=PLANE('',#16656);
#16656=AXIS2_PLACEMENT_3D('',#752,#16657,#16658);
#16657=DIRECTION('',(0,1,0));
#16658=DIRECTION('',(-0.030199743640458424,0,-0.9995438837209953));
#16659=FACE_BOUND('',#16660,.T.);
#16660=EDGE_LOOP('',(#16661,#16662,#16663));
#16661=ORIENTED_EDGE('',*,*,#16664,.T.);
#16662=ORIENTED_EDGE('',*,*,#16665,.T.);
#16663=ORIENTED_EDGE('',*,*,#16666,.T.);
#16664=EDGE_CURVE('',#753,#749,#16667,.F.);
#16665=EDGE_CURVE('',#749,#327,#16668,.T.);
#16666=EDGE_CURVE('',#327,#753,#16669,.T.);
#16667=LINE('',#752,#16670);
#16668=LINE('',#748,#16671);
#16669=LINE('',#326,#16672);
#16670=VECTOR('',#16673,1.0);
#16671=VECTOR('',#16674,1.0);
#16672=VECTOR('',#16675,1.0);
#16673=DIRECTION('',(-0.030199743640458424,0,-0.9995438837209953));
#16674=DIRECTION('',(-0.8832190334186538,0,-0.46896070091961733));
#16675=DIRECTION('',(0.37328052670972894,0,0.9277185178594353));
#16676=FACE_SURFACE('',(#16681),#16677,.T.);
#16677=PLANE('',#16678);
#16678=AXIS2_PLACEMENT_3D('',#756,#16679,#16680);
#16679=DIRECTION('',(0,1,0));
#16680=DIRECTION('',(0.8767918345348499,0,-0.48087012684612923));
#16681=FACE_BOUND('',#16682,.T.);
#16682=EDGE_LOOP('',(#16683,#16684,#16685));
#16683=ORIENTED_EDGE('',*,*,#16686,.T.);
#16684=ORIENTED_EDGE('',*,*,#16687,.T.);
#16685=ORIENTED_EDGE('',*,*,#16688,.T.);
#16686=EDGE_CURVE('',#757,#347,#16689,.F.);
#16687=EDGE_CURVE('',#347,#751,#16690,.T.);
#16688=EDGE_CURVE('',#751,#757,#16691,.T.);
#16689=LINE('',#756,#16692);
#16690=LINE('',#346,#16693);
#16691=LINE('',#750,#16694);
#16692=VECTOR('',#16695,1.0);
#16693=VECTOR('',#16696,1.0);
#16694=VECTOR('',#16697,1.0);
#16695=DIRECTION('',(0.8767918345348499,0,-0.48087012684612923));
#16696=DIRECTION('',(-0.49460200427542445,0,-0.8691195874945709));
#16697=DIRECTION('',(-0.03020179652082617,0,0.9995438216941339));
#16698=FACE_SURFACE('',(#16703),#16699,.T.);
#16699=PLANE('',#16700);
#16700=AXIS2_PLACEMENT_3D('',#756,#16701,#16702);
#16701=DIRECTION('',(-0,1,0));
#16702=DIRECTION('',(0.5322582585780063,0,0.8465820374751096));
#16703=FACE_BOUND('',#16704,.T.);
#16704=EDGE_LOOP('',(#16705,#16706,#16707));
#16705=ORIENTED_EDGE('',*,*,#16708,.T.);
#16706=ORIENTED_EDGE('',*,*,#16709,.T.);
#16707=ORIENTED_EDGE('',*,*,#16710,.T.);
#16708=EDGE_CURVE('',#757,#359,#16711,.F.);
#16709=EDGE_CURVE('',#359,#347,#16712,.T.);
#16710=EDGE_CURVE('',#347,#757,#16713,.T.);
#16711=LINE('',#756,#16714);
#16712=LINE('',#358,#16715);
#16713=LINE('',#346,#16716);
#16714=VECTOR('',#16717,1.0);
#16715=VECTOR('',#16718,1.0);
#16716=VECTOR('',#16719,1.0);
#16717=DIRECTION('',(0.5322582585780063,0,0.8465820374751096));
#16718=DIRECTION('',(-0.01555091268608087,0,-0.9998790772461588));
#16719=DIRECTION('',(-0.8767918345348499,0,0.48087012684612923));
#16720=FACE_SURFACE('',(#16725),#16721,.T.);
#16721=PLANE('',#16722);
#16722=AXIS2_PLACEMENT_3D('',#350,#16723,#16724);
#16723=DIRECTION('',(-0,1,0));
#16724=DIRECTION('',(0.8715260592931571,0,0.4903491898361214));
#16725=FACE_BOUND('',#16726,.T.);
#16726=EDGE_LOOP('',(#16727,#16728,#16729));
#16727=ORIENTED_EDGE('',*,*,#16730,.T.);
#16728=ORIENTED_EDGE('',*,*,#16731,.T.);
#16729=ORIENTED_EDGE('',*,*,#16732,.T.);
#16730=EDGE_CURVE('',#351,#755,#16733,.F.);
#16731=EDGE_CURVE('',#755,#339,#16734,.T.);
#16732=EDGE_CURVE('',#339,#351,#16735,.T.);
#16733=LINE('',#350,#16736);
#16734=LINE('',#754,#16737);
#16735=LINE('',#338,#16738);
#16736=VECTOR('',#16739,1.0);
#16737=VECTOR('',#16740,1.0);
#16738=VECTOR('',#16741,1.0);
#16739=DIRECTION('',(0.8715260592931571,0,0.4903491898361214));
#16740=DIRECTION('',(-0.32282627326349844,0,-0.9464582385350139));
#16741=DIRECTION('',(-0.015550371670936933,0,0.9998790856603091));
#16742=FACE_SURFACE('',(#16747),#16743,.T.);
#16743=PLANE('',#16744);
#16744=AXIS2_PLACEMENT_3D('',#754,#16745,#16746);
#16745=DIRECTION('',(0,1,0));
#16746=DIRECTION('',(0.03019970001871421,0,-0.999543885038961));
#16747=FACE_BOUND('',#16748,.T.);
#16748=EDGE_LOOP('',(#16749,#16750,#16751));
#16749=ORIENTED_EDGE('',*,*,#16752,.T.);
#16750=ORIENTED_EDGE('',*,*,#16753,.T.);
#16751=ORIENTED_EDGE('',*,*,#16754,.T.);
#16752=EDGE_CURVE('',#755,#753,#16755,.F.);
#16753=EDGE_CURVE('',#753,#339,#16756,.T.);
#16754=EDGE_CURVE('',#339,#755,#16757,.T.);
#16755=LINE('',#754,#16758);
#16756=LINE('',#752,#16759);
#16757=LINE('',#338,#16760);
#16758=VECTOR('',#16761,1.0);
#16759=VECTOR('',#16762,1.0);
#16760=VECTOR('',#16763,1.0);
#16761=DIRECTION('',(0.03019970001871421,0,-0.999543885038961));
#16762=DIRECTION('',(-0.8767918746450636,0,-0.4808700537113899));
#16763=DIRECTION('',(0.32282627326349844,0,0.9464582385350139));
#16764=FACE_SURFACE('',(#16769),#16765,.T.);
#16765=PLANE('',#16766);
#16766=AXIS2_PLACEMENT_3D('',#758,#16767,#16768);
#16767=DIRECTION('',(0,1,0));
#16768=DIRECTION('',(0.8715252990774635,0,-0.490350541009121));
#16769=FACE_BOUND('',#16770,.T.);
#16770=EDGE_LOOP('',(#16771,#16772,#16773));
#16771=ORIENTED_EDGE('',*,*,#16774,.T.);
#16772=ORIENTED_EDGE('',*,*,#16775,.T.);
#16773=ORIENTED_EDGE('',*,*,#16776,.T.);
#16774=EDGE_CURVE('',#759,#359,#16777,.F.);
#16775=EDGE_CURVE('',#359,#757,#16778,.T.);
#16776=EDGE_CURVE('',#757,#759,#16779,.T.);
#16777=LINE('',#758,#16780);
#16778=LINE('',#358,#16781);
#16779=LINE('',#756,#16782);
#16780=VECTOR('',#16783,1.0);
#16781=VECTOR('',#16784,1.0);
#16782=VECTOR('',#16785,1.0);
#16783=DIRECTION('',(0.8715252990774635,0,-0.490350541009121));
#16784=DIRECTION('',(-0.5322582585780063,0,-0.8465820374751096));
#16785=DIRECTION('',(0.030201752896122105,0,0.9995438230122787));
#16786=FACE_SURFACE('',(#16791),#16787,.T.);
#16787=PLANE('',#16788);
#16788=AXIS2_PLACEMENT_3D('',#758,#16789,#16790);
#16789=DIRECTION('',(-0,1,0));
#16790=DIRECTION('',(0.5696816774040901,0,0.8218654308523154));
#16791=FACE_BOUND('',#16792,.T.);
#16792=EDGE_LOOP('',(#16793,#16794,#16795));
#16793=ORIENTED_EDGE('',*,*,#16796,.T.);
#16794=ORIENTED_EDGE('',*,*,#16797,.T.);
#16795=ORIENTED_EDGE('',*,*,#16798,.T.);
#16796=EDGE_CURVE('',#759,#371,#16799,.F.);
#16797=EDGE_CURVE('',#371,#359,#16800,.T.);
#16798=EDGE_CURVE('',#359,#759,#16801,.T.);
#16799=LINE('',#758,#16802);
#16800=LINE('',#370,#16803);
#16801=LINE('',#358,#16804);
#16802=VECTOR('',#16805,1.0);
#16803=VECTOR('',#16806,1.0);
#16804=VECTOR('',#16807,1.0);
#16805=DIRECTION('',(0.5696816774040901,0,0.8218654308523154));
#16806=DIRECTION('',(-0.07768388316192143,0,-0.9969780410304356));
#16807=DIRECTION('',(-0.8715252990774635,0,0.490350541009121));
#16808=FACE_SURFACE('',(#16813),#16809,.T.);
#16809=PLANE('',#16810);
#16810=AXIS2_PLACEMENT_3D('',#362,#16811,#16812);
#16811=DIRECTION('',(-0,1,0));
#16812=DIRECTION('',(0.8674778610715599,0,0.4974757889090799));
#16813=FACE_BOUND('',#16814,.T.);
#16814=EDGE_LOOP('',(#16815,#16816,#16817));
#16815=ORIENTED_EDGE('',*,*,#16818,.T.);
#16816=ORIENTED_EDGE('',*,*,#16819,.T.);
#16817=ORIENTED_EDGE('',*,*,#16820,.T.);
#16818=EDGE_CURVE('',#363,#761,#16821,.F.);
#16819=EDGE_CURVE('',#761,#351,#16822,.T.);
#16820=EDGE_CURVE('',#351,#363,#16823,.T.);
#16821=LINE('',#362,#16824);
#16822=LINE('',#760,#16825);
#16823=LINE('',#350,#16826);
#16824=VECTOR('',#16827,1.0);
#16825=VECTOR('',#16828,1.0);
#16826=VECTOR('',#16829,1.0);
#16827=DIRECTION('',(0.8674778610715599,0,0.4974757889090799));
#16828=DIRECTION('',(-0.27173759341542225,0,-0.9623713837832018));
#16829=DIRECTION('',(-0.07768244881699252,0,0.9969781527926254));
#16830=FACE_SURFACE('',(#16835),#16831,.T.);
#16831=PLANE('',#16832);
#16832=AXIS2_PLACEMENT_3D('',#760,#16833,#16834);
#16833=DIRECTION('',(0,1,0));
#16834=DIRECTION('',(0.09050095693374677,0,-0.9958963685012996));
#16835=FACE_BOUND('',#16836,.T.);
#16836=EDGE_LOOP('',(#16837,#16838,#16839));
#16837=ORIENTED_EDGE('',*,*,#16840,.T.);
#16838=ORIENTED_EDGE('',*,*,#16841,.T.);
#16839=ORIENTED_EDGE('',*,*,#16842,.T.);
#16840=EDGE_CURVE('',#761,#755,#16843,.F.);
#16841=EDGE_CURVE('',#755,#351,#16844,.T.);
#16842=EDGE_CURVE('',#351,#761,#16845,.T.);
#16843=LINE('',#760,#16846);
#16844=LINE('',#754,#16847);
#16845=LINE('',#350,#16848);
#16846=VECTOR('',#16849,1.0);
#16847=VECTOR('',#16850,1.0);
#16848=VECTOR('',#16851,1.0);
#16849=DIRECTION('',(0.09050095693374677,0,-0.9958963685012996));
#16850=DIRECTION('',(-0.8715260592931571,0,-0.4903491898361214));
#16851=DIRECTION('',(0.27173759341542225,0,0.9623713837832018));
#16852=FACE_SURFACE('',(#16857),#16853,.T.);
#16853=PLANE('',#16854);
#16854=AXIS2_PLACEMENT_3D('',#762,#16855,#16856);
#16855=DIRECTION('',(0,1,0));
#16856=DIRECTION('',(0.8674784935512865,0,-0.4974746860152693));
#16857=FACE_BOUND('',#16858,.T.);
#16858=EDGE_LOOP('',(#16859,#16860,#16861));
#16859=ORIENTED_EDGE('',*,*,#16862,.T.);
#16860=ORIENTED_EDGE('',*,*,#16863,.T.);
#16861=ORIENTED_EDGE('',*,*,#16864,.T.);
#16862=EDGE_CURVE('',#763,#371,#16865,.F.);
#16863=EDGE_CURVE('',#371,#759,#16866,.T.);
#16864=EDGE_CURVE('',#759,#763,#16867,.T.);
#16865=LINE('',#762,#16868);
#16866=LINE('',#370,#16869);
#16867=LINE('',#758,#16870);
#16868=VECTOR('',#16871,1.0);
#16869=VECTOR('',#16872,1.0);
#16870=VECTOR('',#16873,1.0);
#16871=DIRECTION('',(0.8674784935512865,0,-0.4974746860152693));
#16872=DIRECTION('',(-0.5696816774040901,0,-0.8218654308523154));
#16873=DIRECTION('',(0.09049954606226687,0,0.995896496711643));
#16874=FACE_SURFACE('',(#16879),#16875,.T.);
#16875=PLANE('',#16876);
#16876=AXIS2_PLACEMENT_3D('',#762,#16877,#16878);
#16877=DIRECTION('',(-0,1,0));
#16878=DIRECTION('',(0.606666451288655,0,0.7949564874135124));
#16879=FACE_BOUND('',#16880,.T.);
#16880=EDGE_LOOP('',(#16881,#16882,#16883));
#16881=ORIENTED_EDGE('',*,*,#16884,.T.);
#16882=ORIENTED_EDGE('',*,*,#16885,.T.);
#16883=ORIENTED_EDGE('',*,*,#16886,.T.);
#16884=EDGE_CURVE('',#763,#383,#16887,.F.);
#16885=EDGE_CURVE('',#383,#371,#16888,.T.);
#16886=EDGE_CURVE('',#371,#763,#16889,.T.);
#16887=LINE('',#762,#16890);
#16888=LINE('',#382,#16891);
#16889=LINE('',#370,#16892);
#16890=VECTOR('',#16893,1.0);
#16891=VECTOR('',#16894,1.0);
#16892=VECTOR('',#16895,1.0);
#16893=DIRECTION('',(0.606666451288655,0,0.7949564874135124));
#16894=DIRECTION('',(-0.13951544290062895,0,-0.9902198953728618));
#16895=DIRECTION('',(-0.8674784935512865,0,0.4974746860152693));
#16896=FACE_SURFACE('',(#16901),#16897,.T.);
#16897=PLANE('',#16898);
#16898=AXIS2_PLACEMENT_3D('',#374,#16899,#16900);
#16899=DIRECTION('',(-0,1,0));
#16900=DIRECTION('',(0.8646502971972012,0,0.5023742266048207));
#16901=FACE_BOUND('',#16902,.T.);
#16902=EDGE_LOOP('',(#16903,#16904,#16905));
#16903=ORIENTED_EDGE('',*,*,#16906,.T.);
#16904=ORIENTED_EDGE('',*,*,#16907,.T.);
#16905=ORIENTED_EDGE('',*,*,#16908,.T.);
#16906=EDGE_CURVE('',#375,#765,#16909,.F.);
#16907=EDGE_CURVE('',#765,#363,#16910,.T.);
#16908=EDGE_CURVE('',#363,#375,#16911,.T.);
#16909=LINE('',#374,#16912);
#16910=LINE('',#764,#16913);
#16911=LINE('',#362,#16914);
#16912=VECTOR('',#16915,1.0);
#16913=VECTOR('',#16916,1.0);
#16914=VECTOR('',#16917,1.0);
#16915=DIRECTION('',(0.8646502971972012,0,0.5023742266048207));
#16916=DIRECTION('',(-0.2202023890033786,0,-0.9754542059354733));
#16917=DIRECTION('',(-0.1395173884786275,0,0.9902196212518231));
#16918=FACE_SURFACE('',(#16923),#16919,.T.);
#16919=PLANE('',#16920);
#16920=AXIS2_PLACEMENT_3D('',#764,#16921,#16922);
#16921=DIRECTION('',(0,1,0));
#16922=DIRECTION('',(0.15046395047488584,0,-0.9886154963419758));
#16923=FACE_BOUND('',#16924,.T.);
#16924=EDGE_LOOP('',(#16925,#16926,#16927));
#16925=ORIENTED_EDGE('',*,*,#16928,.T.);
#16926=ORIENTED_EDGE('',*,*,#16929,.T.);
#16927=ORIENTED_EDGE('',*,*,#16930,.T.);
#16928=EDGE_CURVE('',#765,#761,#16931,.F.);
#16929=EDGE_CURVE('',#761,#363,#16932,.T.);
#16930=EDGE_CURVE('',#363,#765,#16933,.T.);
#16931=LINE('',#764,#16934);
#16932=LINE('',#760,#16935);
#16933=LINE('',#362,#16936);
#16934=VECTOR('',#16937,1.0);
#16935=VECTOR('',#16938,1.0);
#16936=VECTOR('',#16939,1.0);
#16937=DIRECTION('',(0.15046395047488584,0,-0.9886154963419758));
#16938=DIRECTION('',(-0.8674778610715599,0,-0.4974757889090799));
#16939=DIRECTION('',(0.2202023890033786,0,0.9754542059354733));
#16940=FACE_SURFACE('',(#16945),#16941,.T.);
#16941=PLANE('',#16942);
#16942=AXIS2_PLACEMENT_3D('',#766,#16943,#16944);
#16943=DIRECTION('',(0,1,0));
#16944=DIRECTION('',(0.8646498497392283,0,-0.5023749967364316));
#16945=FACE_BOUND('',#16946,.T.);
#16946=EDGE_LOOP('',(#16947,#16948,#16949));
#16947=ORIENTED_EDGE('',*,*,#16950,.T.);
#16948=ORIENTED_EDGE('',*,*,#16951,.T.);
#16949=ORIENTED_EDGE('',*,*,#16952,.T.);
#16950=EDGE_CURVE('',#767,#383,#16953,.F.);
#16951=EDGE_CURVE('',#383,#763,#16954,.T.);
#16952=EDGE_CURVE('',#763,#767,#16955,.T.);
#16953=LINE('',#766,#16956);
#16954=LINE('',#382,#16957);
#16955=LINE('',#762,#16958);
#16956=VECTOR('',#16959,1.0);
#16957=VECTOR('',#16960,1.0);
#16958=VECTOR('',#16961,1.0);
#16959=DIRECTION('',(0.8646498497392283,0,-0.5023749967364316));
#16960=DIRECTION('',(-0.606666451288655,0,-0.7949564874135124));
#16961=DIRECTION('',(0.15046408288598512,0,0.9886154761894431));
#16962=FACE_SURFACE('',(#16967),#16963,.T.);
#16963=PLANE('',#16964);
#16964=AXIS2_PLACEMENT_3D('',#766,#16965,#16966);
#16965=DIRECTION('',(-0,1,0));
#16966=DIRECTION('',(0.6430174607029626,0,0.7658515164384765));
#16967=FACE_BOUND('',#16968,.T.);
#16968=EDGE_LOOP('',(#16969,#16970,#16971));
#16969=ORIENTED_EDGE('',*,*,#16972,.T.);
#16970=ORIENTED_EDGE('',*,*,#16973,.T.);
#16971=ORIENTED_EDGE('',*,*,#16974,.T.);
#16972=EDGE_CURVE('',#767,#395,#16975,.F.);
#16973=EDGE_CURVE('',#395,#383,#16976,.T.);
#16974=EDGE_CURVE('',#383,#767,#16977,.T.);
#16975=LINE('',#766,#16978);
#16976=LINE('',#394,#16979);
#16977=LINE('',#382,#16980);
#16978=VECTOR('',#16981,1.0);
#16979=VECTOR('',#16982,1.0);
#16980=VECTOR('',#16983,1.0);
#16981=DIRECTION('',(0.6430174607029626,0,0.7658515164384765));
#16982=DIRECTION('',(-0.2008073031190079,0,-0.979630760549132));
#16983=DIRECTION('',(-0.8646498497392283,0,0.5023749967364316));
#16984=FACE_SURFACE('',(#16989),#16985,.T.);
#16985=PLANE('',#16986);
#16986=AXIS2_PLACEMENT_3D('',#386,#16987,#16988);
#16987=DIRECTION('',(-0,1,0));
#16988=DIRECTION('',(0.8629850751332564,0,0.505229413333436));
#16989=FACE_BOUND('',#16990,.T.);
#16990=EDGE_LOOP('',(#16991,#16992,#16993));
#16991=ORIENTED_EDGE('',*,*,#16994,.T.);
#16992=ORIENTED_EDGE('',*,*,#16995,.T.);
#16993=ORIENTED_EDGE('',*,*,#16996,.T.);
#16994=EDGE_CURVE('',#387,#769,#16997,.F.);
#16995=EDGE_CURVE('',#769,#375,#16998,.T.);
#16996=EDGE_CURVE('',#375,#387,#16999,.T.);
#16997=LINE('',#386,#17000);
#16998=LINE('',#768,#17001);
#16999=LINE('',#374,#17002);
#17000=VECTOR('',#17003,1.0);
#17001=VECTOR('',#17004,1.0);
#17002=VECTOR('',#17005,1.0);
#17003=DIRECTION('',(0.8629850751332564,0,0.505229413333436));
#17004=DIRECTION('',(-0.1684006819649342,0,-0.9857186263400652));
#17005=DIRECTION('',(-0.2008068703484161,0,0.9796308492594924));
#17006=FACE_SURFACE('',(#17011),#17007,.T.);
#17007=PLANE('',#17008);
#17008=AXIS2_PLACEMENT_3D('',#768,#17009,#17010);
#17009=DIRECTION('',(0,1,0));
#17010=DIRECTION('',(0.2098805093618196,0,-0.9777270436016502));
#17011=FACE_BOUND('',#17012,.T.);
#17012=EDGE_LOOP('',(#17013,#17014,#17015));
#17013=ORIENTED_EDGE('',*,*,#17016,.T.);
#17014=ORIENTED_EDGE('',*,*,#17017,.T.);
#17015=ORIENTED_EDGE('',*,*,#17018,.T.);
#17016=EDGE_CURVE('',#769,#765,#17019,.F.);
#17017=EDGE_CURVE('',#765,#375,#17020,.T.);
#17018=EDGE_CURVE('',#375,#769,#17021,.T.);
#17019=LINE('',#768,#17022);
#17020=LINE('',#764,#17023);
#17021=LINE('',#374,#17024);
#17022=VECTOR('',#17025,1.0);
#17023=VECTOR('',#17026,1.0);
#17024=VECTOR('',#17027,1.0);
#17025=DIRECTION('',(0.2098805093618196,0,-0.9777270436016502));
#17026=DIRECTION('',(-0.8646502971972012,0,-0.5023742266048207));
#17027=DIRECTION('',(0.1684006819649342,0,0.9857186263400652));
#17028=FACE_SURFACE('',(#17033),#17029,.T.);
#17029=PLANE('',#17030);
#17030=AXIS2_PLACEMENT_3D('',#770,#17031,#17032);
#17031=DIRECTION('',(0,1,0));
#17032=DIRECTION('',(0.8629845894724324,0,-0.5052302428923839));
#17033=FACE_BOUND('',#17034,.T.);
#17034=EDGE_LOOP('',(#17035,#17036,#17037));
#17035=ORIENTED_EDGE('',*,*,#17038,.T.);
#17036=ORIENTED_EDGE('',*,*,#17039,.T.);
#17037=ORIENTED_EDGE('',*,*,#17040,.T.);
#17038=EDGE_CURVE('',#771,#395,#17041,.F.);
#17039=EDGE_CURVE('',#395,#767,#17042,.T.);
#17040=EDGE_CURVE('',#767,#771,#17043,.T.);
#17041=LINE('',#770,#17044);
#17042=LINE('',#394,#17045);
#17043=LINE('',#766,#17046);
#17044=VECTOR('',#17047,1.0);
#17045=VECTOR('',#17048,1.0);
#17046=VECTOR('',#17049,1.0);
#17047=DIRECTION('',(0.8629845894724324,0,-0.5052302428923839));
#17048=DIRECTION('',(-0.6430174607029626,0,-0.7658515164384765));
#17049=DIRECTION('',(0.20988098423290305,0,0.9777269416649149));
#17050=FACE_SURFACE('',(#17055),#17051,.T.);
#17051=PLANE('',#17052);
#17052=AXIS2_PLACEMENT_3D('',#770,#17053,#17054);
#17053=DIRECTION('',(-0,1,0));
#17054=DIRECTION('',(0.6785397109210326,0,0.734563721336142));
#17055=FACE_BOUND('',#17056,.T.);
#17056=EDGE_LOOP('',(#17057,#17058,#17059));
#17057=ORIENTED_EDGE('',*,*,#17060,.T.);
#17058=ORIENTED_EDGE('',*,*,#17061,.T.);
#17059=ORIENTED_EDGE('',*,*,#17062,.T.);
#17060=EDGE_CURVE('',#771,#407,#17063,.F.);
#17061=EDGE_CURVE('',#407,#395,#17064,.T.);
#17062=EDGE_CURVE('',#395,#771,#17065,.T.);
#17063=LINE('',#770,#17066);
#17064=LINE('',#406,#17067);
#17065=LINE('',#394,#17068);
#17066=VECTOR('',#17069,1.0);
#17067=VECTOR('',#17070,1.0);
#17068=VECTOR('',#17071,1.0);
#17069=DIRECTION('',(0.6785397109210326,0,0.734563721336142));
#17070=DIRECTION('',(-0.261322456179931,0,-0.965251559903473));
#17071=DIRECTION('',(-0.8629845894724324,0,0.5052302428923839));
#17072=FACE_SURFACE('',(#17077),#17073,.T.);
#17073=PLANE('',#17074);
#17074=AXIS2_PLACEMENT_3D('',#398,#17075,#17076);
#17075=DIRECTION('',(-0,1,0));
#17076=DIRECTION('',(0.862374324296387,0,0.506271196883992));
#17077=FACE_BOUND('',#17078,.T.);
#17078=EDGE_LOOP('',(#17079,#17080,#17081));
#17079=ORIENTED_EDGE('',*,*,#17082,.T.);
#17080=ORIENTED_EDGE('',*,*,#17083,.T.);
#17081=ORIENTED_EDGE('',*,*,#17084,.T.);
#17082=EDGE_CURVE('',#399,#773,#17085,.F.);
#17083=EDGE_CURVE('',#773,#387,#17086,.T.);
#17084=EDGE_CURVE('',#387,#399,#17087,.T.);
#17085=LINE('',#398,#17088);
#17086=LINE('',#772,#17089);
#17087=LINE('',#386,#17090);
#17088=VECTOR('',#17091,1.0);
#17089=VECTOR('',#17092,1.0);
#17090=VECTOR('',#17093,1.0);
#17091=DIRECTION('',(0.862374324296387,0,0.506271196883992));
#17092=DIRECTION('',(-0.11650706498842596,0,-0.9931898629203697));
#17093=DIRECTION('',(-0.261322624243495,0,0.9652515144036258));
#17094=FACE_SURFACE('',(#17099),#17095,.T.);
#17095=PLANE('',#17096);
#17096=AXIS2_PLACEMENT_3D('',#772,#17097,#17098);
#17097=DIRECTION('',(0,1,0));
#17098=DIRECTION('',(0.2685315057804599,0,-0.9632709018771816));
#17099=FACE_BOUND('',#17100,.T.);
#17100=EDGE_LOOP('',(#17101,#17102,#17103));
#17101=ORIENTED_EDGE('',*,*,#17104,.T.);
#17102=ORIENTED_EDGE('',*,*,#17105,.T.);
#17103=ORIENTED_EDGE('',*,*,#17106,.T.);
#17104=EDGE_CURVE('',#773,#769,#17107,.F.);
#17105=EDGE_CURVE('',#769,#387,#17108,.T.);
#17106=EDGE_CURVE('',#387,#773,#17109,.T.);
#17107=LINE('',#772,#17110);
#17108=LINE('',#768,#17111);
#17109=LINE('',#386,#17112);
#17110=VECTOR('',#17113,1.0);
#17111=VECTOR('',#17114,1.0);
#17112=VECTOR('',#17115,1.0);
#17113=DIRECTION('',(0.2685315057804599,0,-0.9632709018771816));
#17114=DIRECTION('',(-0.8629850751332564,0,-0.505229413333436));
#17115=DIRECTION('',(0.11650706498842596,0,0.9931898629203697));
#17116=FACE_SURFACE('',(#17121),#17117,.T.);
#17117=PLANE('',#17118);
#17118=AXIS2_PLACEMENT_3D('',#774,#17119,#17120);
#17119=DIRECTION('',(0,1,0));
#17120=DIRECTION('',(0.8623735313460219,0,-0.5062725475806404));
#17121=FACE_BOUND('',#17122,.T.);
#17122=EDGE_LOOP('',(#17123,#17124,#17125));
#17123=ORIENTED_EDGE('',*,*,#17126,.T.);
#17124=ORIENTED_EDGE('',*,*,#17127,.T.);
#17125=ORIENTED_EDGE('',*,*,#17128,.T.);
#17126=EDGE_CURVE('',#775,#407,#17129,.F.);
#17127=EDGE_CURVE('',#407,#771,#17130,.T.);
#17128=EDGE_CURVE('',#771,#775,#17131,.T.);
#17129=LINE('',#774,#17132);
#17130=LINE('',#406,#17133);
#17131=LINE('',#770,#17134);
#17132=VECTOR('',#17135,1.0);
#17133=VECTOR('',#17136,1.0);
#17134=VECTOR('',#17137,1.0);
#17135=DIRECTION('',(0.8623735313460219,0,-0.5062725475806404));
#17136=DIRECTION('',(-0.6785397109210326,0,-0.734563721336142));
#17137=DIRECTION('',(0.26853184100433763,0,0.9632708084265925));
#17138=FACE_SURFACE('',(#17143),#17139,.T.);
#17139=PLANE('',#17140);
#17140=AXIS2_PLACEMENT_3D('',#774,#17141,#17142);
#17141=DIRECTION('',(-0,1,0));
#17142=DIRECTION('',(0.7130428409910498,0,0.7011204653348899));
#17143=FACE_BOUND('',#17144,.T.);
#17144=EDGE_LOOP('',(#17145,#17146,#17147));
#17145=ORIENTED_EDGE('',*,*,#17148,.T.);
#17146=ORIENTED_EDGE('',*,*,#17149,.T.);
#17147=ORIENTED_EDGE('',*,*,#17150,.T.);
#17148=EDGE_CURVE('',#775,#419,#17151,.F.);
#17149=EDGE_CURVE('',#419,#407,#17152,.T.);
#17150=EDGE_CURVE('',#407,#775,#17153,.T.);
#17151=LINE('',#774,#17154);
#17152=LINE('',#418,#17155);
#17153=LINE('',#406,#17156);
#17154=VECTOR('',#17157,1.0);
#17155=VECTOR('',#17158,1.0);
#17156=VECTOR('',#17159,1.0);
#17157=DIRECTION('',(0.7130428409910498,0,0.7011204653348899));
#17158=DIRECTION('',(-0.3208257548407865,0,-0.9471382343833658));
#17159=DIRECTION('',(-0.8623735313460219,0,0.5062725475806404));
#17160=FACE_SURFACE('',(#17165),#17161,.T.);
#17161=PLANE('',#17162);
#17162=AXIS2_PLACEMENT_3D('',#410,#17163,#17164);
#17163=DIRECTION('',(-0,1,0));
#17164=DIRECTION('',(0.8626495129500515,0,0.505802152829581));
#17165=FACE_BOUND('',#17166,.T.);
#17166=EDGE_LOOP('',(#17167,#17168,#17169));
#17167=ORIENTED_EDGE('',*,*,#17170,.T.);
#17168=ORIENTED_EDGE('',*,*,#17171,.T.);
#17169=ORIENTED_EDGE('',*,*,#17172,.T.);
#17170=EDGE_CURVE('',#411,#777,#17173,.F.);
#17171=EDGE_CURVE('',#777,#399,#17174,.T.);
#17172=EDGE_CURVE('',#399,#411,#17175,.T.);
#17173=LINE('',#410,#17176);
#17174=LINE('',#776,#17177);
#17175=LINE('',#398,#17178);
#17176=VECTOR('',#17179,1.0);
#17177=VECTOR('',#17180,1.0);
#17178=VECTOR('',#17181,1.0);
#17179=DIRECTION('',(0.8626495129500515,0,0.505802152829581));
#17180=DIRECTION('',(-0.06469767600024835,0,-0.997904910660413));
#17181=DIRECTION('',(-0.3208255121179846,0,0.9471383166012413));
#17182=FACE_SURFACE('',(#17187),#17183,.T.);
#17183=PLANE('',#17184);
#17184=AXIS2_PLACEMENT_3D('',#776,#17185,#17186);
#17185=DIRECTION('',(0,1,0));
#17186=DIRECTION('',(0.32620524688980707,0,-0.9452989669419722));
#17187=FACE_BOUND('',#17188,.T.);
#17188=EDGE_LOOP('',(#17189,#17190,#17191));
#17189=ORIENTED_EDGE('',*,*,#17192,.T.);
#17190=ORIENTED_EDGE('',*,*,#17193,.T.);
#17191=ORIENTED_EDGE('',*,*,#17194,.T.);
#17192=EDGE_CURVE('',#777,#773,#17195,.F.);
#17193=EDGE_CURVE('',#773,#399,#17196,.T.);
#17194=EDGE_CURVE('',#399,#777,#17197,.T.);
#17195=LINE('',#776,#17198);
#17196=LINE('',#772,#17199);
#17197=LINE('',#398,#17200);
#17198=VECTOR('',#17201,1.0);
#17199=VECTOR('',#17202,1.0);
#17200=VECTOR('',#17203,1.0);
#17201=DIRECTION('',(0.32620524688980707,0,-0.9452989669419722));
#17202=DIRECTION('',(-0.862374324296387,0,-0.506271196883992));
#17203=DIRECTION('',(0.06469767600024835,0,0.997904910660413));
#17204=FACE_SURFACE('',(#17209),#17205,.T.);
#17205=PLANE('',#17206);
#17206=AXIS2_PLACEMENT_3D('',#778,#17207,#17208);
#17207=DIRECTION('',(0,1,0));
#17208=DIRECTION('',(0.8626500640008085,0,-0.5058012130070478));
#17209=FACE_BOUND('',#17210,.T.);
#17210=EDGE_LOOP('',(#17211,#17212,#17213));
#17211=ORIENTED_EDGE('',*,*,#17214,.T.);
#17212=ORIENTED_EDGE('',*,*,#17215,.T.);
#17213=ORIENTED_EDGE('',*,*,#17216,.T.);
#17214=EDGE_CURVE('',#779,#419,#17217,.F.);
#17215=EDGE_CURVE('',#419,#775,#17218,.T.);
#17216=EDGE_CURVE('',#775,#779,#17219,.T.);
#17217=LINE('',#778,#17220);
#17218=LINE('',#418,#17221);
#17219=LINE('',#774,#17222);
#17220=VECTOR('',#17223,1.0);
#17221=VECTOR('',#17224,1.0);
#17222=VECTOR('',#17225,1.0);
#17223=DIRECTION('',(0.8626500640008085,0,-0.5058012130070478));
#17224=DIRECTION('',(-0.7130428409910498,0,-0.7011204653348899));
#17225=DIRECTION('',(0.32620330989748614,0,0.945299635360093));
#17226=FACE_SURFACE('',(#17231),#17227,.T.);
#17227=PLANE('',#17228);
#17228=AXIS2_PLACEMENT_3D('',#778,#17229,#17230);
#17229=DIRECTION('',(-0,1,0));
#17230=DIRECTION('',(0.7463430694646588,0,0.6655614341757428));
#17231=FACE_BOUND('',#17232,.T.);
#17232=EDGE_LOOP('',(#17233,#17234,#17235));
#17233=ORIENTED_EDGE('',*,*,#17236,.T.);
#17234=ORIENTED_EDGE('',*,*,#17237,.T.);
#17235=ORIENTED_EDGE('',*,*,#17238,.T.);
#17236=EDGE_CURVE('',#779,#431,#17239,.F.);
#17237=EDGE_CURVE('',#431,#419,#17240,.T.);
#17238=EDGE_CURVE('',#419,#779,#17241,.T.);
#17239=LINE('',#778,#17242);
#17240=LINE('',#430,#17243);
#17241=LINE('',#418,#17244);
#17242=VECTOR('',#17245,1.0);
#17243=VECTOR('',#17246,1.0);
#17244=VECTOR('',#17247,1.0);
#17245=DIRECTION('',(0.7463430694646588,0,0.6655614341757428));
#17246=DIRECTION('',(-0.3790880774447428,0,-0.9253605943302583));
#17247=DIRECTION('',(-0.8626500640008085,0,0.5058012130070478));
#17248=FACE_SURFACE('',(#17253),#17249,.T.);
#17249=PLANE('',#17250);
#17250=AXIS2_PLACEMENT_3D('',#422,#17251,#17252);
#17251=DIRECTION('',(-0,1,0));
#17252=DIRECTION('',(0.8636027638006731,0,0.5041728536482688));
#17253=FACE_BOUND('',#17254,.T.);
#17254=EDGE_LOOP('',(#17255,#17256,#17257));
#17255=ORIENTED_EDGE('',*,*,#17258,.T.);
#17256=ORIENTED_EDGE('',*,*,#17259,.T.);
#17257=ORIENTED_EDGE('',*,*,#17260,.T.);
#17258=EDGE_CURVE('',#423,#781,#17261,.F.);
#17259=EDGE_CURVE('',#781,#411,#17262,.T.);
#17260=EDGE_CURVE('',#411,#423,#17263,.T.);
#17261=LINE('',#422,#17264);
#17262=LINE('',#780,#17265);
#17263=LINE('',#410,#17266);
#17264=VECTOR('',#17267,1.0);
#17265=VECTOR('',#17268,1.0);
#17266=VECTOR('',#17269,1.0);
#17267=DIRECTION('',(0.8636027638006731,0,0.5041728536482688));
#17268=DIRECTION('',(-0.013148837837717288,0,-0.999913550294983));
#17269=DIRECTION('',(-0.3790877685254393,0,0.925360720883701));
#17270=FACE_SURFACE('',(#17275),#17271,.T.);
#17271=PLANE('',#17272);
#17272=AXIS2_PLACEMENT_3D('',#780,#17273,#17274);
#17273=DIRECTION('',(0,1,0));
#17274=DIRECTION('',(0.38268320260725974,0,-0.9238796276800625));
#17275=FACE_BOUND('',#17276,.T.);
#17276=EDGE_LOOP('',(#17277,#17278,#17279));
#17277=ORIENTED_EDGE('',*,*,#17280,.T.);
#17278=ORIENTED_EDGE('',*,*,#17281,.T.);
#17279=ORIENTED_EDGE('',*,*,#17282,.T.);
#17280=EDGE_CURVE('',#781,#777,#17283,.F.);
#17281=EDGE_CURVE('',#777,#411,#17284,.T.);
#17282=EDGE_CURVE('',#411,#781,#17285,.T.);
#17283=LINE('',#780,#17286);
#17284=LINE('',#776,#17287);
#17285=LINE('',#410,#17288);
#17286=VECTOR('',#17289,1.0);
#17287=VECTOR('',#17290,1.0);
#17288=VECTOR('',#17291,1.0);
#17289=DIRECTION('',(0.38268320260725974,0,-0.9238796276800625));
#17290=DIRECTION('',(-0.8626495129500515,0,-0.505802152829581));
#17291=DIRECTION('',(0.013148837837717288,0,0.999913550294983));
#17292=FACE_SURFACE('',(#17297),#17293,.T.);
#17293=PLANE('',#17294);
#17294=AXIS2_PLACEMENT_3D('',#782,#17295,#17296);
#17295=DIRECTION('',(0,1,0));
#17296=DIRECTION('',(0.8636031655145662,0,-0.5041721655478618));
#17297=FACE_BOUND('',#17298,.T.);
#17298=EDGE_LOOP('',(#17299,#17300,#17301));
#17299=ORIENTED_EDGE('',*,*,#17302,.T.);
#17300=ORIENTED_EDGE('',*,*,#17303,.T.);
#17301=ORIENTED_EDGE('',*,*,#17304,.T.);
#17302=EDGE_CURVE('',#783,#431,#17305,.F.);
#17303=EDGE_CURVE('',#431,#779,#17306,.T.);
#17304=EDGE_CURVE('',#779,#783,#17307,.T.);
#17305=LINE('',#782,#17308);
#17306=LINE('',#430,#17309);
#17307=LINE('',#778,#17310);
#17308=VECTOR('',#17311,1.0);
#17309=VECTOR('',#17312,1.0);
#17310=VECTOR('',#17313,1.0);
#17311=DIRECTION('',(0.8636031655145662,0,-0.5041721655478618));
#17312=DIRECTION('',(-0.7463430694646588,0,-0.6655614341757428));
#17313=DIRECTION('',(0.38268374225099483,0,0.9238794041522812));
#17314=FACE_SURFACE('',(#17319),#17315,.T.);
#17315=PLANE('',#17316);
#17316=AXIS2_PLACEMENT_3D('',#782,#17317,#17318);
#17317=DIRECTION('',(-0,1,0));
#17318=DIRECTION('',(0.7782613808056569,0,0.6279404614662701));
#17319=FACE_BOUND('',#17320,.T.);
#17320=EDGE_LOOP('',(#17321,#17322,#17323));
#17321=ORIENTED_EDGE('',*,*,#17324,.T.);
#17322=ORIENTED_EDGE('',*,*,#17325,.T.);
#17323=ORIENTED_EDGE('',*,*,#17326,.T.);
#17324=EDGE_CURVE('',#783,#443,#17327,.F.);
#17325=EDGE_CURVE('',#443,#431,#17328,.T.);
#17326=EDGE_CURVE('',#431,#783,#17329,.T.);
#17327=LINE('',#782,#17330);
#17328=LINE('',#442,#17331);
#17329=LINE('',#430,#17332);
#17330=VECTOR('',#17333,1.0);
#17331=VECTOR('',#17334,1.0);
#17332=VECTOR('',#17335,1.0);
#17333=DIRECTION('',(0.7782613808056569,0,0.6279404614662701));
#17334=DIRECTION('',(-0.4358835995608218,0,-0.9000030486803371));
#17335=DIRECTION('',(-0.8636031655145662,0,0.5041721655478618));
#17336=FACE_SURFACE('',(#17341),#17337,.T.);
#17337=PLANE('',#17338);
#17338=AXIS2_PLACEMENT_3D('',#434,#17339,#17340);
#17339=DIRECTION('',(-0,1,0));
#17340=DIRECTION('',(0.8649900552012788,0,0.5017890038680488));
#17341=FACE_BOUND('',#17342,.T.);
#17342=EDGE_LOOP('',(#17343,#17344,#17345));
#17343=ORIENTED_EDGE('',*,*,#17346,.T.);
#17344=ORIENTED_EDGE('',*,*,#17347,.T.);
#17345=ORIENTED_EDGE('',*,*,#17348,.T.);
#17346=EDGE_CURVE('',#435,#785,#17349,.F.);
#17347=EDGE_CURVE('',#785,#423,#17350,.T.);
#17348=EDGE_CURVE('',#423,#435,#17351,.T.);
#17349=LINE('',#434,#17352);
#17350=LINE('',#784,#17353);
#17351=LINE('',#422,#17354);
#17352=VECTOR('',#17355,1.0);
#17353=VECTOR('',#17356,1.0);
#17354=VECTOR('',#17357,1.0);
#17355=DIRECTION('',(0.8649900552012788,0,0.5017890038680488));
#17356=DIRECTION('',(0.03797308897487262,0,-0.9992787621648458));
#17357=DIRECTION('',(-0.43588286901006035,0,0.9000034024955453));
#17358=FACE_SURFACE('',(#17363),#17359,.T.);
#17359=PLANE('',#17360);
#17360=AXIS2_PLACEMENT_3D('',#784,#17361,#17362);
#17361=DIRECTION('',(0,1,0));
#17362=DIRECTION('',(0.43776730463892266,0,-0.8990883087823869));
#17363=FACE_BOUND('',#17364,.T.);
#17364=EDGE_LOOP('',(#17365,#17366,#17367));
#17365=ORIENTED_EDGE('',*,*,#17368,.T.);
#17366=ORIENTED_EDGE('',*,*,#17369,.T.);
#17367=ORIENTED_EDGE('',*,*,#17370,.T.);
#17368=EDGE_CURVE('',#785,#781,#17371,.F.);
#17369=EDGE_CURVE('',#781,#423,#17372,.T.);
#17370=EDGE_CURVE('',#423,#785,#17373,.T.);
#17371=LINE('',#784,#17374);
#17372=LINE('',#780,#17375);
#17373=LINE('',#422,#17376);
#17374=VECTOR('',#17377,1.0);
#17375=VECTOR('',#17378,1.0);
#17376=VECTOR('',#17379,1.0);
#17377=DIRECTION('',(0.43776730463892266,0,-0.8990883087823869));
#17378=DIRECTION('',(-0.8636027638006731,0,-0.5041728536482688));
#17379=DIRECTION('',(-0.03797308897487262,0,0.9992787621648458));
#17380=FACE_SURFACE('',(#17385),#17381,.T.);
#17381=PLANE('',#17382);
#17382=AXIS2_PLACEMENT_3D('',#786,#17383,#17384);
#17383=DIRECTION('',(0,1,0));
#17384=DIRECTION('',(0.8649912547320691,0,-0.501786936096428));
#17385=FACE_BOUND('',#17386,.T.);
#17386=EDGE_LOOP('',(#17387,#17388,#17389));
#17387=ORIENTED_EDGE('',*,*,#17390,.T.);
#17388=ORIENTED_EDGE('',*,*,#17391,.T.);
#17389=ORIENTED_EDGE('',*,*,#17392,.T.);
#17390=EDGE_CURVE('',#787,#443,#17393,.F.);
#17391=EDGE_CURVE('',#443,#783,#17394,.T.);
#17392=EDGE_CURVE('',#783,#787,#17395,.T.);
#17393=LINE('',#786,#17396);
#17394=LINE('',#442,#17397);
#17395=LINE('',#782,#17398);
#17396=VECTOR('',#17399,1.0);
#17397=VECTOR('',#17400,1.0);
#17398=VECTOR('',#17401,1.0);
#17399=DIRECTION('',(0.8649912547320691,0,-0.501786936096428));
#17400=DIRECTION('',(-0.7782613808056569,0,-0.6279404614662701));
#17401=DIRECTION('',(0.43776686657822206,0,0.8990885220745981));
#17402=FACE_SURFACE('',(#17407),#17403,.T.);
#17403=PLANE('',#17404);
#17404=AXIS2_PLACEMENT_3D('',#786,#17405,#17406);
#17405=DIRECTION('',(-0,1,0));
#17406=DIRECTION('',(0.8086278455271557,0,0.5883204972105855));
#17407=FACE_BOUND('',#17408,.T.);
#17408=EDGE_LOOP('',(#17409,#17410,#17411));
#17409=ORIENTED_EDGE('',*,*,#17412,.T.);
#17410=ORIENTED_EDGE('',*,*,#17413,.T.);
#17411=ORIENTED_EDGE('',*,*,#17414,.T.);
#17412=EDGE_CURVE('',#787,#455,#17415,.F.);
#17413=EDGE_CURVE('',#455,#443,#17416,.T.);
#17414=EDGE_CURVE('',#443,#787,#17417,.T.);
#17415=LINE('',#786,#17418);
#17416=LINE('',#454,#17419);
#17417=LINE('',#442,#17420);
#17418=VECTOR('',#17421,1.0);
#17419=VECTOR('',#17422,1.0);
#17420=VECTOR('',#17423,1.0);
#17421=DIRECTION('',(0.8086278455271557,0,0.5883204972105855));
#17422=DIRECTION('',(-0.49099456531345925,0,-0.8711626351219657));
#17423=DIRECTION('',(-0.8649912547320691,0,0.501786936096428));
#17424=FACE_SURFACE('',(#17429),#17425,.T.);
#17425=PLANE('',#17426);
#17426=AXIS2_PLACEMENT_3D('',#446,#17427,#17428);
#17427=DIRECTION('',(-0,1,0));
#17428=DIRECTION('',(0.8665479026100111,0,0.49909391148579507));
#17429=FACE_BOUND('',#17430,.T.);
#17430=EDGE_LOOP('',(#17431,#17432,#17433));
#17431=ORIENTED_EDGE('',*,*,#17434,.T.);
#17432=ORIENTED_EDGE('',*,*,#17435,.T.);
#17433=ORIENTED_EDGE('',*,*,#17436,.T.);
#17434=EDGE_CURVE('',#447,#789,#17437,.F.);
#17435=EDGE_CURVE('',#789,#435,#17438,.T.);
#17436=EDGE_CURVE('',#435,#447,#17439,.T.);
#17437=LINE('',#446,#17440);
#17438=LINE('',#788,#17441);
#17439=LINE('',#434,#17442);
#17440=VECTOR('',#17443,1.0);
#17441=VECTOR('',#17444,1.0);
#17442=VECTOR('',#17445,1.0);
#17443=DIRECTION('',(0.8665479026100111,0,0.49909391148579507));
#17444=DIRECTION('',(0.0885026070754815,0,-0.9960759451672563));
#17445=DIRECTION('',(-0.4909956604805844,0,0.8711620178756846));
#17446=FACE_SURFACE('',(#17451),#17447,.T.);
#17447=PLANE('',#17448);
#17448=AXIS2_PLACEMENT_3D('',#788,#17449,#17450);
#17449=DIRECTION('',(0,1,0));
#17450=DIRECTION('',(0.49125316121293966,0,-0.8710168377237569));
#17451=FACE_BOUND('',#17452,.T.);
#17452=EDGE_LOOP('',(#17453,#17454,#17455));
#17453=ORIENTED_EDGE('',*,*,#17456,.T.);
#17454=ORIENTED_EDGE('',*,*,#17457,.T.);
#17455=ORIENTED_EDGE('',*,*,#17458,.T.);
#17456=EDGE_CURVE('',#789,#785,#17459,.F.);
#17457=EDGE_CURVE('',#785,#435,#17460,.T.);
#17458=EDGE_CURVE('',#435,#789,#17461,.T.);
#17459=LINE('',#788,#17462);
#17460=LINE('',#784,#17463);
#17461=LINE('',#434,#17464);
#17462=VECTOR('',#17465,1.0);
#17463=VECTOR('',#17466,1.0);
#17464=VECTOR('',#17467,1.0);
#17465=DIRECTION('',(0.49125316121293966,0,-0.8710168377237569));
#17466=DIRECTION('',(-0.8649900552012788,0,-0.5017890038680488));
#17467=DIRECTION('',(-0.0885026070754815,0,0.9960759451672563));
#17468=FACE_SURFACE('',(#17473),#17469,.T.);
#17469=PLANE('',#17470);
#17470=AXIS2_PLACEMENT_3D('',#790,#17471,#17472);
#17471=DIRECTION('',(0,1,0));
#17472=DIRECTION('',(0.8665472098996511,0,-0.4990951141968133));
#17473=FACE_BOUND('',#17474,.T.);
#17474=EDGE_LOOP('',(#17475,#17476,#17477));
#17475=ORIENTED_EDGE('',*,*,#17478,.T.);
#17476=ORIENTED_EDGE('',*,*,#17479,.T.);
#17477=ORIENTED_EDGE('',*,*,#17480,.T.);
#17478=EDGE_CURVE('',#791,#455,#17481,.F.);
#17479=EDGE_CURVE('',#455,#787,#17482,.T.);
#17480=EDGE_CURVE('',#787,#791,#17483,.T.);
#17481=LINE('',#790,#17484);
#17482=LINE('',#454,#17485);
#17483=LINE('',#786,#17486);
#17484=VECTOR('',#17487,1.0);
#17485=VECTOR('',#17488,1.0);
#17486=VECTOR('',#17489,1.0);
#17487=DIRECTION('',(0.8665472098996511,0,-0.4990951141968133));
#17488=DIRECTION('',(-0.8086278455271557,0,-0.5883204972105855));
#17489=DIRECTION('',(0.49125466869843104,0,0.8710159875008004));
#17490=FACE_SURFACE('',(#17495),#17491,.T.);
#17491=PLANE('',#17492);
#17492=AXIS2_PLACEMENT_3D('',#790,#17493,#17494);
#17493=DIRECTION('',(-0,1,0));
#17494=DIRECTION('',(0.8372754887285592,0,0.5467812688583548));
#17495=FACE_BOUND('',#17496,.T.);
#17496=EDGE_LOOP('',(#17497,#17498,#17499));
#17497=ORIENTED_EDGE('',*,*,#17500,.T.);
#17498=ORIENTED_EDGE('',*,*,#17501,.T.);
#17499=ORIENTED_EDGE('',*,*,#17502,.T.);
#17500=EDGE_CURVE('',#791,#467,#17503,.F.);
#17501=EDGE_CURVE('',#467,#455,#17504,.T.);
#17502=EDGE_CURVE('',#455,#791,#17505,.T.);
#17503=LINE('',#790,#17506);
#17504=LINE('',#466,#17507);
#17505=LINE('',#454,#17508);
#17506=VECTOR('',#17509,1.0);
#17507=VECTOR('',#17510,1.0);
#17508=VECTOR('',#17511,1.0);
#17509=DIRECTION('',(0.8372754887285592,0,0.5467812688583548));
#17510=DIRECTION('',(-0.54420439840074,0,-0.8389526641958346));
#17511=DIRECTION('',(-0.8665472098996511,0,0.4990951141968133));
#17512=FACE_SURFACE('',(#17517),#17513,.T.);
#17513=PLANE('',#17514);
#17514=AXIS2_PLACEMENT_3D('',#458,#17515,#17516);
#17515=DIRECTION('',(-0,1,0));
#17516=DIRECTION('',(0.8680048646029704,0,0.4965556917663707));
#17517=FACE_BOUND('',#17518,.T.);
#17518=EDGE_LOOP('',(#17519,#17520,#17521));
#17519=ORIENTED_EDGE('',*,*,#17522,.T.);
#17520=ORIENTED_EDGE('',*,*,#17523,.T.);
#17521=ORIENTED_EDGE('',*,*,#17524,.T.);
#17522=EDGE_CURVE('',#459,#793,#17525,.F.);
#17523=EDGE_CURVE('',#793,#447,#17526,.T.);
#17524=EDGE_CURVE('',#447,#459,#17527,.T.);
#17525=LINE('',#458,#17528);
#17526=LINE('',#792,#17529);
#17527=LINE('',#446,#17530);
#17528=VECTOR('',#17531,1.0);
#17529=VECTOR('',#17532,1.0);
#17530=VECTOR('',#17533,1.0);
#17531=DIRECTION('',(0.8680048646029704,0,0.4965556917663707));
#17532=DIRECTION('',(0.13828069023411171,0,-0.9903930788875585));
#17533=DIRECTION('',(-0.5442031287948935,0,0.8389534877511675));
#17534=FACE_SURFACE('',(#17539),#17535,.T.);
#17535=PLANE('',#17536);
#17536=AXIS2_PLACEMENT_3D('',#792,#17537,#17538);
#17537=DIRECTION('',(0,1,0));
#17538=DIRECTION('',(0.5429500914127781,0,-0.8397649660678015));
#17539=FACE_BOUND('',#17540,.T.);
#17540=EDGE_LOOP('',(#17541,#17542,#17543));
#17541=ORIENTED_EDGE('',*,*,#17544,.T.);
#17542=ORIENTED_EDGE('',*,*,#17545,.T.);
#17543=ORIENTED_EDGE('',*,*,#17546,.T.);
#17544=EDGE_CURVE('',#793,#789,#17547,.F.);
#17545=EDGE_CURVE('',#789,#447,#17548,.T.);
#17546=EDGE_CURVE('',#447,#793,#17549,.T.);
#17547=LINE('',#792,#17550);
#17548=LINE('',#788,#17551);
#17549=LINE('',#446,#17552);
#17550=VECTOR('',#17553,1.0);
#17551=VECTOR('',#17554,1.0);
#17552=VECTOR('',#17555,1.0);
#17553=DIRECTION('',(0.5429500914127781,0,-0.8397649660678015));
#17554=DIRECTION('',(-0.8665479026100111,0,-0.49909391148579507));
#17555=DIRECTION('',(-0.13828069023411171,0,0.9903930788875585));
#17556=FACE_SURFACE('',(#17561),#17557,.T.);
#17557=PLANE('',#17558);
#17558=AXIS2_PLACEMENT_3D('',#794,#17559,#17560);
#17559=DIRECTION('',(0,1,0));
#17560=DIRECTION('',(0.8680062312415854,0,-0.49655330280422016));
#17561=FACE_BOUND('',#17562,.T.);
#17562=EDGE_LOOP('',(#17563,#17564,#17565));
#17563=ORIENTED_EDGE('',*,*,#17566,.T.);
#17564=ORIENTED_EDGE('',*,*,#17567,.T.);
#17565=ORIENTED_EDGE('',*,*,#17568,.T.);
#17566=EDGE_CURVE('',#795,#467,#17569,.F.);
#17567=EDGE_CURVE('',#467,#791,#17570,.T.);
#17568=EDGE_CURVE('',#791,#795,#17571,.T.);
#17569=LINE('',#794,#17572);
#17570=LINE('',#466,#17573);
#17571=LINE('',#790,#17574);
#17572=VECTOR('',#17575,1.0);
#17573=VECTOR('',#17576,1.0);
#17574=VECTOR('',#17577,1.0);
#17575=DIRECTION('',(0.8680062312415854,0,-0.49655330280422016));
#17576=DIRECTION('',(-0.8372754887285592,0,-0.5467812688583548));
#17577=DIRECTION('',(0.5429486901589418,0,0.8397658720468996));
#17578=FACE_SURFACE('',(#17583),#17579,.T.);
#17579=PLANE('',#17580);
#17580=AXIS2_PLACEMENT_3D('',#794,#17581,#17582);
#17581=DIRECTION('',(-0,1,0));
#17582=DIRECTION('',(0.8640460676713736,0,0.5034127461056546));
#17583=FACE_BOUND('',#17584,.T.);
#17584=EDGE_LOOP('',(#17585,#17586,#17587));
#17585=ORIENTED_EDGE('',*,*,#17588,.T.);
#17586=ORIENTED_EDGE('',*,*,#17589,.T.);
#17587=ORIENTED_EDGE('',*,*,#17590,.T.);
#17588=EDGE_CURVE('',#795,#479,#17591,.F.);
#17589=EDGE_CURVE('',#479,#467,#17592,.T.);
#17590=EDGE_CURVE('',#467,#795,#17593,.T.);
#17591=LINE('',#794,#17594);
#17592=LINE('',#478,#17595);
#17593=LINE('',#466,#17596);
#17594=VECTOR('',#17597,1.0);
#17595=VECTOR('',#17598,1.0);
#17596=VECTOR('',#17599,1.0);
#17597=DIRECTION('',(0.8640460676713736,0,0.5034127461056546));
#17598=DIRECTION('',(-0.5953098467268532,0,-0.8034962267428832));
#17599=DIRECTION('',(-0.8680062312415854,0,0.49655330280422016));
#17600=FACE_SURFACE('',(#17605),#17601,.T.);
#17601=PLANE('',#17602);
#17602=AXIS2_PLACEMENT_3D('',#470,#17603,#17604);
#17603=DIRECTION('',(-0,1,0));
#17604=DIRECTION('',(0.8691127157582066,0,0.4946140791641447));
#17605=FACE_BOUND('',#17606,.T.);
#17606=EDGE_LOOP('',(#17607,#17608,#17609));
#17607=ORIENTED_EDGE('',*,*,#17610,.T.);
#17608=ORIENTED_EDGE('',*,*,#17611,.T.);
#17609=ORIENTED_EDGE('',*,*,#17612,.T.);
#17610=EDGE_CURVE('',#471,#797,#17613,.F.);
#17611=EDGE_CURVE('',#797,#459,#17614,.T.);
#17612=EDGE_CURVE('',#459,#471,#17615,.T.);
#17613=LINE('',#470,#17616);
#17614=LINE('',#796,#17617);
#17615=LINE('',#458,#17618);
#17616=VECTOR('',#17619,1.0);
#17617=VECTOR('',#17620,1.0);
#17618=VECTOR('',#17621,1.0);
#17619=DIRECTION('',(0.8691127157582066,0,0.4946140791641447));
#17620=DIRECTION('',(0.18715799696686924,0,-0.9823298245351961));
#17621=DIRECTION('',(-0.5953114771029807,0,0.8034950187956782));
#17622=FACE_SURFACE('',(#17627),#17623,.T.);
#17623=PLANE('',#17624);
#17624=AXIS2_PLACEMENT_3D('',#796,#17625,#17626);
#17625=DIRECTION('',(0,1,0));
#17626=DIRECTION('',(0.5926624854123819,0,-0.80545091618597));
#17627=FACE_BOUND('',#17628,.T.);
#17628=EDGE_LOOP('',(#17629,#17630,#17631));
#17629=ORIENTED_EDGE('',*,*,#17632,.T.);
#17630=ORIENTED_EDGE('',*,*,#17633,.T.);
#17631=ORIENTED_EDGE('',*,*,#17634,.T.);
#17632=EDGE_CURVE('',#797,#793,#17635,.F.);
#17633=EDGE_CURVE('',#793,#459,#17636,.T.);
#17634=EDGE_CURVE('',#459,#797,#17637,.T.);
#17635=LINE('',#796,#17638);
#17636=LINE('',#792,#17639);
#17637=LINE('',#458,#17640);
#17638=VECTOR('',#17641,1.0);
#17639=VECTOR('',#17642,1.0);
#17640=VECTOR('',#17643,1.0);
#17641=DIRECTION('',(0.5926624854123819,0,-0.80545091618597));
#17642=DIRECTION('',(-0.8680048646029704,0,-0.4965556917663707));
#17643=DIRECTION('',(-0.18715799696686924,0,0.9823298245351961));
#17644=FACE_SURFACE('',(#17649),#17645,.T.);
#17645=PLANE('',#17646);
#17646=AXIS2_PLACEMENT_3D('',#798,#17647,#17648);
#17647=DIRECTION('',(0,1,0));
#17648=DIRECTION('',(0.8691125234954298,0,-0.494614416999147));
#17649=FACE_BOUND('',#17650,.T.);
#17650=EDGE_LOOP('',(#17651,#17652,#17653));
#17651=ORIENTED_EDGE('',*,*,#17654,.T.);
#17652=ORIENTED_EDGE('',*,*,#17655,.T.);
#17653=ORIENTED_EDGE('',*,*,#17656,.T.);
#17654=EDGE_CURVE('',#799,#479,#17657,.F.);
#17655=EDGE_CURVE('',#479,#795,#17658,.T.);
#17656=EDGE_CURVE('',#795,#799,#17659,.T.);
#17657=LINE('',#798,#17660);
#17658=LINE('',#478,#17661);
#17659=LINE('',#794,#17662);
#17660=VECTOR('',#17663,1.0);
#17661=VECTOR('',#17664,1.0);
#17662=VECTOR('',#17665,1.0);
#17663=DIRECTION('',(0.8691125234954298,0,-0.494614416999147));
#17664=DIRECTION('',(-0.8640460676713736,0,-0.5034127461056546));
#17665=DIRECTION('',(0.5926627197902696,0,0.8054507437272626));
#17666=FACE_SURFACE('',(#17671),#17667,.T.);
#17667=PLANE('',#17668);
#17668=AXIS2_PLACEMENT_3D('',#798,#17669,#17670);
#17669=DIRECTION('',(-0,1,0));
#17670=DIRECTION('',(0.8887877833203276,0,0.45831896777303294));
#17671=FACE_BOUND('',#17672,.T.);
#17672=EDGE_LOOP('',(#17673,#17674,#17675));
#17673=ORIENTED_EDGE('',*,*,#17676,.T.);
#17674=ORIENTED_EDGE('',*,*,#17677,.T.);
#17675=ORIENTED_EDGE('',*,*,#17678,.T.);
#17676=EDGE_CURVE('',#799,#491,#17679,.F.);
#17677=EDGE_CURVE('',#491,#479,#17680,.T.);
#17678=EDGE_CURVE('',#479,#799,#17681,.T.);
#17679=LINE('',#798,#17682);
#17680=LINE('',#490,#17683);
#17681=LINE('',#478,#17684);
#17682=VECTOR('',#17685,1.0);
#17683=VECTOR('',#17686,1.0);
#17684=VECTOR('',#17687,1.0);
#17685=DIRECTION('',(0.8887877833203276,0,0.45831896777303294));
#17686=DIRECTION('',(-0.644109860522824,0,-0.7649329954821324));
#17687=DIRECTION('',(-0.8691125234954298,0,0.494614416999147));
#17688=FACE_SURFACE('',(#17693),#17689,.T.);
#17689=PLANE('',#17690);
#17690=AXIS2_PLACEMENT_3D('',#482,#17691,#17692);
#17691=DIRECTION('',(-0,1,0));
#17692=DIRECTION('',(0.869629440194566,0,0.493705009845845));
#17693=FACE_BOUND('',#17694,.T.);
#17694=EDGE_LOOP('',(#17695,#17696,#17697));
#17695=ORIENTED_EDGE('',*,*,#17698,.T.);
#17696=ORIENTED_EDGE('',*,*,#17699,.T.);
#17697=ORIENTED_EDGE('',*,*,#17700,.T.);
#17698=EDGE_CURVE('',#483,#801,#17701,.F.);
#17699=EDGE_CURVE('',#801,#471,#17702,.T.);
#17700=EDGE_CURVE('',#471,#483,#17703,.T.);
#17701=LINE('',#482,#17704);
#17702=LINE('',#800,#17705);
#17703=LINE('',#470,#17706);
#17704=VECTOR('',#17707,1.0);
#17705=VECTOR('',#17708,1.0);
#17706=VECTOR('',#17709,1.0);
#17707=DIRECTION('',(0.869629440194566,0,0.493705009845845));
#17708=DIRECTION('',(0.23497988869179978,0,-0.9720002324641642));
#17709=DIRECTION('',(-0.6441094383414466,0,0.764933350978676));
#17710=FACE_SURFACE('',(#17715),#17711,.T.);
#17711=PLANE('',#17712);
#17712=AXIS2_PLACEMENT_3D('',#800,#17713,#17714);
#17713=DIRECTION('',(0,1,0));
#17714=DIRECTION('',(0.640211690354865,0,-0.7681985365339916));
#17715=FACE_BOUND('',#17716,.T.);
#17716=EDGE_LOOP('',(#17717,#17718,#17719));
#17717=ORIENTED_EDGE('',*,*,#17720,.T.);
#17718=ORIENTED_EDGE('',*,*,#17721,.T.);
#17719=ORIENTED_EDGE('',*,*,#17722,.T.);
#17720=EDGE_CURVE('',#801,#797,#17723,.F.);
#17721=EDGE_CURVE('',#797,#471,#17724,.T.);
#17722=EDGE_CURVE('',#471,#801,#17725,.T.);
#17723=LINE('',#800,#17726);
#17724=LINE('',#796,#17727);
#17725=LINE('',#470,#17728);
#17726=VECTOR('',#17729,1.0);
#17727=VECTOR('',#17730,1.0);
#17728=VECTOR('',#17731,1.0);
#17729=DIRECTION('',(0.640211690354865,0,-0.7681985365339916));
#17730=DIRECTION('',(-0.8691127157582066,0,-0.4946140791641447));
#17731=DIRECTION('',(-0.23497988869179978,0,0.9720002324641642));
#17732=FACE_SURFACE('',(#17737),#17733,.T.);
#17733=PLANE('',#17734);
#17734=AXIS2_PLACEMENT_3D('',#802,#17735,#17736);
#17735=DIRECTION('',(0,1,0));
#17736=DIRECTION('',(0.8696284932433688,0,-0.49370667783540056));
#17737=FACE_BOUND('',#17738,.T.);
#17738=EDGE_LOOP('',(#17739,#17740,#17741));
#17739=ORIENTED_EDGE('',*,*,#17742,.T.);
#17740=ORIENTED_EDGE('',*,*,#17743,.T.);
#17741=ORIENTED_EDGE('',*,*,#17744,.T.);
#17742=EDGE_CURVE('',#803,#491,#17745,.F.);
#17743=EDGE_CURVE('',#491,#799,#17746,.T.);
#17744=EDGE_CURVE('',#799,#803,#17747,.T.);
#17745=LINE('',#802,#17748);
#17746=LINE('',#490,#17749);
#17747=LINE('',#798,#17750);
#17748=VECTOR('',#17751,1.0);
#17749=VECTOR('',#17752,1.0);
#17750=VECTOR('',#17753,1.0);
#17751=DIRECTION('',(0.8696284932433688,0,-0.49370667783540056));
#17752=DIRECTION('',(-0.8887877833203276,0,-0.45831896777303294));
#17753=DIRECTION('',(0.6402129695465059,0,0.7681974704621493));
#17754=FACE_SURFACE('',(#17759),#17755,.T.);
#17755=PLANE('',#17756);
#17756=AXIS2_PLACEMENT_3D('',#802,#17757,#17758);
#17757=DIRECTION('',(-0,1,0));
#17758=DIRECTION('',(0.9113613350796584,0,0.4116072362359808));
#17759=FACE_BOUND('',#17760,.T.);
#17760=EDGE_LOOP('',(#17761,#17762,#17763));
#17761=ORIENTED_EDGE('',*,*,#17764,.T.);
#17762=ORIENTED_EDGE('',*,*,#17765,.T.);
#17763=ORIENTED_EDGE('',*,*,#17766,.T.);
#17764=EDGE_CURVE('',#803,#503,#17767,.F.);
#17765=EDGE_CURVE('',#503,#491,#17768,.T.);
#17766=EDGE_CURVE('',#491,#803,#17769,.T.);
#17767=LINE('',#802,#17770);
#17768=LINE('',#502,#17771);
#17769=LINE('',#490,#17772);
#17770=VECTOR('',#17773,1.0);
#17771=VECTOR('',#17774,1.0);
#17772=VECTOR('',#17775,1.0);
#17773=DIRECTION('',(0.9113613350796584,0,0.4116072362359808));
#17774=DIRECTION('',(-0.6904193375022671,0,-0.7234093850669416));
#17775=DIRECTION('',(-0.8696284932433688,0,0.49370667783540056));
#17776=FACE_SURFACE('',(#17781),#17777,.T.);
#17777=PLANE('',#17778);
#17778=AXIS2_PLACEMENT_3D('',#494,#17779,#17780);
#17779=DIRECTION('',(-0,1,0));
#17780=DIRECTION('',(0.869340984917082,0,0.4942127597941982));
#17781=FACE_BOUND('',#17782,.T.);
#17782=EDGE_LOOP('',(#17783,#17784,#17785));
#17783=ORIENTED_EDGE('',*,*,#17786,.T.);
#17784=ORIENTED_EDGE('',*,*,#17787,.T.);
#17785=ORIENTED_EDGE('',*,*,#17788,.T.);
#17786=EDGE_CURVE('',#495,#805,#17789,.F.);
#17787=EDGE_CURVE('',#805,#483,#17790,.T.);
#17788=EDGE_CURVE('',#483,#495,#17791,.T.);
#17789=LINE('',#494,#17792);
#17790=LINE('',#804,#17793);
#17791=LINE('',#482,#17794);
#17792=VECTOR('',#17795,1.0);
#17793=VECTOR('',#17796,1.0);
#17794=VECTOR('',#17797,1.0);
#17795=DIRECTION('',(0.869340984917082,0,0.4942127597941982));
#17796=DIRECTION('',(0.2816211714021368,0,-0.9595256723079838));
#17797=DIRECTION('',(-0.6904187711156325,0,0.7234099256239023));
#17798=FACE_SURFACE('',(#17803),#17799,.T.);
#17799=PLANE('',#17800);
#17800=AXIS2_PLACEMENT_3D('',#804,#17801,#17802);
#17801=DIRECTION('',(0,1,0));
#17802=DIRECTION('',(0.6854285247392873,0,-0.7281399161381858));
#17803=FACE_BOUND('',#17804,.T.);
#17804=EDGE_LOOP('',(#17805,#17806,#17807));
#17805=ORIENTED_EDGE('',*,*,#17808,.T.);
#17806=ORIENTED_EDGE('',*,*,#17809,.T.);
#17807=ORIENTED_EDGE('',*,*,#17810,.T.);
#17808=EDGE_CURVE('',#805,#801,#17811,.F.);
#17809=EDGE_CURVE('',#801,#483,#17812,.T.);
#17810=EDGE_CURVE('',#483,#805,#17813,.T.);
#17811=LINE('',#804,#17814);
#17812=LINE('',#800,#17815);
#17813=LINE('',#482,#17816);
#17814=VECTOR('',#17817,1.0);
#17815=VECTOR('',#17818,1.0);
#17816=VECTOR('',#17819,1.0);
#17817=DIRECTION('',(0.6854285247392873,0,-0.7281399161381858));
#17818=DIRECTION('',(-0.869629440194566,0,-0.493705009845845));
#17819=DIRECTION('',(-0.2816211714021368,0,0.9595256723079838));
#17820=FACE_SURFACE('',(#17825),#17821,.T.);
#17821=PLANE('',#17822);
#17822=AXIS2_PLACEMENT_3D('',#806,#17823,#17824);
#17823=DIRECTION('',(0,1,0));
#17824=DIRECTION('',(0.8693413588294232,0,-0.49421210206611915));
#17825=FACE_BOUND('',#17826,.T.);
#17826=EDGE_LOOP('',(#17827,#17828,#17829));
#17827=ORIENTED_EDGE('',*,*,#17830,.T.);
#17828=ORIENTED_EDGE('',*,*,#17831,.T.);
#17829=ORIENTED_EDGE('',*,*,#17832,.T.);
#17830=EDGE_CURVE('',#807,#503,#17833,.F.);
#17831=EDGE_CURVE('',#503,#803,#17834,.T.);
#17832=EDGE_CURVE('',#803,#807,#17835,.T.);
#17833=LINE('',#806,#17836);
#17834=LINE('',#502,#17837);
#17835=LINE('',#802,#17838);
#17836=VECTOR('',#17839,1.0);
#17837=VECTOR('',#17840,1.0);
#17838=VECTOR('',#17841,1.0);
#17839=DIRECTION('',(0.8693413588294232,0,-0.49421210206611915));
#17840=DIRECTION('',(-0.9113613350796584,0,-0.4116072362359808));
#17841=DIRECTION('',(0.6854277585635661,0,0.7281406373706426));
#17842=FACE_SURFACE('',(#17847),#17843,.T.);
#17843=PLANE('',#17844);
#17844=AXIS2_PLACEMENT_3D('',#806,#17845,#17846);
#17845=DIRECTION('',(-0,1,0));
#17846=DIRECTION('',(0.9316327942360463,0,0.36340106866097205));
#17847=FACE_BOUND('',#17848,.T.);
#17848=EDGE_LOOP('',(#17849,#17850,#17851));
#17849=ORIENTED_EDGE('',*,*,#17852,.T.);
#17850=ORIENTED_EDGE('',*,*,#17853,.T.);
#17851=ORIENTED_EDGE('',*,*,#17854,.T.);
#17852=EDGE_CURVE('',#807,#515,#17855,.F.);
#17853=EDGE_CURVE('',#515,#503,#17856,.T.);
#17854=EDGE_CURVE('',#503,#807,#17857,.T.);
#17855=LINE('',#806,#17858);
#17856=LINE('',#514,#17859);
#17857=LINE('',#502,#17860);
#17858=VECTOR('',#17861,1.0);
#17859=VECTOR('',#17862,1.0);
#17860=VECTOR('',#17863,1.0);
#17861=DIRECTION('',(0.9316327942360463,0,0.36340106866097205));
#17862=DIRECTION('',(-0.7340583864461055,0,-0.6790863606995358));
#17863=DIRECTION('',(-0.8693413588294232,0,0.49421210206611915));
#17864=FACE_SURFACE('',(#17869),#17865,.T.);
#17865=PLANE('',#17866);
#17866=AXIS2_PLACEMENT_3D('',#506,#17867,#17868);
#17867=DIRECTION('',(-0,1,0));
#17868=DIRECTION('',(0.8680669649275582,0,0.4964471214555056));
#17869=FACE_BOUND('',#17870,.T.);
#17870=EDGE_LOOP('',(#17871,#17872,#17873));
#17871=ORIENTED_EDGE('',*,*,#17874,.T.);
#17872=ORIENTED_EDGE('',*,*,#17875,.T.);
#17873=ORIENTED_EDGE('',*,*,#17876,.T.);
#17874=EDGE_CURVE('',#507,#809,#17877,.F.);
#17875=EDGE_CURVE('',#809,#495,#17878,.T.);
#17876=EDGE_CURVE('',#495,#507,#17879,.T.);
#17877=LINE('',#506,#17880);
#17878=LINE('',#808,#17881);
#17879=LINE('',#494,#17882);
#17880=VECTOR('',#17883,1.0);
#17881=VECTOR('',#17884,1.0);
#17882=VECTOR('',#17885,1.0);
#17883=DIRECTION('',(0.8680669649275582,0,0.4964471214555056));
#17884=DIRECTION('',(0.32694462206151215,0,-0.9450434985253615));
#17885=DIRECTION('',(-0.7340582200770657,0,0.6790865405361016));
#17886=FACE_SURFACE('',(#17891),#17887,.T.);
#17887=PLANE('',#17888);
#17888=AXIS2_PLACEMENT_3D('',#808,#17889,#17890);
#17889=DIRECTION('',(0,1,0));
#17890=DIRECTION('',(0.7281399161381858,0,-0.6854285247392873));
#17891=FACE_BOUND('',#17892,.T.);
#17892=EDGE_LOOP('',(#17893,#17894,#17895));
#17893=ORIENTED_EDGE('',*,*,#17896,.T.);
#17894=ORIENTED_EDGE('',*,*,#17897,.T.);
#17895=ORIENTED_EDGE('',*,*,#17898,.T.);
#17896=EDGE_CURVE('',#809,#805,#17899,.F.);
#17897=EDGE_CURVE('',#805,#495,#17900,.T.);
#17898=EDGE_CURVE('',#495,#809,#17901,.T.);
#17899=LINE('',#808,#17902);
#17900=LINE('',#804,#17903);
#17901=LINE('',#494,#17904);
#17902=VECTOR('',#17905,1.0);
#17903=VECTOR('',#17906,1.0);
#17904=VECTOR('',#17907,1.0);
#17905=DIRECTION('',(0.7281399161381858,0,-0.6854285247392873));
#17906=DIRECTION('',(-0.869340984917082,0,-0.4942127597941982));
#17907=DIRECTION('',(-0.32694462206151215,0,0.9450434985253615));
#17908=FACE_SURFACE('',(#17913),#17909,.T.);
#17909=PLANE('',#17910);
#17910=AXIS2_PLACEMENT_3D('',#810,#17911,#17912);
#17911=DIRECTION('',(0,1,0));
#17912=DIRECTION('',(0.8680669649275582,0,-0.4964471214555056));
#17913=FACE_BOUND('',#17914,.T.);
#17914=EDGE_LOOP('',(#17915,#17916,#17917));
#17915=ORIENTED_EDGE('',*,*,#17918,.T.);
#17916=ORIENTED_EDGE('',*,*,#17919,.T.);
#17917=ORIENTED_EDGE('',*,*,#17920,.T.);
#17918=EDGE_CURVE('',#811,#515,#17921,.F.);
#17919=EDGE_CURVE('',#515,#807,#17922,.T.);
#17920=EDGE_CURVE('',#807,#811,#17923,.T.);
#17921=LINE('',#810,#17924);
#17922=LINE('',#514,#17925);
#17923=LINE('',#806,#17926);
#17924=VECTOR('',#17927,1.0);
#17925=VECTOR('',#17928,1.0);
#17926=VECTOR('',#17929,1.0);
#17927=DIRECTION('',(0.8680669649275582,0,-0.4964471214555056));
#17928=DIRECTION('',(-0.9316327942360463,0,-0.36340106866097205));
#17929=DIRECTION('',(0.7281404253320469,0,0.6854279838154158));
#17930=FACE_SURFACE('',(#17935),#17931,.T.);
#17931=PLANE('',#17932);
#17932=AXIS2_PLACEMENT_3D('',#810,#17933,#17934);
#17933=DIRECTION('',(-0,1,0));
#17934=DIRECTION('',(0.9494797341283182,0,0.31382835193719844));
#17935=FACE_BOUND('',#17936,.T.);
#17936=EDGE_LOOP('',(#17937,#17938,#17939));
#17937=ORIENTED_EDGE('',*,*,#17940,.T.);
#17938=ORIENTED_EDGE('',*,*,#17941,.T.);
#17939=ORIENTED_EDGE('',*,*,#17942,.T.);
#17940=EDGE_CURVE('',#811,#527,#17943,.F.);
#17941=EDGE_CURVE('',#527,#515,#17944,.T.);
#17942=EDGE_CURVE('',#515,#811,#17945,.T.);
#17943=LINE('',#810,#17946);
#17944=LINE('',#526,#17947);
#17945=LINE('',#514,#17948);
#17946=VECTOR('',#17949,1.0);
#17947=VECTOR('',#17950,1.0);
#17948=VECTOR('',#17951,1.0);
#17949=DIRECTION('',(0.9494797341283182,0,0.31382835193719844));
#17950=DIRECTION('',(-0.7748575711359735,0,-0.6321358591736905));
#17951=DIRECTION('',(-0.8680669649275582,0,0.4964471214555056));
#17952=FACE_SURFACE('',(#17957),#17953,.T.);
#17953=PLANE('',#17954);
#17954=AXIS2_PLACEMENT_3D('',#518,#17955,#17956);
#17955=DIRECTION('',(-0,1,0));
#17956=DIRECTION('',(0.8656508090428893,0,0.500648256566815));
#17957=FACE_BOUND('',#17958,.T.);
#17958=EDGE_LOOP('',(#17959,#17960,#17961));
#17959=ORIENTED_EDGE('',*,*,#17962,.T.);
#17960=ORIENTED_EDGE('',*,*,#17963,.T.);
#17961=ORIENTED_EDGE('',*,*,#17964,.T.);
#17962=EDGE_CURVE('',#519,#813,#17965,.F.);
#17963=EDGE_CURVE('',#813,#507,#17966,.T.);
#17964=EDGE_CURVE('',#507,#519,#17967,.T.);
#17965=LINE('',#518,#17968);
#17966=LINE('',#812,#17969);
#17967=LINE('',#506,#17970);
#17968=VECTOR('',#17971,1.0);
#17969=VECTOR('',#17972,1.0);
#17970=VECTOR('',#17973,1.0);
#17971=DIRECTION('',(0.8656508090428893,0,0.500648256566815));
#17972=DIRECTION('',(0.3708308583686208,0,-0.9287004223545889));
#17973=DIRECTION('',(-0.7748584360915397,0,0.6321347989296059));
#17974=FACE_SURFACE('',(#17979),#17975,.T.);
#17975=PLANE('',#17976);
#17976=AXIS2_PLACEMENT_3D('',#812,#17977,#17978);
#17977=DIRECTION('',(0,1,0));
#17978=DIRECTION('',(0.7681985365339916,0,-0.640211690354865));
#17979=FACE_BOUND('',#17980,.T.);
#17980=EDGE_LOOP('',(#17981,#17982,#17983));
#17981=ORIENTED_EDGE('',*,*,#17984,.T.);
#17982=ORIENTED_EDGE('',*,*,#17985,.T.);
#17983=ORIENTED_EDGE('',*,*,#17986,.T.);
#17984=EDGE_CURVE('',#813,#809,#17987,.F.);
#17985=EDGE_CURVE('',#809,#507,#17988,.T.);
#17986=EDGE_CURVE('',#507,#813,#17989,.T.);
#17987=LINE('',#812,#17990);
#17988=LINE('',#808,#17991);
#17989=LINE('',#506,#17992);
#17990=VECTOR('',#17993,1.0);
#17991=VECTOR('',#17994,1.0);
#17992=VECTOR('',#17995,1.0);
#17993=DIRECTION('',(0.7681985365339916,0,-0.640211690354865));
#17994=DIRECTION('',(-0.8680669649275582,0,-0.4964471214555056));
#17995=DIRECTION('',(-0.3708308583686208,0,0.9287004223545889));
#17996=FACE_SURFACE('',(#18001),#17997,.T.);
#17997=PLANE('',#17998);
#17998=AXIS2_PLACEMENT_3D('',#814,#17999,#18000);
#17999=DIRECTION('',(0,1,0));
#18000=DIRECTION('',(0.8656500713335901,0,-0.5006495321081909));
#18001=FACE_BOUND('',#18002,.T.);
#18002=EDGE_LOOP('',(#18003,#18004,#18005));
#18003=ORIENTED_EDGE('',*,*,#18006,.T.);
#18004=ORIENTED_EDGE('',*,*,#18007,.T.);
#18005=ORIENTED_EDGE('',*,*,#18008,.T.);
#18006=EDGE_CURVE('',#815,#527,#18009,.F.);
#18007=EDGE_CURVE('',#527,#811,#18010,.T.);
#18008=EDGE_CURVE('',#811,#815,#18011,.T.);
#18009=LINE('',#814,#18012);
#18010=LINE('',#526,#18013);
#18011=LINE('',#810,#18014);
#18012=VECTOR('',#18015,1.0);
#18013=VECTOR('',#18016,1.0);
#18014=VECTOR('',#18017,1.0);
#18015=DIRECTION('',(0.8656500713335901,0,-0.5006495321081909));
#18016=DIRECTION('',(-0.9494797341283182,0,-0.31382835193719844));
#18017=DIRECTION('',(0.7681982403811711,0,0.6402120457124126));
#18018=FACE_SURFACE('',(#18023),#18019,.T.);
#18019=PLANE('',#18020);
#18020=AXIS2_PLACEMENT_3D('',#814,#18021,#18022);
#18021=DIRECTION('',(-0,1,0));
#18022=DIRECTION('',(0.9647869318656025,0,0.26303265215816324));
#18023=FACE_BOUND('',#18024,.T.);
#18024=EDGE_LOOP('',(#18025,#18026,#18027));
#18025=ORIENTED_EDGE('',*,*,#18028,.T.);
#18026=ORIENTED_EDGE('',*,*,#18029,.T.);
#18027=ORIENTED_EDGE('',*,*,#18030,.T.);
#18028=EDGE_CURVE('',#815,#539,#18031,.F.);
#18029=EDGE_CURVE('',#539,#527,#18032,.T.);
#18030=EDGE_CURVE('',#527,#815,#18033,.T.);
#18031=LINE('',#814,#18034);
#18032=LINE('',#538,#18035);
#18033=LINE('',#526,#18036);
#18034=VECTOR('',#18037,1.0);
#18035=VECTOR('',#18038,1.0);
#18036=VECTOR('',#18039,1.0);
#18037=DIRECTION('',(0.9647869318656025,0,0.26303265215816324));
#18038=DIRECTION('',(-0.8126582735742538,0,-0.5827405343644058));
#18039=DIRECTION('',(-0.8656500713335901,0,0.5006495321081909));
#18040=FACE_SURFACE('',(#18045),#18041,.T.);
#18041=PLANE('',#18042);
#18042=AXIS2_PLACEMENT_3D('',#530,#18043,#18044);
#18043=DIRECTION('',(-0,1,0));
#18044=DIRECTION('',(0.8619544587827892,0,0.5069857108286867));
#18045=FACE_BOUND('',#18046,.T.);
#18046=EDGE_LOOP('',(#18047,#18048,#18049));
#18047=ORIENTED_EDGE('',*,*,#18050,.T.);
#18048=ORIENTED_EDGE('',*,*,#18051,.T.);
#18049=ORIENTED_EDGE('',*,*,#18052,.T.);
#18050=EDGE_CURVE('',#531,#817,#18053,.F.);
#18051=EDGE_CURVE('',#817,#519,#18054,.T.);
#18052=EDGE_CURVE('',#519,#531,#18055,.T.);
#18053=LINE('',#530,#18056);
#18054=LINE('',#816,#18057);
#18055=LINE('',#518,#18058);
#18056=VECTOR('',#18059,1.0);
#18057=VECTOR('',#18060,1.0);
#18058=VECTOR('',#18061,1.0);
#18059=DIRECTION('',(0.8619544587827892,0,0.5069857108286867));
#18060=DIRECTION('',(0.4131638205578848,0,-0.910656717639535));
#18061=DIRECTION('',(-0.8126577835311056,0,0.5827412177513366));
#18062=FACE_SURFACE('',(#18067),#18063,.T.);
#18063=PLANE('',#18064);
#18064=AXIS2_PLACEMENT_3D('',#816,#18065,#18066);
#18065=DIRECTION('',(0,1,0));
#18066=DIRECTION('',(0.80545091618597,0,-0.5926624854123819));
#18067=FACE_BOUND('',#18068,.T.);
#18068=EDGE_LOOP('',(#18069,#18070,#18071));
#18069=ORIENTED_EDGE('',*,*,#18072,.T.);
#18070=ORIENTED_EDGE('',*,*,#18073,.T.);
#18071=ORIENTED_EDGE('',*,*,#18074,.T.);
#18072=EDGE_CURVE('',#817,#813,#18075,.F.);
#18073=EDGE_CURVE('',#813,#519,#18076,.T.);
#18074=EDGE_CURVE('',#519,#817,#18077,.T.);
#18075=LINE('',#816,#18078);
#18076=LINE('',#812,#18079);
#18077=LINE('',#518,#18080);
#18078=VECTOR('',#18081,1.0);
#18079=VECTOR('',#18082,1.0);
#18080=VECTOR('',#18083,1.0);
#18081=DIRECTION('',(0.80545091618597,0,-0.5926624854123819));
#18082=DIRECTION('',(-0.8656508090428893,0,-0.500648256566815));
#18083=DIRECTION('',(-0.4131638205578848,0,0.910656717639535));
#18084=FACE_SURFACE('',(#18089),#18085,.T.);
#18085=PLANE('',#18086);
#18086=AXIS2_PLACEMENT_3D('',#818,#18087,#18088);
#18087=DIRECTION('',(0,1,0));
#18088=DIRECTION('',(0.8619540894104994,0,-0.5069863388184308));
#18089=FACE_BOUND('',#18090,.T.);
#18090=EDGE_LOOP('',(#18091,#18092,#18093));
#18091=ORIENTED_EDGE('',*,*,#18094,.T.);
#18092=ORIENTED_EDGE('',*,*,#18095,.T.);
#18093=ORIENTED_EDGE('',*,*,#18096,.T.);
#18094=EDGE_CURVE('',#819,#539,#18097,.F.);
#18095=EDGE_CURVE('',#539,#815,#18098,.T.);
#18096=EDGE_CURVE('',#815,#819,#18099,.T.);
#18097=LINE('',#818,#18100);
#18098=LINE('',#538,#18101);
#18099=LINE('',#814,#18102);
#18100=VECTOR('',#18103,1.0);
#18101=VECTOR('',#18104,1.0);
#18102=VECTOR('',#18105,1.0);
#18103=DIRECTION('',(0.8619540894104994,0,-0.5069863388184308));
#18104=DIRECTION('',(-0.9647869318656025,0,-0.26303265215816324));
#18105=DIRECTION('',(0.8054511699809971,0,0.5926621404951079));
#18106=FACE_SURFACE('',(#18111),#18107,.T.);
#18107=PLANE('',#18108);
#18108=AXIS2_PLACEMENT_3D('',#818,#18109,#18110);
#18109=DIRECTION('',(-0,1,0));
#18110=DIRECTION('',(0.9774517601869696,0,0.21115884188779566));
#18111=FACE_BOUND('',#18112,.T.);
#18112=EDGE_LOOP('',(#18113,#18114,#18115));
#18113=ORIENTED_EDGE('',*,*,#18116,.T.);
#18114=ORIENTED_EDGE('',*,*,#18117,.T.);
#18115=ORIENTED_EDGE('',*,*,#18118,.T.);
#18116=EDGE_CURVE('',#819,#551,#18119,.F.);
#18117=EDGE_CURVE('',#551,#539,#18120,.T.);
#18118=EDGE_CURVE('',#539,#819,#18121,.T.);
#18119=LINE('',#818,#18122);
#18120=LINE('',#550,#18123);
#18121=LINE('',#538,#18124);
#18122=VECTOR('',#18125,1.0);
#18123=VECTOR('',#18126,1.0);
#18124=VECTOR('',#18127,1.0);
#18125=DIRECTION('',(0.9774517601869696,0,0.21115884188779566));
#18126=DIRECTION('',(-0.8473153122857988,0,-0.5310901633112961));
#18127=DIRECTION('',(-0.8619540894104994,0,0.5069863388184308));
#18128=FACE_SURFACE('',(#18133),#18129,.T.);
#18129=PLANE('',#18130);
#18130=AXIS2_PLACEMENT_3D('',#542,#18131,#18132);
#18131=DIRECTION('',(-0,1,0));
#18132=DIRECTION('',(0.8568646288254907,0,0.5155414705605689));
#18133=FACE_BOUND('',#18134,.T.);
#18134=EDGE_LOOP('',(#18135,#18136,#18137));
#18135=ORIENTED_EDGE('',*,*,#18138,.T.);
#18136=ORIENTED_EDGE('',*,*,#18139,.T.);
#18137=ORIENTED_EDGE('',*,*,#18140,.T.);
#18138=EDGE_CURVE('',#543,#821,#18141,.F.);
#18139=EDGE_CURVE('',#821,#531,#18142,.T.);
#18140=EDGE_CURVE('',#531,#543,#18143,.T.);
#18141=LINE('',#542,#18144);
#18142=LINE('',#820,#18145);
#18143=LINE('',#530,#18146);
#18144=VECTOR('',#18147,1.0);
#18145=VECTOR('',#18148,1.0);
#18146=VECTOR('',#18149,1.0);
#18147=DIRECTION('',(0.8568646288254907,0,0.5155414705605689));
#18148=DIRECTION('',(0.4538506375315544,0,-0.8910777737168634));
#18149=DIRECTION('',(-0.8473153122857988,0,0.5310901633112961));
#18150=FACE_SURFACE('',(#18155),#18151,.T.);
#18151=PLANE('',#18152);
#18152=AXIS2_PLACEMENT_3D('',#820,#18153,#18154);
#18153=DIRECTION('',(0,1,0));
#18154=DIRECTION('',(0.8397649660678015,0,-0.5429500914127781));
#18155=FACE_BOUND('',#18156,.T.);
#18156=EDGE_LOOP('',(#18157,#18158,#18159));
#18157=ORIENTED_EDGE('',*,*,#18160,.T.);
#18158=ORIENTED_EDGE('',*,*,#18161,.T.);
#18159=ORIENTED_EDGE('',*,*,#18162,.T.);
#18160=EDGE_CURVE('',#821,#817,#18163,.F.);
#18161=EDGE_CURVE('',#817,#531,#18164,.T.);
#18162=EDGE_CURVE('',#531,#821,#18165,.T.);
#18163=LINE('',#820,#18166);
#18164=LINE('',#816,#18167);
#18165=LINE('',#530,#18168);
#18166=VECTOR('',#18169,1.0);
#18167=VECTOR('',#18170,1.0);
#18168=VECTOR('',#18171,1.0);
#18169=DIRECTION('',(0.8397649660678015,0,-0.5429500914127781));
#18170=DIRECTION('',(-0.8619544587827892,0,-0.5069857108286867));
#18171=DIRECTION('',(-0.4538506375315544,0,0.8910777737168634));
#18172=FACE_SURFACE('',(#18177),#18173,.T.);
#18173=PLANE('',#18174);
#18174=AXIS2_PLACEMENT_3D('',#822,#18175,#18176);
#18175=DIRECTION('',(0,1,0));
#18176=DIRECTION('',(0.8568638844769545,0,-0.5155427077159217));
#18177=FACE_BOUND('',#18178,.T.);
#18178=EDGE_LOOP('',(#18179,#18180,#18181));
#18179=ORIENTED_EDGE('',*,*,#18182,.T.);
#18180=ORIENTED_EDGE('',*,*,#18183,.T.);
#18181=ORIENTED_EDGE('',*,*,#18184,.T.);
#18182=EDGE_CURVE('',#823,#551,#18185,.F.);
#18183=EDGE_CURVE('',#551,#819,#18186,.T.);
#18184=EDGE_CURVE('',#819,#823,#18187,.T.);
#18185=LINE('',#822,#18188);
#18186=LINE('',#550,#18189);
#18187=LINE('',#818,#18190);
#18188=VECTOR('',#18191,1.0);
#18189=VECTOR('',#18192,1.0);
#18190=VECTOR('',#18193,1.0);
#18191=DIRECTION('',(0.8568638844769545,0,-0.5155427077159217));
#18192=DIRECTION('',(-0.9774517601869696,0,-0.21115884188779566));
#18193=DIRECTION('',(0.8397651790715954,0,0.5429497619659217));
#18194=FACE_SURFACE('',(#18199),#18195,.T.);
#18195=PLANE('',#18196);
#18196=AXIS2_PLACEMENT_3D('',#822,#18197,#18198);
#18197=DIRECTION('',(-0,1,0));
#18198=DIRECTION('',(0.9873808503689765,0,0.1583636837303198));
#18199=FACE_BOUND('',#18200,.T.);
#18200=EDGE_LOOP('',(#18201,#18202,#18203));
#18201=ORIENTED_EDGE('',*,*,#18204,.T.);
#18202=ORIENTED_EDGE('',*,*,#18205,.T.);
#18203=ORIENTED_EDGE('',*,*,#18206,.T.);
#18204=EDGE_CURVE('',#823,#561,#18207,.F.);
#18205=EDGE_CURVE('',#561,#551,#18208,.T.);
#18206=EDGE_CURVE('',#551,#823,#18209,.T.);
#18207=LINE('',#822,#18210);
#18208=LINE('',#560,#18211);
#18209=LINE('',#550,#18212);
#18210=VECTOR('',#18213,1.0);
#18211=VECTOR('',#18214,1.0);
#18212=VECTOR('',#18215,1.0);
#18213=DIRECTION('',(0.9873808503689765,0,0.1583636837303198));
#18214=DIRECTION('',(-0.8786925731778691,0,-0.47738806210676793));
#18215=DIRECTION('',(-0.8568638844769545,0,0.5155427077159217));
#18216=FACE_SURFACE('',(#18221),#18217,.T.);
#18217=PLANE('',#18218);
#18218=AXIS2_PLACEMENT_3D('',#554,#18219,#18220);
#18219=DIRECTION('',(-0,1,0));
#18220=DIRECTION('',(0.850284420246067,0,0.526323479133137));
#18221=FACE_BOUND('',#18222,.T.);
#18222=EDGE_LOOP('',(#18223,#18224,#18225));
#18223=ORIENTED_EDGE('',*,*,#18226,.T.);
#18224=ORIENTED_EDGE('',*,*,#18227,.T.);
#18225=ORIENTED_EDGE('',*,*,#18228,.T.);
#18226=EDGE_CURVE('',#555,#825,#18229,.F.);
#18227=EDGE_CURVE('',#825,#543,#18230,.T.);
#18228=EDGE_CURVE('',#543,#555,#18231,.T.);
#18229=LINE('',#554,#18232);
#18230=LINE('',#824,#18233);
#18231=LINE('',#542,#18234);
#18232=VECTOR('',#18235,1.0);
#18233=VECTOR('',#18236,1.0);
#18234=VECTOR('',#18237,1.0);
#18235=DIRECTION('',(0.850284420246067,0,0.526323479133137));
#18236=DIRECTION('',(0.49279737730032785,0,-0.8701440943464009));
#18237=DIRECTION('',(-0.8786925731778691,0,0.47738806210676793));
#18238=FACE_SURFACE('',(#18243),#18239,.T.);
#18239=PLANE('',#18240);
#18240=AXIS2_PLACEMENT_3D('',#824,#18241,#18242);
#18241=DIRECTION('',(0,1,0));
#18242=DIRECTION('',(0.8710168377237569,0,-0.49125316121293966));
#18243=FACE_BOUND('',#18244,.T.);
#18244=EDGE_LOOP('',(#18245,#18246,#18247));
#18245=ORIENTED_EDGE('',*,*,#18248,.T.);
#18246=ORIENTED_EDGE('',*,*,#18249,.T.);
#18247=ORIENTED_EDGE('',*,*,#18250,.T.);
#18248=EDGE_CURVE('',#825,#821,#18251,.F.);
#18249=EDGE_CURVE('',#821,#543,#18252,.T.);
#18250=EDGE_CURVE('',#543,#825,#18253,.T.);
#18251=LINE('',#824,#18254);
#18252=LINE('',#820,#18255);
#18253=LINE('',#542,#18256);
#18254=VECTOR('',#18257,1.0);
#18255=VECTOR('',#18258,1.0);
#18256=VECTOR('',#18259,1.0);
#18257=DIRECTION('',(0.8710168377237569,0,-0.49125316121293966));
#18258=DIRECTION('',(-0.8568646288254907,0,-0.5155414705605689));
#18259=DIRECTION('',(-0.49279737730032785,0,0.8701440943464009));
#18260=FACE_SURFACE('',(#18265),#18261,.T.);
#18261=PLANE('',#18262);
#18262=AXIS2_PLACEMENT_3D('',#826,#18263,#18264);
#18263=DIRECTION('',(0,1,0));
#18264=DIRECTION('',(0.8502847975556902,0,-0.5263228695826155));
#18265=FACE_BOUND('',#18266,.T.);
#18266=EDGE_LOOP('',(#18267,#18268,#18269));
#18267=ORIENTED_EDGE('',*,*,#18270,.T.);
#18268=ORIENTED_EDGE('',*,*,#18271,.T.);
#18269=ORIENTED_EDGE('',*,*,#18272,.T.);
#18270=EDGE_CURVE('',#827,#561,#18273,.F.);
#18271=EDGE_CURVE('',#561,#823,#18274,.T.);
#18272=EDGE_CURVE('',#823,#827,#18275,.T.);
#18273=LINE('',#826,#18276);
#18274=LINE('',#560,#18277);
#18275=LINE('',#822,#18278);
#18276=VECTOR('',#18279,1.0);
#18277=VECTOR('',#18280,1.0);
#18278=VECTOR('',#18281,1.0);
#18279=DIRECTION('',(0.8502847975556902,0,-0.5263228695826155));
#18280=DIRECTION('',(-0.9873808503689765,0,-0.1583636837303198));
#18281=DIRECTION('',(0.8710163146039273,0,0.49125408872984705));
#18282=FACE_SURFACE('',(#18287),#18283,.T.);
#18283=PLANE('',#18284);
#18284=AXIS2_PLACEMENT_3D('',#826,#18285,#18286);
#18285=DIRECTION('',(-0,1,0));
#18286=DIRECTION('',(0.9944925818030538,0,0.10480698802415973));
#18287=FACE_BOUND('',#18288,.T.);
#18288=EDGE_LOOP('',(#18289,#18290,#18291));
#18289=ORIENTED_EDGE('',*,*,#18292,.T.);
#18290=ORIENTED_EDGE('',*,*,#18293,.T.);
#18291=ORIENTED_EDGE('',*,*,#18294,.T.);
#18292=EDGE_CURVE('',#827,#573,#18295,.F.);
#18293=EDGE_CURVE('',#573,#561,#18296,.T.);
#18294=EDGE_CURVE('',#561,#827,#18297,.T.);
#18295=LINE('',#826,#18298);
#18296=LINE('',#572,#18299);
#18297=LINE('',#560,#18300);
#18298=VECTOR('',#18301,1.0);
#18299=VECTOR('',#18302,1.0);
#18300=VECTOR('',#18303,1.0);
#18301=DIRECTION('',(0.9944925818030538,0,0.10480698802415973));
#18302=DIRECTION('',(-0.9066729827212213,0,-0.4218342119878425));
#18303=DIRECTION('',(-0.8502847975556902,0,0.5263228695826155));
#18304=FACE_SURFACE('',(#18309),#18305,.T.);
#18305=PLANE('',#18306);
#18306=AXIS2_PLACEMENT_3D('',#566,#18307,#18308);
#18307=DIRECTION('',(-0,1,0));
#18308=DIRECTION('',(0.8421176936753438,0,0.5392937882072439));
#18309=FACE_BOUND('',#18310,.T.);
#18310=EDGE_LOOP('',(#18311,#18312,#18313));
#18311=ORIENTED_EDGE('',*,*,#18314,.T.);
#18312=ORIENTED_EDGE('',*,*,#18315,.T.);
#18313=ORIENTED_EDGE('',*,*,#18316,.T.);
#18314=EDGE_CURVE('',#567,#829,#18317,.F.);
#18315=EDGE_CURVE('',#829,#555,#18318,.T.);
#18316=EDGE_CURVE('',#555,#567,#18319,.T.);
#18317=LINE('',#566,#18320);
#18318=LINE('',#828,#18321);
#18319=LINE('',#554,#18322);
#18320=VECTOR('',#18323,1.0);
#18321=VECTOR('',#18324,1.0);
#18322=VECTOR('',#18325,1.0);
#18323=DIRECTION('',(0.8421176936753438,0,0.5392937882072439));
#18324=DIRECTION('',(0.5299254967126339,0,-0.8480442016392002));
#18325=DIRECTION('',(-0.9066731111127726,0,0.42183393602825026));
#18326=FACE_SURFACE('',(#18331),#18327,.T.);
#18327=PLANE('',#18328);
#18328=AXIS2_PLACEMENT_3D('',#828,#18329,#18330);
#18329=DIRECTION('',(0,1,0));
#18330=DIRECTION('',(0.8990883087823869,0,-0.43776730463892266));
#18331=FACE_BOUND('',#18332,.T.);
#18332=EDGE_LOOP('',(#18333,#18334,#18335));
#18333=ORIENTED_EDGE('',*,*,#18336,.T.);
#18334=ORIENTED_EDGE('',*,*,#18337,.T.);
#18335=ORIENTED_EDGE('',*,*,#18338,.T.);
#18336=EDGE_CURVE('',#829,#825,#18339,.F.);
#18337=EDGE_CURVE('',#825,#555,#18340,.T.);
#18338=EDGE_CURVE('',#555,#829,#18341,.T.);
#18339=LINE('',#828,#18342);
#18340=LINE('',#824,#18343);
#18341=LINE('',#554,#18344);
#18342=VECTOR('',#18345,1.0);
#18343=VECTOR('',#18346,1.0);
#18344=VECTOR('',#18347,1.0);
#18345=DIRECTION('',(0.8990883087823869,0,-0.43776730463892266));
#18346=DIRECTION('',(-0.850284420246067,0,-0.526323479133137));
#18347=DIRECTION('',(-0.5299254967126339,0,0.8480442016392002));
#18348=FACE_SURFACE('',(#18353),#18349,.T.);
#18349=PLANE('',#18350);
#18350=AXIS2_PLACEMENT_3D('',#830,#18351,#18352);
#18351=DIRECTION('',(0,1,0));
#18352=DIRECTION('',(0.8421176936753438,0,-0.5392937882072439));
#18353=FACE_BOUND('',#18354,.T.);
#18354=EDGE_LOOP('',(#18355,#18356,#18357));
#18355=ORIENTED_EDGE('',*,*,#18358,.T.);
#18356=ORIENTED_EDGE('',*,*,#18359,.T.);
#18357=ORIENTED_EDGE('',*,*,#18360,.T.);
#18358=EDGE_CURVE('',#831,#573,#18361,.F.);
#18359=EDGE_CURVE('',#573,#827,#18362,.T.);
#18360=EDGE_CURVE('',#827,#831,#18363,.T.);
#18361=LINE('',#830,#18364);
#18362=LINE('',#572,#18365);
#18363=LINE('',#826,#18366);
#18364=VECTOR('',#18367,1.0);
#18365=VECTOR('',#18368,1.0);
#18366=VECTOR('',#18369,1.0);
#18367=DIRECTION('',(0.8421176936753438,0,-0.5392937882072439));
#18368=DIRECTION('',(-0.9944925818030538,0,-0.10480698802415973));
#18369=DIRECTION('',(0.8990883087823869,0,0.43776730463892266));
#18370=FACE_SURFACE('',(#18375),#18371,.T.);
#18371=PLANE('',#18372);
#18372=AXIS2_PLACEMENT_3D('',#830,#18373,#18374);
#18373=DIRECTION('',(-0,1,0));
#18374=DIRECTION('',(0.998716128968187,0,0.05065662581340956));
#18375=FACE_BOUND('',#18376,.T.);
#18376=EDGE_LOOP('',(#18377,#18378,#18379));
#18377=ORIENTED_EDGE('',*,*,#18380,.T.);
#18378=ORIENTED_EDGE('',*,*,#18381,.T.);
#18379=ORIENTED_EDGE('',*,*,#18382,.T.);
#18380=EDGE_CURVE('',#831,#585,#18383,.F.);
#18381=EDGE_CURVE('',#585,#573,#18384,.T.);
#18382=EDGE_CURVE('',#573,#831,#18385,.T.);
#18383=LINE('',#830,#18386);
#18384=LINE('',#584,#18387);
#18385=LINE('',#572,#18388);
#18386=VECTOR('',#18389,1.0);
#18387=VECTOR('',#18390,1.0);
#18388=VECTOR('',#18391,1.0);
#18389=DIRECTION('',(0.998716128968187,0,0.05065662581340956));
#18390=DIRECTION('',(-0.9311442430595115,0,-0.3646510641930575));
#18391=DIRECTION('',(-0.8421176936753438,0,0.5392937882072439));
#18392=FACE_SURFACE('',(#18397),#18393,.T.);
#18393=PLANE('',#18394);
#18394=AXIS2_PLACEMENT_3D('',#578,#18395,#18396);
#18395=DIRECTION('',(-0,1,0));
#18396=DIRECTION('',(0.8322871814902706,0,0.5543447010001821));
#18397=FACE_BOUND('',#18398,.T.);
#18398=EDGE_LOOP('',(#18399,#18400,#18401));
#18399=ORIENTED_EDGE('',*,*,#18402,.T.);
#18400=ORIENTED_EDGE('',*,*,#18403,.T.);
#18401=ORIENTED_EDGE('',*,*,#18404,.T.);
#18402=EDGE_CURVE('',#579,#833,#18405,.F.);
#18403=EDGE_CURVE('',#833,#567,#18406,.T.);
#18404=EDGE_CURVE('',#567,#579,#18407,.T.);
#18405=LINE('',#578,#18408);
#18406=LINE('',#832,#18409);
#18407=LINE('',#566,#18410);
#18408=VECTOR('',#18411,1.0);
#18409=VECTOR('',#18412,1.0);
#18410=VECTOR('',#18413,1.0);
#18411=DIRECTION('',(0.8322871814902706,0,0.5543447010001821));
#18412=DIRECTION('',(0.5651638199804366,0,-0.8249787006857332));
#18413=DIRECTION('',(-0.9311441471176881,0,0.3646513091824478));
#18414=FACE_SURFACE('',(#18419),#18415,.T.);
#18415=PLANE('',#18416);
#18416=AXIS2_PLACEMENT_3D('',#832,#18417,#18418);
#18417=DIRECTION('',(0,1,0));
#18418=DIRECTION('',(0.9238796276800625,0,-0.38268320260725974));
#18419=FACE_BOUND('',#18420,.T.);
#18420=EDGE_LOOP('',(#18421,#18422,#18423));
#18421=ORIENTED_EDGE('',*,*,#18424,.T.);
#18422=ORIENTED_EDGE('',*,*,#18425,.T.);
#18423=ORIENTED_EDGE('',*,*,#18426,.T.);
#18424=EDGE_CURVE('',#833,#829,#18427,.F.);
#18425=EDGE_CURVE('',#829,#567,#18428,.T.);
#18426=EDGE_CURVE('',#567,#833,#18429,.T.);
#18427=LINE('',#832,#18430);
#18428=LINE('',#828,#18431);
#18429=LINE('',#566,#18432);
#18430=VECTOR('',#18433,1.0);
#18431=VECTOR('',#18434,1.0);
#18432=VECTOR('',#18435,1.0);
#18433=DIRECTION('',(0.9238796276800625,0,-0.38268320260725974));
#18434=DIRECTION('',(-0.8421176936753438,0,-0.5392937882072439));
#18435=DIRECTION('',(-0.5651638199804366,0,0.8249787006857332));
#18436=FACE_SURFACE('',(#18441),#18437,.T.);
#18437=PLANE('',#18438);
#18438=AXIS2_PLACEMENT_3D('',#834,#18439,#18440);
#18439=DIRECTION('',(0,1,0));
#18440=DIRECTION('',(0.8322871814902706,0,-0.5543447010001821));
#18441=FACE_BOUND('',#18442,.T.);
#18442=EDGE_LOOP('',(#18443,#18444,#18445));
#18443=ORIENTED_EDGE('',*,*,#18446,.T.);
#18444=ORIENTED_EDGE('',*,*,#18447,.T.);
#18445=ORIENTED_EDGE('',*,*,#18448,.T.);
#18446=EDGE_CURVE('',#835,#585,#18449,.F.);
#18447=EDGE_CURVE('',#585,#831,#18450,.T.);
#18448=EDGE_CURVE('',#831,#835,#18451,.T.);
#18449=LINE('',#834,#18452);
#18450=LINE('',#584,#18453);
#18451=LINE('',#830,#18454);
#18452=VECTOR('',#18455,1.0);
#18453=VECTOR('',#18456,1.0);
#18454=VECTOR('',#18457,1.0);
#18455=DIRECTION('',(0.8322871814902706,0,-0.5543447010001821));
#18456=DIRECTION('',(-0.998716128968187,0,-0.05065662581340956));
#18457=DIRECTION('',(0.923879733494963,0,0.38268294714721246));
#18458=FACE_SURFACE('',(#18463),#18459,.T.);
#18459=PLANE('',#18460);
#18460=AXIS2_PLACEMENT_3D('',#834,#18461,#18462);
#18461=DIRECTION('',(0,1,0));
#18462=DIRECTION('',(0.9999923368720912,0,-0.003914868719919888));
#18463=FACE_BOUND('',#18464,.T.);
#18464=EDGE_LOOP('',(#18465,#18466,#18467));
#18465=ORIENTED_EDGE('',*,*,#18468,.T.);
#18466=ORIENTED_EDGE('',*,*,#18469,.T.);
#18467=ORIENTED_EDGE('',*,*,#18470,.T.);
#18468=EDGE_CURVE('',#835,#597,#18471,.F.);
#18469=EDGE_CURVE('',#597,#585,#18472,.T.);
#18470=EDGE_CURVE('',#585,#835,#18473,.T.);
#18471=LINE('',#834,#18474);
#18472=LINE('',#596,#18475);
#18473=LINE('',#584,#18476);
#18474=VECTOR('',#18477,1.0);
#18475=VECTOR('',#18478,1.0);
#18476=VECTOR('',#18479,1.0);
#18477=DIRECTION('',(0.9999923368720912,0,-0.003914868719919888));
#18478=DIRECTION('',(-0.9520130125978501,0,-0.30605754988950323));
#18479=DIRECTION('',(-0.8322871814902706,0,0.5543447010001821));
#18480=FACE_SURFACE('',(#18485),#18481,.T.);
#18481=PLANE('',#18482);
#18482=AXIS2_PLACEMENT_3D('',#590,#18483,#18484);
#18483=DIRECTION('',(-0,1,0));
#18484=DIRECTION('',(0.8207152510287249,0,0.5713374455861064));
#18485=FACE_BOUND('',#18486,.T.);
#18486=EDGE_LOOP('',(#18487,#18488,#18489));
#18487=ORIENTED_EDGE('',*,*,#18490,.T.);
#18488=ORIENTED_EDGE('',*,*,#18491,.T.);
#18489=ORIENTED_EDGE('',*,*,#18492,.T.);
#18490=EDGE_CURVE('',#591,#837,#18493,.F.);
#18491=EDGE_CURVE('',#837,#579,#18494,.T.);
#18492=EDGE_CURVE('',#579,#591,#18495,.T.);
#18493=LINE('',#590,#18496);
#18494=LINE('',#836,#18497);
#18495=LINE('',#578,#18498);
#18496=VECTOR('',#18499,1.0);
#18497=VECTOR('',#18500,1.0);
#18498=VECTOR('',#18501,1.0);
#18499=DIRECTION('',(0.8207152510287249,0,0.5713374455861064));
#18500=DIRECTION('',(0.5984577937018518,0,-0.8011543354170355));
#18501=DIRECTION('',(-0.9520130801841477,0,0.3060573396576066));
#18502=FACE_SURFACE('',(#18507),#18503,.T.);
#18503=PLANE('',#18504);
#18504=AXIS2_PLACEMENT_3D('',#836,#18505,#18506);
#18505=DIRECTION('',(0,1,0));
#18506=DIRECTION('',(0.9452989669419722,0,-0.32620524688980707));
#18507=FACE_BOUND('',#18508,.T.);
#18508=EDGE_LOOP('',(#18509,#18510,#18511));
#18509=ORIENTED_EDGE('',*,*,#18512,.T.);
#18510=ORIENTED_EDGE('',*,*,#18513,.T.);
#18511=ORIENTED_EDGE('',*,*,#18514,.T.);
#18512=EDGE_CURVE('',#837,#833,#18515,.F.);
#18513=EDGE_CURVE('',#833,#579,#18516,.T.);
#18514=EDGE_CURVE('',#579,#837,#18517,.T.);
#18515=LINE('',#836,#18518);
#18516=LINE('',#832,#18519);
#18517=LINE('',#578,#18520);
#18518=VECTOR('',#18521,1.0);
#18519=VECTOR('',#18522,1.0);
#18520=VECTOR('',#18523,1.0);
#18521=DIRECTION('',(0.9452989669419722,0,-0.32620524688980707));
#18522=DIRECTION('',(-0.8322871814902706,0,-0.5543447010001821));
#18523=DIRECTION('',(-0.5984577937018518,0,0.8011543354170355));
#18524=FACE_SURFACE('',(#18529),#18525,.T.);
#18525=PLANE('',#18526);
#18526=AXIS2_PLACEMENT_3D('',#834,#18527,#18528);
#18527=DIRECTION('',(-0,1,0));
#18528=DIRECTION('',(0.9452989669419722,0,0.32620524688980707));
#18529=FACE_BOUND('',#18530,.T.);
#18530=EDGE_LOOP('',(#18531,#18532,#18533));
#18531=ORIENTED_EDGE('',*,*,#18534,.T.);
#18532=ORIENTED_EDGE('',*,*,#18535,.T.);
#18533=ORIENTED_EDGE('',*,*,#18536,.T.);
#18534=EDGE_CURVE('',#835,#839,#18537,.F.);
#18535=EDGE_CURVE('',#839,#597,#18538,.T.);
#18536=EDGE_CURVE('',#597,#835,#18539,.T.);
#18537=LINE('',#834,#18540);
#18538=LINE('',#838,#18541);
#18539=LINE('',#596,#18542);
#18540=VECTOR('',#18543,1.0);
#18541=VECTOR('',#18544,1.0);
#18542=VECTOR('',#18545,1.0);
#18543=DIRECTION('',(0.9452989669419722,0,0.32620524688980707));
#18544=DIRECTION('',(0.8207148448594033,0,-0.571338029040082));
#18545=DIRECTION('',(-0.9999923368720912,0,0.003914868719919888));
#18546=FACE_SURFACE('',(#18551),#18547,.T.);
#18547=PLANE('',#18548);
#18548=AXIS2_PLACEMENT_3D('',#838,#18549,#18550);
#18549=DIRECTION('',(0,1,0));
#18550=DIRECTION('',(0.998273745787041,0,-0.05873268657494145));
#18551=FACE_BOUND('',#18552,.T.);
#18552=EDGE_LOOP('',(#18553,#18554,#18555));
#18553=ORIENTED_EDGE('',*,*,#18556,.T.);
#18554=ORIENTED_EDGE('',*,*,#18557,.T.);
#18555=ORIENTED_EDGE('',*,*,#18558,.T.);
#18556=EDGE_CURVE('',#839,#609,#18559,.F.);
#18557=EDGE_CURVE('',#609,#597,#18560,.T.);
#18558=EDGE_CURVE('',#597,#839,#18561,.T.);
#18559=LINE('',#838,#18562);
#18560=LINE('',#608,#18563);
#18561=LINE('',#596,#18564);
#18562=VECTOR('',#18565,1.0);
#18563=VECTOR('',#18566,1.0);
#18564=VECTOR('',#18567,1.0);
#18565=DIRECTION('',(0.998273745787041,0,-0.05873268657494145));
#18566=DIRECTION('',(-0.9691987262843563,0,-0.24627998085264968));
#18567=DIRECTION('',(-0.8207148448594033,0,0.571338029040082));
#18568=FACE_SURFACE('',(#18573),#18569,.T.);
#18569=PLANE('',#18570);
#18570=AXIS2_PLACEMENT_3D('',#602,#18571,#18572);
#18571=DIRECTION('',(-0,1,0));
#18572=DIRECTION('',(0.8073396100125146,0,0.5900870733246413));
#18573=FACE_BOUND('',#18574,.T.);
#18574=EDGE_LOOP('',(#18575,#18576,#18577));
#18575=ORIENTED_EDGE('',*,*,#18578,.T.);
#18576=ORIENTED_EDGE('',*,*,#18579,.T.);
#18577=ORIENTED_EDGE('',*,*,#18580,.T.);
#18578=EDGE_CURVE('',#603,#841,#18581,.F.);
#18579=EDGE_CURVE('',#841,#591,#18582,.T.);
#18580=EDGE_CURVE('',#591,#603,#18583,.T.);
#18581=LINE('',#602,#18584);
#18582=LINE('',#840,#18585);
#18583=LINE('',#590,#18586);
#18584=VECTOR('',#18587,1.0);
#18585=VECTOR('',#18588,1.0);
#18586=VECTOR('',#18589,1.0);
#18587=DIRECTION('',(0.8073396100125146,0,0.5900870733246413));
#18588=DIRECTION('',(0.6297662203712605,0,-0.7767847241541873));
#18589=DIRECTION('',(-0.9691986387575191,0,0.24628032530141708));
#18590=FACE_SURFACE('',(#18595),#18591,.T.);
#18591=PLANE('',#18592);
#18592=AXIS2_PLACEMENT_3D('',#840,#18593,#18594);
#18593=DIRECTION('',(0,1,0));
#18594=DIRECTION('',(0.9632709018771816,0,-0.2685315057804599));
#18595=FACE_BOUND('',#18596,.T.);
#18596=EDGE_LOOP('',(#18597,#18598,#18599));
#18597=ORIENTED_EDGE('',*,*,#18600,.T.);
#18598=ORIENTED_EDGE('',*,*,#18601,.T.);
#18599=ORIENTED_EDGE('',*,*,#18602,.T.);
#18600=EDGE_CURVE('',#841,#837,#18603,.F.);
#18601=EDGE_CURVE('',#837,#591,#18604,.T.);
#18602=EDGE_CURVE('',#591,#841,#18605,.T.);
#18603=LINE('',#840,#18606);
#18604=LINE('',#836,#18607);
#18605=LINE('',#590,#18608);
#18606=VECTOR('',#18609,1.0);
#18607=VECTOR('',#18610,1.0);
#18608=VECTOR('',#18611,1.0);
#18609=DIRECTION('',(0.9632709018771816,0,-0.2685315057804599));
#18610=DIRECTION('',(-0.8207152510287249,0,-0.5713374455861064));
#18611=DIRECTION('',(-0.6297662203712605,0,0.7767847241541873));
#18612=FACE_SURFACE('',(#18617),#18613,.T.);
#18613=PLANE('',#18614);
#18614=AXIS2_PLACEMENT_3D('',#838,#18615,#18616);
#18615=DIRECTION('',(-0,1,0));
#18616=DIRECTION('',(0.9632709539796336,0,0.2685313188795053));
#18617=FACE_BOUND('',#18618,.T.);
#18618=EDGE_LOOP('',(#18619,#18620,#18621));
#18619=ORIENTED_EDGE('',*,*,#18622,.T.);
#18620=ORIENTED_EDGE('',*,*,#18623,.T.);
#18621=ORIENTED_EDGE('',*,*,#18624,.T.);
#18622=EDGE_CURVE('',#839,#843,#18625,.F.);
#18623=EDGE_CURVE('',#843,#609,#18626,.T.);
#18624=EDGE_CURVE('',#609,#839,#18627,.T.);
#18625=LINE('',#838,#18628);
#18626=LINE('',#842,#18629);
#18627=LINE('',#608,#18630);
#18628=VECTOR('',#18631,1.0);
#18629=VECTOR('',#18632,1.0);
#18630=VECTOR('',#18633,1.0);
#18631=DIRECTION('',(0.9632709539796336,0,0.2685313188795053));
#18632=DIRECTION('',(0.8073396100125146,0,-0.5900870733246413));
#18633=DIRECTION('',(-0.998273745787041,0,0.05873268657494145));
#18634=FACE_SURFACE('',(#18639),#18635,.T.);
#18635=PLANE('',#18636);
#18636=AXIS2_PLACEMENT_3D('',#842,#18637,#18638);
#18637=DIRECTION('',(0,1,0));
#18638=DIRECTION('',(0.99352494025962,0,-0.11361422922380131));
#18639=FACE_BOUND('',#18640,.T.);
#18640=EDGE_LOOP('',(#18641,#18642,#18643));
#18641=ORIENTED_EDGE('',*,*,#18644,.T.);
#18642=ORIENTED_EDGE('',*,*,#18645,.T.);
#18643=ORIENTED_EDGE('',*,*,#18646,.T.);
#18644=EDGE_CURVE('',#843,#621,#18647,.F.);
#18645=EDGE_CURVE('',#621,#609,#18648,.T.);
#18646=EDGE_CURVE('',#609,#843,#18649,.T.);
#18647=LINE('',#842,#18650);
#18648=LINE('',#620,#18651);
#18649=LINE('',#608,#18652);
#18650=VECTOR('',#18653,1.0);
#18651=VECTOR('',#18654,1.0);
#18652=VECTOR('',#18655,1.0);
#18653=DIRECTION('',(0.99352494025962,0,-0.11361422922380131));
#18654=DIRECTION('',(-0.9826352034599252,0,-0.18554799088449245));
#18655=DIRECTION('',(-0.8073396100125146,0,0.5900870733246413));
#18656=FACE_SURFACE('',(#18661),#18657,.T.);
#18657=PLANE('',#18658);
#18658=AXIS2_PLACEMENT_3D('',#614,#18659,#18660);
#18659=DIRECTION('',(-0,1,0));
#18660=DIRECTION('',(0.7920960720589084,0,0.6103964389057727));
#18661=FACE_BOUND('',#18662,.T.);
#18662=EDGE_LOOP('',(#18663,#18664,#18665));
#18663=ORIENTED_EDGE('',*,*,#18666,.T.);
#18664=ORIENTED_EDGE('',*,*,#18667,.T.);
#18665=ORIENTED_EDGE('',*,*,#18668,.T.);
#18666=EDGE_CURVE('',#615,#845,#18669,.F.);
#18667=EDGE_CURVE('',#845,#603,#18670,.T.);
#18668=EDGE_CURVE('',#603,#615,#18671,.T.);
#18669=LINE('',#614,#18672);
#18670=LINE('',#844,#18673);
#18671=LINE('',#602,#18674);
#18672=VECTOR('',#18675,1.0);
#18673=VECTOR('',#18676,1.0);
#18674=VECTOR('',#18677,1.0);
#18675=DIRECTION('',(0.7920960720589084,0,0.6103964389057727));
#18676=DIRECTION('',(0.6590571254272974,0,-0.752092883508086));
#18677=DIRECTION('',(-0.9826352531413934,0,0.18554772777846038));
#18678=FACE_SURFACE('',(#18683),#18679,.T.);
#18679=PLANE('',#18680);
#18680=AXIS2_PLACEMENT_3D('',#844,#18681,#18682);
#18681=DIRECTION('',(0,1,0));
#18682=DIRECTION('',(0.9777270436016502,0,-0.2098805093618196));
#18683=FACE_BOUND('',#18684,.T.);
#18684=EDGE_LOOP('',(#18685,#18686,#18687));
#18685=ORIENTED_EDGE('',*,*,#18688,.T.);
#18686=ORIENTED_EDGE('',*,*,#18689,.T.);
#18687=ORIENTED_EDGE('',*,*,#18690,.T.);
#18688=EDGE_CURVE('',#845,#841,#18691,.F.);
#18689=EDGE_CURVE('',#841,#603,#18692,.T.);
#18690=EDGE_CURVE('',#603,#845,#18693,.T.);
#18691=LINE('',#844,#18694);
#18692=LINE('',#840,#18695);
#18693=LINE('',#602,#18696);
#18694=VECTOR('',#18697,1.0);
#18695=VECTOR('',#18698,1.0);
#18696=VECTOR('',#18699,1.0);
#18697=DIRECTION('',(0.9777270436016502,0,-0.2098805093618196));
#18698=DIRECTION('',(-0.8073396100125146,0,-0.5900870733246413));
#18699=DIRECTION('',(-0.6590571254272974,0,0.752092883508086));
#18700=FACE_SURFACE('',(#18705),#18701,.T.);
#18701=PLANE('',#18702);
#18702=AXIS2_PLACEMENT_3D('',#842,#18703,#18704);
#18703=DIRECTION('',(-0,1,0));
#18704=DIRECTION('',(0.9777269799451189,0,0.2098808059051543));
#18705=FACE_BOUND('',#18706,.T.);
#18706=EDGE_LOOP('',(#18707,#18708,#18709));
#18707=ORIENTED_EDGE('',*,*,#18710,.T.);
#18708=ORIENTED_EDGE('',*,*,#18711,.T.);
#18709=ORIENTED_EDGE('',*,*,#18712,.T.);
#18710=EDGE_CURVE('',#843,#847,#18713,.F.);
#18711=EDGE_CURVE('',#847,#621,#18714,.T.);
#18712=EDGE_CURVE('',#621,#843,#18715,.T.);
#18713=LINE('',#842,#18716);
#18714=LINE('',#846,#18717);
#18715=LINE('',#620,#18718);
#18716=VECTOR('',#18719,1.0);
#18717=VECTOR('',#18720,1.0);
#18718=VECTOR('',#18721,1.0);
#18719=DIRECTION('',(0.9777269799451189,0,0.2098808059051543));
#18720=DIRECTION('',(0.7920960720589084,0,-0.6103964389057727));
#18721=DIRECTION('',(-0.99352494025962,0,0.11361422922380131));
#18722=FACE_SURFACE('',(#18727),#18723,.T.);
#18723=PLANE('',#18724);
#18724=AXIS2_PLACEMENT_3D('',#846,#18725,#18726);
#18725=DIRECTION('',(0,1,0));
#18726=DIRECTION('',(0.9857223415592224,0,-0.16837893381003347));
#18727=FACE_BOUND('',#18728,.T.);
#18728=EDGE_LOOP('',(#18729,#18730,#18731));
#18729=ORIENTED_EDGE('',*,*,#18732,.T.);
#18730=ORIENTED_EDGE('',*,*,#18733,.T.);
#18731=ORIENTED_EDGE('',*,*,#18734,.T.);
#18732=EDGE_CURVE('',#847,#633,#18735,.F.);
#18733=EDGE_CURVE('',#633,#621,#18736,.T.);
#18734=EDGE_CURVE('',#621,#847,#18737,.T.);
#18735=LINE('',#846,#18738);
#18736=LINE('',#632,#18739);
#18737=LINE('',#620,#18740);
#18738=VECTOR('',#18741,1.0);
#18739=VECTOR('',#18742,1.0);
#18740=VECTOR('',#18743,1.0);
#18741=DIRECTION('',(0.9857223415592224,0,-0.16837893381003347));
#18742=DIRECTION('',(-0.9922701044742253,0,-0.12409689668444612));
#18743=DIRECTION('',(-0.7920960720589084,0,0.6103964389057727));
#18744=FACE_SURFACE('',(#18749),#18745,.T.);
#18745=PLANE('',#18746);
#18746=AXIS2_PLACEMENT_3D('',#626,#18747,#18748);
#18747=DIRECTION('',(-0,1,0));
#18748=DIRECTION('',(0.774929692352028,0,0.6320474443514436));
#18749=FACE_BOUND('',#18750,.T.);
#18750=EDGE_LOOP('',(#18751,#18752,#18753));
#18751=ORIENTED_EDGE('',*,*,#18754,.T.);
#18752=ORIENTED_EDGE('',*,*,#18755,.T.);
#18753=ORIENTED_EDGE('',*,*,#18756,.T.);
#18754=EDGE_CURVE('',#627,#849,#18757,.F.);
#18755=EDGE_CURVE('',#849,#615,#18758,.T.);
#18756=EDGE_CURVE('',#615,#627,#18759,.T.);
#18757=LINE('',#626,#18760);
#18758=LINE('',#848,#18761);
#18759=LINE('',#614,#18762);
#18760=VECTOR('',#18763,1.0);
#18761=VECTOR('',#18764,1.0);
#18762=VECTOR('',#18765,1.0);
#18763=DIRECTION('',(0.774929692352028,0,0.6320474443514436));
#18764=DIRECTION('',(0.6863063162557063,0,-0.7273126152264393));
#18765=DIRECTION('',(-0.992270082251084,0,0.1240970743789991));
#18766=FACE_SURFACE('',(#18771),#18767,.T.);
#18767=PLANE('',#18768);
#18768=AXIS2_PLACEMENT_3D('',#848,#18769,#18770);
#18769=DIRECTION('',(0,1,0));
#18770=DIRECTION('',(0.9886154963419758,0,-0.15046395047488584));
#18771=FACE_BOUND('',#18772,.T.);
#18772=EDGE_LOOP('',(#18773,#18774,#18775));
#18773=ORIENTED_EDGE('',*,*,#18776,.T.);
#18774=ORIENTED_EDGE('',*,*,#18777,.T.);
#18775=ORIENTED_EDGE('',*,*,#18778,.T.);
#18776=EDGE_CURVE('',#849,#845,#18779,.F.);
#18777=EDGE_CURVE('',#845,#615,#18780,.T.);
#18778=EDGE_CURVE('',#615,#849,#18781,.T.);
#18779=LINE('',#848,#18782);
#18780=LINE('',#844,#18783);
#18781=LINE('',#614,#18784);
#18782=VECTOR('',#18785,1.0);
#18783=VECTOR('',#18786,1.0);
#18784=VECTOR('',#18787,1.0);
#18785=DIRECTION('',(0.9886154963419758,0,-0.15046395047488584));
#18786=DIRECTION('',(-0.7920960720589084,0,-0.6103964389057727));
#18787=DIRECTION('',(-0.6863063162557063,0,0.7273126152264393));
#18788=FACE_SURFACE('',(#18793),#18789,.T.);
#18789=PLANE('',#18790);
#18790=AXIS2_PLACEMENT_3D('',#846,#18791,#18792);
#18791=DIRECTION('',(-0,1,0));
#18792=DIRECTION('',(0.9886154963419758,0,0.15046395047488584));
#18793=FACE_BOUND('',#18794,.T.);
#18794=EDGE_LOOP('',(#18795,#18796,#18797));
#18795=ORIENTED_EDGE('',*,*,#18798,.T.);
#18796=ORIENTED_EDGE('',*,*,#18799,.T.);
#18797=ORIENTED_EDGE('',*,*,#18800,.T.);
#18798=EDGE_CURVE('',#847,#851,#18801,.F.);
#18799=EDGE_CURVE('',#851,#633,#18802,.T.);
#18800=EDGE_CURVE('',#633,#847,#18803,.T.);
#18801=LINE('',#846,#18804);
#18802=LINE('',#850,#18805);
#18803=LINE('',#632,#18806);
#18804=VECTOR('',#18807,1.0);
#18805=VECTOR('',#18808,1.0);
#18806=VECTOR('',#18809,1.0);
#18807=DIRECTION('',(0.9886154963419758,0,0.15046395047488584));
#18808=DIRECTION('',(0.7749305956582667,0,-0.6320463368398901));
#18809=DIRECTION('',(-0.9857223415592224,0,0.16837893381003347));
#18810=FACE_SURFACE('',(#18815),#18811,.T.);
#18811=PLANE('',#18812);
#18812=AXIS2_PLACEMENT_3D('',#850,#18813,#18814);
#18813=DIRECTION('',(0,1,0));
#18814=DIRECTION('',(0.9748551254999971,0,-0.22283959317496724));
#18815=FACE_BOUND('',#18816,.T.);
#18816=EDGE_LOOP('',(#18817,#18818,#18819));
#18817=ORIENTED_EDGE('',*,*,#18820,.T.);
#18818=ORIENTED_EDGE('',*,*,#18821,.T.);
#18819=ORIENTED_EDGE('',*,*,#18822,.T.);
#18820=EDGE_CURVE('',#851,#645,#18823,.F.);
#18821=EDGE_CURVE('',#645,#633,#18824,.T.);
#18822=EDGE_CURVE('',#633,#851,#18825,.T.);
#18823=LINE('',#850,#18826);
#18824=LINE('',#644,#18827);
#18825=LINE('',#632,#18828);
#18826=VECTOR('',#18829,1.0);
#18827=VECTOR('',#18830,1.0);
#18828=VECTOR('',#18831,1.0);
#18829=DIRECTION('',(0.9748551254999971,0,-0.22283959317496724));
#18830=DIRECTION('',(-0.9980655947076841,0,-0.06216967637680687));
#18831=DIRECTION('',(-0.7749305956582667,0,0.6320463368398901));
#18832=FACE_SURFACE('',(#18837),#18833,.T.);
#18833=PLANE('',#18834);
#18834=AXIS2_PLACEMENT_3D('',#638,#18835,#18836);
#18835=DIRECTION('',(-0,1,0));
#18836=DIRECTION('',(0.75579815898155,0,0.6548046600934507));
#18837=FACE_BOUND('',#18838,.T.);
#18838=EDGE_LOOP('',(#18839,#18840,#18841));
#18839=ORIENTED_EDGE('',*,*,#18842,.T.);
#18840=ORIENTED_EDGE('',*,*,#18843,.T.);
#18841=ORIENTED_EDGE('',*,*,#18844,.T.);
#18842=EDGE_CURVE('',#639,#853,#18845,.F.);
#18843=EDGE_CURVE('',#853,#627,#18846,.T.);
#18844=EDGE_CURVE('',#627,#639,#18847,.T.);
#18845=LINE('',#638,#18848);
#18846=LINE('',#852,#18849);
#18847=LINE('',#626,#18850);
#18848=VECTOR('',#18851,1.0);
#18849=VECTOR('',#18852,1.0);
#18850=VECTOR('',#18853,1.0);
#18851=DIRECTION('',(0.75579815898155,0,0.6548046600934507));
#18852=DIRECTION('',(0.711506498356476,0,-0.7026795164201858));
#18853=DIRECTION('',(-0.9980655947076841,0,0.06216967637680687));
#18854=FACE_SURFACE('',(#18859),#18855,.T.);
#18855=PLANE('',#18856);
#18856=AXIS2_PLACEMENT_3D('',#852,#18857,#18858);
#18857=DIRECTION('',(0,1,0));
#18858=DIRECTION('',(0.9958963685012996,0,-0.09050095693374677));
#18859=FACE_BOUND('',#18860,.T.);
#18860=EDGE_LOOP('',(#18861,#18862,#18863));
#18861=ORIENTED_EDGE('',*,*,#18864,.T.);
#18862=ORIENTED_EDGE('',*,*,#18865,.T.);
#18863=ORIENTED_EDGE('',*,*,#18866,.T.);
#18864=EDGE_CURVE('',#853,#849,#18867,.F.);
#18865=EDGE_CURVE('',#849,#627,#18868,.T.);
#18866=EDGE_CURVE('',#627,#853,#18869,.T.);
#18867=LINE('',#852,#18870);
#18868=LINE('',#848,#18871);
#18869=LINE('',#626,#18872);
#18870=VECTOR('',#18873,1.0);
#18871=VECTOR('',#18874,1.0);
#18872=VECTOR('',#18875,1.0);
#18873=DIRECTION('',(0.9958963685012996,0,-0.09050095693374677));
#18874=DIRECTION('',(-0.774929692352028,0,-0.6320474443514436));
#18875=DIRECTION('',(-0.711506498356476,0,0.7026795164201858));
#18876=FACE_SURFACE('',(#18881),#18877,.T.);
#18877=PLANE('',#18878);
#18878=AXIS2_PLACEMENT_3D('',#850,#18879,#18880);
#18879=DIRECTION('',(-0,1,0));
#18880=DIRECTION('',(0.9958963803372708,0,0.0905008266875066));
#18881=FACE_BOUND('',#18882,.T.);
#18882=EDGE_LOOP('',(#18883,#18884,#18885));
#18883=ORIENTED_EDGE('',*,*,#18886,.T.);
#18884=ORIENTED_EDGE('',*,*,#18887,.T.);
#18885=ORIENTED_EDGE('',*,*,#18888,.T.);
#18886=EDGE_CURVE('',#851,#855,#18889,.F.);
#18887=EDGE_CURVE('',#855,#645,#18890,.T.);
#18888=EDGE_CURVE('',#645,#851,#18891,.T.);
#18889=LINE('',#850,#18892);
#18890=LINE('',#854,#18893);
#18891=LINE('',#644,#18894);
#18892=VECTOR('',#18895,1.0);
#18893=VECTOR('',#18896,1.0);
#18894=VECTOR('',#18897,1.0);
#18895=DIRECTION('',(0.9958963803372708,0,0.0905008266875066));
#18896=DIRECTION('',(0.75579815898155,0,-0.6548046600934507));
#18897=DIRECTION('',(-0.9748551254999971,0,0.22283959317496724));
#18898=FACE_SURFACE('',(#18903),#18899,.T.);
#18899=PLANE('',#18900);
#18900=AXIS2_PLACEMENT_3D('',#854,#18901,#18902);
#18901=DIRECTION('',(0,1,0));
#18902=DIRECTION('',(0.9204691752729977,0,-0.3908151703455837));
#18903=FACE_BOUND('',#18904,.T.);
#18904=EDGE_LOOP('',(#18905,#18906,#18907));
#18905=ORIENTED_EDGE('',*,*,#18908,.T.);
#18906=ORIENTED_EDGE('',*,*,#18909,.T.);
#18907=ORIENTED_EDGE('',*,*,#18910,.T.);
#18908=EDGE_CURVE('',#855,#649,#18911,.F.);
#18909=EDGE_CURVE('',#649,#645,#18912,.T.);
#18910=EDGE_CURVE('',#645,#855,#18913,.T.);
#18911=LINE('',#854,#18914);
#18912=LINE('',#648,#18915);
#18913=LINE('',#644,#18916);
#18914=VECTOR('',#18917,1.0);
#18915=VECTOR('',#18918,1.0);
#18916=VECTOR('',#18919,1.0);
#18917=DIRECTION('',(0.9204691752729977,0,-0.3908151703455837));
#18918=DIRECTION('',(-0.9998790252226161,0,-0.015554257290893743));
#18919=DIRECTION('',(-0.75579815898155,0,0.6548046600934507));
#18920=FACE_SURFACE('',(#18925),#18921,.T.);
#18921=PLANE('',#18922);
#18922=AXIS2_PLACEMENT_3D('',#648,#18923,#18924);
#18923=DIRECTION('',(-0,1,0));
#18924=DIRECTION('',(0,0,1));
#18925=FACE_BOUND('',#18926,.T.);
#18926=EDGE_LOOP('',(#18927,#18928,#18929));
#18927=ORIENTED_EDGE('',*,*,#18930,.T.);
#18928=ORIENTED_EDGE('',*,*,#18931,.T.);
#18929=ORIENTED_EDGE('',*,*,#18932,.T.);
#18930=EDGE_CURVE('',#649,#857,#18933,.F.);
#18931=EDGE_CURVE('',#857,#639,#18934,.T.);
#18932=EDGE_CURVE('',#639,#649,#18935,.T.);
#18933=LINE('',#648,#18936);
#18934=LINE('',#856,#18937);
#18935=LINE('',#638,#18938);
#18936=VECTOR('',#18939,1.0);
#18937=VECTOR('',#18940,1.0);
#18938=VECTOR('',#18941,1.0);
#18939=DIRECTION('',(0,0,1));
#18940=DIRECTION('',(0.7346693006857268,0,-0.6784253965101432));
#18941=DIRECTION('',(-0.9998790259207795,0,0.015554212410568336));
#18942=FACE_SURFACE('',(#18947),#18943,.T.);
#18943=PLANE('',#18944);
#18944=AXIS2_PLACEMENT_3D('',#856,#18945,#18946);
#18945=DIRECTION('',(0,1,0));
#18946=DIRECTION('',(0.999543885038961,0,-0.03019970001871421));
#18947=FACE_BOUND('',#18948,.T.);
#18948=EDGE_LOOP('',(#18949,#18950,#18951));
#18949=ORIENTED_EDGE('',*,*,#18952,.T.);
#18950=ORIENTED_EDGE('',*,*,#18953,.T.);
#18951=ORIENTED_EDGE('',*,*,#18954,.T.);
#18952=EDGE_CURVE('',#857,#853,#18955,.F.);
#18953=EDGE_CURVE('',#853,#639,#18956,.T.);
#18954=EDGE_CURVE('',#639,#857,#18957,.T.);
#18955=LINE('',#856,#18958);
#18956=LINE('',#852,#18959);
#18957=LINE('',#638,#18960);
#18958=VECTOR('',#18961,1.0);
#18959=VECTOR('',#18962,1.0);
#18960=VECTOR('',#18963,1.0);
#18961=DIRECTION('',(0.999543885038961,0,-0.03019970001871421));
#18962=DIRECTION('',(-0.75579815898155,0,-0.6548046600934507));
#18963=DIRECTION('',(-0.7346693006857268,0,0.6784253965101432));
#18964=FACE_SURFACE('',(#18969),#18965,.T.);
#18965=PLANE('',#18966);
#18966=AXIS2_PLACEMENT_3D('',#854,#18967,#18968);
#18967=DIRECTION('',(-0,1,0));
#18968=DIRECTION('',(0.9995438837209953,0,0.030199743640458424));
#18969=FACE_BOUND('',#18970,.T.);
#18970=EDGE_LOOP('',(#18971,#18972,#18973));
#18971=ORIENTED_EDGE('',*,*,#18974,.T.);
#18972=ORIENTED_EDGE('',*,*,#18975,.T.);
#18973=ORIENTED_EDGE('',*,*,#18976,.T.);
#18974=EDGE_CURVE('',#855,#857,#18977,.F.);
#18975=EDGE_CURVE('',#857,#649,#18978,.T.);
#18976=EDGE_CURVE('',#649,#855,#18979,.T.);
#18977=LINE('',#854,#18980);
#18978=LINE('',#856,#18981);
#18979=LINE('',#648,#18982);
#18980=VECTOR('',#18983,1.0);
#18981=VECTOR('',#18984,1.0);
#18982=VECTOR('',#18985,1.0);
#18983=DIRECTION('',(0.9995438837209953,0,0.030199743640458424));
#18984=DIRECTION('',(0,0,-1));
#18985=DIRECTION('',(-0.9204691752729977,0,0.3908151703455837));
ENDSEC;
END-ISO-10303-21;
